route,content_id,template,publication_availability,locale,version,condition,instance_kind,navigation_path,shortest_observed_link_depth,navigation_status,intended_payoff,reason_to_continue,default_inspection,expanded_inspection,desktop_inspection,mobile_inspection,evidence_path,existing_or_new_issue,severity,issue,disposition,affected_batch
/about,/about,app/about/page.tsx,published,en,not independently versioned; repository da96b7e9b51426ad2bfb0ab0cc9d0ad4bf248a79,,finite route,"[""/"",""/about""]",1,Rendered visible-link graph; only the three journeys in verification.json were individually replayed,See which foreign-policy arguments you rely on and where they conflict.,Follow the page’s related reading or evidence link.,HTTP200; heading/links/structural DOM checked,Disclosure/menu DOM checked,1440 structural check; regional visual inspection only if listed in verification.json,390 structural check; regional visual inspection only if listed in verification.json,template-inspection/01-about.jpg,,,[],rendered; no structural issue found in checked states,B
/ai/atlas,/ai/atlas,app/ai/atlas/page.tsx,published,en,not independently versioned; repository da96b7e9b51426ad2bfb0ab0cc9d0ad4bf248a79,,finite route,"[""/"",""/method"",""/ai"",""/ai/atlas""]",3,Rendered visible-link graph; only the three journeys in verification.json were individually replayed,Six archetypes that recur in AI governance answers,Follow the page’s related reading or evidence link.,HTTP200; heading/links/structural DOM checked,Disclosure/menu DOM checked,1440 structural check; regional visual inspection only if listed in verification.json,390 structural check; regional visual inspection only if listed in verification.json,template-inspection/02-ai-atlas.jpg,existing,bounded review finding,"[{""id"":""B-copy-directory"",""routes"":[""/explore"",""/archetypes"",""/explore/atlas"",""/ai/atlas""],""finding"":""Counted headings, decorative ordinals and process-led opening blocks postpone actual directory content, particularly on mobile."",""bounded_next_action"":""Use existing Batch B to give linked readings early space and remove routine counts/ordinals without losing evidence.""}]",Batch B; no issued semantic change in A,B
/ai/field-guide,/ai/field-guide,app/ai/field-guide/page.tsx,published,en,not independently versioned; repository da96b7e9b51426ad2bfb0ab0cc9d0ad4bf248a79,,finite route,"[""/"",""/method"",""/ai"",""/ai/field-guide""]",3,Rendered visible-link graph; only the three journeys in verification.json were individually replayed,A reader’s companion to the AI Atlas.,Follow the page’s related reading or evidence link.,HTTP200; heading/links/structural DOM checked,Disclosure/menu DOM checked,1440 structural check; regional visual inspection only if listed in verification.json,390 structural check; regional visual inspection only if listed in verification.json,template-inspection/03-ai-field-guide.jpg,existing,bounded review finding,"[{""id"":""B-detail-payoff"",""routes"":[""/ai/field-guide"",""/explore/realism"",""/modules"",""/perspectives""],""finding"":""Repeated process/baseline/qualification framing uses most or all first mobile viewport before substantive argument or available choice."",""bounded_next_action"":""Apply existing Batch B payoff-first edit to these exact templates; preserve one essential limitation and move full method below.""}]",Batch B; no issued semantic change in A,B
/ai,/ai,app/ai/page.tsx,published,en,not independently versioned; repository da96b7e9b51426ad2bfb0ab0cc9d0ad4bf248a79,,finite route,"[""/"",""/method"",""/ai""]",2,Rendered visible-link graph; only the three journeys in verification.json were individually replayed,Compare your judgments on frontier AI governance,Follow the page’s related reading or evidence link.,HTTP200; heading/links/structural DOM checked,Disclosure/menu DOM checked,1440 structural check; regional visual inspection only if listed in verification.json,390 structural check; regional visual inspection only if listed in verification.json,template-inspection/04-ai.jpg,,,[],rendered; no structural issue found in checked states,B
/ai/quiz,/ai/quiz,app/ai/quiz/page.tsx,published,en,not independently versioned; repository da96b7e9b51426ad2bfb0ab0cc9d0ad4bf248a79,,finite route,"[""/"",""/method"",""/ai"",""/ai/quiz""]",3,Rendered visible-link graph; only the three journeys in verification.json were individually replayed,,Follow the page’s related reading or evidence link.,HTTP200; heading/links/structural DOM checked,Disclosure/menu DOM checked,1440 structural check; regional visual inspection only if listed in verification.json,390 structural check; regional visual inspection only if listed in verification.json,template-inspection/05-ai-quiz.jpg,,,[],rendered; no structural issue found in checked states,B
/ai/review,/ai/review,app/ai/review/page.tsx,published,en,not independently versioned; repository da96b7e9b51426ad2bfb0ab0cc9d0ad4bf248a79,matching local synthetic draft required for populated review; empty state is public,finite route,Direct-entry/state/translation boundary: no path in the observed empty-state graph,,Rendered visible-link graph; only the three journeys in verification.json were individually replayed,,Follow the page’s related reading or evidence link.,HTTP200; heading/links/structural DOM checked,Disclosure/menu DOM checked,1440 structural check; regional visual inspection only if listed in verification.json,390 structural check; regional visual inspection only if listed in verification.json,template-inspection/06-ai-review.jpg,,,[],rendered; no structural issue found in checked states,B
/archetypes,/archetypes,app/archetypes/page.tsx,published,en,not independently versioned; repository da96b7e9b51426ad2bfb0ab0cc9d0ad4bf248a79,,finite route,"[""/"",""/explore"",""/archetypes""]",2,Rendered visible-link graph; only the three journeys in verification.json were individually replayed,Foundation archetypes,Follow the page’s related reading or evidence link.,HTTP200; heading/links/structural DOM checked,Disclosure/menu DOM checked,1440 structural check; regional visual inspection only if listed in verification.json,390 structural check; regional visual inspection only if listed in verification.json,template-inspection/08-archetypes.jpg,existing,bounded review finding,"[{""id"":""B-copy-directory"",""routes"":[""/explore"",""/archetypes"",""/explore/atlas"",""/ai/atlas""],""finding"":""Counted headings, decorative ordinals and process-led opening blocks postpone actual directory content, particularly on mobile."",""bounded_next_action"":""Use existing Batch B to give linked readings early space and remove routine counts/ordinals without losing evidence.""}]",Batch B; no issued semantic change in A,B
/beta,/beta,app/beta/page.tsx,published,en,not independently versioned; repository da96b7e9b51426ad2bfb0ab0cc9d0ad4bf248a79,direct-entry-only by default; navigation requires V22_5_BETA_NAV_ENABLED=true; do not submit external forms,finite route,Direct-entry/state/translation boundary: no path in the observed empty-state graph,,Rendered visible-link graph; only the three journeys in verification.json were individually replayed,"Help test whether the Inventory is clear, fair, and useful.",Follow the page’s related reading or evidence link.,HTTP200; heading/links/structural DOM checked,Disclosure/menu DOM checked,1440 structural check; regional visual inspection only if listed in verification.json,390 structural check; regional visual inspection only if listed in verification.json,template-inspection/07-beta.jpg,,,[],rendered; no structural issue found in checked states,B
/cases,/cases,app/cases/page.tsx,published,en,not independently versioned; repository da96b7e9b51426ad2bfb0ab0cc9d0ad4bf248a79,,finite route,"[""/"",""/method"",""/cases""]",2,Rendered visible-link graph; only the three journeys in verification.json were individually replayed,Recent cases,Follow the page’s related reading or evidence link.,HTTP200; heading/links/structural DOM checked,Disclosure/menu DOM checked,1440 structural check; regional visual inspection only if listed in verification.json,390 structural check; regional visual inspection only if listed in verification.json,template-inspection/09-cases.jpg,existing,bounded review finding,"[{""id"":""B-publication-freshness"",""routes"":[""/futures"",""/cases""],""finding"":""Futures describes 2026 signals; case index explicitly has no inside-window Current Case. This pass verified rendering, not live source claims or freshness."",""bounded_next_action"":""Source/editor review must decide dated background status and exact latest-evidence scope; do not relabel as current automatically.""},{""id"":""B-shared-mobile-menu-overflow"",""routes"":[""/cases""],""finding"":""Actual mobile Menu opening at390px produces770px horizontal extent; .mobile-nav and .mobile-nav-sheet width734px. Viewport screenshot shows clipped right side and header displacement."",""bounded_next_action"":""Constrain expanded mobile nav in existing shared-header layout; then repeat the actual mobile Menu state at390px across representative shared-header pages."",""evidence"":""/private/tmp/ir-decision-mobile-menu-check.json"",""scope_limit"":""Only /cases confirmed in this supplemental interaction; shared component suggests wider impact but other routes were not each rechecked.""}]",Batch B; no issued semantic change in A,B
/compare,/compare,app/compare/page.tsx,published,en,not independently versioned; repository da96b7e9b51426ad2bfb0ab0cc9d0ad4bf248a79,comparison input/query or synthetic local records; empty state public,finite route,"[""/"",""/world-stage"",""/compare""]",2,Rendered visible-link graph; only the three journeys in verification.json were individually replayed,Compare two shared profiles,Follow the page’s related reading or evidence link.,HTTP200; heading/links/structural DOM checked,Disclosure/menu DOM checked,1440 structural check; regional visual inspection only if listed in verification.json,390 structural check; regional visual inspection only if listed in verification.json,template-inspection/10-compare.jpg,existing,bounded review finding,"[{""id"":""B-desktop-pseudo-overflow"",""routes"":[""/compare"",""/explore/reference"",""/futures"",""/perspectives"",""/references"",""/zh/explore/reference""],""finding"":""Desktop default/expanded document scrollWidth1476 at viewport1440; production recheck confirms."",""bounded_next_action"":""Remove or contain decorative hero pseudo-element overflow within the existing shared-layout scope after reviewing production correction evidence.""}]",Batch B; no issued semantic change in A,B
/explore/atlas,/explore/atlas,app/explore/atlas/page.tsx,published,en,not independently versioned; repository da96b7e9b51426ad2bfb0ab0cc9d0ad4bf248a79,,finite route,"[""/"",""/method"",""/explore/atlas""]",2,Rendered visible-link graph; only the three journeys in verification.json were individually replayed,Worldview Map,Follow the page’s related reading or evidence link.,HTTP200; heading/links/structural DOM checked,Disclosure/menu DOM checked,1440 structural check; regional visual inspection only if listed in verification.json,390 structural check; regional visual inspection only if listed in verification.json,template-inspection/11-explore-atlas.jpg,existing,bounded review finding,"[{""id"":""B-copy-directory"",""routes"":[""/explore"",""/archetypes"",""/explore/atlas"",""/ai/atlas""],""finding"":""Counted headings, decorative ordinals and process-led opening blocks postpone actual directory content, particularly on mobile."",""bounded_next_action"":""Use existing Batch B to give linked readings early space and remove routine counts/ordinals without losing evidence.""}]",Batch B; no issued semantic change in A,B
/explore,/explore,app/explore/page.tsx,published,en,not independently versioned; repository da96b7e9b51426ad2bfb0ab0cc9d0ad4bf248a79,,finite route,"[""/"",""/explore""]",1,Rendered visible-link graph; only the three journeys in verification.json were individually replayed,"One Foundation result, several supporting views",Follow the page’s related reading or evidence link.,HTTP200; heading/links/structural DOM checked,Disclosure/menu DOM checked,1440 structural check; regional visual inspection only if listed in verification.json,390 structural check; regional visual inspection only if listed in verification.json,template-inspection/12-explore.jpg,existing,bounded review finding,"[{""id"":""B-copy-directory"",""routes"":[""/explore"",""/archetypes"",""/explore/atlas"",""/ai/atlas""],""finding"":""Counted headings, decorative ordinals and process-led opening blocks postpone actual directory content, particularly on mobile."",""bounded_next_action"":""Use existing Batch B to give linked readings early space and remove routine counts/ordinals without losing evidence.""}]",Batch B; no issued semantic change in A,B
/explore/reference,/explore/reference,app/explore/reference/page.tsx,published,en,not independently versioned; repository da96b7e9b51426ad2bfb0ab0cc9d0ad4bf248a79,,finite route,"[""/"",""/explore"",""/explore/reference""]",2,Rendered visible-link graph; only the three journeys in verification.json were individually replayed,Evidence-coded public postures,Follow the page’s related reading or evidence link.,HTTP200; heading/links/structural DOM checked,Disclosure/menu DOM checked,1440 structural check; regional visual inspection only if listed in verification.json,390 structural check; regional visual inspection only if listed in verification.json,template-inspection/13-explore-reference.jpg,existing,bounded review finding,"[{""id"":""B-reference-evidence"",""routes"":[""/explore/reference"",""/explore/reference/alexander-wendt"",""/explore/reference/john-mearsheimer""],""finding"":""Routine coding/review metadata dominates introductions; explanatory evidence is confined to a narrow column and collapsed notes."",""bounded_next_action"":""Keep exact provenance available, use the available desktop region for fuller claim/rival/source explanation, and demote routine metadata.""},{""id"":""B-desktop-pseudo-overflow"",""routes"":[""/compare"",""/explore/reference"",""/futures"",""/perspectives"",""/references"",""/zh/explore/reference""],""finding"":""Desktop default/expanded document scrollWidth1476 at viewport1440; production recheck confirms."",""bounded_next_action"":""Remove or contain decorative hero pseudo-element overflow within the existing shared-layout scope after reviewing production correction evidence.""}]",Batch B; no issued semantic change in A,B
/feedback,/feedback,app/feedback/page.tsx,published,en,not independently versioned; repository da96b7e9b51426ad2bfb0ab0cc9d0ad4bf248a79,,finite route,"[""/"",""/method"",""/feedback""]",2,Rendered visible-link graph; only the three journeys in verification.json were individually replayed,"Report a factual, privacy, or security problem.",Follow the page’s related reading or evidence link.,HTTP200; heading/links/structural DOM checked,Disclosure/menu DOM checked,1440 structural check; regional visual inspection only if listed in verification.json,390 structural check; regional visual inspection only if listed in verification.json,template-inspection/14-feedback.jpg,,,[],rendered; no structural issue found in checked states,B
/futures,/futures,app/futures/page.tsx,published,en,not independently versioned; repository da96b7e9b51426ad2bfb0ab0cc9d0ad4bf248a79,each trajectory reasoning is a native disclosure,finite route,"[""/"",""/method"",""/futures""]",2,Rendered visible-link graph; only the three journeys in verification.json were individually replayed,Twelve Trajectories,Follow the page’s related reading or evidence link.,HTTP200; heading/links/structural DOM checked,Disclosure/menu DOM checked,1440 structural check; regional visual inspection only if listed in verification.json,390 structural check; regional visual inspection only if listed in verification.json,template-inspection/15-futures.jpg,existing,bounded review finding,"[{""id"":""B-publication-freshness"",""routes"":[""/futures"",""/cases""],""finding"":""Futures describes 2026 signals; case index explicitly has no inside-window Current Case. This pass verified rendering, not live source claims or freshness."",""bounded_next_action"":""Source/editor review must decide dated background status and exact latest-evidence scope; do not relabel as current automatically.""},{""id"":""B-desktop-pseudo-overflow"",""routes"":[""/compare"",""/explore/reference"",""/futures"",""/perspectives"",""/references"",""/zh/explore/reference""],""finding"":""Desktop default/expanded document scrollWidth1476 at viewport1440; production recheck confirms."",""bounded_next_action"":""Remove or contain decorative hero pseudo-element overflow within the existing shared-layout scope after reviewing production correction evidence.""}]",Batch B; no issued semantic change in A,B
/method,/method,app/method/page.tsx,published,en,not independently versioned; repository da96b7e9b51426ad2bfb0ab0cc9d0ad4bf248a79,,finite route,"[""/"",""/method""]",1,Rendered visible-link graph; only the three journeys in verification.json were individually replayed,How this inventory works,Follow the page’s related reading or evidence link.,HTTP200; heading/links/structural DOM checked,Disclosure/menu DOM checked,1440 structural check; regional visual inspection only if listed in verification.json,390 structural check; regional visual inspection only if listed in verification.json,template-inspection/16-method.jpg,,,[],rendered; no structural issue found in checked states,B
/modules,/modules,app/modules/page.tsx,published,en,not independently versioned; repository da96b7e9b51426ad2bfb0ab0cc9d0ad4bf248a79,,finite route,"[""/"",""/method"",""/modules""]",2,Rendered visible-link graph; only the three journeys in verification.json were individually replayed,Add a focused issue read beside the Foundation,Follow the page’s related reading or evidence link.,HTTP200; heading/links/structural DOM checked,Disclosure/menu DOM checked,1440 structural check; regional visual inspection only if listed in verification.json,390 structural check; regional visual inspection only if listed in verification.json,template-inspection/17-modules.jpg,existing,bounded review finding,"[{""id"":""B-detail-payoff"",""routes"":[""/ai/field-guide"",""/explore/realism"",""/modules"",""/perspectives""],""finding"":""Repeated process/baseline/qualification framing uses most or all first mobile viewport before substantive argument or available choice."",""bounded_next_action"":""Apply existing Batch B payoff-first edit to these exact templates; preserve one essential limitation and move full method below.""}]",Batch B; no issued semantic change in A,B
/,/,app/page.tsx,published,en,not independently versioned; repository da96b7e9b51426ad2bfb0ab0cc9d0ad4bf248a79,,finite route,"[""/""]",0,Rendered visible-link graph; only the three journeys in verification.json were individually replayed,Choose where to start.,Follow the page’s related reading or evidence link.,HTTP200; heading/links/structural DOM checked,Disclosure/menu DOM checked,1440 structural check; regional visual inspection only if listed in verification.json,390 structural check; regional visual inspection only if listed in verification.json,template-inspection/18-root.jpg,,,[],rendered; no structural issue found in checked states,B
/perspectives,/perspectives,app/perspectives/page.tsx,published,en,not independently versioned; repository da96b7e9b51426ad2bfb0ab0cc9d0ad4bf248a79,,finite route,"[""/"",""/perspectives""]",1,Rendered visible-link graph; only the three journeys in verification.json were individually replayed,Advise from a different seat.,Follow the page’s related reading or evidence link.,HTTP200; heading/links/structural DOM checked,Disclosure/menu DOM checked,1440 structural check; regional visual inspection only if listed in verification.json,390 structural check; regional visual inspection only if listed in verification.json,template-inspection/20-perspectives.jpg,existing,bounded review finding,"[{""id"":""B-detail-payoff"",""routes"":[""/ai/field-guide"",""/explore/realism"",""/modules"",""/perspectives""],""finding"":""Repeated process/baseline/qualification framing uses most or all first mobile viewport before substantive argument or available choice."",""bounded_next_action"":""Apply existing Batch B payoff-first edit to these exact templates; preserve one essential limitation and move full method below.""},{""id"":""B-desktop-pseudo-overflow"",""routes"":[""/compare"",""/explore/reference"",""/futures"",""/perspectives"",""/references"",""/zh/explore/reference""],""finding"":""Desktop default/expanded document scrollWidth1476 at viewport1440; production recheck confirms."",""bounded_next_action"":""Remove or contain decorative hero pseudo-element overflow within the existing shared-layout scope after reviewing production correction evidence.""}]",Batch B; no issued semantic change in A,B
/privacy,/privacy,app/privacy/page.tsx,published,en,not independently versioned; repository da96b7e9b51426ad2bfb0ab0cc9d0ad4bf248a79,,finite route,"[""/"",""/privacy""]",1,Rendered visible-link graph; only the three journeys in verification.json were individually replayed,Your drafts and saved history stay in this browser.,Follow the page’s related reading or evidence link.,HTTP200; heading/links/structural DOM checked,Disclosure/menu DOM checked,1440 structural check; regional visual inspection only if listed in verification.json,390 structural check; regional visual inspection only if listed in verification.json,template-inspection/19-privacy.jpg,,,[],rendered; no structural issue found in checked states,B
/profile,/profile,app/profile/page.tsx,published,en,not independently versioned; repository da96b7e9b51426ad2bfb0ab0cc9d0ad4bf248a79,"empty, one record and multiple record states depend on local storage",finite route,"[""/"",""/profile""]",1,Rendered visible-link graph; only the three journeys in verification.json were individually replayed,Loading your Profile from this browser...,Follow the page’s related reading or evidence link.,HTTP200; heading/links/structural DOM checked,Disclosure/menu DOM checked,1440 structural check; regional visual inspection only if listed in verification.json,390 structural check; regional visual inspection only if listed in verification.json,template-inspection/21-profile.jpg,,,[],rendered; no structural issue found in checked states,B
/quiz,/quiz,app/quiz/page.tsx,published,en,not independently versioned; repository da96b7e9b51426ad2bfb0ab0cc9d0ad4bf248a79,,finite route,"[""/"",""/quiz""]",1,Rendered visible-link graph; only the three journeys in verification.json were individually replayed,Foundation,Follow the page’s related reading or evidence link.,HTTP200; heading/links/structural DOM checked,Disclosure/menu DOM checked,1440 structural check; regional visual inspection only if listed in verification.json,390 structural check; regional visual inspection only if listed in verification.json,template-inspection/22-quiz.jpg,,,[],rendered; no structural issue found in checked states,B
/quiz/review,/quiz/review,app/quiz/review/page.tsx,published,en,not independently versioned; repository da96b7e9b51426ad2bfb0ab0cc9d0ad4bf248a79,matching local synthetic draft required for populated review; empty state is public,finite route,Direct-entry/state/translation boundary: no path in the observed empty-state graph,,Rendered visible-link graph; only the three journeys in verification.json were individually replayed,,Follow the page’s related reading or evidence link.,HTTP200; heading/links/structural DOM checked,Disclosure/menu DOM checked,1440 structural check; regional visual inspection only if listed in verification.json,390 structural check; regional visual inspection only if listed in verification.json,template-inspection/23-quiz-review.jpg,,,[],rendered; no structural issue found in checked states,B
/references,/references,app/references/page.tsx,published,en,not independently versioned; repository da96b7e9b51426ad2bfb0ab0cc9d0ad4bf248a79,,finite route,"[""/"",""/method"",""/references""]",2,Rendered visible-link graph; only the three journeys in verification.json were individually replayed,References,Follow the page’s related reading or evidence link.,HTTP200; heading/links/structural DOM checked,Disclosure/menu DOM checked,1440 structural check; regional visual inspection only if listed in verification.json,390 structural check; regional visual inspection only if listed in verification.json,template-inspection/24-references.jpg,existing,bounded review finding,"[{""id"":""B-desktop-pseudo-overflow"",""routes"":[""/compare"",""/explore/reference"",""/futures"",""/perspectives"",""/references"",""/zh/explore/reference""],""finding"":""Desktop default/expanded document scrollWidth1476 at viewport1440; production recheck confirms."",""bounded_next_action"":""Remove or contain decorative hero pseudo-element overflow within the existing shared-layout scope after reviewing production correction evidence.""}]",Batch B; no issued semantic change in A,B
/world-stage,/world-stage,app/world-stage/page.tsx,published,en,not independently versioned; repository da96b7e9b51426ad2bfb0ab0cc9d0ad4bf248a79,,finite route,"[""/"",""/world-stage""]",1,Rendered visible-link graph; only the three journeys in verification.json were individually replayed,Choose a starting point.,Follow the page’s related reading or evidence link.,HTTP200; heading/links/structural DOM checked,Disclosure/menu DOM checked,1440 structural check; regional visual inspection only if listed in verification.json,390 structural check; regional visual inspection only if listed in verification.json,template-inspection/26-world-stage.jpg,,,[],rendered; no structural issue found in checked states,B
/archetypes/p-plus,P+,app/archetypes/[slug]/page.tsx,published,en,not independently versioned; repository da96b7e9b51426ad2bfb0ab0cc9d0ad4bf248a79,,finite route,"[""/"",""/method"",""/explore/atlas"",""/archetypes/p-plus""]",3,Rendered visible-link graph; only the three journeys in verification.json were individually replayed,Kairos,Follow the page’s related reading or evidence link.,HTTP200; heading/links/structural DOM checked,Disclosure/menu DOM checked,1440 structural check; regional visual inspection only if listed in verification.json,390 structural check; regional visual inspection only if listed in verification.json,template-inspection/25-archetype-detail.jpg,existing,bounded review finding,"[{""id"":""B-browse-personal-attribution"",""routes"":[""/archetypes/p-plus""],""finding"":""Browse-only archetype page says Your answers put power and timing first without a reader answer record."",""bounded_next_action"":""Describe what the reading prioritizes or make conditional wording; do not imply item evidence exists.""}]",Batch B; no issued semantic change in A,B
/archetypes/p-minus,P-,app/archetypes/[slug]/page.tsx,published,en,not independently versioned; repository da96b7e9b51426ad2bfb0ab0cc9d0ad4bf248a79,,finite route,"[""/"",""/method"",""/explore/atlas"",""/archetypes/p-minus""]",3,Rendered visible-link graph; only the three journeys in verification.json were individually replayed,Shi (勢),Follow the page’s related reading or evidence link.,HTTP200; heading/links/structural DOM checked,Disclosure/menu DOM checked,1440 structural check; regional visual inspection only if listed in verification.json,390 structural check; regional visual inspection only if listed in verification.json,template-inspection/25-archetype-detail.jpg,,,[],rendered; no structural issue found in checked states,B
/archetypes/r-plus,R+,app/archetypes/[slug]/page.tsx,published,en,not independently versioned; repository da96b7e9b51426ad2bfb0ab0cc9d0ad4bf248a79,,finite route,"[""/"",""/method"",""/explore/atlas"",""/archetypes/r-plus""]",3,Rendered visible-link graph; only the three journeys in verification.json were individually replayed,Grotian,Follow the page’s related reading or evidence link.,HTTP200; heading/links/structural DOM checked,Disclosure/menu DOM checked,1440 structural check; regional visual inspection only if listed in verification.json,390 structural check; regional visual inspection only if listed in verification.json,template-inspection/25-archetype-detail.jpg,,,[],rendered; no structural issue found in checked states,B
/archetypes/r-minus,R-,app/archetypes/[slug]/page.tsx,published,en,not independently versioned; repository da96b7e9b51426ad2bfb0ab0cc9d0ad4bf248a79,,finite route,"[""/"",""/method"",""/explore/atlas"",""/archetypes/r-minus""]",3,Rendered visible-link graph; only the three journeys in verification.json were individually replayed,Concert,Follow the page’s related reading or evidence link.,HTTP200; heading/links/structural DOM checked,Disclosure/menu DOM checked,1440 structural check; regional visual inspection only if listed in verification.json,390 structural check; regional visual inspection only if listed in verification.json,template-inspection/25-archetype-detail.jpg,,,[],rendered; no structural issue found in checked states,B
/archetypes/m-plus,M+,app/archetypes/[slug]/page.tsx,published,en,not independently versioned; repository da96b7e9b51426ad2bfb0ab0cc9d0ad4bf248a79,,finite route,"[""/"",""/method"",""/explore/atlas"",""/archetypes/m-plus""]",3,Rendered visible-link graph; only the three journeys in verification.json were individually replayed,Satyagraha,Follow the page’s related reading or evidence link.,HTTP200; heading/links/structural DOM checked,Disclosure/menu DOM checked,1440 structural check; regional visual inspection only if listed in verification.json,390 structural check; regional visual inspection only if listed in verification.json,template-inspection/25-archetype-detail.jpg,,,[],rendered; no structural issue found in checked states,B
/archetypes/m-minus,M-,app/archetypes/[slug]/page.tsx,published,en,not independently versioned; repository da96b7e9b51426ad2bfb0ab0cc9d0ad4bf248a79,,finite route,"[""/"",""/method"",""/explore/atlas"",""/archetypes/m-minus""]",3,Rendered visible-link graph; only the three journeys in verification.json were individually replayed,Musyawarah,Follow the page’s related reading or evidence link.,HTTP200; heading/links/structural DOM checked,Disclosure/menu DOM checked,1440 structural check; regional visual inspection only if listed in verification.json,390 structural check; regional visual inspection only if listed in verification.json,template-inspection/25-archetype-detail.jpg,,,[],rendered; no structural issue found in checked states,B
/archetypes/s-plus,S+,app/archetypes/[slug]/page.tsx,published,en,not independently versioned; repository da96b7e9b51426ad2bfb0ab0cc9d0ad4bf248a79,,finite route,"[""/"",""/method"",""/explore/atlas"",""/archetypes/s-plus""]",3,Rendered visible-link graph; only the three journeys in verification.json were individually replayed,Dirigisme,Follow the page’s related reading or evidence link.,HTTP200; heading/links/structural DOM checked,Disclosure/menu DOM checked,1440 structural check; regional visual inspection only if listed in verification.json,390 structural check; regional visual inspection only if listed in verification.json,template-inspection/25-archetype-detail.jpg,,,[],rendered; no structural issue found in checked states,B
/archetypes/s-minus,S-,app/archetypes/[slug]/page.tsx,published,en,not independently versioned; repository da96b7e9b51426ad2bfb0ab0cc9d0ad4bf248a79,,finite route,"[""/"",""/method"",""/explore/atlas"",""/archetypes/s-minus""]",3,Rendered visible-link graph; only the three journeys in verification.json were individually replayed,Dependencia,Follow the page’s related reading or evidence link.,HTTP200; heading/links/structural DOM checked,Disclosure/menu DOM checked,1440 structural check; regional visual inspection only if listed in verification.json,390 structural check; regional visual inspection only if listed in verification.json,template-inspection/25-archetype-detail.jpg,,,[],rendered; no structural issue found in checked states,B
/explore/realism,realist,app/explore/[slug]/page.tsx,published,en,not independently versioned; repository da96b7e9b51426ad2bfb0ab0cc9d0ad4bf248a79,,finite route,"[""/"",""/explore"",""/explore/realism""]",2,Rendered visible-link graph; only the three journeys in verification.json were individually replayed,Realism,Follow the page’s related reading or evidence link.,HTTP200; heading/links/structural DOM checked,Disclosure/menu DOM checked,1440 structural check; regional visual inspection only if listed in verification.json,390 structural check; regional visual inspection only if listed in verification.json,template-inspection/27-tradition-detail.jpg,existing,bounded review finding,"[{""id"":""B-detail-payoff"",""routes"":[""/ai/field-guide"",""/explore/realism"",""/modules"",""/perspectives""],""finding"":""Repeated process/baseline/qualification framing uses most or all first mobile viewport before substantive argument or available choice."",""bounded_next_action"":""Apply existing Batch B payoff-first edit to these exact templates; preserve one essential limitation and move full method below.""}]",Batch B; no issued semantic change in A,B
/explore/institutionalism,institutionalist,app/explore/[slug]/page.tsx,published,en,not independently versioned; repository da96b7e9b51426ad2bfb0ab0cc9d0ad4bf248a79,,finite route,"[""/"",""/explore"",""/explore/institutionalism""]",2,Rendered visible-link graph; only the three journeys in verification.json were individually replayed,Institutionalism,Follow the page’s related reading or evidence link.,HTTP200; heading/links/structural DOM checked,Disclosure/menu DOM checked,1440 structural check; regional visual inspection only if listed in verification.json,390 structural check; regional visual inspection only if listed in verification.json,template-inspection/27-tradition-detail.jpg,,,[],rendered; no structural issue found in checked states,B
/explore/constructivism,constructivist,app/explore/[slug]/page.tsx,published,en,not independently versioned; repository da96b7e9b51426ad2bfb0ab0cc9d0ad4bf248a79,,finite route,"[""/"",""/explore"",""/explore/constructivism""]",2,Rendered visible-link graph; only the three journeys in verification.json were individually replayed,Constructivism,Follow the page’s related reading or evidence link.,HTTP200; heading/links/structural DOM checked,Disclosure/menu DOM checked,1440 structural check; regional visual inspection only if listed in verification.json,390 structural check; regional visual inspection only if listed in verification.json,template-inspection/27-tradition-detail.jpg,,,[],rendered; no structural issue found in checked states,B
/explore/critical-political-economy,criticalPoliticalEconomy,app/explore/[slug]/page.tsx,published,en,not independently versioned; repository da96b7e9b51426ad2bfb0ab0cc9d0ad4bf248a79,,finite route,"[""/"",""/explore"",""/explore/critical-political-economy""]",2,Rendered visible-link graph; only the three journeys in verification.json were individually replayed,Critical political economy,Follow the page’s related reading or evidence link.,HTTP200; heading/links/structural DOM checked,Disclosure/menu DOM checked,1440 structural check; regional visual inspection only if listed in verification.json,390 structural check; regional visual inspection only if listed in verification.json,template-inspection/27-tradition-detail.jpg,,,[],rendered; no structural issue found in checked states,B
/explore/atlas/broad-spectrum-bridge-builder,broad-spectrum-bridge-builder,components/worldview-profile/worldview-profile-page.tsx,published,en,not independently versioned; repository da96b7e9b51426ad2bfb0ab0cc9d0ad4bf248a79,reviewed case claims/sources disclosed within page; some patterns have no attached case,finite route,"[""/"",""/explore"",""/explore/atlas/broad-spectrum-bridge-builder""]",2,Rendered visible-link graph; only the three journeys in verification.json were individually replayed,Several Lenses,Follow the page’s related reading or evidence link.,HTTP200; heading/links/structural DOM checked,Disclosure/menu DOM checked,1440 structural check; regional visual inspection only if listed in verification.json,390 structural check; regional visual inspection only if listed in verification.json,template-inspection/28-decision-pattern-detail.jpg,,,[],rendered; no structural issue found in checked states,B
/explore/atlas/constraint-first-realist,constraint-first-realist,components/worldview-profile/worldview-profile-page.tsx,published,en,not independently versioned; repository da96b7e9b51426ad2bfb0ab0cc9d0ad4bf248a79,reviewed case claims/sources disclosed within page; some patterns have no attached case,finite route,"[""/"",""/explore"",""/explore/atlas/constraint-first-realist""]",2,Rendered visible-link graph; only the three journeys in verification.json were individually replayed,Power with Limits,Follow the page’s related reading or evidence link.,HTTP200; heading/links/structural DOM checked,Disclosure/menu DOM checked,1440 structural check; regional visual inspection only if listed in verification.json,390 structural check; regional visual inspection only if listed in verification.json,template-inspection/28-decision-pattern-detail.jpg,,,[],rendered; no structural issue found in checked states,B
/explore/atlas/competitive-balancer,competitive-balancer,components/worldview-profile/worldview-profile-page.tsx,published,en,not independently versioned; repository da96b7e9b51426ad2bfb0ab0cc9d0ad4bf248a79,reviewed case claims/sources disclosed within page; some patterns have no attached case,finite route,"[""/"",""/explore"",""/explore/atlas/competitive-balancer""]",2,Rendered visible-link graph; only the three journeys in verification.json were individually replayed,Power and Leverage,Follow the page’s related reading or evidence link.,HTTP200; heading/links/structural DOM checked,Disclosure/menu DOM checked,1440 structural check; regional visual inspection only if listed in verification.json,390 structural check; regional visual inspection only if listed in verification.json,template-inspection/28-decision-pattern-detail.jpg,,,[],rendered; no structural issue found in checked states,B
/explore/atlas/coalition-pragmatist,coalition-pragmatist,components/worldview-profile/worldview-profile-page.tsx,published,en,not independently versioned; repository da96b7e9b51426ad2bfb0ab0cc9d0ad4bf248a79,reviewed case claims/sources disclosed within page; some patterns have no attached case,finite route,"[""/"",""/explore"",""/explore/atlas/coalition-pragmatist""]",2,Rendered visible-link graph; only the three journeys in verification.json were individually replayed,Coalitions First,Follow the page’s related reading or evidence link.,HTTP200; heading/links/structural DOM checked,Disclosure/menu DOM checked,1440 structural check; regional visual inspection only if listed in verification.json,390 structural check; regional visual inspection only if listed in verification.json,template-inspection/28-decision-pattern-detail.jpg,,,[],rendered; no structural issue found in checked states,B
/explore/atlas/institution-builder,institution-builder,components/worldview-profile/worldview-profile-page.tsx,published,en,not independently versioned; repository da96b7e9b51426ad2bfb0ab0cc9d0ad4bf248a79,reviewed case claims/sources disclosed within page; some patterns have no attached case,finite route,"[""/"",""/explore"",""/explore/atlas/institution-builder""]",2,Rendered visible-link graph; only the three journeys in verification.json were individually replayed,Rules and Cooperation,Follow the page’s related reading or evidence link.,HTTP200; heading/links/structural DOM checked,Disclosure/menu DOM checked,1440 structural check; regional visual inspection only if listed in verification.json,390 structural check; regional visual inspection only if listed in verification.json,template-inspection/28-decision-pattern-detail.jpg,,,[],rendered; no structural issue found in checked states,B
/explore/atlas/legitimacy-attuned-reader,legitimacy-attuned-reader,components/worldview-profile/worldview-profile-page.tsx,published,en,not independently versioned; repository da96b7e9b51426ad2bfb0ab0cc9d0ad4bf248a79,reviewed case claims/sources disclosed within page; some patterns have no attached case,finite route,"[""/"",""/explore"",""/explore/atlas/legitimacy-attuned-reader""]",2,Rendered visible-link graph; only the three journeys in verification.json were individually replayed,Meaning and Legitimacy,Follow the page’s related reading or evidence link.,HTTP200; heading/links/structural DOM checked,Disclosure/menu DOM checked,1440 structural check; regional visual inspection only if listed in verification.json,390 structural check; regional visual inspection only if listed in verification.json,template-inspection/28-decision-pattern-detail.jpg,,,[],rendered; no structural issue found in checked states,B
/explore/atlas/justice-forward-solidarist,justice-forward-solidarist,components/worldview-profile/worldview-profile-page.tsx,published,en,not independently versioned; repository da96b7e9b51426ad2bfb0ab0cc9d0ad4bf248a79,reviewed case claims/sources disclosed within page; some patterns have no attached case,finite route,"[""/"",""/explore"",""/explore/atlas/justice-forward-solidarist""]",2,Rendered visible-link graph; only the three journeys in verification.json were individually replayed,Justice and Protection,Follow the page’s related reading or evidence link.,HTTP200; heading/links/structural DOM checked,Disclosure/menu DOM checked,1440 structural check; regional visual inspection only if listed in verification.json,390 structural check; regional visual inspection only if listed in verification.json,template-inspection/28-decision-pattern-detail.jpg,,,[],rendered; no structural issue found in checked states,B
/explore/atlas/structural-inequality-critic,structural-inequality-critic,components/worldview-profile/worldview-profile-page.tsx,published,en,not independently versioned; repository da96b7e9b51426ad2bfb0ab0cc9d0ad4bf248a79,reviewed case claims/sources disclosed within page; some patterns have no attached case,finite route,"[""/"",""/explore"",""/explore/atlas/structural-inequality-critic""]",2,Rendered visible-link graph; only the three journeys in verification.json were individually replayed,Power Behind the Rules,Follow the page’s related reading or evidence link.,HTTP200; heading/links/structural DOM checked,Disclosure/menu DOM checked,1440 structural check; regional visual inspection only if listed in verification.json,390 structural check; regional visual inspection only if listed in verification.json,template-inspection/28-decision-pattern-detail.jpg,,,[],rendered; no structural issue found in checked states,B
/explore/atlas/development-sovereignty-builder,development-sovereignty-builder,components/worldview-profile/worldview-profile-page.tsx,published,en,not independently versioned; repository da96b7e9b51426ad2bfb0ab0cc9d0ad4bf248a79,reviewed case claims/sources disclosed within page; some patterns have no attached case,finite route,"[""/"",""/explore"",""/explore/atlas/development-sovereignty-builder""]",2,Rendered visible-link graph; only the three journeys in verification.json were individually replayed,Capacity and Autonomy,Follow the page’s related reading or evidence link.,HTTP200; heading/links/structural DOM checked,Disclosure/menu DOM checked,1440 structural check; regional visual inspection only if listed in verification.json,390 structural check; regional visual inspection only if listed in verification.json,template-inspection/28-decision-pattern-detail.jpg,,,[],rendered; no structural issue found in checked states,B
/explore/atlas/cross-pressured-synthesizer,cross-pressured-synthesizer,components/worldview-profile/worldview-profile-page.tsx,published,en,not independently versioned; repository da96b7e9b51426ad2bfb0ab0cc9d0ad4bf248a79,reviewed case claims/sources disclosed within page; some patterns have no attached case,finite route,"[""/"",""/explore"",""/explore/atlas/cross-pressured-synthesizer""]",2,Rendered visible-link graph; only the three journeys in verification.json were individually replayed,Different by Domain,Follow the page’s related reading or evidence link.,HTTP200; heading/links/structural DOM checked,Disclosure/menu DOM checked,1440 structural check; regional visual inspection only if listed in verification.json,390 structural check; regional visual inspection only if listed in verification.json,template-inspection/28-decision-pattern-detail.jpg,,,[],rendered; no structural issue found in checked states,B
/explore/reference/john-mearsheimer,john-mearsheimer,app/explore/reference/[id]/page.tsx,published,en,2,dimension evidence details closed by default; sources and revision records below,finite route,"[""/"",""/explore"",""/explore/reference/john-mearsheimer""]",2,Rendered visible-link graph; only the three journeys in verification.json were individually replayed,John Mearsheimer,Follow the page’s related reading or evidence link.,HTTP200; heading/links/structural DOM checked,Disclosure/menu DOM checked,1440 structural check; regional visual inspection only if listed in verification.json,390 structural check; regional visual inspection only if listed in verification.json,template-inspection/29-reference-thinker-detail.jpg,existing,bounded review finding,"[{""id"":""B-reference-evidence"",""routes"":[""/explore/reference"",""/explore/reference/alexander-wendt"",""/explore/reference/john-mearsheimer""],""finding"":""Routine coding/review metadata dominates introductions; explanatory evidence is confined to a narrow column and collapsed notes."",""bounded_next_action"":""Keep exact provenance available, use the available desktop region for fuller claim/rival/source explanation, and demote routine metadata.""}]",Batch B; no issued semantic change in A,B
/explore/reference/robert-keohane,robert-keohane,app/explore/reference/[id]/page.tsx,published,en,2,dimension evidence details closed by default; sources and revision records below,finite route,"[""/"",""/explore"",""/explore/reference/robert-keohane""]",2,Rendered visible-link graph; only the three journeys in verification.json were individually replayed,Robert Keohane,Follow the page’s related reading or evidence link.,HTTP200; heading/links/structural DOM checked,Disclosure/menu DOM checked,1440 structural check; regional visual inspection only if listed in verification.json,390 structural check; regional visual inspection only if listed in verification.json,template-inspection/29-reference-thinker-detail.jpg,,,[],rendered; no structural issue found in checked states,B
/explore/reference/alexander-wendt,alexander-wendt,app/explore/reference/[id]/page.tsx,published,en,2,dimension evidence details closed by default; sources and revision records below,finite route,"[""/"",""/explore"",""/explore/reference/alexander-wendt""]",2,Rendered visible-link graph; only the three journeys in verification.json were individually replayed,Alexander Wendt,Follow the page’s related reading or evidence link.,HTTP200; heading/links/structural DOM checked,Disclosure/menu DOM checked,1440 structural check; regional visual inspection only if listed in verification.json,390 structural check; regional visual inspection only if listed in verification.json,template-inspection/29-reference-thinker-detail.jpg,existing,bounded review finding,"[{""id"":""B-reference-evidence"",""routes"":[""/explore/reference"",""/explore/reference/alexander-wendt"",""/explore/reference/john-mearsheimer""],""finding"":""Routine coding/review metadata dominates introductions; explanatory evidence is confined to a narrow column and collapsed notes."",""bounded_next_action"":""Keep exact provenance available, use the available desktop region for fuller claim/rival/source explanation, and demote routine metadata.""}]",Batch B; no issued semantic change in A,B
/explore/reference/susan-strange,susan-strange,app/explore/reference/[id]/page.tsx,published,en,2,dimension evidence details closed by default; sources and revision records below,finite route,"[""/"",""/explore"",""/explore/reference/susan-strange""]",2,Rendered visible-link graph; only the three journeys in verification.json were individually replayed,Susan Strange,Follow the page’s related reading or evidence link.,HTTP200; heading/links/structural DOM checked,Disclosure/menu DOM checked,1440 structural check; regional visual inspection only if listed in verification.json,390 structural check; regional visual inspection only if listed in verification.json,template-inspection/29-reference-thinker-detail.jpg,,,[],rendered; no structural issue found in checked states,B
/ai/atlas/precautionarySteward,precautionarySteward,app/ai/atlas/[id]/page.tsx,published,en,not independently versioned; repository da96b7e9b51426ad2bfb0ab0cc9d0ad4bf248a79,,finite route,"[""/"",""/method"",""/ai"",""/ai/atlas"",""/ai/atlas/precautionarySteward""]",4,Rendered visible-link graph; only the three journeys in verification.json were individually replayed,Precautionary Steward,Follow the page’s related reading or evidence link.,HTTP200; heading/links/structural DOM checked,Disclosure/menu DOM checked,1440 structural check; regional visual inspection only if listed in verification.json,390 structural check; regional visual inspection only if listed in verification.json,template-inspection/30-ai-atlas-detail.jpg,,,[],rendered; no structural issue found in checked states,B
/ai/atlas/strategicCompetitor,strategicCompetitor,app/ai/atlas/[id]/page.tsx,published,en,not independently versioned; repository da96b7e9b51426ad2bfb0ab0cc9d0ad4bf248a79,,finite route,"[""/"",""/method"",""/ai"",""/ai/atlas"",""/ai/atlas/strategicCompetitor""]",4,Rendered visible-link graph; only the three journeys in verification.json were individually replayed,Strategic Competitor,Follow the page’s related reading or evidence link.,HTTP200; heading/links/structural DOM checked,Disclosure/menu DOM checked,1440 structural check; regional visual inspection only if listed in verification.json,390 structural check; regional visual inspection only if listed in verification.json,template-inspection/30-ai-atlas-detail.jpg,,,[],rendered; no structural issue found in checked states,B
/ai/atlas/coordinationArchitect,coordinationArchitect,app/ai/atlas/[id]/page.tsx,published,en,not independently versioned; repository da96b7e9b51426ad2bfb0ab0cc9d0ad4bf248a79,,finite route,"[""/"",""/method"",""/ai"",""/ai/atlas"",""/ai/atlas/coordinationArchitect""]",4,Rendered visible-link graph; only the three journeys in verification.json were individually replayed,Coordination Architect,Follow the page’s related reading or evidence link.,HTTP200; heading/links/structural DOM checked,Disclosure/menu DOM checked,1440 structural check; regional visual inspection only if listed in verification.json,390 structural check; regional visual inspection only if listed in verification.json,template-inspection/30-ai-atlas-detail.jpg,,,[],rendered; no structural issue found in checked states,B
/ai/atlas/democraticGuardrailist,democraticGuardrailist,app/ai/atlas/[id]/page.tsx,published,en,not independently versioned; repository da96b7e9b51426ad2bfb0ab0cc9d0ad4bf248a79,,finite route,"[""/"",""/method"",""/ai"",""/ai/atlas"",""/ai/atlas/democraticGuardrailist""]",4,Rendered visible-link graph; only the three journeys in verification.json were individually replayed,Democratic Guardrailist,Follow the page’s related reading or evidence link.,HTTP200; heading/links/structural DOM checked,Disclosure/menu DOM checked,1440 structural check; regional visual inspection only if listed in verification.json,390 structural check; regional visual inspection only if listed in verification.json,template-inspection/30-ai-atlas-detail.jpg,,,[],rendered; no structural issue found in checked states,B
/ai/atlas/stateCapacityBuilder,stateCapacityBuilder,app/ai/atlas/[id]/page.tsx,published,en,not independently versioned; repository da96b7e9b51426ad2bfb0ab0cc9d0ad4bf248a79,,finite route,"[""/"",""/method"",""/ai"",""/ai/atlas"",""/ai/atlas/stateCapacityBuilder""]",4,Rendered visible-link graph; only the three journeys in verification.json were individually replayed,State Capacity Builder,Follow the page’s related reading or evidence link.,HTTP200; heading/links/structural DOM checked,Disclosure/menu DOM checked,1440 structural check; regional visual inspection only if listed in verification.json,390 structural check; regional visual inspection only if listed in verification.json,template-inspection/30-ai-atlas-detail.jpg,,,[],rendered; no structural issue found in checked states,B
/ai/atlas/openEcosystemBuilder,openEcosystemBuilder,app/ai/atlas/[id]/page.tsx,published,en,not independently versioned; repository da96b7e9b51426ad2bfb0ab0cc9d0ad4bf248a79,,finite route,"[""/"",""/method"",""/ai"",""/ai/atlas"",""/ai/atlas/openEcosystemBuilder""]",4,Rendered visible-link graph; only the three journeys in verification.json were individually replayed,Open Ecosystem Builder,Follow the page’s related reading or evidence link.,HTTP200; heading/links/structural DOM checked,Disclosure/menu DOM checked,1440 structural check; regional visual inspection only if listed in verification.json,390 structural check; regional visual inspection only if listed in verification.json,template-inspection/30-ai-atlas-detail.jpg,,,[],rendered; no structural issue found in checked states,B
/perspectives/incumbent-great-power,incumbent-great-power,components/perspectives/perspective-quiz.tsx,published,en,1,baseline required for run; start/scenario/review state on same route,finite route,"[""/"",""/perspectives"",""/perspectives/incumbent-great-power""]",2,Rendered visible-link graph; only the three journeys in verification.json were individually replayed,,Follow the page’s related reading or evidence link.,HTTP200; heading/links/structural DOM checked,Disclosure/menu DOM checked,1440 structural check; regional visual inspection only if listed in verification.json,390 structural check; regional visual inspection only if listed in verification.json,template-inspection/31-perspective-quiz.jpg,,,[],rendered; no structural issue found in checked states,B
/perspectives/rising-peer-competitor,rising-peer-competitor,components/perspectives/perspective-quiz.tsx,published,en,1,baseline required for run; start/scenario/review state on same route,finite route,"[""/"",""/perspectives"",""/perspectives/rising-peer-competitor""]",2,Rendered visible-link graph; only the three journeys in verification.json were individually replayed,,Follow the page’s related reading or evidence link.,HTTP200; heading/links/structural DOM checked,Disclosure/menu DOM checked,1440 structural check; regional visual inspection only if listed in verification.json,390 structural check; regional visual inspection only if listed in verification.json,template-inspection/31-perspective-quiz.jpg,,,[],rendered; no structural issue found in checked states,B
/perspectives/exposed-ally,exposed-ally,components/perspectives/perspective-quiz.tsx,published,en,1,baseline required for run; start/scenario/review state on same route,finite route,"[""/"",""/perspectives"",""/perspectives/exposed-ally""]",2,Rendered visible-link graph; only the three journeys in verification.json were individually replayed,,Follow the page’s related reading or evidence link.,HTTP200; heading/links/structural DOM checked,Disclosure/menu DOM checked,1440 structural check; regional visual inspection only if listed in verification.json,390 structural check; regional visual inspection only if listed in verification.json,template-inspection/31-perspective-quiz.jpg,,,[],rendered; no structural issue found in checked states,B
/perspectives/middle-power-hedger,middle-power-hedger,components/perspectives/perspective-quiz.tsx,published,en,1,baseline required for run; start/scenario/review state on same route,finite route,"[""/"",""/perspectives"",""/perspectives/middle-power-hedger""]",2,Rendered visible-link graph; only the three journeys in verification.json were individually replayed,Middle power or nonaligned hedger,Follow the page’s related reading or evidence link.,HTTP200; heading/links/structural DOM checked,Disclosure/menu DOM checked,1440 structural check; regional visual inspection only if listed in verification.json,390 structural check; regional visual inspection only if listed in verification.json,template-inspection/31-perspective-quiz.jpg,,,[],rendered; no structural issue found in checked states,B
/perspectives/capacity-constrained-state,capacity-constrained-state,components/perspectives/perspective-quiz.tsx,published,en,1,baseline required for run; start/scenario/review state on same route,finite route,"[""/"",""/perspectives"",""/perspectives/capacity-constrained-state""]",2,Rendered visible-link graph; only the three journeys in verification.json were individually replayed,,Follow the page’s related reading or evidence link.,HTTP200; heading/links/structural DOM checked,Disclosure/menu DOM checked,1440 structural check; regional visual inspection only if listed in verification.json,390 structural check; regional visual inspection only if listed in verification.json,template-inspection/31-perspective-quiz.jpg,,,[],rendered; no structural issue found in checked states,B
/perspectives/protection-authority,protection-authority,components/perspectives/perspective-quiz.tsx,published,en,1,baseline required for run; start/scenario/review state on same route,finite route,"[""/"",""/perspectives"",""/perspectives/protection-authority""]",2,Rendered visible-link graph; only the three journeys in verification.json were individually replayed,International institution or protection authority,Follow the page’s related reading or evidence link.,HTTP200; heading/links/structural DOM checked,Disclosure/menu DOM checked,1440 structural check; regional visual inspection only if listed in verification.json,390 structural check; regional visual inspection only if listed in verification.json,template-inspection/31-perspective-quiz.jpg,,,[],rendered; no structural issue found in checked states,B
/modules/security,security,app/modules/[slug]/page.tsx,published,en,not independently versioned; repository da96b7e9b51426ad2bfb0ab0cc9d0ad4bf248a79,"Standard/Analyst, question and review states share route; optional Foundation query must be synthetic only",finite route,"[""/"",""/explore"",""/modules/security""]",2,Rendered visible-link graph; only the three journeys in verification.json were individually replayed,"Security, Strategy, and Statecraft",Follow the page’s related reading or evidence link.,HTTP200; heading/links/structural DOM checked,Disclosure/menu DOM checked,1440 structural check; regional visual inspection only if listed in verification.json,390 structural check; regional visual inspection only if listed in verification.json,template-inspection/32-module-quiz.jpg,,,[],rendered; no structural issue found in checked states,B
/modules/technology,technology,app/modules/[slug]/page.tsx,published,en,not independently versioned; repository da96b7e9b51426ad2bfb0ab0cc9d0ad4bf248a79,"Standard/Analyst, question and review states share route; optional Foundation query must be synthetic only",finite route,"[""/"",""/explore"",""/modules/technology""]",2,Rendered visible-link graph; only the three journeys in verification.json were individually replayed,"Technology, AI, and Geoeconomics",Follow the page’s related reading or evidence link.,HTTP200; heading/links/structural DOM checked,Disclosure/menu DOM checked,1440 structural check; regional visual inspection only if listed in verification.json,390 structural check; regional visual inspection only if listed in verification.json,template-inspection/32-module-quiz.jpg,,,[],rendered; no structural issue found in checked states,B
/cases/europe-missile-defence-coalition-ukraine,security-europe-anti-ballistic-coalition-ukraine-2026-07,app/cases/[slug]/page.tsx,published; review-due,en,1,decision/reason/readback local state,finite route,"[""/"",""/method"",""/cases"",""/cases/europe-missile-defence-coalition-ukraine""]",3,Rendered visible-link graph; only the three journeys in verification.json were individually replayed,Europe’s integrated anti-ballistic-missile coalition for Ukraine / Europe’s integrated anti-ballistic-missile coalition for Ukraine,Follow the page’s related reading or evidence link.,HTTP200; heading/links/structural DOM checked,Disclosure/menu DOM checked,1440 structural check; regional visual inspection only if listed in verification.json,390 structural check; regional visual inspection only if listed in verification.json,template-inspection/33-case-decision.jpg,,,[],rendered; no structural issue found in checked states,B
/cases/europe-missile-defence-coalition-ukraine/sources,security-europe-anti-ballistic-coalition-ukraine-2026-07/sources,app/cases/[slug]/sources/page.tsx,published; review-due,en,1,,finite route,"[""/"",""/method"",""/cases"",""/cases/europe-missile-defence-coalition-ukraine"",""/cases/europe-missile-defence-coalition-ukraine/sources""]",4,Rendered visible-link graph; only the three journeys in verification.json were individually replayed,Europe’s integrated anti-ballistic-missile coalition for Ukraine,Follow the page’s related reading or evidence link.,HTTP200; heading/links/structural DOM checked,Disclosure/menu DOM checked,1440 structural check; regional visual inspection only if listed in verification.json,390 structural check; regional visual inspection only if listed in verification.json,template-inspection/34-case-sources.jpg,,,[],rendered; no structural issue found in checked states,B
/cases/europe-missile-defence-coalition-ukraine/corrections,security-europe-anti-ballistic-coalition-ukraine-2026-07/corrections,app/cases/[slug]/corrections/page.tsx,published; review-due,en,1,,finite route,Direct-entry/state/translation boundary: no path in the observed empty-state graph,,Rendered visible-link graph; only the three journeys in verification.json were individually replayed,Europe’s integrated anti-ballistic-missile coalition for Ukraine,Follow the page’s related reading or evidence link.,HTTP200; heading/links/structural DOM checked,Disclosure/menu DOM checked,1440 structural check; regional visual inspection only if listed in verification.json,390 structural check; regional visual inspection only if listed in verification.json,template-inspection/35-case-corrections.jpg,,,[],rendered; no structural issue found in checked states,B
/cases/europe-missile-defence-coalition-ukraine/challenge,security-europe-anti-ballistic-coalition-ukraine-2026-07/challenge,app/cases/[slug]/challenge/page.tsx,published; review-due,en,1,direct-entry compatibility invitation; no active challenge intake,finite route,Direct-entry/state/translation boundary: no path in the observed empty-state graph,,Rendered visible-link graph; only the three journeys in verification.json were individually replayed,Europe’s integrated anti-ballistic-missile coalition for Ukraine / Answer-bearing challenge links have been retired. / Europe’s integrated anti-ballistic-missile coalition for Ukraine,Follow the page’s related reading or evidence link.,HTTP200; heading/links/structural DOM checked,Disclosure/menu DOM checked,1440 structural check; regional visual inspection only if listed in verification.json,390 structural check; regional visual inspection only if listed in verification.json,template-inspection/36-case-challenge.jpg,,,[],rendered; no structural issue found in checked states,B
/cases/us-brazil-section-301-tariffs,economic-statecraft-us-brazil-section301-2026-07,app/cases/[slug]/page.tsx,published; review-due,en,1,decision/reason/readback local state,finite route,"[""/"",""/method"",""/cases"",""/cases/us-brazil-section-301-tariffs""]",3,Rendered visible-link graph; only the three journeys in verification.json were individually replayed,U.S. Section 301 tariffs on Brazil and Brazil’s calibrated retaliation debate / U.S. Section 301 tariffs on Brazil and Brazil’s calibrated retaliation debate,Follow the page’s related reading or evidence link.,HTTP200; heading/links/structural DOM checked,Disclosure/menu DOM checked,1440 structural check; regional visual inspection only if listed in verification.json,390 structural check; regional visual inspection only if listed in verification.json,template-inspection/33-case-decision.jpg,,,[],rendered; no structural issue found in checked states,B
/cases/us-brazil-section-301-tariffs/sources,economic-statecraft-us-brazil-section301-2026-07/sources,app/cases/[slug]/sources/page.tsx,published; review-due,en,1,,finite route,"[""/"",""/method"",""/cases"",""/cases/us-brazil-section-301-tariffs"",""/cases/us-brazil-section-301-tariffs/sources""]",4,Rendered visible-link graph; only the three journeys in verification.json were individually replayed,U.S. Section 301 tariffs on Brazil and Brazil’s calibrated retaliation debate,Follow the page’s related reading or evidence link.,HTTP200; heading/links/structural DOM checked,Disclosure/menu DOM checked,1440 structural check; regional visual inspection only if listed in verification.json,390 structural check; regional visual inspection only if listed in verification.json,template-inspection/34-case-sources.jpg,,,[],rendered; no structural issue found in checked states,B
/cases/us-brazil-section-301-tariffs/corrections,economic-statecraft-us-brazil-section301-2026-07/corrections,app/cases/[slug]/corrections/page.tsx,published; review-due,en,1,,finite route,Direct-entry/state/translation boundary: no path in the observed empty-state graph,,Rendered visible-link graph; only the three journeys in verification.json were individually replayed,U.S. Section 301 tariffs on Brazil and Brazil’s calibrated retaliation debate,Follow the page’s related reading or evidence link.,HTTP200; heading/links/structural DOM checked,Disclosure/menu DOM checked,1440 structural check; regional visual inspection only if listed in verification.json,390 structural check; regional visual inspection only if listed in verification.json,template-inspection/35-case-corrections.jpg,,,[],rendered; no structural issue found in checked states,B
/cases/us-brazil-section-301-tariffs/challenge,economic-statecraft-us-brazil-section301-2026-07/challenge,app/cases/[slug]/challenge/page.tsx,published; review-due,en,1,direct-entry compatibility invitation; no active challenge intake,finite route,Direct-entry/state/translation boundary: no path in the observed empty-state graph,,Rendered visible-link graph; only the three journeys in verification.json were individually replayed,U.S. Section 301 tariffs on Brazil and Brazil’s calibrated retaliation debate / Answer-bearing challenge links have been retired. / U.S. Section 301 tariffs on Brazil and Brazil’s calibrated retaliation debate,Follow the page’s related reading or evidence link.,HTTP200; heading/links/structural DOM checked,Disclosure/menu DOM checked,1440 structural check; regional visual inspection only if listed in verification.json,390 structural check; regional visual inspection only if listed in verification.json,template-inspection/36-case-challenge.jpg,,,[],rendered; no structural issue found in checked states,B
/cases/south-china-sea-award-at-ten,institutional-legitimacy-south-china-sea-award-anniversary-2026-07,app/cases/[slug]/page.tsx,published; background,en,1,decision/reason/readback local state,finite route,"[""/"",""/method"",""/cases"",""/cases/south-china-sea-award-at-ten""]",3,Rendered visible-link graph; only the three journeys in verification.json were individually replayed,The South China Sea arbitral award at ten: legal reaffirmation versus Chinese rejection / The South China Sea arbitral award at ten: legal reaffirmation versus Chinese rejection,Follow the page’s related reading or evidence link.,HTTP200; heading/links/structural DOM checked,Disclosure/menu DOM checked,1440 structural check; regional visual inspection only if listed in verification.json,390 structural check; regional visual inspection only if listed in verification.json,template-inspection/33-case-decision.jpg,,,[],rendered; no structural issue found in checked states,B
/cases/south-china-sea-award-at-ten/sources,institutional-legitimacy-south-china-sea-award-anniversary-2026-07/sources,app/cases/[slug]/sources/page.tsx,published; background,en,1,,finite route,"[""/"",""/method"",""/cases"",""/cases/south-china-sea-award-at-ten"",""/cases/south-china-sea-award-at-ten/sources""]",4,Rendered visible-link graph; only the three journeys in verification.json were individually replayed,The South China Sea arbitral award at ten: legal reaffirmation versus Chinese rejection,Follow the page’s related reading or evidence link.,HTTP200; heading/links/structural DOM checked,Disclosure/menu DOM checked,1440 structural check; regional visual inspection only if listed in verification.json,390 structural check; regional visual inspection only if listed in verification.json,template-inspection/34-case-sources.jpg,,,[],rendered; no structural issue found in checked states,B
/cases/south-china-sea-award-at-ten/corrections,institutional-legitimacy-south-china-sea-award-anniversary-2026-07/corrections,app/cases/[slug]/corrections/page.tsx,published; background,en,1,,finite route,Direct-entry/state/translation boundary: no path in the observed empty-state graph,,Rendered visible-link graph; only the three journeys in verification.json were individually replayed,The South China Sea arbitral award at ten: legal reaffirmation versus Chinese rejection,Follow the page’s related reading or evidence link.,HTTP200; heading/links/structural DOM checked,Disclosure/menu DOM checked,1440 structural check; regional visual inspection only if listed in verification.json,390 structural check; regional visual inspection only if listed in verification.json,template-inspection/35-case-corrections.jpg,,,[],rendered; no structural issue found in checked states,B
/cases/south-china-sea-award-at-ten/challenge,institutional-legitimacy-south-china-sea-award-anniversary-2026-07/challenge,app/cases/[slug]/challenge/page.tsx,published; background,en,1,direct-entry compatibility invitation; no active challenge intake,finite route,Direct-entry/state/translation boundary: no path in the observed empty-state graph,,Rendered visible-link graph; only the three journeys in verification.json were individually replayed,The South China Sea arbitral award at ten: legal reaffirmation versus Chinese rejection / Answer-bearing challenge links have been retired. / The South China Sea arbitral award at ten: legal reaffirmation versus Chinese rejection,Follow the page’s related reading or evidence link.,HTTP200; heading/links/structural DOM checked,Disclosure/menu DOM checked,1440 structural check; regional visual inspection only if listed in verification.json,390 structural check; regional visual inspection only if listed in verification.json,template-inspection/36-case-challenge.jpg,,,[],rendered; no structural issue found in checked states,B
/current,/current,app/current/route.ts,"307 redirect; /cases at inventory date, no active case",en,not independently versioned; repository da96b7e9b51426ad2bfb0ab0cc9d0ad4bf248a79,direct-entry alias; active launch state can change destination,finite route,Direct-entry/state/translation boundary: no path in the observed empty-state graph,,Rendered visible-link graph; only the three journeys in verification.json were individually replayed,Recent cases,Follow the page’s related reading or evidence link.,HTTP200; heading/links/structural DOM checked,Disclosure/menu DOM checked,1440 structural check; regional visual inspection only if listed in verification.json,390 structural check; regional visual inspection only if listed in verification.json,template-inspection/38-case-redirect.jpg,,,[],rendered; no structural issue found in checked states,B
/zh/about,/about:zh-Hans,app/[locale]/about/page.tsx,published,zh-Hans,not independently versioned; repository da96b7e9b51426ad2bfb0ab0cc9d0ad4bf248a79,,finite route,"[""/"",""/about"",""/zh/about""]",2,Rendered visible-link graph; only the three journeys in verification.json were individually replayed,看清你在外交政策问题上依赖哪些论证，以及这些论证彼此冲突的地方。,Follow the page’s related reading or evidence link.,HTTP200; heading/links/structural DOM checked,Disclosure/menu DOM checked,1440 structural check; regional visual inspection only if listed in verification.json,390 structural check; regional visual inspection only if listed in verification.json,template-inspection/01-about.jpg,,,[],rendered; no structural issue found in checked states,B
/zh/ai/atlas,/ai/atlas:zh-Hans,app/[locale]/[...slug]/page.tsx,unapproved translation; fail-closed status screen,zh-Hans,not independently versioned; repository da96b7e9b51426ad2bfb0ab0cc9d0ad4bf248a79,direct-entry or language switch boundary; no translated content expected,finite route,"[""/"",""/method"",""/ai"",""/ai/atlas"",""/zh/ai/atlas""]",4,Rendered visible-link graph; only the three journeys in verification.json were individually replayed,中文版问卷正在校对。,Follow the page’s related reading or evidence link.,HTTP200; heading/links/structural DOM checked,Disclosure/menu DOM checked,1440 structural check; regional visual inspection only if listed in verification.json,390 structural check; regional visual inspection only if listed in verification.json,template-inspection/37-translation-unavailable.jpg,existing,bounded review finding,"[{""id"":""B-unavailable-copy"",""routes"":[""/zh/ai/atlas""],""finding"":""Unavailable AI Atlas page calls itself a questionnaire being proofread."",""bounded_next_action"":""When unavailable-state copy is authorized in Batch B, describe this page accurately without implying active proofreading or scheduled delivery.""}]",Batch B; no issued semantic change in A,B
/zh/ai/field-guide,/ai/field-guide:zh-Hans,app/[locale]/[...slug]/page.tsx,unapproved translation; fail-closed status screen,zh-Hans,not independently versioned; repository da96b7e9b51426ad2bfb0ab0cc9d0ad4bf248a79,direct-entry or language switch boundary; no translated content expected,finite route,"[""/"",""/method"",""/ai"",""/ai/field-guide"",""/zh/ai/field-guide""]",4,Rendered visible-link graph; only the three journeys in verification.json were individually replayed,中文版问卷正在校对。,Follow the page’s related reading or evidence link.,HTTP200; heading/links/structural DOM checked,Disclosure/menu DOM checked,1440 structural check; regional visual inspection only if listed in verification.json,390 structural check; regional visual inspection only if listed in verification.json,template-inspection/37-translation-unavailable.jpg,,,[],rendered; no structural issue found in checked states,B
/zh/ai,/ai:zh-Hans,app/[locale]/[...slug]/page.tsx,unapproved translation; fail-closed status screen,zh-Hans,not independently versioned; repository da96b7e9b51426ad2bfb0ab0cc9d0ad4bf248a79,direct-entry or language switch boundary; no translated content expected,finite route,"[""/"",""/method"",""/ai"",""/zh/ai""]",3,Rendered visible-link graph; only the three journeys in verification.json were individually replayed,中文版问卷正在校对。,Follow the page’s related reading or evidence link.,HTTP200; heading/links/structural DOM checked,Disclosure/menu DOM checked,1440 structural check; regional visual inspection only if listed in verification.json,390 structural check; regional visual inspection only if listed in verification.json,template-inspection/37-translation-unavailable.jpg,,,[],rendered; no structural issue found in checked states,B
/zh/ai/quiz,/ai/quiz:zh-Hans,app/[locale]/[...slug]/page.tsx,unapproved translation; fail-closed status screen,zh-Hans,not independently versioned; repository da96b7e9b51426ad2bfb0ab0cc9d0ad4bf248a79,direct-entry or language switch boundary; no translated content expected,finite route,Direct-entry/state/translation boundary: no path in the observed empty-state graph,,Rendered visible-link graph; only the three journeys in verification.json were individually replayed,中文版问卷正在校对。,Follow the page’s related reading or evidence link.,HTTP200; heading/links/structural DOM checked,Disclosure/menu DOM checked,1440 structural check; regional visual inspection only if listed in verification.json,390 structural check; regional visual inspection only if listed in verification.json,template-inspection/37-translation-unavailable.jpg,,,[],rendered; no structural issue found in checked states,B
/zh/ai/review,/ai/review:zh-Hans,app/[locale]/[...slug]/page.tsx,unapproved translation; fail-closed status screen,zh-Hans,not independently versioned; repository da96b7e9b51426ad2bfb0ab0cc9d0ad4bf248a79,direct-entry or language switch boundary; no translated content expected,finite route,Direct-entry/state/translation boundary: no path in the observed empty-state graph,,Rendered visible-link graph; only the three journeys in verification.json were individually replayed,中文版问卷正在校对。,Follow the page’s related reading or evidence link.,HTTP200; heading/links/structural DOM checked,Disclosure/menu DOM checked,1440 structural check; regional visual inspection only if listed in verification.json,390 structural check; regional visual inspection only if listed in verification.json,template-inspection/37-translation-unavailable.jpg,,,[],rendered; no structural issue found in checked states,B
/zh/archetypes,/archetypes:zh-Hans,app/[locale]/[...slug]/page.tsx,unapproved translation; fail-closed status screen,zh-Hans,not independently versioned; repository da96b7e9b51426ad2bfb0ab0cc9d0ad4bf248a79,direct-entry or language switch boundary; no translated content expected,finite route,"[""/"",""/explore"",""/archetypes"",""/zh/archetypes""]",3,Rendered visible-link graph; only the three journeys in verification.json were individually replayed,此页面的简体中文内容尚未通过编辑审校。,Follow the page’s related reading or evidence link.,HTTP200; heading/links/structural DOM checked,Disclosure/menu DOM checked,1440 structural check; regional visual inspection only if listed in verification.json,390 structural check; regional visual inspection only if listed in verification.json,template-inspection/37-translation-unavailable.jpg,,,[],rendered; no structural issue found in checked states,B
/zh/beta,/beta:zh-Hans,app/[locale]/beta/page.tsx,published,zh-Hans,not independently versioned; repository da96b7e9b51426ad2bfb0ab0cc9d0ad4bf248a79,direct-entry-only by default; navigation requires V22_5_BETA_NAV_ENABLED=true; do not submit external forms,finite route,Direct-entry/state/translation boundary: no path in the observed empty-state graph,,Rendered visible-link graph; only the three journeys in verification.json were individually replayed,帮助检验这项清单是否清楚、公平并具有实际用途。,Follow the page’s related reading or evidence link.,HTTP200; heading/links/structural DOM checked,Disclosure/menu DOM checked,1440 structural check; regional visual inspection only if listed in verification.json,390 structural check; regional visual inspection only if listed in verification.json,template-inspection/07-beta.jpg,,,[],rendered; no structural issue found in checked states,B
/zh/cases,/cases:zh-Hans,app/[locale]/cases/page.tsx,published,zh-Hans,not independently versioned; repository da96b7e9b51426ad2bfb0ab0cc9d0ad4bf248a79,,finite route,"[""/"",""/method"",""/cases"",""/zh/cases""]",3,Rendered visible-link graph; only the three journeys in verification.json were individually replayed,近期案例,Follow the page’s related reading or evidence link.,HTTP200; heading/links/structural DOM checked,Disclosure/menu DOM checked,1440 structural check; regional visual inspection only if listed in verification.json,390 structural check; regional visual inspection only if listed in verification.json,template-inspection/09-cases.jpg,,,[],rendered; no structural issue found in checked states,B
/zh/compare,/compare:zh-Hans,app/[locale]/[...slug]/page.tsx,unapproved translation; fail-closed status screen,zh-Hans,not independently versioned; repository da96b7e9b51426ad2bfb0ab0cc9d0ad4bf248a79,direct-entry or language switch boundary; no translated content expected,finite route,"[""/"",""/zh"",""/zh/world-stage"",""/zh/compare""]",3,Rendered visible-link graph; only the three journeys in verification.json were individually replayed,此页面的简体中文内容尚未通过编辑审校。,Follow the page’s related reading or evidence link.,HTTP200; heading/links/structural DOM checked,Disclosure/menu DOM checked,1440 structural check; regional visual inspection only if listed in verification.json,390 structural check; regional visual inspection only if listed in verification.json,template-inspection/37-translation-unavailable.jpg,,,[],rendered; no structural issue found in checked states,B
/zh/explore/atlas,/explore/atlas:zh-Hans,app/[locale]/explore/atlas/page.tsx,published,zh-Hans,not independently versioned; repository da96b7e9b51426ad2bfb0ab0cc9d0ad4bf248a79,,finite route,"[""/"",""/method"",""/zh/method"",""/zh/explore/atlas""]",3,Rendered visible-link graph; only the three journeys in verification.json were individually replayed,世界观地图,Follow the page’s related reading or evidence link.,HTTP200; heading/links/structural DOM checked,Disclosure/menu DOM checked,1440 structural check; regional visual inspection only if listed in verification.json,390 structural check; regional visual inspection only if listed in verification.json,template-inspection/11-explore-atlas.jpg,,,[],rendered; no structural issue found in checked states,B
/zh/explore,/explore:zh-Hans,app/[locale]/[...slug]/page.tsx,unapproved translation; fail-closed status screen,zh-Hans,not independently versioned; repository da96b7e9b51426ad2bfb0ab0cc9d0ad4bf248a79,direct-entry or language switch boundary; no translated content expected,finite route,"[""/"",""/zh"",""/zh/explore""]",2,Rendered visible-link graph; only the three journeys in verification.json were individually replayed,此页面的简体中文内容尚未通过编辑审校。,Follow the page’s related reading or evidence link.,HTTP200; heading/links/structural DOM checked,Disclosure/menu DOM checked,1440 structural check; regional visual inspection only if listed in verification.json,390 structural check; regional visual inspection only if listed in verification.json,template-inspection/37-translation-unavailable.jpg,,,[],rendered; no structural issue found in checked states,B
/zh/explore/reference,/explore/reference:zh-Hans,app/[locale]/explore/reference/page.tsx,published,zh-Hans,not independently versioned; repository da96b7e9b51426ad2bfb0ab0cc9d0ad4bf248a79,,finite route,"[""/"",""/explore"",""/explore/reference"",""/zh/explore/reference""]",3,Rendered visible-link graph; only the three journeys in verification.json were individually replayed,按来源编码的公开立场,Follow the page’s related reading or evidence link.,HTTP200; heading/links/structural DOM checked,Disclosure/menu DOM checked,1440 structural check; regional visual inspection only if listed in verification.json,390 structural check; regional visual inspection only if listed in verification.json,template-inspection/13-explore-reference.jpg,existing,bounded review finding,"[{""id"":""B-desktop-pseudo-overflow"",""routes"":[""/compare"",""/explore/reference"",""/futures"",""/perspectives"",""/references"",""/zh/explore/reference""],""finding"":""Desktop default/expanded document scrollWidth1476 at viewport1440; production recheck confirms."",""bounded_next_action"":""Remove or contain decorative hero pseudo-element overflow within the existing shared-layout scope after reviewing production correction evidence.""}]",Batch B; no issued semantic change in A,B
/zh/feedback,/feedback:zh-Hans,app/[locale]/feedback/page.tsx,published,zh-Hans,not independently versioned; repository da96b7e9b51426ad2bfb0ab0cc9d0ad4bf248a79,,finite route,"[""/"",""/method"",""/zh/method"",""/zh/feedback""]",3,Rendered visible-link graph; only the three journeys in verification.json were individually replayed,报告事实、隐私或安全问题。,Follow the page’s related reading or evidence link.,HTTP200; heading/links/structural DOM checked,Disclosure/menu DOM checked,1440 structural check; regional visual inspection only if listed in verification.json,390 structural check; regional visual inspection only if listed in verification.json,template-inspection/14-feedback.jpg,,,[],rendered; no structural issue found in checked states,B
/zh/futures,/futures:zh-Hans,app/[locale]/[...slug]/page.tsx,unapproved translation; fail-closed status screen,zh-Hans,not independently versioned; repository da96b7e9b51426ad2bfb0ab0cc9d0ad4bf248a79,direct-entry or language switch boundary; no translated content expected,finite route,"[""/"",""/method"",""/zh/method"",""/zh/futures""]",3,Rendered visible-link graph; only the three journeys in verification.json were individually replayed,此页面的简体中文内容尚未通过编辑审校。,Follow the page’s related reading or evidence link.,HTTP200; heading/links/structural DOM checked,Disclosure/menu DOM checked,1440 structural check; regional visual inspection only if listed in verification.json,390 structural check; regional visual inspection only if listed in verification.json,template-inspection/37-translation-unavailable.jpg,,,[],rendered; no structural issue found in checked states,B
/zh/method,/method:zh-Hans,app/[locale]/method/page.tsx,published,zh-Hans,not independently versioned; repository da96b7e9b51426ad2bfb0ab0cc9d0ad4bf248a79,,finite route,"[""/"",""/method"",""/zh/method""]",2,Rendered visible-link graph; only the three journeys in verification.json were individually replayed,这项清单如何工作,Follow the page’s related reading or evidence link.,HTTP200; heading/links/structural DOM checked,Disclosure/menu DOM checked,1440 structural check; regional visual inspection only if listed in verification.json,390 structural check; regional visual inspection only if listed in verification.json,template-inspection/16-method.jpg,,,[],rendered; no structural issue found in checked states,B
/zh/modules,/modules:zh-Hans,app/[locale]/[...slug]/page.tsx,unapproved translation; fail-closed status screen,zh-Hans,not independently versioned; repository da96b7e9b51426ad2bfb0ab0cc9d0ad4bf248a79,direct-entry or language switch boundary; no translated content expected,finite route,"[""/"",""/method"",""/modules"",""/zh/modules""]",3,Rendered visible-link graph; only the three journeys in verification.json were individually replayed,中文版问卷正在校对。,Follow the page’s related reading or evidence link.,HTTP200; heading/links/structural DOM checked,Disclosure/menu DOM checked,1440 structural check; regional visual inspection only if listed in verification.json,390 structural check; regional visual inspection only if listed in verification.json,template-inspection/37-translation-unavailable.jpg,,,[],rendered; no structural issue found in checked states,B
/zh,/:zh-Hans,app/[locale]/page.tsx,published,zh-Hans,not independently versioned; repository da96b7e9b51426ad2bfb0ab0cc9d0ad4bf248a79,,finite route,"[""/"",""/zh""]",1,Rendered visible-link graph; only the three journeys in verification.json were individually replayed,选择一个起点。,Follow the page’s related reading or evidence link.,HTTP200; heading/links/structural DOM checked,Disclosure/menu DOM checked,1440 structural check; regional visual inspection only if listed in verification.json,390 structural check; regional visual inspection only if listed in verification.json,template-inspection/18-root.jpg,,,[],rendered; no structural issue found in checked states,B
/zh/perspectives,/perspectives:zh-Hans,app/[locale]/[...slug]/page.tsx,unapproved translation; fail-closed status screen,zh-Hans,not independently versioned; repository da96b7e9b51426ad2bfb0ab0cc9d0ad4bf248a79,direct-entry or language switch boundary; no translated content expected,finite route,"[""/"",""/zh"",""/zh/perspectives""]",2,Rendered visible-link graph; only the three journeys in verification.json were individually replayed,中文版问卷正在校对。,Follow the page’s related reading or evidence link.,HTTP200; heading/links/structural DOM checked,Disclosure/menu DOM checked,1440 structural check; regional visual inspection only if listed in verification.json,390 structural check; regional visual inspection only if listed in verification.json,template-inspection/37-translation-unavailable.jpg,,,[],rendered; no structural issue found in checked states,B
/zh/privacy,/privacy:zh-Hans,app/[locale]/privacy/page.tsx,published,zh-Hans,not independently versioned; repository da96b7e9b51426ad2bfb0ab0cc9d0ad4bf248a79,,finite route,"[""/"",""/privacy"",""/zh/privacy""]",2,Rendered visible-link graph; only the three journeys in verification.json were individually replayed,原始答案与已保存的历史记录只保存在当前浏览器。,Follow the page’s related reading or evidence link.,HTTP200; heading/links/structural DOM checked,Disclosure/menu DOM checked,1440 structural check; regional visual inspection only if listed in verification.json,390 structural check; regional visual inspection only if listed in verification.json,template-inspection/19-privacy.jpg,,,[],rendered; no structural issue found in checked states,B
/zh/profile,/profile:zh-Hans,app/[locale]/profile/page.tsx,published,zh-Hans,not independently versioned; repository da96b7e9b51426ad2bfb0ab0cc9d0ad4bf248a79,"empty, one record and multiple record states depend on local storage",finite route,"[""/"",""/zh"",""/zh/profile""]",2,Rendered visible-link graph; only the three journeys in verification.json were individually replayed,这台设备尚未保存画像记录。,Follow the page’s related reading or evidence link.,HTTP200; heading/links/structural DOM checked,Disclosure/menu DOM checked,1440 structural check; regional visual inspection only if listed in verification.json,390 structural check; regional visual inspection only if listed in verification.json,template-inspection/21-profile.jpg,,,[],rendered; no structural issue found in checked states,B
/zh/quiz,/quiz:zh-Hans,app/[locale]/quiz/page.tsx,published,zh-Hans,not independently versioned; repository da96b7e9b51426ad2bfb0ab0cc9d0ad4bf248a79,,finite route,"[""/"",""/zh"",""/zh/quiz""]",2,Rendered visible-link graph; only the three journeys in verification.json were individually replayed,基础问卷,Follow the page’s related reading or evidence link.,HTTP200; heading/links/structural DOM checked,Disclosure/menu DOM checked,1440 structural check; regional visual inspection only if listed in verification.json,390 structural check; regional visual inspection only if listed in verification.json,template-inspection/22-quiz.jpg,,,[],rendered; no structural issue found in checked states,B
/zh/quiz/review,/quiz/review:zh-Hans,app/[locale]/quiz/review/page.tsx,published,zh-Hans,not independently versioned; repository da96b7e9b51426ad2bfb0ab0cc9d0ad4bf248a79,matching local synthetic draft required for populated review; empty state is public,finite route,Direct-entry/state/translation boundary: no path in the observed empty-state graph,,Rendered visible-link graph; only the three journeys in verification.json were individually replayed,,Follow the page’s related reading or evidence link.,HTTP200; heading/links/structural DOM checked,Disclosure/menu DOM checked,1440 structural check; regional visual inspection only if listed in verification.json,390 structural check; regional visual inspection only if listed in verification.json,template-inspection/23-quiz-review.jpg,,,[],rendered; no structural issue found in checked states,B
/zh/references,/references:zh-Hans,app/[locale]/[...slug]/page.tsx,unapproved translation; fail-closed status screen,zh-Hans,not independently versioned; repository da96b7e9b51426ad2bfb0ab0cc9d0ad4bf248a79,direct-entry or language switch boundary; no translated content expected,finite route,"[""/"",""/method"",""/zh/method"",""/zh/references""]",3,Rendered visible-link graph; only the three journeys in verification.json were individually replayed,此页面的简体中文内容尚未通过编辑审校。,Follow the page’s related reading or evidence link.,HTTP200; heading/links/structural DOM checked,Disclosure/menu DOM checked,1440 structural check; regional visual inspection only if listed in verification.json,390 structural check; regional visual inspection only if listed in verification.json,template-inspection/37-translation-unavailable.jpg,,,[],rendered; no structural issue found in checked states,B
/zh/world-stage,/world-stage:zh-Hans,app/[locale]/world-stage/page.tsx,published,zh-Hans,not independently versioned; repository da96b7e9b51426ad2bfb0ab0cc9d0ad4bf248a79,,finite route,"[""/"",""/zh"",""/zh/world-stage""]",2,Rendered visible-link graph; only the three journeys in verification.json were individually replayed,选择一个起点。,Follow the page’s related reading or evidence link.,HTTP200; heading/links/structural DOM checked,Disclosure/menu DOM checked,1440 structural check; regional visual inspection only if listed in verification.json,390 structural check; regional visual inspection only if listed in verification.json,template-inspection/26-world-stage.jpg,,,[],rendered; no structural issue found in checked states,B
/zh/archetypes/p-plus,P+:zh-Hans,app/[locale]/[...slug]/page.tsx,unapproved translation; fail-closed status screen,zh-Hans,not independently versioned; repository da96b7e9b51426ad2bfb0ab0cc9d0ad4bf248a79,direct-entry or language switch boundary; no translated content expected,finite route,"[""/"",""/method"",""/explore/atlas"",""/archetypes/p-plus"",""/zh/archetypes/p-plus""]",4,Rendered visible-link graph; only the three journeys in verification.json were individually replayed,此页面的简体中文内容尚未通过编辑审校。,Follow the page’s related reading or evidence link.,HTTP200; heading/links/structural DOM checked,Disclosure/menu DOM checked,1440 structural check; regional visual inspection only if listed in verification.json,390 structural check; regional visual inspection only if listed in verification.json,template-inspection/37-translation-unavailable.jpg,,,[],rendered; no structural issue found in checked states,B
/zh/archetypes/p-minus,P-:zh-Hans,app/[locale]/[...slug]/page.tsx,unapproved translation; fail-closed status screen,zh-Hans,not independently versioned; repository da96b7e9b51426ad2bfb0ab0cc9d0ad4bf248a79,direct-entry or language switch boundary; no translated content expected,finite route,"[""/"",""/method"",""/explore/atlas"",""/archetypes/p-minus"",""/zh/archetypes/p-minus""]",4,Rendered visible-link graph; only the three journeys in verification.json were individually replayed,此页面的简体中文内容尚未通过编辑审校。,Follow the page’s related reading or evidence link.,HTTP200; heading/links/structural DOM checked,Disclosure/menu DOM checked,1440 structural check; regional visual inspection only if listed in verification.json,390 structural check; regional visual inspection only if listed in verification.json,template-inspection/37-translation-unavailable.jpg,,,[],rendered; no structural issue found in checked states,B
/zh/archetypes/r-plus,R+:zh-Hans,app/[locale]/[...slug]/page.tsx,unapproved translation; fail-closed status screen,zh-Hans,not independently versioned; repository da96b7e9b51426ad2bfb0ab0cc9d0ad4bf248a79,direct-entry or language switch boundary; no translated content expected,finite route,"[""/"",""/method"",""/explore/atlas"",""/archetypes/r-plus"",""/zh/archetypes/r-plus""]",4,Rendered visible-link graph; only the three journeys in verification.json were individually replayed,此页面的简体中文内容尚未通过编辑审校。,Follow the page’s related reading or evidence link.,HTTP200; heading/links/structural DOM checked,Disclosure/menu DOM checked,1440 structural check; regional visual inspection only if listed in verification.json,390 structural check; regional visual inspection only if listed in verification.json,template-inspection/37-translation-unavailable.jpg,,,[],rendered; no structural issue found in checked states,B
/zh/archetypes/r-minus,R-:zh-Hans,app/[locale]/[...slug]/page.tsx,unapproved translation; fail-closed status screen,zh-Hans,not independently versioned; repository da96b7e9b51426ad2bfb0ab0cc9d0ad4bf248a79,direct-entry or language switch boundary; no translated content expected,finite route,"[""/"",""/method"",""/explore/atlas"",""/archetypes/r-minus"",""/zh/archetypes/r-minus""]",4,Rendered visible-link graph; only the three journeys in verification.json were individually replayed,此页面的简体中文内容尚未通过编辑审校。,Follow the page’s related reading or evidence link.,HTTP200; heading/links/structural DOM checked,Disclosure/menu DOM checked,1440 structural check; regional visual inspection only if listed in verification.json,390 structural check; regional visual inspection only if listed in verification.json,template-inspection/37-translation-unavailable.jpg,,,[],rendered; no structural issue found in checked states,B
/zh/archetypes/m-plus,M+:zh-Hans,app/[locale]/[...slug]/page.tsx,unapproved translation; fail-closed status screen,zh-Hans,not independently versioned; repository da96b7e9b51426ad2bfb0ab0cc9d0ad4bf248a79,direct-entry or language switch boundary; no translated content expected,finite route,"[""/"",""/method"",""/explore/atlas"",""/archetypes/m-plus"",""/zh/archetypes/m-plus""]",4,Rendered visible-link graph; only the three journeys in verification.json were individually replayed,此页面的简体中文内容尚未通过编辑审校。,Follow the page’s related reading or evidence link.,HTTP200; heading/links/structural DOM checked,Disclosure/menu DOM checked,1440 structural check; regional visual inspection only if listed in verification.json,390 structural check; regional visual inspection only if listed in verification.json,template-inspection/37-translation-unavailable.jpg,,,[],rendered; no structural issue found in checked states,B
/zh/archetypes/m-minus,M-:zh-Hans,app/[locale]/[...slug]/page.tsx,unapproved translation; fail-closed status screen,zh-Hans,not independently versioned; repository da96b7e9b51426ad2bfb0ab0cc9d0ad4bf248a79,direct-entry or language switch boundary; no translated content expected,finite route,"[""/"",""/method"",""/explore/atlas"",""/archetypes/m-minus"",""/zh/archetypes/m-minus""]",4,Rendered visible-link graph; only the three journeys in verification.json were individually replayed,此页面的简体中文内容尚未通过编辑审校。,Follow the page’s related reading or evidence link.,HTTP200; heading/links/structural DOM checked,Disclosure/menu DOM checked,1440 structural check; regional visual inspection only if listed in verification.json,390 structural check; regional visual inspection only if listed in verification.json,template-inspection/37-translation-unavailable.jpg,,,[],rendered; no structural issue found in checked states,B
/zh/archetypes/s-plus,S+:zh-Hans,app/[locale]/[...slug]/page.tsx,unapproved translation; fail-closed status screen,zh-Hans,not independently versioned; repository da96b7e9b51426ad2bfb0ab0cc9d0ad4bf248a79,direct-entry or language switch boundary; no translated content expected,finite route,"[""/"",""/method"",""/explore/atlas"",""/archetypes/s-plus"",""/zh/archetypes/s-plus""]",4,Rendered visible-link graph; only the three journeys in verification.json were individually replayed,此页面的简体中文内容尚未通过编辑审校。,Follow the page’s related reading or evidence link.,HTTP200; heading/links/structural DOM checked,Disclosure/menu DOM checked,1440 structural check; regional visual inspection only if listed in verification.json,390 structural check; regional visual inspection only if listed in verification.json,template-inspection/37-translation-unavailable.jpg,,,[],rendered; no structural issue found in checked states,B
/zh/archetypes/s-minus,S-:zh-Hans,app/[locale]/[...slug]/page.tsx,unapproved translation; fail-closed status screen,zh-Hans,not independently versioned; repository da96b7e9b51426ad2bfb0ab0cc9d0ad4bf248a79,direct-entry or language switch boundary; no translated content expected,finite route,"[""/"",""/method"",""/explore/atlas"",""/archetypes/s-minus"",""/zh/archetypes/s-minus""]",4,Rendered visible-link graph; only the three journeys in verification.json were individually replayed,此页面的简体中文内容尚未通过编辑审校。,Follow the page’s related reading or evidence link.,HTTP200; heading/links/structural DOM checked,Disclosure/menu DOM checked,1440 structural check; regional visual inspection only if listed in verification.json,390 structural check; regional visual inspection only if listed in verification.json,template-inspection/37-translation-unavailable.jpg,,,[],rendered; no structural issue found in checked states,B
/zh/explore/realism,realist:zh-Hans,app/[locale]/[...slug]/page.tsx,unapproved translation; fail-closed status screen,zh-Hans,not independently versioned; repository da96b7e9b51426ad2bfb0ab0cc9d0ad4bf248a79,direct-entry or language switch boundary; no translated content expected,finite route,"[""/"",""/explore"",""/explore/realism"",""/zh/explore/realism""]",3,Rendered visible-link graph; only the three journeys in verification.json were individually replayed,此页面的简体中文内容尚未通过编辑审校。,Follow the page’s related reading or evidence link.,HTTP200; heading/links/structural DOM checked,Disclosure/menu DOM checked,1440 structural check; regional visual inspection only if listed in verification.json,390 structural check; regional visual inspection only if listed in verification.json,template-inspection/37-translation-unavailable.jpg,,,[],rendered; no structural issue found in checked states,B
/zh/explore/institutionalism,institutionalist:zh-Hans,app/[locale]/[...slug]/page.tsx,unapproved translation; fail-closed status screen,zh-Hans,not independently versioned; repository da96b7e9b51426ad2bfb0ab0cc9d0ad4bf248a79,direct-entry or language switch boundary; no translated content expected,finite route,"[""/"",""/explore"",""/explore/institutionalism"",""/zh/explore/institutionalism""]",3,Rendered visible-link graph; only the three journeys in verification.json were individually replayed,此页面的简体中文内容尚未通过编辑审校。,Follow the page’s related reading or evidence link.,HTTP200; heading/links/structural DOM checked,Disclosure/menu DOM checked,1440 structural check; regional visual inspection only if listed in verification.json,390 structural check; regional visual inspection only if listed in verification.json,template-inspection/37-translation-unavailable.jpg,,,[],rendered; no structural issue found in checked states,B
/zh/explore/constructivism,constructivist:zh-Hans,app/[locale]/[...slug]/page.tsx,unapproved translation; fail-closed status screen,zh-Hans,not independently versioned; repository da96b7e9b51426ad2bfb0ab0cc9d0ad4bf248a79,direct-entry or language switch boundary; no translated content expected,finite route,"[""/"",""/explore"",""/explore/constructivism"",""/zh/explore/constructivism""]",3,Rendered visible-link graph; only the three journeys in verification.json were individually replayed,此页面的简体中文内容尚未通过编辑审校。,Follow the page’s related reading or evidence link.,HTTP200; heading/links/structural DOM checked,Disclosure/menu DOM checked,1440 structural check; regional visual inspection only if listed in verification.json,390 structural check; regional visual inspection only if listed in verification.json,template-inspection/37-translation-unavailable.jpg,,,[],rendered; no structural issue found in checked states,B
/zh/explore/critical-political-economy,criticalPoliticalEconomy:zh-Hans,app/[locale]/[...slug]/page.tsx,unapproved translation; fail-closed status screen,zh-Hans,not independently versioned; repository da96b7e9b51426ad2bfb0ab0cc9d0ad4bf248a79,direct-entry or language switch boundary; no translated content expected,finite route,"[""/"",""/explore"",""/explore/critical-political-economy"",""/zh/explore/critical-political-economy""]",3,Rendered visible-link graph; only the three journeys in verification.json were individually replayed,此页面的简体中文内容尚未通过编辑审校。,Follow the page’s related reading or evidence link.,HTTP200; heading/links/structural DOM checked,Disclosure/menu DOM checked,1440 structural check; regional visual inspection only if listed in verification.json,390 structural check; regional visual inspection only if listed in verification.json,template-inspection/37-translation-unavailable.jpg,,,[],rendered; no structural issue found in checked states,B
/zh/explore/atlas/broad-spectrum-bridge-builder,broad-spectrum-bridge-builder:zh-Hans,components/worldview-profile/zh-hans-worldview-profile-page.tsx,published approved abridged Chinese Decision Pattern; no English historical-case panel,zh-Hans,not independently versioned; repository da96b7e9b51426ad2bfb0ab0cc9d0ad4bf248a79,"Chinese decision reading, neighboring patterns and method status only; expanded English case template does not apply",finite route,"[""/"",""/explore"",""/explore/atlas/broad-spectrum-bridge-builder"",""/zh/explore/atlas/broad-spectrum-bridge-builder""]",3,Rendered visible-link graph; only the three journeys in verification.json were individually replayed,多重视角,Follow the page’s related reading or evidence link.,HTTP200; heading/links/structural DOM checked,Disclosure/menu DOM checked,1440 structural check; regional visual inspection only if listed in verification.json,390 structural check; regional visual inspection only if listed in verification.json,template-inspection/28-decision-pattern-detail.jpg,,,[],rendered; no structural issue found in checked states,B
/zh/explore/atlas/constraint-first-realist,constraint-first-realist:zh-Hans,components/worldview-profile/zh-hans-worldview-profile-page.tsx,published approved abridged Chinese Decision Pattern; no English historical-case panel,zh-Hans,not independently versioned; repository da96b7e9b51426ad2bfb0ab0cc9d0ad4bf248a79,"Chinese decision reading, neighboring patterns and method status only; expanded English case template does not apply",finite route,"[""/"",""/explore"",""/explore/atlas/constraint-first-realist"",""/zh/explore/atlas/constraint-first-realist""]",3,Rendered visible-link graph; only the three journeys in verification.json were individually replayed,权力与边界,Follow the page’s related reading or evidence link.,HTTP200; heading/links/structural DOM checked,Disclosure/menu DOM checked,1440 structural check; regional visual inspection only if listed in verification.json,390 structural check; regional visual inspection only if listed in verification.json,template-inspection/28-decision-pattern-detail.jpg,,,[],rendered; no structural issue found in checked states,B
/zh/explore/atlas/competitive-balancer,competitive-balancer:zh-Hans,components/worldview-profile/zh-hans-worldview-profile-page.tsx,published approved abridged Chinese Decision Pattern; no English historical-case panel,zh-Hans,not independently versioned; repository da96b7e9b51426ad2bfb0ab0cc9d0ad4bf248a79,"Chinese decision reading, neighboring patterns and method status only; expanded English case template does not apply",finite route,"[""/"",""/explore"",""/explore/atlas/competitive-balancer"",""/zh/explore/atlas/competitive-balancer""]",3,Rendered visible-link graph; only the three journeys in verification.json were individually replayed,权力与杠杆,Follow the page’s related reading or evidence link.,HTTP200; heading/links/structural DOM checked,Disclosure/menu DOM checked,1440 structural check; regional visual inspection only if listed in verification.json,390 structural check; regional visual inspection only if listed in verification.json,template-inspection/28-decision-pattern-detail.jpg,,,[],rendered; no structural issue found in checked states,B
/zh/explore/atlas/coalition-pragmatist,coalition-pragmatist:zh-Hans,components/worldview-profile/zh-hans-worldview-profile-page.tsx,published approved abridged Chinese Decision Pattern; no English historical-case panel,zh-Hans,not independently versioned; repository da96b7e9b51426ad2bfb0ab0cc9d0ad4bf248a79,"Chinese decision reading, neighboring patterns and method status only; expanded English case template does not apply",finite route,"[""/"",""/explore"",""/explore/atlas/coalition-pragmatist"",""/zh/explore/atlas/coalition-pragmatist""]",3,Rendered visible-link graph; only the three journeys in verification.json were individually replayed,伙伴协调优先,Follow the page’s related reading or evidence link.,HTTP200; heading/links/structural DOM checked,Disclosure/menu DOM checked,1440 structural check; regional visual inspection only if listed in verification.json,390 structural check; regional visual inspection only if listed in verification.json,template-inspection/28-decision-pattern-detail.jpg,,,[],rendered; no structural issue found in checked states,B
/zh/explore/atlas/institution-builder,institution-builder:zh-Hans,components/worldview-profile/zh-hans-worldview-profile-page.tsx,published approved abridged Chinese Decision Pattern; no English historical-case panel,zh-Hans,not independently versioned; repository da96b7e9b51426ad2bfb0ab0cc9d0ad4bf248a79,"Chinese decision reading, neighboring patterns and method status only; expanded English case template does not apply",finite route,"[""/"",""/explore"",""/explore/atlas/institution-builder"",""/zh/explore/atlas/institution-builder""]",3,Rendered visible-link graph; only the three journeys in verification.json were individually replayed,规则与合作,Follow the page’s related reading or evidence link.,HTTP200; heading/links/structural DOM checked,Disclosure/menu DOM checked,1440 structural check; regional visual inspection only if listed in verification.json,390 structural check; regional visual inspection only if listed in verification.json,template-inspection/28-decision-pattern-detail.jpg,,,[],rendered; no structural issue found in checked states,B
/zh/explore/atlas/legitimacy-attuned-reader,legitimacy-attuned-reader:zh-Hans,components/worldview-profile/zh-hans-worldview-profile-page.tsx,published approved abridged Chinese Decision Pattern; no English historical-case panel,zh-Hans,not independently versioned; repository da96b7e9b51426ad2bfb0ab0cc9d0ad4bf248a79,"Chinese decision reading, neighboring patterns and method status only; expanded English case template does not apply",finite route,"[""/"",""/explore"",""/explore/atlas/legitimacy-attuned-reader"",""/zh/explore/atlas/legitimacy-attuned-reader""]",3,Rendered visible-link graph; only the three journeys in verification.json were individually replayed,意义与正当性,Follow the page’s related reading or evidence link.,HTTP200; heading/links/structural DOM checked,Disclosure/menu DOM checked,1440 structural check; regional visual inspection only if listed in verification.json,390 structural check; regional visual inspection only if listed in verification.json,template-inspection/28-decision-pattern-detail.jpg,,,[],rendered; no structural issue found in checked states,B
/zh/explore/atlas/justice-forward-solidarist,justice-forward-solidarist:zh-Hans,components/worldview-profile/zh-hans-worldview-profile-page.tsx,published approved abridged Chinese Decision Pattern; no English historical-case panel,zh-Hans,not independently versioned; repository da96b7e9b51426ad2bfb0ab0cc9d0ad4bf248a79,"Chinese decision reading, neighboring patterns and method status only; expanded English case template does not apply",finite route,"[""/"",""/explore"",""/explore/atlas/justice-forward-solidarist"",""/zh/explore/atlas/justice-forward-solidarist""]",3,Rendered visible-link graph; only the three journeys in verification.json were individually replayed,正义与保护,Follow the page’s related reading or evidence link.,HTTP200; heading/links/structural DOM checked,Disclosure/menu DOM checked,1440 structural check; regional visual inspection only if listed in verification.json,390 structural check; regional visual inspection only if listed in verification.json,template-inspection/28-decision-pattern-detail.jpg,,,[],rendered; no structural issue found in checked states,B
/zh/explore/atlas/structural-inequality-critic,structural-inequality-critic:zh-Hans,components/worldview-profile/zh-hans-worldview-profile-page.tsx,published approved abridged Chinese Decision Pattern; no English historical-case panel,zh-Hans,not independently versioned; repository da96b7e9b51426ad2bfb0ab0cc9d0ad4bf248a79,"Chinese decision reading, neighboring patterns and method status only; expanded English case template does not apply",finite route,"[""/"",""/explore"",""/explore/atlas/structural-inequality-critic"",""/zh/explore/atlas/structural-inequality-critic""]",3,Rendered visible-link graph; only the three journeys in verification.json were individually replayed,规则背后的权力,Follow the page’s related reading or evidence link.,HTTP200; heading/links/structural DOM checked,Disclosure/menu DOM checked,1440 structural check; regional visual inspection only if listed in verification.json,390 structural check; regional visual inspection only if listed in verification.json,template-inspection/28-decision-pattern-detail.jpg,,,[],rendered; no structural issue found in checked states,B
/zh/explore/atlas/development-sovereignty-builder,development-sovereignty-builder:zh-Hans,components/worldview-profile/zh-hans-worldview-profile-page.tsx,published approved abridged Chinese Decision Pattern; no English historical-case panel,zh-Hans,not independently versioned; repository da96b7e9b51426ad2bfb0ab0cc9d0ad4bf248a79,"Chinese decision reading, neighboring patterns and method status only; expanded English case template does not apply",finite route,"[""/"",""/explore"",""/explore/atlas/development-sovereignty-builder"",""/zh/explore/atlas/development-sovereignty-builder""]",3,Rendered visible-link graph; only the three journeys in verification.json were individually replayed,能力与自主,Follow the page’s related reading or evidence link.,HTTP200; heading/links/structural DOM checked,Disclosure/menu DOM checked,1440 structural check; regional visual inspection only if listed in verification.json,390 structural check; regional visual inspection only if listed in verification.json,template-inspection/28-decision-pattern-detail.jpg,,,[],rendered; no structural issue found in checked states,B
/zh/explore/atlas/cross-pressured-synthesizer,cross-pressured-synthesizer:zh-Hans,components/worldview-profile/zh-hans-worldview-profile-page.tsx,published approved abridged Chinese Decision Pattern; no English historical-case panel,zh-Hans,not independently versioned; repository da96b7e9b51426ad2bfb0ab0cc9d0ad4bf248a79,"Chinese decision reading, neighboring patterns and method status only; expanded English case template does not apply",finite route,"[""/"",""/explore"",""/explore/atlas/cross-pressured-synthesizer"",""/zh/explore/atlas/cross-pressured-synthesizer""]",3,Rendered visible-link graph; only the three journeys in verification.json were individually replayed,因议题而异,Follow the page’s related reading or evidence link.,HTTP200; heading/links/structural DOM checked,Disclosure/menu DOM checked,1440 structural check; regional visual inspection only if listed in verification.json,390 structural check; regional visual inspection only if listed in verification.json,template-inspection/28-decision-pattern-detail.jpg,,,[],rendered; no structural issue found in checked states,B
/zh/explore/reference/john-mearsheimer,john-mearsheimer:zh-Hans,app/[locale]/explore/reference/[id]/page.tsx,published Chinese chrome; English source evidence retained with visible translation boundary,zh-Hans,2,dimension evidence details closed by default; sources and revision records below,finite route,"[""/"",""/explore"",""/explore/reference/john-mearsheimer"",""/zh/explore/reference/john-mearsheimer""]",3,Rendered visible-link graph; only the three journeys in verification.json were individually replayed,John Mearsheimer,Follow the page’s related reading or evidence link.,HTTP200; heading/links/structural DOM checked,Disclosure/menu DOM checked,1440 structural check; regional visual inspection only if listed in verification.json,390 structural check; regional visual inspection only if listed in verification.json,template-inspection/29-reference-thinker-detail.jpg,,,[],rendered; no structural issue found in checked states,B
/zh/explore/reference/robert-keohane,robert-keohane:zh-Hans,app/[locale]/explore/reference/[id]/page.tsx,published Chinese chrome; English source evidence retained with visible translation boundary,zh-Hans,2,dimension evidence details closed by default; sources and revision records below,finite route,"[""/"",""/explore"",""/explore/reference/robert-keohane"",""/zh/explore/reference/robert-keohane""]",3,Rendered visible-link graph; only the three journeys in verification.json were individually replayed,Robert Keohane,Follow the page’s related reading or evidence link.,HTTP200; heading/links/structural DOM checked,Disclosure/menu DOM checked,1440 structural check; regional visual inspection only if listed in verification.json,390 structural check; regional visual inspection only if listed in verification.json,template-inspection/29-reference-thinker-detail.jpg,,,[],rendered; no structural issue found in checked states,B
/zh/explore/reference/alexander-wendt,alexander-wendt:zh-Hans,app/[locale]/explore/reference/[id]/page.tsx,published Chinese chrome; English source evidence retained with visible translation boundary,zh-Hans,2,dimension evidence details closed by default; sources and revision records below,finite route,"[""/"",""/explore"",""/explore/reference/alexander-wendt"",""/zh/explore/reference/alexander-wendt""]",3,Rendered visible-link graph; only the three journeys in verification.json were individually replayed,Alexander Wendt,Follow the page’s related reading or evidence link.,HTTP200; heading/links/structural DOM checked,Disclosure/menu DOM checked,1440 structural check; regional visual inspection only if listed in verification.json,390 structural check; regional visual inspection only if listed in verification.json,template-inspection/29-reference-thinker-detail.jpg,,,[],rendered; no structural issue found in checked states,B
/zh/explore/reference/susan-strange,susan-strange:zh-Hans,app/[locale]/explore/reference/[id]/page.tsx,published Chinese chrome; English source evidence retained with visible translation boundary,zh-Hans,2,dimension evidence details closed by default; sources and revision records below,finite route,"[""/"",""/explore"",""/explore/reference/susan-strange"",""/zh/explore/reference/susan-strange""]",3,Rendered visible-link graph; only the three journeys in verification.json were individually replayed,Susan Strange,Follow the page’s related reading or evidence link.,HTTP200; heading/links/structural DOM checked,Disclosure/menu DOM checked,1440 structural check; regional visual inspection only if listed in verification.json,390 structural check; regional visual inspection only if listed in verification.json,template-inspection/29-reference-thinker-detail.jpg,,,[],rendered; no structural issue found in checked states,B
/zh/ai/atlas/precautionarySteward,precautionarySteward:zh-Hans,app/[locale]/[...slug]/page.tsx,unapproved translation; fail-closed status screen,zh-Hans,not independently versioned; repository da96b7e9b51426ad2bfb0ab0cc9d0ad4bf248a79,direct-entry or language switch boundary; no translated content expected,finite route,"[""/"",""/method"",""/ai"",""/ai/atlas"",""/ai/atlas/precautionarySteward"",""/zh/ai/atlas/precautionarySteward""]",5,Rendered visible-link graph; only the three journeys in verification.json were individually replayed,中文版问卷正在校对。,Follow the page’s related reading or evidence link.,HTTP200; heading/links/structural DOM checked,Disclosure/menu DOM checked,1440 structural check; regional visual inspection only if listed in verification.json,390 structural check; regional visual inspection only if listed in verification.json,template-inspection/37-translation-unavailable.jpg,,,[],rendered; no structural issue found in checked states,B
/zh/ai/atlas/strategicCompetitor,strategicCompetitor:zh-Hans,app/[locale]/[...slug]/page.tsx,unapproved translation; fail-closed status screen,zh-Hans,not independently versioned; repository da96b7e9b51426ad2bfb0ab0cc9d0ad4bf248a79,direct-entry or language switch boundary; no translated content expected,finite route,"[""/"",""/method"",""/ai"",""/ai/atlas"",""/ai/atlas/strategicCompetitor"",""/zh/ai/atlas/strategicCompetitor""]",5,Rendered visible-link graph; only the three journeys in verification.json were individually replayed,中文版问卷正在校对。,Follow the page’s related reading or evidence link.,HTTP200; heading/links/structural DOM checked,Disclosure/menu DOM checked,1440 structural check; regional visual inspection only if listed in verification.json,390 structural check; regional visual inspection only if listed in verification.json,template-inspection/37-translation-unavailable.jpg,,,[],rendered; no structural issue found in checked states,B
/zh/ai/atlas/coordinationArchitect,coordinationArchitect:zh-Hans,app/[locale]/[...slug]/page.tsx,unapproved translation; fail-closed status screen,zh-Hans,not independently versioned; repository da96b7e9b51426ad2bfb0ab0cc9d0ad4bf248a79,direct-entry or language switch boundary; no translated content expected,finite route,"[""/"",""/method"",""/ai"",""/ai/atlas"",""/ai/atlas/coordinationArchitect"",""/zh/ai/atlas/coordinationArchitect""]",5,Rendered visible-link graph; only the three journeys in verification.json were individually replayed,中文版问卷正在校对。,Follow the page’s related reading or evidence link.,HTTP200; heading/links/structural DOM checked,Disclosure/menu DOM checked,1440 structural check; regional visual inspection only if listed in verification.json,390 structural check; regional visual inspection only if listed in verification.json,template-inspection/37-translation-unavailable.jpg,,,[],rendered; no structural issue found in checked states,B
/zh/ai/atlas/democraticGuardrailist,democraticGuardrailist:zh-Hans,app/[locale]/[...slug]/page.tsx,unapproved translation; fail-closed status screen,zh-Hans,not independently versioned; repository da96b7e9b51426ad2bfb0ab0cc9d0ad4bf248a79,direct-entry or language switch boundary; no translated content expected,finite route,"[""/"",""/method"",""/ai"",""/ai/atlas"",""/ai/atlas/democraticGuardrailist"",""/zh/ai/atlas/democraticGuardrailist""]",5,Rendered visible-link graph; only the three journeys in verification.json were individually replayed,中文版问卷正在校对。,Follow the page’s related reading or evidence link.,HTTP200; heading/links/structural DOM checked,Disclosure/menu DOM checked,1440 structural check; regional visual inspection only if listed in verification.json,390 structural check; regional visual inspection only if listed in verification.json,template-inspection/37-translation-unavailable.jpg,,,[],rendered; no structural issue found in checked states,B
/zh/ai/atlas/stateCapacityBuilder,stateCapacityBuilder:zh-Hans,app/[locale]/[...slug]/page.tsx,unapproved translation; fail-closed status screen,zh-Hans,not independently versioned; repository da96b7e9b51426ad2bfb0ab0cc9d0ad4bf248a79,direct-entry or language switch boundary; no translated content expected,finite route,"[""/"",""/method"",""/ai"",""/ai/atlas"",""/ai/atlas/stateCapacityBuilder"",""/zh/ai/atlas/stateCapacityBuilder""]",5,Rendered visible-link graph; only the three journeys in verification.json were individually replayed,中文版问卷正在校对。,Follow the page’s related reading or evidence link.,HTTP200; heading/links/structural DOM checked,Disclosure/menu DOM checked,1440 structural check; regional visual inspection only if listed in verification.json,390 structural check; regional visual inspection only if listed in verification.json,template-inspection/37-translation-unavailable.jpg,,,[],rendered; no structural issue found in checked states,B
/zh/ai/atlas/openEcosystemBuilder,openEcosystemBuilder:zh-Hans,app/[locale]/[...slug]/page.tsx,unapproved translation; fail-closed status screen,zh-Hans,not independently versioned; repository da96b7e9b51426ad2bfb0ab0cc9d0ad4bf248a79,direct-entry or language switch boundary; no translated content expected,finite route,"[""/"",""/method"",""/ai"",""/ai/atlas"",""/ai/atlas/openEcosystemBuilder"",""/zh/ai/atlas/openEcosystemBuilder""]",5,Rendered visible-link graph; only the three journeys in verification.json were individually replayed,中文版问卷正在校对。,Follow the page’s related reading or evidence link.,HTTP200; heading/links/structural DOM checked,Disclosure/menu DOM checked,1440 structural check; regional visual inspection only if listed in verification.json,390 structural check; regional visual inspection only if listed in verification.json,template-inspection/37-translation-unavailable.jpg,,,[],rendered; no structural issue found in checked states,B
/zh/perspectives/incumbent-great-power,incumbent-great-power:zh-Hans,app/[locale]/[...slug]/page.tsx,unapproved translation; fail-closed status screen,zh-Hans,1,direct-entry or language switch boundary; no translated content expected,finite route,Direct-entry/state/translation boundary: no path in the observed empty-state graph,,Rendered visible-link graph; only the three journeys in verification.json were individually replayed,中文版问卷正在校对。,Follow the page’s related reading or evidence link.,HTTP200; heading/links/structural DOM checked,Disclosure/menu DOM checked,1440 structural check; regional visual inspection only if listed in verification.json,390 structural check; regional visual inspection only if listed in verification.json,template-inspection/37-translation-unavailable.jpg,,,[],rendered; no structural issue found in checked states,B
/zh/perspectives/rising-peer-competitor,rising-peer-competitor:zh-Hans,app/[locale]/[...slug]/page.tsx,unapproved translation; fail-closed status screen,zh-Hans,1,direct-entry or language switch boundary; no translated content expected,finite route,Direct-entry/state/translation boundary: no path in the observed empty-state graph,,Rendered visible-link graph; only the three journeys in verification.json were individually replayed,中文版问卷正在校对。,Follow the page’s related reading or evidence link.,HTTP200; heading/links/structural DOM checked,Disclosure/menu DOM checked,1440 structural check; regional visual inspection only if listed in verification.json,390 structural check; regional visual inspection only if listed in verification.json,template-inspection/37-translation-unavailable.jpg,,,[],rendered; no structural issue found in checked states,B
/zh/perspectives/exposed-ally,exposed-ally:zh-Hans,app/[locale]/[...slug]/page.tsx,unapproved translation; fail-closed status screen,zh-Hans,1,direct-entry or language switch boundary; no translated content expected,finite route,Direct-entry/state/translation boundary: no path in the observed empty-state graph,,Rendered visible-link graph; only the three journeys in verification.json were individually replayed,中文版问卷正在校对。,Follow the page’s related reading or evidence link.,HTTP200; heading/links/structural DOM checked,Disclosure/menu DOM checked,1440 structural check; regional visual inspection only if listed in verification.json,390 structural check; regional visual inspection only if listed in verification.json,template-inspection/37-translation-unavailable.jpg,,,[],rendered; no structural issue found in checked states,B
/zh/perspectives/middle-power-hedger,middle-power-hedger:zh-Hans,app/[locale]/[...slug]/page.tsx,unapproved translation; fail-closed status screen,zh-Hans,1,direct-entry or language switch boundary; no translated content expected,finite route,Direct-entry/state/translation boundary: no path in the observed empty-state graph,,Rendered visible-link graph; only the three journeys in verification.json were individually replayed,中文版问卷正在校对。,Follow the page’s related reading or evidence link.,HTTP200; heading/links/structural DOM checked,Disclosure/menu DOM checked,1440 structural check; regional visual inspection only if listed in verification.json,390 structural check; regional visual inspection only if listed in verification.json,template-inspection/37-translation-unavailable.jpg,,,[],rendered; no structural issue found in checked states,B
/zh/perspectives/capacity-constrained-state,capacity-constrained-state:zh-Hans,app/[locale]/[...slug]/page.tsx,unapproved translation; fail-closed status screen,zh-Hans,1,direct-entry or language switch boundary; no translated content expected,finite route,Direct-entry/state/translation boundary: no path in the observed empty-state graph,,Rendered visible-link graph; only the three journeys in verification.json were individually replayed,中文版问卷正在校对。,Follow the page’s related reading or evidence link.,HTTP200; heading/links/structural DOM checked,Disclosure/menu DOM checked,1440 structural check; regional visual inspection only if listed in verification.json,390 structural check; regional visual inspection only if listed in verification.json,template-inspection/37-translation-unavailable.jpg,,,[],rendered; no structural issue found in checked states,B
/zh/perspectives/protection-authority,protection-authority:zh-Hans,app/[locale]/[...slug]/page.tsx,unapproved translation; fail-closed status screen,zh-Hans,1,direct-entry or language switch boundary; no translated content expected,finite route,Direct-entry/state/translation boundary: no path in the observed empty-state graph,,Rendered visible-link graph; only the three journeys in verification.json were individually replayed,中文版问卷正在校对。,Follow the page’s related reading or evidence link.,HTTP200; heading/links/structural DOM checked,Disclosure/menu DOM checked,1440 structural check; regional visual inspection only if listed in verification.json,390 structural check; regional visual inspection only if listed in verification.json,template-inspection/37-translation-unavailable.jpg,,,[],rendered; no structural issue found in checked states,B
/zh/modules/security,security:zh-Hans,app/[locale]/[...slug]/page.tsx,unapproved translation; fail-closed status screen,zh-Hans,not independently versioned; repository da96b7e9b51426ad2bfb0ab0cc9d0ad4bf248a79,direct-entry or language switch boundary; no translated content expected,finite route,Direct-entry/state/translation boundary: no path in the observed empty-state graph,,Rendered visible-link graph; only the three journeys in verification.json were individually replayed,中文版问卷正在校对。,Follow the page’s related reading or evidence link.,HTTP200; heading/links/structural DOM checked,Disclosure/menu DOM checked,1440 structural check; regional visual inspection only if listed in verification.json,390 structural check; regional visual inspection only if listed in verification.json,template-inspection/37-translation-unavailable.jpg,,,[],rendered; no structural issue found in checked states,B
/zh/modules/technology,technology:zh-Hans,app/[locale]/[...slug]/page.tsx,unapproved translation; fail-closed status screen,zh-Hans,not independently versioned; repository da96b7e9b51426ad2bfb0ab0cc9d0ad4bf248a79,direct-entry or language switch boundary; no translated content expected,finite route,Direct-entry/state/translation boundary: no path in the observed empty-state graph,,Rendered visible-link graph; only the three journeys in verification.json were individually replayed,中文版问卷正在校对。,Follow the page’s related reading or evidence link.,HTTP200; heading/links/structural DOM checked,Disclosure/menu DOM checked,1440 structural check; regional visual inspection only if listed in verification.json,390 structural check; regional visual inspection only if listed in verification.json,template-inspection/37-translation-unavailable.jpg,,,[],rendered; no structural issue found in checked states,B
/zh/cases/europe-missile-defence-coalition-ukraine,security-europe-anti-ballistic-coalition-ukraine-2026-07:zh-Hans,app/[locale]/cases/[slug]/page.tsx,published; review-due,zh-Hans,1,decision/reason/readback local state,finite route,"[""/"",""/method"",""/cases"",""/zh/cases"",""/zh/cases/europe-missile-defence-coalition-ukraine""]",4,Rendered visible-link graph; only the three journeys in verification.json were individually replayed,欧洲为乌克兰组建一体化反弹道导弹联盟 / 欧洲为乌克兰组建一体化反弹道导弹联盟,Follow the page’s related reading or evidence link.,HTTP200; heading/links/structural DOM checked,Disclosure/menu DOM checked,1440 structural check; regional visual inspection only if listed in verification.json,390 structural check; regional visual inspection only if listed in verification.json,template-inspection/33-case-decision.jpg,,,[],rendered; no structural issue found in checked states,B
/zh/cases/europe-missile-defence-coalition-ukraine/sources,security-europe-anti-ballistic-coalition-ukraine-2026-07/sources:zh-Hans,app/[locale]/cases/[slug]/sources/page.tsx,published; review-due,zh-Hans,1,,finite route,"[""/"",""/method"",""/cases"",""/zh/cases"",""/zh/cases/europe-missile-defence-coalition-ukraine"",""/zh/cases/europe-missile-defence-coalition-ukraine/sources""]",5,Rendered visible-link graph; only the three journeys in verification.json were individually replayed,欧洲为乌克兰组建一体化反弹道导弹联盟,Follow the page’s related reading or evidence link.,HTTP200; heading/links/structural DOM checked,Disclosure/menu DOM checked,1440 structural check; regional visual inspection only if listed in verification.json,390 structural check; regional visual inspection only if listed in verification.json,template-inspection/34-case-sources.jpg,,,[],rendered; no structural issue found in checked states,B
/zh/cases/europe-missile-defence-coalition-ukraine/corrections,security-europe-anti-ballistic-coalition-ukraine-2026-07/corrections:zh-Hans,app/[locale]/cases/[slug]/corrections/page.tsx,published; review-due,zh-Hans,1,,finite route,Direct-entry/state/translation boundary: no path in the observed empty-state graph,,Rendered visible-link graph; only the three journeys in verification.json were individually replayed,欧洲为乌克兰组建一体化反弹道导弹联盟,Follow the page’s related reading or evidence link.,HTTP200; heading/links/structural DOM checked,Disclosure/menu DOM checked,1440 structural check; regional visual inspection only if listed in verification.json,390 structural check; regional visual inspection only if listed in verification.json,template-inspection/35-case-corrections.jpg,,,[],rendered; no structural issue found in checked states,B
/zh/cases/europe-missile-defence-coalition-ukraine/challenge,security-europe-anti-ballistic-coalition-ukraine-2026-07/challenge:zh-Hans,app/[locale]/[...slug]/page.tsx,unapproved translation; fail-closed status screen,zh-Hans,1,direct-entry or language switch boundary; no translated content expected,finite route,Direct-entry/state/translation boundary: no path in the observed empty-state graph,,Rendered visible-link graph; only the three journeys in verification.json were individually replayed,此页面的简体中文内容尚未通过编辑审校。,Follow the page’s related reading or evidence link.,HTTP200; heading/links/structural DOM checked,Disclosure/menu DOM checked,1440 structural check; regional visual inspection only if listed in verification.json,390 structural check; regional visual inspection only if listed in verification.json,template-inspection/37-translation-unavailable.jpg,,,[],rendered; no structural issue found in checked states,B
/zh/cases/us-brazil-section-301-tariffs,economic-statecraft-us-brazil-section301-2026-07:zh-Hans,app/[locale]/cases/[slug]/page.tsx,published; review-due,zh-Hans,1,decision/reason/readback local state,finite route,"[""/"",""/method"",""/cases"",""/zh/cases"",""/zh/cases/us-brazil-section-301-tariffs""]",4,Rendered visible-link graph; only the three journeys in verification.json were individually replayed,美国对巴西加征 301 条款关税：巴西如何权衡有限反制 / 美国对巴西加征 301 条款关税：巴西如何权衡有限反制,Follow the page’s related reading or evidence link.,HTTP200; heading/links/structural DOM checked,Disclosure/menu DOM checked,1440 structural check; regional visual inspection only if listed in verification.json,390 structural check; regional visual inspection only if listed in verification.json,template-inspection/33-case-decision.jpg,,,[],rendered; no structural issue found in checked states,B
/zh/cases/us-brazil-section-301-tariffs/sources,economic-statecraft-us-brazil-section301-2026-07/sources:zh-Hans,app/[locale]/cases/[slug]/sources/page.tsx,published; review-due,zh-Hans,1,,finite route,"[""/"",""/method"",""/cases"",""/zh/cases"",""/zh/cases/us-brazil-section-301-tariffs"",""/zh/cases/us-brazil-section-301-tariffs/sources""]",5,Rendered visible-link graph; only the three journeys in verification.json were individually replayed,美国对巴西加征 301 条款关税：巴西如何权衡有限反制,Follow the page’s related reading or evidence link.,HTTP200; heading/links/structural DOM checked,Disclosure/menu DOM checked,1440 structural check; regional visual inspection only if listed in verification.json,390 structural check; regional visual inspection only if listed in verification.json,template-inspection/34-case-sources.jpg,,,[],rendered; no structural issue found in checked states,B
/zh/cases/us-brazil-section-301-tariffs/corrections,economic-statecraft-us-brazil-section301-2026-07/corrections:zh-Hans,app/[locale]/cases/[slug]/corrections/page.tsx,published; review-due,zh-Hans,1,,finite route,Direct-entry/state/translation boundary: no path in the observed empty-state graph,,Rendered visible-link graph; only the three journeys in verification.json were individually replayed,美国对巴西加征 301 条款关税：巴西如何权衡有限反制,Follow the page’s related reading or evidence link.,HTTP200; heading/links/structural DOM checked,Disclosure/menu DOM checked,1440 structural check; regional visual inspection only if listed in verification.json,390 structural check; regional visual inspection only if listed in verification.json,template-inspection/35-case-corrections.jpg,,,[],rendered; no structural issue found in checked states,B
/zh/cases/us-brazil-section-301-tariffs/challenge,economic-statecraft-us-brazil-section301-2026-07/challenge:zh-Hans,app/[locale]/[...slug]/page.tsx,unapproved translation; fail-closed status screen,zh-Hans,1,direct-entry or language switch boundary; no translated content expected,finite route,Direct-entry/state/translation boundary: no path in the observed empty-state graph,,Rendered visible-link graph; only the three journeys in verification.json were individually replayed,此页面的简体中文内容尚未通过编辑审校。,Follow the page’s related reading or evidence link.,HTTP200; heading/links/structural DOM checked,Disclosure/menu DOM checked,1440 structural check; regional visual inspection only if listed in verification.json,390 structural check; regional visual inspection only if listed in verification.json,template-inspection/37-translation-unavailable.jpg,,,[],rendered; no structural issue found in checked states,B
/zh/cases/south-china-sea-award-at-ten,institutional-legitimacy-south-china-sea-award-anniversary-2026-07:zh-Hans,app/[locale]/cases/[slug]/page.tsx,published; background,zh-Hans,1,decision/reason/readback local state,finite route,"[""/"",""/method"",""/cases"",""/zh/cases"",""/zh/cases/south-china-sea-award-at-ten""]",4,Rendered visible-link graph; only the three journeys in verification.json were individually replayed,南海仲裁案裁决十周年：重申法律效力与中方拒绝接受 / 南海仲裁案裁决十周年：重申法律效力与中方拒绝接受,Follow the page’s related reading or evidence link.,HTTP200; heading/links/structural DOM checked,Disclosure/menu DOM checked,1440 structural check; regional visual inspection only if listed in verification.json,390 structural check; regional visual inspection only if listed in verification.json,template-inspection/33-case-decision.jpg,,,[],rendered; no structural issue found in checked states,B
/zh/cases/south-china-sea-award-at-ten/sources,institutional-legitimacy-south-china-sea-award-anniversary-2026-07/sources:zh-Hans,app/[locale]/cases/[slug]/sources/page.tsx,published; background,zh-Hans,1,,finite route,"[""/"",""/method"",""/cases"",""/zh/cases"",""/zh/cases/south-china-sea-award-at-ten"",""/zh/cases/south-china-sea-award-at-ten/sources""]",5,Rendered visible-link graph; only the three journeys in verification.json were individually replayed,南海仲裁案裁决十周年：重申法律效力与中方拒绝接受,Follow the page’s related reading or evidence link.,HTTP200; heading/links/structural DOM checked,Disclosure/menu DOM checked,1440 structural check; regional visual inspection only if listed in verification.json,390 structural check; regional visual inspection only if listed in verification.json,template-inspection/34-case-sources.jpg,,,[],rendered; no structural issue found in checked states,B
/zh/cases/south-china-sea-award-at-ten/corrections,institutional-legitimacy-south-china-sea-award-anniversary-2026-07/corrections:zh-Hans,app/[locale]/cases/[slug]/corrections/page.tsx,published; background,zh-Hans,1,,finite route,Direct-entry/state/translation boundary: no path in the observed empty-state graph,,Rendered visible-link graph; only the three journeys in verification.json were individually replayed,南海仲裁案裁决十周年：重申法律效力与中方拒绝接受,Follow the page’s related reading or evidence link.,HTTP200; heading/links/structural DOM checked,Disclosure/menu DOM checked,1440 structural check; regional visual inspection only if listed in verification.json,390 structural check; regional visual inspection only if listed in verification.json,template-inspection/35-case-corrections.jpg,,,[],rendered; no structural issue found in checked states,B
/zh/cases/south-china-sea-award-at-ten/challenge,institutional-legitimacy-south-china-sea-award-anniversary-2026-07/challenge:zh-Hans,app/[locale]/[...slug]/page.tsx,unapproved translation; fail-closed status screen,zh-Hans,1,direct-entry or language switch boundary; no translated content expected,finite route,Direct-entry/state/translation boundary: no path in the observed empty-state graph,,Rendered visible-link graph; only the three journeys in verification.json were individually replayed,此页面的简体中文内容尚未通过编辑审校。,Follow the page’s related reading or evidence link.,HTTP200; heading/links/structural DOM checked,Disclosure/menu DOM checked,1440 structural check; regional visual inspection only if listed in verification.json,390 structural check; regional visual inspection only if listed in verification.json,template-inspection/37-translation-unavailable.jpg,,,[],rendered; no structural issue found in checked states,B
/zh/current,/current:zh-Hans,app/[locale]/current/route.ts,"307 redirect; /cases at inventory date, no active case",zh-Hans,not independently versioned; repository da96b7e9b51426ad2bfb0ab0cc9d0ad4bf248a79,direct-entry alias; active launch state can change destination,finite route,Direct-entry/state/translation boundary: no path in the observed empty-state graph,,Rendered visible-link graph; only the three journeys in verification.json were individually replayed,近期案例,Follow the page’s related reading or evidence link.,HTTP200; heading/links/structural DOM checked,Disclosure/menu DOM checked,1440 structural check; regional visual inspection only if listed in verification.json,390 structural check; regional visual inspection only if listed in verification.json,template-inspection/38-case-redirect.jpg,,,[],rendered; no structural issue found in checked states,B
/decisions,/decisions,app/decisions/page.tsx,published candidate,en,3,,finite route,"[""/"",""/method"",""/cases"",""/decisions""]",3,Rendered visible-link graph; only the three journeys in verification.json were individually replayed,Decision exercises,Complete a decision and inspect its conditional readback,HTTP200; heading/links/structural DOM checked,Disclosure/menu DOM checked,1440 structural check; regional visual inspection only if listed in verification.json,390 structural check; regional visual inspection only if listed in verification.json,template-inspection/39-decision-index.jpg,,,[],rendered; no structural issue found in checked states,A
/decisions/who-gets-to-verify,/decisions/who-gets-to-verify,app/decisions/[slug]/page.tsx,published candidate,en,3,,finite route,"[""/"",""/method"",""/cases"",""/decisions"",""/decisions/who-gets-to-verify""]",4,Rendered visible-link graph; only the three journeys in verification.json were individually replayed,Who gets to verify?,Complete a decision and inspect its conditional readback,HTTP200; heading/links/structural DOM checked,Disclosure/menu DOM checked,1440 structural check; regional visual inspection only if listed in verification.json,390 structural check; regional visual inspection only if listed in verification.json,template-inspection/40-decision-exercise.jpg,,,[],rendered; no structural issue found in checked states,A
/decisions/who-gets-access,/decisions/who-gets-access,app/decisions/[slug]/page.tsx,published candidate,en,3,,finite route,"[""/"",""/method"",""/ai"",""/decisions/who-gets-access""]",3,Rendered visible-link graph; only the three journeys in verification.json were individually replayed,Who gets access?,Complete a decision and inspect its conditional readback,HTTP200; heading/links/structural DOM checked,Disclosure/menu DOM checked,1440 structural check; regional visual inspection only if listed in verification.json,390 structural check; regional visual inspection only if listed in verification.json,template-inspection/40-decision-exercise.jpg,,,[],rendered; no structural issue found in checked states,A
/zh/decisions,/zh/decisions,app/decisions/page.tsx,translation boundary,zh-Hans,3,English-only availability,finite route,"[""/"",""/method"",""/cases"",""/decisions"",""/zh/decisions""]",4,Rendered visible-link graph; only the three journeys in verification.json were individually replayed,此页面的简体中文内容尚未通过编辑审校。,Complete a decision and inspect its conditional readback,HTTP200; heading/links/structural DOM checked,Disclosure/menu DOM checked,1440 structural check; regional visual inspection only if listed in verification.json,390 structural check; regional visual inspection only if listed in verification.json,template-inspection/37-translation-unavailable.jpg,,,[],rendered; no structural issue found in checked states,A
/zh/decisions/who-gets-to-verify,/zh/decisions/who-gets-to-verify,app/decisions/[slug]/page.tsx,translation boundary,zh-Hans,3,English-only availability,finite route,"[""/"",""/method"",""/cases"",""/decisions"",""/decisions/who-gets-to-verify"",""/zh/decisions/who-gets-to-verify""]",5,Rendered visible-link graph; only the three journeys in verification.json were individually replayed,此页面的简体中文内容尚未通过编辑审校。,Complete a decision and inspect its conditional readback,HTTP200; heading/links/structural DOM checked,Disclosure/menu DOM checked,1440 structural check; regional visual inspection only if listed in verification.json,390 structural check; regional visual inspection only if listed in verification.json,template-inspection/37-translation-unavailable.jpg,,,[],rendered; no structural issue found in checked states,A
/zh/decisions/who-gets-access,/zh/decisions/who-gets-access,app/decisions/[slug]/page.tsx,translation boundary,zh-Hans,3,English-only availability,finite route,"[""/"",""/method"",""/ai"",""/decisions/who-gets-access"",""/zh/decisions/who-gets-access""]",4,Rendered visible-link graph; only the three journeys in verification.json were individually replayed,此页面的简体中文内容尚未通过编辑审校。,Complete a decision and inspect its conditional readback,HTTP200; heading/links/structural DOM checked,Disclosure/menu DOM checked,1440 structural check; regional visual inspection only if listed in verification.json,390 structural check; regional visual inspection only if listed in verification.json,template-inspection/37-translation-unavailable.jpg,,,[],rendered; no structural issue found in checked states,A
"[{""route"":""/futures"",""anchor"":""trajectory-libertarian-market""}]",libertarian-market,lib/futures/trajectories.ts,rendered public reference; see exposure/state,as listed in exposures,2026-07,"[""default document"",""default document"",{""open_details"":""#trajectory-libertarian-market details""}]",futures-trajectory,"[""/"",""/method"",""/futures""]",2,Observed route-link graph plus recorded disclosure/fixture prerequisite,Open Frontier,"Inspect the source, disagreement or supporting record identified here",visible,3 assertions: passed,DOM text/link check; visual composition covered by representative family only,Parent route structural check; not individual source/prose visual verification,verification.json#coverage,,,,KEEP rendered record; external source verification not inferred,B
"[{""route"":""/futures"",""anchor"":""trajectory-benevolent-singleton""}]",benevolent-singleton,lib/futures/trajectories.ts,rendered public reference; see exposure/state,as listed in exposures,2026-07,"[""default document"",""default document"",{""open_details"":""#trajectory-benevolent-singleton details""}]",futures-trajectory,"[""/"",""/method"",""/futures""]",2,Observed route-link graph plus recorded disclosure/fixture prerequisite,Benevolent Singleton,"Inspect the source, disagreement or supporting record identified here",visible,3 assertions: passed,DOM text/link check; visual composition covered by representative family only,Parent route structural check; not individual source/prose visual verification,verification.json#coverage,,,,KEEP rendered record; external source verification not inferred,B
"[{""route"":""/futures"",""anchor"":""trajectory-egalitarian-commons""}]",egalitarian-commons,lib/futures/trajectories.ts,rendered public reference; see exposure/state,as listed in exposures,2026-07,"[""default document"",""default document"",{""open_details"":""#trajectory-egalitarian-commons details""}]",futures-trajectory,"[""/"",""/method"",""/futures""]",2,Observed route-link graph plus recorded disclosure/fixture prerequisite,Shared Abundance,"Inspect the source, disagreement or supporting record identified here",visible,3 assertions: passed,DOM text/link check; visual composition covered by representative family only,Parent route structural check; not individual source/prose visual verification,verification.json#coverage,,,,KEEP rendered record; external source verification not inferred,B
"[{""route"":""/futures"",""anchor"":""trajectory-gatekeeper""}]",gatekeeper,lib/futures/trajectories.ts,rendered public reference; see exposure/state,as listed in exposures,2026-07,"[""default document"",""default document"",{""open_details"":""#trajectory-gatekeeper details""}]",futures-trajectory,"[""/"",""/method"",""/futures""]",2,Observed route-link graph plus recorded disclosure/fixture prerequisite,Gatekeeper,"Inspect the source, disagreement or supporting record identified here",visible,3 assertions: passed,DOM text/link check; visual composition covered by representative family only,Parent route structural check; not individual source/prose visual verification,verification.json#coverage,,,,KEEP rendered record; external source verification not inferred,B
"[{""route"":""/futures"",""anchor"":""trajectory-protector""}]",protector,lib/futures/trajectories.ts,rendered public reference; see exposure/state,as listed in exposures,2026-07,"[""default document"",""default document"",{""open_details"":""#trajectory-protector details""}]",futures-trajectory,"[""/"",""/method"",""/futures""]",2,Observed route-link graph plus recorded disclosure/fixture prerequisite,Guardian in the Background,"Inspect the source, disagreement or supporting record identified here",visible,3 assertions: passed,DOM text/link check; visual composition covered by representative family only,Parent route structural check; not individual source/prose visual verification,verification.json#coverage,,,,KEEP rendered record; external source verification not inferred,B
"[{""route"":""/futures"",""anchor"":""trajectory-enslaved-tool""}]",enslaved-tool,lib/futures/trajectories.ts,rendered public reference; see exposure/state,as listed in exposures,2026-07,"[""default document"",""default document"",{""open_details"":""#trajectory-enslaved-tool details""}]",futures-trajectory,"[""/"",""/method"",""/futures""]",2,Observed route-link graph plus recorded disclosure/fixture prerequisite,Contained Superintelligence,"Inspect the source, disagreement or supporting record identified here",visible,3 assertions: passed,DOM text/link check; visual composition covered by representative family only,Parent route structural check; not individual source/prose visual verification,verification.json#coverage,,,,KEEP rendered record; external source verification not inferred,B
"[{""route"":""/futures"",""anchor"":""trajectory-conquerors""}]",conquerors,lib/futures/trajectories.ts,rendered public reference; see exposure/state,as listed in exposures,2026-07,"[""default document"",""default document"",{""open_details"":""#trajectory-conquerors details""}]",futures-trajectory,"[""/"",""/method"",""/futures""]",2,Observed route-link graph plus recorded disclosure/fixture prerequisite,Displacement,"Inspect the source, disagreement or supporting record identified here",visible,3 assertions: passed,DOM text/link check; visual composition covered by representative family only,Parent route structural check; not individual source/prose visual verification,verification.json#coverage,,,,KEEP rendered record; external source verification not inferred,B
"[{""route"":""/futures"",""anchor"":""trajectory-descendants""}]",descendants,lib/futures/trajectories.ts,rendered public reference; see exposure/state,as listed in exposures,2026-07,"[""default document"",""default document"",{""open_details"":""#trajectory-descendants details""}]",futures-trajectory,"[""/"",""/method"",""/futures""]",2,Observed route-link graph plus recorded disclosure/fixture prerequisite,Succession,"Inspect the source, disagreement or supporting record identified here",visible,3 assertions: passed,DOM text/link check; visual composition covered by representative family only,Parent route structural check; not individual source/prose visual verification,verification.json#coverage,,,,KEEP rendered record; external source verification not inferred,B
"[{""route"":""/futures"",""anchor"":""trajectory-zookeeper""}]",zookeeper,lib/futures/trajectories.ts,rendered public reference; see exposure/state,as listed in exposures,2026-07,"[""default document"",""default document"",{""open_details"":""#trajectory-zookeeper details""}]",futures-trajectory,"[""/"",""/method"",""/futures""]",2,Observed route-link graph plus recorded disclosure/fixture prerequisite,Kept Species,"Inspect the source, disagreement or supporting record identified here",visible,3 assertions: passed,DOM text/link check; visual composition covered by representative family only,Parent route structural check; not individual source/prose visual verification,verification.json#coverage,,,,KEEP rendered record; external source verification not inferred,B
"[{""route"":""/futures"",""anchor"":""trajectory-surveillance-order""}]",surveillance-order,lib/futures/trajectories.ts,rendered public reference; see exposure/state,as listed in exposures,2026-07,"[""default document"",""default document"",{""open_details"":""#trajectory-surveillance-order details""}]",futures-trajectory,"[""/"",""/method"",""/futures""]",2,Observed route-link graph plus recorded disclosure/fixture prerequisite,Locked Order,"Inspect the source, disagreement or supporting record identified here",visible,3 assertions: passed,DOM text/link check; visual composition covered by representative family only,Parent route structural check; not individual source/prose visual verification,verification.json#coverage,,,,KEEP rendered record; external source verification not inferred,B
"[{""route"":""/futures"",""anchor"":""trajectory-reversion""}]",reversion,lib/futures/trajectories.ts,rendered public reference; see exposure/state,as listed in exposures,2026-07,"[""default document"",""default document"",{""open_details"":""#trajectory-reversion details""}]",futures-trajectory,"[""/"",""/method"",""/futures""]",2,Observed route-link graph plus recorded disclosure/fixture prerequisite,Deliberate Retreat,"Inspect the source, disagreement or supporting record identified here",visible,3 assertions: passed,DOM text/link check; visual composition covered by representative family only,Parent route structural check; not individual source/prose visual verification,verification.json#coverage,,,,KEEP rendered record; external source verification not inferred,B
"[{""route"":""/futures"",""anchor"":""trajectory-self-destruction""}]",self-destruction,lib/futures/trajectories.ts,rendered public reference; see exposure/state,as listed in exposures,2026-07,"[""default document"",""default document"",{""open_details"":""#trajectory-self-destruction details""}]",futures-trajectory,"[""/"",""/method"",""/futures""]",2,Observed route-link graph plus recorded disclosure/fixture prerequisite,Own Goal,"Inspect the source, disagreement or supporting record identified here",visible,3 assertions: passed,DOM text/link check; visual composition covered by representative family only,Parent route structural check; not individual source/prose visual verification,verification.json#coverage,,,,KEEP rendered record; external source verification not inferred,B
"[{""route"":""/world-stage"",""local_state"":{""scene"":""foundation""}},{""route"":""/zh/world-stage"",""local_state"":{""scene"":""foundation""}}]",foundation,lib/world-stage/scenes.ts,rendered public reference; see exposure/state,as listed in exposures,2026-07-14,"[{""set_select"":{""selector"":""#world-stage-map-view"",""value"":""foundation""},""reduce_motion"":true,""filters"":""All types / All relations"",""note"":""Selecting scene starts an inspection hold; reduced motion avoids timed scene change during check.""},{""set_select"":{""selector"":""#world-stage-map-view"",""value"":""foundation""},""reduce_motion"":true,""filters"":""All types / All relations"",""note"":""Selecting scene starts an inspection hold; reduced motion avoids timed scene change during check.""}]",world-stage-scene,"[""/"",""/world-stage""]",1,Observed route-link graph plus recorded disclosure/fixture prerequisite,Familiar U.S.-alliance security lens,"Inspect the source, disagreement or supporting record identified here",semantic-dom-only,2 assertions: passed,DOM text/link check; visual composition covered by representative family only,Parent route structural check; not individual source/prose visual verification,verification.json#coverage,,,,KEEP rendered record; external source verification not inferred,B
"[{""route"":""/world-stage"",""local_state"":{""scene"":""foundation"",""map-node"":""foundation--n_us_washington""}},{""route"":""/zh/world-stage"",""local_state"":{""scene"":""foundation"",""map-node"":""foundation--n_us_washington""}}]",foundation:map-node:foundation--n_us_washington,research/world-stage/scene-ledger.json,rendered public reference; see exposure/state,as listed in exposures,2026-07-14,"[{""set_select"":{""selector"":""#world-stage-map-view"",""value"":""foundation""},""reduce_motion"":true,""filters"":""All types / All relations"",""note"":""Selecting scene starts an inspection hold; reduced motion avoids timed scene change during check.""},{""set_select"":{""selector"":""#world-stage-map-view"",""value"":""foundation""},""reduce_motion"":true,""filters"":""All types / All relations"",""note"":""Selecting scene starts an inspection hold; reduced motion avoids timed scene change during check.""}]",map-node,"[""/"",""/world-stage""]",1,Observed route-link graph plus recorded disclosure/fixture prerequisite,"Washington, DC","Inspect the source, disagreement or supporting record identified here",semantic-dom-only,2 assertions: passed,DOM text/link check; visual composition covered by representative family only,Parent route structural check; not individual source/prose visual verification,verification.json#coverage,,,,KEEP rendered record; external source verification not inferred,B
"[{""route"":""/world-stage"",""local_state"":{""scene"":""foundation"",""map-node"":""foundation--n_jp_yokosuka""}},{""route"":""/zh/world-stage"",""local_state"":{""scene"":""foundation"",""map-node"":""foundation--n_jp_yokosuka""}}]",foundation:map-node:foundation--n_jp_yokosuka,research/world-stage/scene-ledger.json,rendered public reference; see exposure/state,as listed in exposures,2026-07-14,"[{""set_select"":{""selector"":""#world-stage-map-view"",""value"":""foundation""},""reduce_motion"":true,""filters"":""All types / All relations"",""note"":""Selecting scene starts an inspection hold; reduced motion avoids timed scene change during check.""},{""set_select"":{""selector"":""#world-stage-map-view"",""value"":""foundation""},""reduce_motion"":true,""filters"":""All types / All relations"",""note"":""Selecting scene starts an inspection hold; reduced motion avoids timed scene change during check.""}]",map-node,"[""/"",""/world-stage""]",1,Observed route-link graph plus recorded disclosure/fixture prerequisite,Yokosuka,"Inspect the source, disagreement or supporting record identified here",semantic-dom-only,2 assertions: passed,DOM text/link check; visual composition covered by representative family only,Parent route structural check; not individual source/prose visual verification,verification.json#coverage,,,,KEEP rendered record; external source verification not inferred,B
"[{""route"":""/world-stage"",""local_state"":{""scene"":""foundation"",""map-node"":""foundation--n_jp_kadena""}},{""route"":""/zh/world-stage"",""local_state"":{""scene"":""foundation"",""map-node"":""foundation--n_jp_kadena""}}]",foundation:map-node:foundation--n_jp_kadena,research/world-stage/scene-ledger.json,rendered public reference; see exposure/state,as listed in exposures,2026-07-14,"[{""set_select"":{""selector"":""#world-stage-map-view"",""value"":""foundation""},""reduce_motion"":true,""filters"":""All types / All relations"",""note"":""Selecting scene starts an inspection hold; reduced motion avoids timed scene change during check.""},{""set_select"":{""selector"":""#world-stage-map-view"",""value"":""foundation""},""reduce_motion"":true,""filters"":""All types / All relations"",""note"":""Selecting scene starts an inspection hold; reduced motion avoids timed scene change during check.""}]",map-node,"[""/"",""/world-stage""]",1,Observed route-link graph plus recorded disclosure/fixture prerequisite,Kadena Air Base,"Inspect the source, disagreement or supporting record identified here",semantic-dom-only,2 assertions: passed,DOM text/link check; visual composition covered by representative family only,Parent route structural check; not individual source/prose visual verification,verification.json#coverage,,,,KEEP rendered record; external source verification not inferred,B
"[{""route"":""/world-stage"",""local_state"":{""scene"":""foundation"",""map-node"":""foundation--n_kr_humphreys""}},{""route"":""/zh/world-stage"",""local_state"":{""scene"":""foundation"",""map-node"":""foundation--n_kr_humphreys""}}]",foundation:map-node:foundation--n_kr_humphreys,research/world-stage/scene-ledger.json,rendered public reference; see exposure/state,as listed in exposures,2026-07-14,"[{""set_select"":{""selector"":""#world-stage-map-view"",""value"":""foundation""},""reduce_motion"":true,""filters"":""All types / All relations"",""note"":""Selecting scene starts an inspection hold; reduced motion avoids timed scene change during check.""},{""set_select"":{""selector"":""#world-stage-map-view"",""value"":""foundation""},""reduce_motion"":true,""filters"":""All types / All relations"",""note"":""Selecting scene starts an inspection hold; reduced motion avoids timed scene change during check.""}]",map-node,"[""/"",""/world-stage""]",1,Observed route-link graph plus recorded disclosure/fixture prerequisite,Camp Humphreys,"Inspect the source, disagreement or supporting record identified here",semantic-dom-only,2 assertions: passed,DOM text/link check; visual composition covered by representative family only,Parent route structural check; not individual source/prose visual verification,verification.json#coverage,,,,KEEP rendered record; external source verification not inferred,B
"[{""route"":""/world-stage"",""local_state"":{""scene"":""foundation"",""map-node"":""foundation--n_ph_manila""}},{""route"":""/zh/world-stage"",""local_state"":{""scene"":""foundation"",""map-node"":""foundation--n_ph_manila""}}]",foundation:map-node:foundation--n_ph_manila,research/world-stage/scene-ledger.json,rendered public reference; see exposure/state,as listed in exposures,2026-07-14,"[{""set_select"":{""selector"":""#world-stage-map-view"",""value"":""foundation""},""reduce_motion"":true,""filters"":""All types / All relations"",""note"":""Selecting scene starts an inspection hold; reduced motion avoids timed scene change during check.""},{""set_select"":{""selector"":""#world-stage-map-view"",""value"":""foundation""},""reduce_motion"":true,""filters"":""All types / All relations"",""note"":""Selecting scene starts an inspection hold; reduced motion avoids timed scene change during check.""}]",map-node,"[""/"",""/world-stage""]",1,Observed route-link graph plus recorded disclosure/fixture prerequisite,Manila,"Inspect the source, disagreement or supporting record identified here",semantic-dom-only,2 assertions: passed,DOM text/link check; visual composition covered by representative family only,Parent route structural check; not individual source/prose visual verification,verification.json#coverage,,,,KEEP rendered record; external source verification not inferred,B
"[{""route"":""/world-stage"",""local_state"":{""scene"":""foundation"",""map-node"":""foundation--n_au_darwin""}},{""route"":""/zh/world-stage"",""local_state"":{""scene"":""foundation"",""map-node"":""foundation--n_au_darwin""}}]",foundation:map-node:foundation--n_au_darwin,research/world-stage/scene-ledger.json,rendered public reference; see exposure/state,as listed in exposures,2026-07-14,"[{""set_select"":{""selector"":""#world-stage-map-view"",""value"":""foundation""},""reduce_motion"":true,""filters"":""All types / All relations"",""note"":""Selecting scene starts an inspection hold; reduced motion avoids timed scene change during check.""},{""set_select"":{""selector"":""#world-stage-map-view"",""value"":""foundation""},""reduce_motion"":true,""filters"":""All types / All relations"",""note"":""Selecting scene starts an inspection hold; reduced motion avoids timed scene change during check.""}]",map-node,"[""/"",""/world-stage""]",1,Observed route-link graph plus recorded disclosure/fixture prerequisite,Darwin,"Inspect the source, disagreement or supporting record identified here",semantic-dom-only,2 assertions: passed,DOM text/link check; visual composition covered by representative family only,Parent route structural check; not individual source/prose visual verification,verification.json#coverage,,,,KEEP rendered record; external source verification not inferred,B
"[{""route"":""/world-stage"",""local_state"":{""scene"":""foundation"",""map-node"":""foundation--n_us_guam""}},{""route"":""/zh/world-stage"",""local_state"":{""scene"":""foundation"",""map-node"":""foundation--n_us_guam""}}]",foundation:map-node:foundation--n_us_guam,research/world-stage/scene-ledger.json,rendered public reference; see exposure/state,as listed in exposures,2026-07-14,"[{""set_select"":{""selector"":""#world-stage-map-view"",""value"":""foundation""},""reduce_motion"":true,""filters"":""All types / All relations"",""note"":""Selecting scene starts an inspection hold; reduced motion avoids timed scene change during check.""},{""set_select"":{""selector"":""#world-stage-map-view"",""value"":""foundation""},""reduce_motion"":true,""filters"":""All types / All relations"",""note"":""Selecting scene starts an inspection hold; reduced motion avoids timed scene change during check.""}]",map-node,"[""/"",""/world-stage""]",1,Observed route-link graph plus recorded disclosure/fixture prerequisite,Andersen AFB and Joint Region Marianas,"Inspect the source, disagreement or supporting record identified here",semantic-dom-only,2 assertions: passed,DOM text/link check; visual composition covered by representative family only,Parent route structural check; not individual source/prose visual verification,verification.json#coverage,,,,KEEP rendered record; external source verification not inferred,B
"[{""route"":""/world-stage"",""local_state"":{""scene"":""foundation"",""map-node"":""foundation--n_jp_tokyo""}},{""route"":""/zh/world-stage"",""local_state"":{""scene"":""foundation"",""map-node"":""foundation--n_jp_tokyo""}}]",foundation:map-node:foundation--n_jp_tokyo,research/world-stage/scene-ledger.json,rendered public reference; see exposure/state,as listed in exposures,2026-07-14,"[{""set_select"":{""selector"":""#world-stage-map-view"",""value"":""foundation""},""reduce_motion"":true,""filters"":""All types / All relations"",""note"":""Selecting scene starts an inspection hold; reduced motion avoids timed scene change during check.""},{""set_select"":{""selector"":""#world-stage-map-view"",""value"":""foundation""},""reduce_motion"":true,""filters"":""All types / All relations"",""note"":""Selecting scene starts an inspection hold; reduced motion avoids timed scene change during check.""}]",map-node,"[""/"",""/world-stage""]",1,Observed route-link graph plus recorded disclosure/fixture prerequisite,Tokyo,"Inspect the source, disagreement or supporting record identified here",semantic-dom-only,2 assertions: passed,DOM text/link check; visual composition covered by representative family only,Parent route structural check; not individual source/prose visual verification,verification.json#coverage,,,,KEEP rendered record; external source verification not inferred,B
"[{""route"":""/world-stage"",""local_state"":{""scene"":""foundation"",""map-flow"":""foundation--f_us_japan_treaty""}},{""route"":""/zh/world-stage"",""local_state"":{""scene"":""foundation"",""map-flow"":""foundation--f_us_japan_treaty""}}]",foundation:map-flow:foundation--f_us_japan_treaty,research/world-stage/scene-ledger.json,rendered public reference; see exposure/state,as listed in exposures,2026-07-14,"[{""set_select"":{""selector"":""#world-stage-map-view"",""value"":""foundation""},""reduce_motion"":true,""filters"":""All types / All relations"",""note"":""Selecting scene starts an inspection hold; reduced motion avoids timed scene change during check.""},{""set_select"":{""selector"":""#world-stage-map-view"",""value"":""foundation""},""reduce_motion"":true,""filters"":""All types / All relations"",""note"":""Selecting scene starts an inspection hold; reduced motion avoids timed scene change during check.""}]",map-flow,"[""/"",""/world-stage""]",1,Observed route-link graph plus recorded disclosure/fixture prerequisite,U.S.-Japan treaty and basing framework,"Inspect the source, disagreement or supporting record identified here",semantic-dom-only,2 assertions: passed,DOM text/link check; visual composition covered by representative family only,Parent route structural check; not individual source/prose visual verification,verification.json#coverage,,,,KEEP rendered record; external source verification not inferred,B
"[{""route"":""/world-stage"",""local_state"":{""scene"":""foundation"",""map-flow"":""foundation--f_us_rok_treaty""}},{""route"":""/zh/world-stage"",""local_state"":{""scene"":""foundation"",""map-flow"":""foundation--f_us_rok_treaty""}}]",foundation:map-flow:foundation--f_us_rok_treaty,research/world-stage/scene-ledger.json,rendered public reference; see exposure/state,as listed in exposures,2026-07-14,"[{""set_select"":{""selector"":""#world-stage-map-view"",""value"":""foundation""},""reduce_motion"":true,""filters"":""All types / All relations"",""note"":""Selecting scene starts an inspection hold; reduced motion avoids timed scene change during check.""},{""set_select"":{""selector"":""#world-stage-map-view"",""value"":""foundation""},""reduce_motion"":true,""filters"":""All types / All relations"",""note"":""Selecting scene starts an inspection hold; reduced motion avoids timed scene change during check.""}]",map-flow,"[""/"",""/world-stage""]",1,Observed route-link graph plus recorded disclosure/fixture prerequisite,U.S.-ROK mutual defense and basing,"Inspect the source, disagreement or supporting record identified here",semantic-dom-only,2 assertions: passed,DOM text/link check; visual composition covered by representative family only,Parent route structural check; not individual source/prose visual verification,verification.json#coverage,,,,KEEP rendered record; external source verification not inferred,B
"[{""route"":""/world-stage"",""local_state"":{""scene"":""foundation"",""map-flow"":""foundation--f_us_ph_mdt_edca""}},{""route"":""/zh/world-stage"",""local_state"":{""scene"":""foundation"",""map-flow"":""foundation--f_us_ph_mdt_edca""}}]",foundation:map-flow:foundation--f_us_ph_mdt_edca,research/world-stage/scene-ledger.json,rendered public reference; see exposure/state,as listed in exposures,2026-07-14,"[{""set_select"":{""selector"":""#world-stage-map-view"",""value"":""foundation""},""reduce_motion"":true,""filters"":""All types / All relations"",""note"":""Selecting scene starts an inspection hold; reduced motion avoids timed scene change during check.""},{""set_select"":{""selector"":""#world-stage-map-view"",""value"":""foundation""},""reduce_motion"":true,""filters"":""All types / All relations"",""note"":""Selecting scene starts an inspection hold; reduced motion avoids timed scene change during check.""}]",map-flow,"[""/"",""/world-stage""]",1,Observed route-link graph plus recorded disclosure/fixture prerequisite,U.S.-Philippines MDT plus EDCA access,"Inspect the source, disagreement or supporting record identified here",semantic-dom-only,2 assertions: passed,DOM text/link check; visual composition covered by representative family only,Parent route structural check; not individual source/prose visual verification,verification.json#coverage,,,,KEEP rendered record; external source verification not inferred,B
"[{""route"":""/world-stage"",""local_state"":{""scene"":""foundation"",""map-flow"":""foundation--f_us_au_darwin""}},{""route"":""/zh/world-stage"",""local_state"":{""scene"":""foundation"",""map-flow"":""foundation--f_us_au_darwin""}}]",foundation:map-flow:foundation--f_us_au_darwin,research/world-stage/scene-ledger.json,rendered public reference; see exposure/state,as listed in exposures,2026-07-14,"[{""set_select"":{""selector"":""#world-stage-map-view"",""value"":""foundation""},""reduce_motion"":true,""filters"":""All types / All relations"",""note"":""Selecting scene starts an inspection hold; reduced motion avoids timed scene change during check.""},{""set_select"":{""selector"":""#world-stage-map-view"",""value"":""foundation""},""reduce_motion"":true,""filters"":""All types / All relations"",""note"":""Selecting scene starts an inspection hold; reduced motion avoids timed scene change during check.""}]",map-flow,"[""/"",""/world-stage""]",1,Observed route-link graph plus recorded disclosure/fixture prerequisite,U.S. rotational posture through Darwin,"Inspect the source, disagreement or supporting record identified here",semantic-dom-only,2 assertions: passed,DOM text/link check; visual composition covered by representative family only,Parent route structural check; not individual source/prose visual verification,verification.json#coverage,,,,KEEP rendered record; external source verification not inferred,B
"[{""route"":""/world-stage"",""local_state"":{""scene"":""foundation"",""map-flow"":""foundation--f_guam_forward_posture""}},{""route"":""/zh/world-stage"",""local_state"":{""scene"":""foundation"",""map-flow"":""foundation--f_guam_forward_posture""}}]",foundation:map-flow:foundation--f_guam_forward_posture,research/world-stage/scene-ledger.json,rendered public reference; see exposure/state,as listed in exposures,2026-07-14,"[{""set_select"":{""selector"":""#world-stage-map-view"",""value"":""foundation""},""reduce_motion"":true,""filters"":""All types / All relations"",""note"":""Selecting scene starts an inspection hold; reduced motion avoids timed scene change during check.""},{""set_select"":{""selector"":""#world-stage-map-view"",""value"":""foundation""},""reduce_motion"":true,""filters"":""All types / All relations"",""note"":""Selecting scene starts an inspection hold; reduced motion avoids timed scene change during check.""}]",map-flow,"[""/"",""/world-stage""]",1,Observed route-link graph plus recorded disclosure/fixture prerequisite,Guam to forward alliance arc,"Inspect the source, disagreement or supporting record identified here",semantic-dom-only,2 assertions: passed,DOM text/link check; visual composition covered by representative family only,Parent route structural check; not individual source/prose visual verification,verification.json#coverage,,,,KEEP rendered record; external source verification not inferred,B
"[{""route"":""/world-stage"",""local_state"":{""scene"":""foundation"",""country-role"":""USA""}},{""route"":""/zh/world-stage"",""local_state"":{""scene"":""foundation"",""country-role"":""USA""}}]",foundation:country-role:USA,research/world-stage/scene-ledger.json,rendered public reference; see exposure/state,as listed in exposures,2026-07-14,"[{""set_select"":{""selector"":""#world-stage-map-view"",""value"":""foundation""},""reduce_motion"":true,""filters"":""All types / All relations"",""note"":""Selecting scene starts an inspection hold; reduced motion avoids timed scene change during check.""},{""set_select"":{""selector"":""#world-stage-map-view"",""value"":""foundation""},""reduce_motion"":true,""filters"":""All types / All relations"",""note"":""Selecting scene starts an inspection hold; reduced motion avoids timed scene change during check.""}]",country-role,"[""/"",""/world-stage""]",1,Observed route-link graph plus recorded disclosure/fixture prerequisite,USA,"Inspect the source, disagreement or supporting record identified here",semantic-dom-only,2 assertions: passed,DOM text/link check; visual composition covered by representative family only,Parent route structural check; not individual source/prose visual verification,verification.json#coverage,,,,KEEP rendered record; external source verification not inferred,B
"[{""route"":""/world-stage"",""local_state"":{""scene"":""foundation"",""country-role"":""JPN""}},{""route"":""/zh/world-stage"",""local_state"":{""scene"":""foundation"",""country-role"":""JPN""}}]",foundation:country-role:JPN,research/world-stage/scene-ledger.json,rendered public reference; see exposure/state,as listed in exposures,2026-07-14,"[{""set_select"":{""selector"":""#world-stage-map-view"",""value"":""foundation""},""reduce_motion"":true,""filters"":""All types / All relations"",""note"":""Selecting scene starts an inspection hold; reduced motion avoids timed scene change during check.""},{""set_select"":{""selector"":""#world-stage-map-view"",""value"":""foundation""},""reduce_motion"":true,""filters"":""All types / All relations"",""note"":""Selecting scene starts an inspection hold; reduced motion avoids timed scene change during check.""}]",country-role,"[""/"",""/world-stage""]",1,Observed route-link graph plus recorded disclosure/fixture prerequisite,JPN,"Inspect the source, disagreement or supporting record identified here",semantic-dom-only,2 assertions: passed,DOM text/link check; visual composition covered by representative family only,Parent route structural check; not individual source/prose visual verification,verification.json#coverage,,,,KEEP rendered record; external source verification not inferred,B
"[{""route"":""/world-stage"",""local_state"":{""scene"":""foundation"",""country-role"":""KOR""}},{""route"":""/zh/world-stage"",""local_state"":{""scene"":""foundation"",""country-role"":""KOR""}}]",foundation:country-role:KOR,research/world-stage/scene-ledger.json,rendered public reference; see exposure/state,as listed in exposures,2026-07-14,"[{""set_select"":{""selector"":""#world-stage-map-view"",""value"":""foundation""},""reduce_motion"":true,""filters"":""All types / All relations"",""note"":""Selecting scene starts an inspection hold; reduced motion avoids timed scene change during check.""},{""set_select"":{""selector"":""#world-stage-map-view"",""value"":""foundation""},""reduce_motion"":true,""filters"":""All types / All relations"",""note"":""Selecting scene starts an inspection hold; reduced motion avoids timed scene change during check.""}]",country-role,"[""/"",""/world-stage""]",1,Observed route-link graph plus recorded disclosure/fixture prerequisite,KOR,"Inspect the source, disagreement or supporting record identified here",semantic-dom-only,2 assertions: passed,DOM text/link check; visual composition covered by representative family only,Parent route structural check; not individual source/prose visual verification,verification.json#coverage,,,,KEEP rendered record; external source verification not inferred,B
"[{""route"":""/world-stage"",""local_state"":{""scene"":""foundation"",""country-role"":""PHL""}},{""route"":""/zh/world-stage"",""local_state"":{""scene"":""foundation"",""country-role"":""PHL""}}]",foundation:country-role:PHL,research/world-stage/scene-ledger.json,rendered public reference; see exposure/state,as listed in exposures,2026-07-14,"[{""set_select"":{""selector"":""#world-stage-map-view"",""value"":""foundation""},""reduce_motion"":true,""filters"":""All types / All relations"",""note"":""Selecting scene starts an inspection hold; reduced motion avoids timed scene change during check.""},{""set_select"":{""selector"":""#world-stage-map-view"",""value"":""foundation""},""reduce_motion"":true,""filters"":""All types / All relations"",""note"":""Selecting scene starts an inspection hold; reduced motion avoids timed scene change during check.""}]",country-role,"[""/"",""/world-stage""]",1,Observed route-link graph plus recorded disclosure/fixture prerequisite,PHL,"Inspect the source, disagreement or supporting record identified here",semantic-dom-only,2 assertions: passed,DOM text/link check; visual composition covered by representative family only,Parent route structural check; not individual source/prose visual verification,verification.json#coverage,,,,KEEP rendered record; external source verification not inferred,B
"[{""route"":""/world-stage"",""local_state"":{""scene"":""foundation"",""country-role"":""AUS""}},{""route"":""/zh/world-stage"",""local_state"":{""scene"":""foundation"",""country-role"":""AUS""}}]",foundation:country-role:AUS,research/world-stage/scene-ledger.json,rendered public reference; see exposure/state,as listed in exposures,2026-07-14,"[{""set_select"":{""selector"":""#world-stage-map-view"",""value"":""foundation""},""reduce_motion"":true,""filters"":""All types / All relations"",""note"":""Selecting scene starts an inspection hold; reduced motion avoids timed scene change during check.""},{""set_select"":{""selector"":""#world-stage-map-view"",""value"":""foundation""},""reduce_motion"":true,""filters"":""All types / All relations"",""note"":""Selecting scene starts an inspection hold; reduced motion avoids timed scene change during check.""}]",country-role,"[""/"",""/world-stage""]",1,Observed route-link graph plus recorded disclosure/fixture prerequisite,AUS,"Inspect the source, disagreement or supporting record identified here",semantic-dom-only,2 assertions: passed,DOM text/link check; visual composition covered by representative family only,Parent route structural check; not individual source/prose visual verification,verification.json#coverage,,,,KEEP rendered record; external source verification not inferred,B
"[{""route"":""/world-stage"",""local_state"":{""scene"":""foundation"",""country-role"":""IND""}},{""route"":""/zh/world-stage"",""local_state"":{""scene"":""foundation"",""country-role"":""IND""}}]",foundation:country-role:IND,research/world-stage/scene-ledger.json,rendered public reference; see exposure/state,as listed in exposures,2026-07-14,"[{""set_select"":{""selector"":""#world-stage-map-view"",""value"":""foundation""},""reduce_motion"":true,""filters"":""All types / All relations"",""note"":""Selecting scene starts an inspection hold; reduced motion avoids timed scene change during check.""},{""set_select"":{""selector"":""#world-stage-map-view"",""value"":""foundation""},""reduce_motion"":true,""filters"":""All types / All relations"",""note"":""Selecting scene starts an inspection hold; reduced motion avoids timed scene change during check.""}]",country-role,"[""/"",""/world-stage""]",1,Observed route-link graph plus recorded disclosure/fixture prerequisite,IND,"Inspect the source, disagreement or supporting record identified here",semantic-dom-only,2 assertions: passed,DOM text/link check; visual composition covered by representative family only,Parent route structural check; not individual source/prose visual verification,verification.json#coverage,,,,KEEP rendered record; external source verification not inferred,B
"[{""route"":""/world-stage"",""local_state"":{""scene"":""foundation"",""country-role"":""TWN""}},{""route"":""/zh/world-stage"",""local_state"":{""scene"":""foundation"",""country-role"":""TWN""}}]",foundation:country-role:TWN,research/world-stage/scene-ledger.json,rendered public reference; see exposure/state,as listed in exposures,2026-07-14,"[{""set_select"":{""selector"":""#world-stage-map-view"",""value"":""foundation""},""reduce_motion"":true,""filters"":""All types / All relations"",""note"":""Selecting scene starts an inspection hold; reduced motion avoids timed scene change during check.""},{""set_select"":{""selector"":""#world-stage-map-view"",""value"":""foundation""},""reduce_motion"":true,""filters"":""All types / All relations"",""note"":""Selecting scene starts an inspection hold; reduced motion avoids timed scene change during check.""}]",country-role,"[""/"",""/world-stage""]",1,Observed route-link graph plus recorded disclosure/fixture prerequisite,TWN,"Inspect the source, disagreement or supporting record identified here",semantic-dom-only,2 assertions: passed,DOM text/link check; visual composition covered by representative family only,Parent route structural check; not individual source/prose visual verification,verification.json#coverage,,,,KEEP rendered record; external source verification not inferred,B
"[{""route"":""/world-stage"",""local_state"":{""scene"":""foundation"",""country-role"":""CHN""}},{""route"":""/zh/world-stage"",""local_state"":{""scene"":""foundation"",""country-role"":""CHN""}}]",foundation:country-role:CHN,research/world-stage/scene-ledger.json,rendered public reference; see exposure/state,as listed in exposures,2026-07-14,"[{""set_select"":{""selector"":""#world-stage-map-view"",""value"":""foundation""},""reduce_motion"":true,""filters"":""All types / All relations"",""note"":""Selecting scene starts an inspection hold; reduced motion avoids timed scene change during check.""},{""set_select"":{""selector"":""#world-stage-map-view"",""value"":""foundation""},""reduce_motion"":true,""filters"":""All types / All relations"",""note"":""Selecting scene starts an inspection hold; reduced motion avoids timed scene change during check.""}]",country-role,"[""/"",""/world-stage""]",1,Observed route-link graph plus recorded disclosure/fixture prerequisite,CHN,"Inspect the source, disagreement or supporting record identified here",semantic-dom-only,2 assertions: passed,DOM text/link check; visual composition covered by representative family only,Parent route structural check; not individual source/prose visual verification,verification.json#coverage,,,,KEEP rendered record; external source verification not inferred,B
"[{""route"":""/world-stage"",""local_state"":{""scene"":""focus-areas""}},{""route"":""/zh/world-stage"",""local_state"":{""scene"":""focus-areas""}}]",focus-areas,lib/world-stage/scenes.ts,rendered public reference; see exposure/state,as listed in exposures,2026-08-02,"[{""set_select"":{""selector"":""#world-stage-map-view"",""value"":""focus-areas""},""reduce_motion"":true,""filters"":""All types / All relations"",""note"":""Selecting scene starts an inspection hold; reduced motion avoids timed scene change during check.""},{""set_select"":{""selector"":""#world-stage-map-view"",""value"":""focus-areas""},""reduce_motion"":true,""filters"":""All types / All relations"",""note"":""Selecting scene starts an inspection hold; reduced motion avoids timed scene change during check.""}]",world-stage-scene,"[""/"",""/world-stage""]",1,Observed route-link graph plus recorded disclosure/fixture prerequisite,Semiconductor and advanced-manufacturing networks,"Inspect the source, disagreement or supporting record identified here",semantic-dom-only,2 assertions: passed,DOM text/link check; visual composition covered by representative family only,Parent route structural check; not individual source/prose visual verification,verification.json#coverage,,,,KEEP rendered record; external source verification not inferred,B
"[{""route"":""/world-stage"",""local_state"":{""scene"":""focus-areas"",""map-node"":""focus-areas--n_tw_hsinchu""}},{""route"":""/zh/world-stage"",""local_state"":{""scene"":""focus-areas"",""map-node"":""focus-areas--n_tw_hsinchu""}}]",focus-areas:map-node:focus-areas--n_tw_hsinchu,research/world-stage/scene-ledger.json,rendered public reference; see exposure/state,as listed in exposures,2026-08-02,"[{""set_select"":{""selector"":""#world-stage-map-view"",""value"":""focus-areas""},""reduce_motion"":true,""filters"":""All types / All relations"",""note"":""Selecting scene starts an inspection hold; reduced motion avoids timed scene change during check.""},{""set_select"":{""selector"":""#world-stage-map-view"",""value"":""focus-areas""},""reduce_motion"":true,""filters"":""All types / All relations"",""note"":""Selecting scene starts an inspection hold; reduced motion avoids timed scene change during check.""}]",map-node,"[""/"",""/world-stage""]",1,Observed route-link graph plus recorded disclosure/fixture prerequisite,Hsinchu Science Park,"Inspect the source, disagreement or supporting record identified here",semantic-dom-only,2 assertions: passed,DOM text/link check; visual composition covered by representative family only,Parent route structural check; not individual source/prose visual verification,verification.json#coverage,,,,KEEP rendered record; external source verification not inferred,B
"[{""route"":""/world-stage"",""local_state"":{""scene"":""focus-areas"",""map-node"":""focus-areas--n_tw_tainan""}},{""route"":""/zh/world-stage"",""local_state"":{""scene"":""focus-areas"",""map-node"":""focus-areas--n_tw_tainan""}}]",focus-areas:map-node:focus-areas--n_tw_tainan,research/world-stage/scene-ledger.json,rendered public reference; see exposure/state,as listed in exposures,2026-08-02,"[{""set_select"":{""selector"":""#world-stage-map-view"",""value"":""focus-areas""},""reduce_motion"":true,""filters"":""All types / All relations"",""note"":""Selecting scene starts an inspection hold; reduced motion avoids timed scene change during check.""},{""set_select"":{""selector"":""#world-stage-map-view"",""value"":""focus-areas""},""reduce_motion"":true,""filters"":""All types / All relations"",""note"":""Selecting scene starts an inspection hold; reduced motion avoids timed scene change during check.""}]",map-node,"[""/"",""/world-stage""]",1,Observed route-link graph plus recorded disclosure/fixture prerequisite,"TSMC Fab 18, Tainan","Inspect the source, disagreement or supporting record identified here",semantic-dom-only,2 assertions: passed,DOM text/link check; visual composition covered by representative family only,Parent route structural check; not individual source/prose visual verification,verification.json#coverage,,,,KEEP rendered record; external source verification not inferred,B
"[{""route"":""/world-stage"",""local_state"":{""scene"":""focus-areas"",""map-node"":""focus-areas--n_us_phoenix""}},{""route"":""/zh/world-stage"",""local_state"":{""scene"":""focus-areas"",""map-node"":""focus-areas--n_us_phoenix""}}]",focus-areas:map-node:focus-areas--n_us_phoenix,research/world-stage/scene-ledger.json,rendered public reference; see exposure/state,as listed in exposures,2026-08-02,"[{""set_select"":{""selector"":""#world-stage-map-view"",""value"":""focus-areas""},""reduce_motion"":true,""filters"":""All types / All relations"",""note"":""Selecting scene starts an inspection hold; reduced motion avoids timed scene change during check.""},{""set_select"":{""selector"":""#world-stage-map-view"",""value"":""focus-areas""},""reduce_motion"":true,""filters"":""All types / All relations"",""note"":""Selecting scene starts an inspection hold; reduced motion avoids timed scene change during check.""}]",map-node,"[""/"",""/world-stage""]",1,Observed route-link graph plus recorded disclosure/fixture prerequisite,"TSMC Arizona, Phoenix","Inspect the source, disagreement or supporting record identified here",semantic-dom-only,2 assertions: passed,DOM text/link check; visual composition covered by representative family only,Parent route structural check; not individual source/prose visual verification,verification.json#coverage,,,,KEEP rendered record; external source verification not inferred,B
"[{""route"":""/world-stage"",""local_state"":{""scene"":""focus-areas"",""map-node"":""focus-areas--n_kr_pyeongtaek""}},{""route"":""/zh/world-stage"",""local_state"":{""scene"":""focus-areas"",""map-node"":""focus-areas--n_kr_pyeongtaek""}}]",focus-areas:map-node:focus-areas--n_kr_pyeongtaek,research/world-stage/scene-ledger.json,rendered public reference; see exposure/state,as listed in exposures,2026-08-02,"[{""set_select"":{""selector"":""#world-stage-map-view"",""value"":""focus-areas""},""reduce_motion"":true,""filters"":""All types / All relations"",""note"":""Selecting scene starts an inspection hold; reduced motion avoids timed scene change during check.""},{""set_select"":{""selector"":""#world-stage-map-view"",""value"":""focus-areas""},""reduce_motion"":true,""filters"":""All types / All relations"",""note"":""Selecting scene starts an inspection hold; reduced motion avoids timed scene change during check.""}]",map-node,"[""/"",""/world-stage""]",1,Observed route-link graph plus recorded disclosure/fixture prerequisite,Pyeongtaek Campus,"Inspect the source, disagreement or supporting record identified here",semantic-dom-only,2 assertions: passed,DOM text/link check; visual composition covered by representative family only,Parent route structural check; not individual source/prose visual verification,verification.json#coverage,,,,KEEP rendered record; external source verification not inferred,B
"[{""route"":""/world-stage"",""local_state"":{""scene"":""focus-areas"",""map-node"":""focus-areas--n_nl_veldhoven""}},{""route"":""/zh/world-stage"",""local_state"":{""scene"":""focus-areas"",""map-node"":""focus-areas--n_nl_veldhoven""}}]",focus-areas:map-node:focus-areas--n_nl_veldhoven,research/world-stage/scene-ledger.json,rendered public reference; see exposure/state,as listed in exposures,2026-08-02,"[{""set_select"":{""selector"":""#world-stage-map-view"",""value"":""focus-areas""},""reduce_motion"":true,""filters"":""All types / All relations"",""note"":""Selecting scene starts an inspection hold; reduced motion avoids timed scene change during check.""},{""set_select"":{""selector"":""#world-stage-map-view"",""value"":""focus-areas""},""reduce_motion"":true,""filters"":""All types / All relations"",""note"":""Selecting scene starts an inspection hold; reduced motion avoids timed scene change during check.""}]",map-node,"[""/"",""/world-stage""]",1,Observed route-link graph plus recorded disclosure/fixture prerequisite,ASML Veldhoven,"Inspect the source, disagreement or supporting record identified here",semantic-dom-only,2 assertions: passed,DOM text/link check; visual composition covered by representative family only,Parent route structural check; not individual source/prose visual verification,verification.json#coverage,,,,KEEP rendered record; external source verification not inferred,B
"[{""route"":""/world-stage"",""local_state"":{""scene"":""focus-areas"",""map-node"":""focus-areas--n_jp_kumamoto""}},{""route"":""/zh/world-stage"",""local_state"":{""scene"":""focus-areas"",""map-node"":""focus-areas--n_jp_kumamoto""}}]",focus-areas:map-node:focus-areas--n_jp_kumamoto,research/world-stage/scene-ledger.json,rendered public reference; see exposure/state,as listed in exposures,2026-08-02,"[{""set_select"":{""selector"":""#world-stage-map-view"",""value"":""focus-areas""},""reduce_motion"":true,""filters"":""All types / All relations"",""note"":""Selecting scene starts an inspection hold; reduced motion avoids timed scene change during check.""},{""set_select"":{""selector"":""#world-stage-map-view"",""value"":""focus-areas""},""reduce_motion"":true,""filters"":""All types / All relations"",""note"":""Selecting scene starts an inspection hold; reduced motion avoids timed scene change during check.""}]",map-node,"[""/"",""/world-stage""]",1,Observed route-link graph plus recorded disclosure/fixture prerequisite,JASM Kumamoto,"Inspect the source, disagreement or supporting record identified here",semantic-dom-only,2 assertions: passed,DOM text/link check; visual composition covered by representative family only,Parent route structural check; not individual source/prose visual verification,verification.json#coverage,,,,KEEP rendered record; external source verification not inferred,B
"[{""route"":""/world-stage"",""local_state"":{""scene"":""focus-areas"",""map-node"":""focus-areas--n_my_penang""}},{""route"":""/zh/world-stage"",""local_state"":{""scene"":""focus-areas"",""map-node"":""focus-areas--n_my_penang""}}]",focus-areas:map-node:focus-areas--n_my_penang,research/world-stage/scene-ledger.json,rendered public reference; see exposure/state,as listed in exposures,2026-08-02,"[{""set_select"":{""selector"":""#world-stage-map-view"",""value"":""focus-areas""},""reduce_motion"":true,""filters"":""All types / All relations"",""note"":""Selecting scene starts an inspection hold; reduced motion avoids timed scene change during check.""},{""set_select"":{""selector"":""#world-stage-map-view"",""value"":""focus-areas""},""reduce_motion"":true,""filters"":""All types / All relations"",""note"":""Selecting scene starts an inspection hold; reduced motion avoids timed scene change during check.""}]",map-node,"[""/"",""/world-stage""]",1,Observed route-link graph plus recorded disclosure/fixture prerequisite,Penang packaging and test cluster,"Inspect the source, disagreement or supporting record identified here",semantic-dom-only,2 assertions: passed,DOM text/link check; visual composition covered by representative family only,Parent route structural check; not individual source/prose visual verification,verification.json#coverage,,,,KEEP rendered record; external source verification not inferred,B
"[{""route"":""/world-stage"",""local_state"":{""scene"":""focus-areas"",""map-node"":""focus-areas--n_jp_tel_yamanashi""}},{""route"":""/zh/world-stage"",""local_state"":{""scene"":""focus-areas"",""map-node"":""focus-areas--n_jp_tel_yamanashi""}}]",focus-areas:map-node:focus-areas--n_jp_tel_yamanashi,research/world-stage/scene-ledger.json,rendered public reference; see exposure/state,as listed in exposures,2026-08-02,"[{""set_select"":{""selector"":""#world-stage-map-view"",""value"":""focus-areas""},""reduce_motion"":true,""filters"":""All types / All relations"",""note"":""Selecting scene starts an inspection hold; reduced motion avoids timed scene change during check.""},{""set_select"":{""selector"":""#world-stage-map-view"",""value"":""focus-areas""},""reduce_motion"":true,""filters"":""All types / All relations"",""note"":""Selecting scene starts an inspection hold; reduced motion avoids timed scene change during check.""}]",map-node,"[""/"",""/world-stage""]",1,Observed route-link graph plus recorded disclosure/fixture prerequisite,Tokyo Electron Yamanashi (Fujii),"Inspect the source, disagreement or supporting record identified here",semantic-dom-only,2 assertions: passed,DOM text/link check; visual composition covered by representative family only,Parent route structural check; not individual source/prose visual verification,verification.json#coverage,,,,KEEP rendered record; external source verification not inferred,B
"[{""route"":""/world-stage"",""local_state"":{""scene"":""focus-areas"",""map-node"":""focus-areas--n_us_applied_santaclara""}},{""route"":""/zh/world-stage"",""local_state"":{""scene"":""focus-areas"",""map-node"":""focus-areas--n_us_applied_santaclara""}}]",focus-areas:map-node:focus-areas--n_us_applied_santaclara,research/world-stage/scene-ledger.json,rendered public reference; see exposure/state,as listed in exposures,2026-08-02,"[{""set_select"":{""selector"":""#world-stage-map-view"",""value"":""focus-areas""},""reduce_motion"":true,""filters"":""All types / All relations"",""note"":""Selecting scene starts an inspection hold; reduced motion avoids timed scene change during check.""},{""set_select"":{""selector"":""#world-stage-map-view"",""value"":""focus-areas""},""reduce_motion"":true,""filters"":""All types / All relations"",""note"":""Selecting scene starts an inspection hold; reduced motion avoids timed scene change during check.""}]",map-node,"[""/"",""/world-stage""]",1,Observed route-link graph plus recorded disclosure/fixture prerequisite,"Applied Materials, Santa Clara","Inspect the source, disagreement or supporting record identified here",semantic-dom-only,2 assertions: passed,DOM text/link check; visual composition covered by representative family only,Parent route structural check; not individual source/prose visual verification,verification.json#coverage,,,,KEEP rendered record; external source verification not inferred,B
"[{""route"":""/world-stage"",""local_state"":{""scene"":""focus-areas"",""map-node"":""focus-areas--n_us_lam_fremont""}},{""route"":""/zh/world-stage"",""local_state"":{""scene"":""focus-areas"",""map-node"":""focus-areas--n_us_lam_fremont""}}]",focus-areas:map-node:focus-areas--n_us_lam_fremont,research/world-stage/scene-ledger.json,rendered public reference; see exposure/state,as listed in exposures,2026-08-02,"[{""set_select"":{""selector"":""#world-stage-map-view"",""value"":""focus-areas""},""reduce_motion"":true,""filters"":""All types / All relations"",""note"":""Selecting scene starts an inspection hold; reduced motion avoids timed scene change during check.""},{""set_select"":{""selector"":""#world-stage-map-view"",""value"":""focus-areas""},""reduce_motion"":true,""filters"":""All types / All relations"",""note"":""Selecting scene starts an inspection hold; reduced motion avoids timed scene change during check.""}]",map-node,"[""/"",""/world-stage""]",1,Observed route-link graph plus recorded disclosure/fixture prerequisite,"Lam Research, Fremont","Inspect the source, disagreement or supporting record identified here",semantic-dom-only,2 assertions: passed,DOM text/link check; visual composition covered by representative family only,Parent route structural check; not individual source/prose visual verification,verification.json#coverage,,,,KEEP rendered record; external source verification not inferred,B
"[{""route"":""/world-stage"",""local_state"":{""scene"":""focus-areas"",""map-node"":""focus-areas--n_us_kla_milpitas""}},{""route"":""/zh/world-stage"",""local_state"":{""scene"":""focus-areas"",""map-node"":""focus-areas--n_us_kla_milpitas""}}]",focus-areas:map-node:focus-areas--n_us_kla_milpitas,research/world-stage/scene-ledger.json,rendered public reference; see exposure/state,as listed in exposures,2026-08-02,"[{""set_select"":{""selector"":""#world-stage-map-view"",""value"":""focus-areas""},""reduce_motion"":true,""filters"":""All types / All relations"",""note"":""Selecting scene starts an inspection hold; reduced motion avoids timed scene change during check.""},{""set_select"":{""selector"":""#world-stage-map-view"",""value"":""focus-areas""},""reduce_motion"":true,""filters"":""All types / All relations"",""note"":""Selecting scene starts an inspection hold; reduced motion avoids timed scene change during check.""}]",map-node,"[""/"",""/world-stage""]",1,Observed route-link graph plus recorded disclosure/fixture prerequisite,"KLA, Milpitas","Inspect the source, disagreement or supporting record identified here",semantic-dom-only,2 assertions: passed,DOM text/link check; visual composition covered by representative family only,Parent route structural check; not individual source/prose visual verification,verification.json#coverage,,,,KEEP rendered record; external source verification not inferred,B
"[{""route"":""/world-stage"",""local_state"":{""scene"":""focus-areas"",""map-node"":""focus-areas--n_de_zeiss_oberkochen""}},{""route"":""/zh/world-stage"",""local_state"":{""scene"":""focus-areas"",""map-node"":""focus-areas--n_de_zeiss_oberkochen""}}]",focus-areas:map-node:focus-areas--n_de_zeiss_oberkochen,research/world-stage/scene-ledger.json,rendered public reference; see exposure/state,as listed in exposures,2026-08-02,"[{""set_select"":{""selector"":""#world-stage-map-view"",""value"":""focus-areas""},""reduce_motion"":true,""filters"":""All types / All relations"",""note"":""Selecting scene starts an inspection hold; reduced motion avoids timed scene change during check.""},{""set_select"":{""selector"":""#world-stage-map-view"",""value"":""focus-areas""},""reduce_motion"":true,""filters"":""All types / All relations"",""note"":""Selecting scene starts an inspection hold; reduced motion avoids timed scene change during check.""}]",map-node,"[""/"",""/world-stage""]",1,Observed route-link graph plus recorded disclosure/fixture prerequisite,"ZEISS SMT, Oberkochen","Inspect the source, disagreement or supporting record identified here",semantic-dom-only,2 assertions: passed,DOM text/link check; visual composition covered by representative family only,Parent route structural check; not individual source/prose visual verification,verification.json#coverage,,,,KEEP rendered record; external source verification not inferred,B
"[{""route"":""/world-stage"",""local_state"":{""scene"":""focus-areas"",""map-node"":""focus-areas--n_jp_shinetsu_shirakawa""}},{""route"":""/zh/world-stage"",""local_state"":{""scene"":""focus-areas"",""map-node"":""focus-areas--n_jp_shinetsu_shirakawa""}}]",focus-areas:map-node:focus-areas--n_jp_shinetsu_shirakawa,research/world-stage/scene-ledger.json,rendered public reference; see exposure/state,as listed in exposures,2026-08-02,"[{""set_select"":{""selector"":""#world-stage-map-view"",""value"":""focus-areas""},""reduce_motion"":true,""filters"":""All types / All relations"",""note"":""Selecting scene starts an inspection hold; reduced motion avoids timed scene change during check.""},{""set_select"":{""selector"":""#world-stage-map-view"",""value"":""focus-areas""},""reduce_motion"":true,""filters"":""All types / All relations"",""note"":""Selecting scene starts an inspection hold; reduced motion avoids timed scene change during check.""}]",map-node,"[""/"",""/world-stage""]",1,Observed route-link graph plus recorded disclosure/fixture prerequisite,"Shin-Etsu Handotai, Shirakawa","Inspect the source, disagreement or supporting record identified here",semantic-dom-only,2 assertions: passed,DOM text/link check; visual composition covered by representative family only,Parent route structural check; not individual source/prose visual verification,verification.json#coverage,,,,KEEP rendered record; external source verification not inferred,B
"[{""route"":""/world-stage"",""local_state"":{""scene"":""focus-areas"",""map-node"":""focus-areas--n_jp_sumco_imari""}},{""route"":""/zh/world-stage"",""local_state"":{""scene"":""focus-areas"",""map-node"":""focus-areas--n_jp_sumco_imari""}}]",focus-areas:map-node:focus-areas--n_jp_sumco_imari,research/world-stage/scene-ledger.json,rendered public reference; see exposure/state,as listed in exposures,2026-08-02,"[{""set_select"":{""selector"":""#world-stage-map-view"",""value"":""focus-areas""},""reduce_motion"":true,""filters"":""All types / All relations"",""note"":""Selecting scene starts an inspection hold; reduced motion avoids timed scene change during check.""},{""set_select"":{""selector"":""#world-stage-map-view"",""value"":""focus-areas""},""reduce_motion"":true,""filters"":""All types / All relations"",""note"":""Selecting scene starts an inspection hold; reduced motion avoids timed scene change during check.""}]",map-node,"[""/"",""/world-stage""]",1,Observed route-link graph plus recorded disclosure/fixture prerequisite,SUMCO Imari-Nagahama,"Inspect the source, disagreement or supporting record identified here",semantic-dom-only,2 assertions: passed,DOM text/link check; visual composition covered by representative family only,Parent route structural check; not individual source/prose visual verification,verification.json#coverage,,,,KEEP rendered record; external source verification not inferred,B
"[{""route"":""/world-stage"",""local_state"":{""scene"":""focus-areas"",""map-node"":""focus-areas--n_jp_jsr_yokkaichi""}},{""route"":""/zh/world-stage"",""local_state"":{""scene"":""focus-areas"",""map-node"":""focus-areas--n_jp_jsr_yokkaichi""}}]",focus-areas:map-node:focus-areas--n_jp_jsr_yokkaichi,research/world-stage/scene-ledger.json,rendered public reference; see exposure/state,as listed in exposures,2026-08-02,"[{""set_select"":{""selector"":""#world-stage-map-view"",""value"":""focus-areas""},""reduce_motion"":true,""filters"":""All types / All relations"",""note"":""Selecting scene starts an inspection hold; reduced motion avoids timed scene change during check.""},{""set_select"":{""selector"":""#world-stage-map-view"",""value"":""focus-areas""},""reduce_motion"":true,""filters"":""All types / All relations"",""note"":""Selecting scene starts an inspection hold; reduced motion avoids timed scene change during check.""}]",map-node,"[""/"",""/world-stage""]",1,Observed route-link graph plus recorded disclosure/fixture prerequisite,JSR Yokkaichi,"Inspect the source, disagreement or supporting record identified here",semantic-dom-only,2 assertions: passed,DOM text/link check; visual composition covered by representative family only,Parent route structural check; not individual source/prose visual verification,verification.json#coverage,,,,KEEP rendered record; external source verification not inferred,B
"[{""route"":""/world-stage"",""local_state"":{""scene"":""focus-areas"",""map-node"":""focus-areas--n_jp_tok_koriyama""}},{""route"":""/zh/world-stage"",""local_state"":{""scene"":""focus-areas"",""map-node"":""focus-areas--n_jp_tok_koriyama""}}]",focus-areas:map-node:focus-areas--n_jp_tok_koriyama,research/world-stage/scene-ledger.json,rendered public reference; see exposure/state,as listed in exposures,2026-08-02,"[{""set_select"":{""selector"":""#world-stage-map-view"",""value"":""focus-areas""},""reduce_motion"":true,""filters"":""All types / All relations"",""note"":""Selecting scene starts an inspection hold; reduced motion avoids timed scene change during check.""},{""set_select"":{""selector"":""#world-stage-map-view"",""value"":""focus-areas""},""reduce_motion"":true,""filters"":""All types / All relations"",""note"":""Selecting scene starts an inspection hold; reduced motion avoids timed scene change during check.""}]",map-node,"[""/"",""/world-stage""]",1,Observed route-link graph plus recorded disclosure/fixture prerequisite,"Tokyo Ohka Kogyo, Koriyama","Inspect the source, disagreement or supporting record identified here",semantic-dom-only,2 assertions: passed,DOM text/link check; visual composition covered by representative family only,Parent route structural check; not individual source/prose visual verification,verification.json#coverage,,,,KEEP rendered record; external source verification not inferred,B
"[{""route"":""/world-stage"",""local_state"":{""scene"":""focus-areas"",""map-flow"":""focus-areas--f_nl_tw_tools""}},{""route"":""/zh/world-stage"",""local_state"":{""scene"":""focus-areas"",""map-flow"":""focus-areas--f_nl_tw_tools""}}]",focus-areas:map-flow:focus-areas--f_nl_tw_tools,research/world-stage/scene-ledger.json,rendered public reference; see exposure/state,as listed in exposures,2026-08-02,"[{""set_select"":{""selector"":""#world-stage-map-view"",""value"":""focus-areas""},""reduce_motion"":true,""filters"":""All types / All relations"",""note"":""Selecting scene starts an inspection hold; reduced motion avoids timed scene change during check.""},{""set_select"":{""selector"":""#world-stage-map-view"",""value"":""focus-areas""},""reduce_motion"":true,""filters"":""All types / All relations"",""note"":""Selecting scene starts an inspection hold; reduced motion avoids timed scene change during check.""}]",map-flow,"[""/"",""/world-stage""]",1,Observed route-link graph plus recorded disclosure/fixture prerequisite,Veldhoven to Tainan tools flow,"Inspect the source, disagreement or supporting record identified here",semantic-dom-only,2 assertions: passed,DOM text/link check; visual composition covered by representative family only,Parent route structural check; not individual source/prose visual verification,verification.json#coverage,,,,KEEP rendered record; external source verification not inferred,B
"[{""route"":""/world-stage"",""local_state"":{""scene"":""focus-areas"",""map-flow"":""focus-areas--f_nl_kr_tools""}},{""route"":""/zh/world-stage"",""local_state"":{""scene"":""focus-areas"",""map-flow"":""focus-areas--f_nl_kr_tools""}}]",focus-areas:map-flow:focus-areas--f_nl_kr_tools,research/world-stage/scene-ledger.json,rendered public reference; see exposure/state,as listed in exposures,2026-08-02,"[{""set_select"":{""selector"":""#world-stage-map-view"",""value"":""focus-areas""},""reduce_motion"":true,""filters"":""All types / All relations"",""note"":""Selecting scene starts an inspection hold; reduced motion avoids timed scene change during check.""},{""set_select"":{""selector"":""#world-stage-map-view"",""value"":""focus-areas""},""reduce_motion"":true,""filters"":""All types / All relations"",""note"":""Selecting scene starts an inspection hold; reduced motion avoids timed scene change during check.""}]",map-flow,"[""/"",""/world-stage""]",1,Observed route-link graph plus recorded disclosure/fixture prerequisite,Veldhoven to Pyeongtaek tools flow,"Inspect the source, disagreement or supporting record identified here",semantic-dom-only,2 assertions: passed,DOM text/link check; visual composition covered by representative family only,Parent route structural check; not individual source/prose visual verification,verification.json#coverage,,,,KEEP rendered record; external source verification not inferred,B
"[{""route"":""/world-stage"",""local_state"":{""scene"":""focus-areas"",""map-flow"":""focus-areas--f_tw_us_expansion""}},{""route"":""/zh/world-stage"",""local_state"":{""scene"":""focus-areas"",""map-flow"":""focus-areas--f_tw_us_expansion""}}]",focus-areas:map-flow:focus-areas--f_tw_us_expansion,research/world-stage/scene-ledger.json,rendered public reference; see exposure/state,as listed in exposures,2026-08-02,"[{""set_select"":{""selector"":""#world-stage-map-view"",""value"":""focus-areas""},""reduce_motion"":true,""filters"":""All types / All relations"",""note"":""Selecting scene starts an inspection hold; reduced motion avoids timed scene change during check.""},{""set_select"":{""selector"":""#world-stage-map-view"",""value"":""focus-areas""},""reduce_motion"":true,""filters"":""All types / All relations"",""note"":""Selecting scene starts an inspection hold; reduced motion avoids timed scene change during check.""}]",map-flow,"[""/"",""/world-stage""]",1,Observed route-link graph plus recorded disclosure/fixture prerequisite,Tainan to Phoenix foundry expansion,"Inspect the source, disagreement or supporting record identified here",semantic-dom-only,2 assertions: passed,DOM text/link check; visual composition covered by representative family only,Parent route structural check; not individual source/prose visual verification,verification.json#coverage,,,,KEEP rendered record; external source verification not inferred,B
"[{""route"":""/world-stage"",""local_state"":{""scene"":""focus-areas"",""map-flow"":""focus-areas--f_tw_jp_jasm""}},{""route"":""/zh/world-stage"",""local_state"":{""scene"":""focus-areas"",""map-flow"":""focus-areas--f_tw_jp_jasm""}}]",focus-areas:map-flow:focus-areas--f_tw_jp_jasm,research/world-stage/scene-ledger.json,rendered public reference; see exposure/state,as listed in exposures,2026-08-02,"[{""set_select"":{""selector"":""#world-stage-map-view"",""value"":""focus-areas""},""reduce_motion"":true,""filters"":""All types / All relations"",""note"":""Selecting scene starts an inspection hold; reduced motion avoids timed scene change during check.""},{""set_select"":{""selector"":""#world-stage-map-view"",""value"":""focus-areas""},""reduce_motion"":true,""filters"":""All types / All relations"",""note"":""Selecting scene starts an inspection hold; reduced motion avoids timed scene change during check.""}]",map-flow,"[""/"",""/world-stage""]",1,Observed route-link graph plus recorded disclosure/fixture prerequisite,Taiwan to Kumamoto manufacturing extension,"Inspect the source, disagreement or supporting record identified here",semantic-dom-only,2 assertions: passed,DOM text/link check; visual composition covered by representative family only,Parent route structural check; not individual source/prose visual verification,verification.json#coverage,,,,KEEP rendered record; external source verification not inferred,B
"[{""route"":""/world-stage"",""local_state"":{""scene"":""focus-areas"",""map-flow"":""focus-areas--f_de_nl_optics""}},{""route"":""/zh/world-stage"",""local_state"":{""scene"":""focus-areas"",""map-flow"":""focus-areas--f_de_nl_optics""}}]",focus-areas:map-flow:focus-areas--f_de_nl_optics,research/world-stage/scene-ledger.json,rendered public reference; see exposure/state,as listed in exposures,2026-08-02,"[{""set_select"":{""selector"":""#world-stage-map-view"",""value"":""focus-areas""},""reduce_motion"":true,""filters"":""All types / All relations"",""note"":""Selecting scene starts an inspection hold; reduced motion avoids timed scene change during check.""},{""set_select"":{""selector"":""#world-stage-map-view"",""value"":""focus-areas""},""reduce_motion"":true,""filters"":""All types / All relations"",""note"":""Selecting scene starts an inspection hold; reduced motion avoids timed scene change during check.""}]",map-flow,"[""/"",""/world-stage""]",1,Observed route-link graph plus recorded disclosure/fixture prerequisite,Oberkochen to Veldhoven lithography-optics supply,"Inspect the source, disagreement or supporting record identified here",semantic-dom-only,2 assertions: passed,DOM text/link check; visual composition covered by representative family only,Parent route structural check; not individual source/prose visual verification,verification.json#coverage,,,,KEEP rendered record; external source verification not inferred,B
"[{""route"":""/world-stage"",""local_state"":{""scene"":""focus-areas"",""country-role"":""TWN""}},{""route"":""/zh/world-stage"",""local_state"":{""scene"":""focus-areas"",""country-role"":""TWN""}}]",focus-areas:country-role:TWN,research/world-stage/scene-ledger.json,rendered public reference; see exposure/state,as listed in exposures,2026-08-02,"[{""set_select"":{""selector"":""#world-stage-map-view"",""value"":""focus-areas""},""reduce_motion"":true,""filters"":""All types / All relations"",""note"":""Selecting scene starts an inspection hold; reduced motion avoids timed scene change during check.""},{""set_select"":{""selector"":""#world-stage-map-view"",""value"":""focus-areas""},""reduce_motion"":true,""filters"":""All types / All relations"",""note"":""Selecting scene starts an inspection hold; reduced motion avoids timed scene change during check.""}]",country-role,"[""/"",""/world-stage""]",1,Observed route-link graph plus recorded disclosure/fixture prerequisite,TWN,"Inspect the source, disagreement or supporting record identified here",semantic-dom-only,2 assertions: passed,DOM text/link check; visual composition covered by representative family only,Parent route structural check; not individual source/prose visual verification,verification.json#coverage,,,,KEEP rendered record; external source verification not inferred,B
"[{""route"":""/world-stage"",""local_state"":{""scene"":""focus-areas"",""country-role"":""KOR""}},{""route"":""/zh/world-stage"",""local_state"":{""scene"":""focus-areas"",""country-role"":""KOR""}}]",focus-areas:country-role:KOR,research/world-stage/scene-ledger.json,rendered public reference; see exposure/state,as listed in exposures,2026-08-02,"[{""set_select"":{""selector"":""#world-stage-map-view"",""value"":""focus-areas""},""reduce_motion"":true,""filters"":""All types / All relations"",""note"":""Selecting scene starts an inspection hold; reduced motion avoids timed scene change during check.""},{""set_select"":{""selector"":""#world-stage-map-view"",""value"":""focus-areas""},""reduce_motion"":true,""filters"":""All types / All relations"",""note"":""Selecting scene starts an inspection hold; reduced motion avoids timed scene change during check.""}]",country-role,"[""/"",""/world-stage""]",1,Observed route-link graph plus recorded disclosure/fixture prerequisite,KOR,"Inspect the source, disagreement or supporting record identified here",semantic-dom-only,2 assertions: passed,DOM text/link check; visual composition covered by representative family only,Parent route structural check; not individual source/prose visual verification,verification.json#coverage,,,,KEEP rendered record; external source verification not inferred,B
"[{""route"":""/world-stage"",""local_state"":{""scene"":""focus-areas"",""country-role"":""USA""}},{""route"":""/zh/world-stage"",""local_state"":{""scene"":""focus-areas"",""country-role"":""USA""}}]",focus-areas:country-role:USA,research/world-stage/scene-ledger.json,rendered public reference; see exposure/state,as listed in exposures,2026-08-02,"[{""set_select"":{""selector"":""#world-stage-map-view"",""value"":""focus-areas""},""reduce_motion"":true,""filters"":""All types / All relations"",""note"":""Selecting scene starts an inspection hold; reduced motion avoids timed scene change during check.""},{""set_select"":{""selector"":""#world-stage-map-view"",""value"":""focus-areas""},""reduce_motion"":true,""filters"":""All types / All relations"",""note"":""Selecting scene starts an inspection hold; reduced motion avoids timed scene change during check.""}]",country-role,"[""/"",""/world-stage""]",1,Observed route-link graph plus recorded disclosure/fixture prerequisite,USA,"Inspect the source, disagreement or supporting record identified here",semantic-dom-only,2 assertions: passed,DOM text/link check; visual composition covered by representative family only,Parent route structural check; not individual source/prose visual verification,verification.json#coverage,,,,KEEP rendered record; external source verification not inferred,B
"[{""route"":""/world-stage"",""local_state"":{""scene"":""focus-areas"",""country-role"":""NLD""}},{""route"":""/zh/world-stage"",""local_state"":{""scene"":""focus-areas"",""country-role"":""NLD""}}]",focus-areas:country-role:NLD,research/world-stage/scene-ledger.json,rendered public reference; see exposure/state,as listed in exposures,2026-08-02,"[{""set_select"":{""selector"":""#world-stage-map-view"",""value"":""focus-areas""},""reduce_motion"":true,""filters"":""All types / All relations"",""note"":""Selecting scene starts an inspection hold; reduced motion avoids timed scene change during check.""},{""set_select"":{""selector"":""#world-stage-map-view"",""value"":""focus-areas""},""reduce_motion"":true,""filters"":""All types / All relations"",""note"":""Selecting scene starts an inspection hold; reduced motion avoids timed scene change during check.""}]",country-role,"[""/"",""/world-stage""]",1,Observed route-link graph plus recorded disclosure/fixture prerequisite,NLD,"Inspect the source, disagreement or supporting record identified here",semantic-dom-only,2 assertions: passed,DOM text/link check; visual composition covered by representative family only,Parent route structural check; not individual source/prose visual verification,verification.json#coverage,,,,KEEP rendered record; external source verification not inferred,B
"[{""route"":""/world-stage"",""local_state"":{""scene"":""focus-areas"",""country-role"":""JPN""}},{""route"":""/zh/world-stage"",""local_state"":{""scene"":""focus-areas"",""country-role"":""JPN""}}]",focus-areas:country-role:JPN,research/world-stage/scene-ledger.json,rendered public reference; see exposure/state,as listed in exposures,2026-08-02,"[{""set_select"":{""selector"":""#world-stage-map-view"",""value"":""focus-areas""},""reduce_motion"":true,""filters"":""All types / All relations"",""note"":""Selecting scene starts an inspection hold; reduced motion avoids timed scene change during check.""},{""set_select"":{""selector"":""#world-stage-map-view"",""value"":""focus-areas""},""reduce_motion"":true,""filters"":""All types / All relations"",""note"":""Selecting scene starts an inspection hold; reduced motion avoids timed scene change during check.""}]",country-role,"[""/"",""/world-stage""]",1,Observed route-link graph plus recorded disclosure/fixture prerequisite,JPN,"Inspect the source, disagreement or supporting record identified here",semantic-dom-only,2 assertions: passed,DOM text/link check; visual composition covered by representative family only,Parent route structural check; not individual source/prose visual verification,verification.json#coverage,,,,KEEP rendered record; external source verification not inferred,B
"[{""route"":""/world-stage"",""local_state"":{""scene"":""focus-areas"",""country-role"":""MYS""}},{""route"":""/zh/world-stage"",""local_state"":{""scene"":""focus-areas"",""country-role"":""MYS""}}]",focus-areas:country-role:MYS,research/world-stage/scene-ledger.json,rendered public reference; see exposure/state,as listed in exposures,2026-08-02,"[{""set_select"":{""selector"":""#world-stage-map-view"",""value"":""focus-areas""},""reduce_motion"":true,""filters"":""All types / All relations"",""note"":""Selecting scene starts an inspection hold; reduced motion avoids timed scene change during check.""},{""set_select"":{""selector"":""#world-stage-map-view"",""value"":""focus-areas""},""reduce_motion"":true,""filters"":""All types / All relations"",""note"":""Selecting scene starts an inspection hold; reduced motion avoids timed scene change during check.""}]",country-role,"[""/"",""/world-stage""]",1,Observed route-link graph plus recorded disclosure/fixture prerequisite,MYS,"Inspect the source, disagreement or supporting record identified here",semantic-dom-only,2 assertions: passed,DOM text/link check; visual composition covered by representative family only,Parent route structural check; not individual source/prose visual verification,verification.json#coverage,,,,KEEP rendered record; external source verification not inferred,B
"[{""route"":""/world-stage"",""local_state"":{""scene"":""focus-areas"",""country-role"":""DEU""}},{""route"":""/zh/world-stage"",""local_state"":{""scene"":""focus-areas"",""country-role"":""DEU""}}]",focus-areas:country-role:DEU,research/world-stage/scene-ledger.json,rendered public reference; see exposure/state,as listed in exposures,2026-08-02,"[{""set_select"":{""selector"":""#world-stage-map-view"",""value"":""focus-areas""},""reduce_motion"":true,""filters"":""All types / All relations"",""note"":""Selecting scene starts an inspection hold; reduced motion avoids timed scene change during check.""},{""set_select"":{""selector"":""#world-stage-map-view"",""value"":""focus-areas""},""reduce_motion"":true,""filters"":""All types / All relations"",""note"":""Selecting scene starts an inspection hold; reduced motion avoids timed scene change during check.""}]",country-role,"[""/"",""/world-stage""]",1,Observed route-link graph plus recorded disclosure/fixture prerequisite,DEU,"Inspect the source, disagreement or supporting record identified here",semantic-dom-only,2 assertions: passed,DOM text/link check; visual composition covered by representative family only,Parent route structural check; not individual source/prose visual verification,verification.json#coverage,,,,KEEP rendered record; external source verification not inferred,B
"[{""route"":""/world-stage"",""local_state"":{""scene"":""perspectives""}},{""route"":""/zh/world-stage"",""local_state"":{""scene"":""perspectives""}}]",perspectives,lib/world-stage/scenes.ts,rendered public reference; see exposure/state,as listed in exposures,2026-07-14,"[{""set_select"":{""selector"":""#world-stage-map-view"",""value"":""perspectives""},""reduce_motion"":true,""filters"":""All types / All relations"",""note"":""Selecting scene starts an inspection hold; reduced motion avoids timed scene change during check.""},{""set_select"":{""selector"":""#world-stage-map-view"",""value"":""perspectives""},""reduce_motion"":true,""filters"":""All types / All relations"",""note"":""Selecting scene starts an inspection hold; reduced motion avoids timed scene change during check.""}]",world-stage-scene,"[""/"",""/world-stage""]",1,Observed route-link graph plus recorded disclosure/fixture prerequisite,Beijing-centered regional-security lens,"Inspect the source, disagreement or supporting record identified here",semantic-dom-only,2 assertions: passed,DOM text/link check; visual composition covered by representative family only,Parent route structural check; not individual source/prose visual verification,verification.json#coverage,,,,KEEP rendered record; external source verification not inferred,B
"[{""route"":""/world-stage"",""local_state"":{""scene"":""perspectives"",""map-node"":""perspectives--n_cn_beijing""}},{""route"":""/zh/world-stage"",""local_state"":{""scene"":""perspectives"",""map-node"":""perspectives--n_cn_beijing""}}]",perspectives:map-node:perspectives--n_cn_beijing,research/world-stage/scene-ledger.json,rendered public reference; see exposure/state,as listed in exposures,2026-07-14,"[{""set_select"":{""selector"":""#world-stage-map-view"",""value"":""perspectives""},""reduce_motion"":true,""filters"":""All types / All relations"",""note"":""Selecting scene starts an inspection hold; reduced motion avoids timed scene change during check.""},{""set_select"":{""selector"":""#world-stage-map-view"",""value"":""perspectives""},""reduce_motion"":true,""filters"":""All types / All relations"",""note"":""Selecting scene starts an inspection hold; reduced motion avoids timed scene change during check.""}]",map-node,"[""/"",""/world-stage""]",1,Observed route-link graph plus recorded disclosure/fixture prerequisite,Beijing,"Inspect the source, disagreement or supporting record identified here",semantic-dom-only,2 assertions: passed,DOM text/link check; visual composition covered by representative family only,Parent route structural check; not individual source/prose visual verification,verification.json#coverage,,,,KEEP rendered record; external source verification not inferred,B
"[{""route"":""/world-stage"",""local_state"":{""scene"":""perspectives"",""map-node"":""perspectives--n_cn_nanjing""}},{""route"":""/zh/world-stage"",""local_state"":{""scene"":""perspectives"",""map-node"":""perspectives--n_cn_nanjing""}}]",perspectives:map-node:perspectives--n_cn_nanjing,research/world-stage/scene-ledger.json,rendered public reference; see exposure/state,as listed in exposures,2026-07-14,"[{""set_select"":{""selector"":""#world-stage-map-view"",""value"":""perspectives""},""reduce_motion"":true,""filters"":""All types / All relations"",""note"":""Selecting scene starts an inspection hold; reduced motion avoids timed scene change during check.""},{""set_select"":{""selector"":""#world-stage-map-view"",""value"":""perspectives""},""reduce_motion"":true,""filters"":""All types / All relations"",""note"":""Selecting scene starts an inspection hold; reduced motion avoids timed scene change during check.""}]",map-node,"[""/"",""/world-stage""]",1,Observed route-link graph plus recorded disclosure/fixture prerequisite,Eastern Theater command axis,"Inspect the source, disagreement or supporting record identified here",semantic-dom-only,2 assertions: passed,DOM text/link check; visual composition covered by representative family only,Parent route structural check; not individual source/prose visual verification,verification.json#coverage,,,,KEEP rendered record; external source verification not inferred,B
"[{""route"":""/world-stage"",""local_state"":{""scene"":""perspectives"",""map-node"":""perspectives--n_cn_zhanjiang""}},{""route"":""/zh/world-stage"",""local_state"":{""scene"":""perspectives"",""map-node"":""perspectives--n_cn_zhanjiang""}}]",perspectives:map-node:perspectives--n_cn_zhanjiang,research/world-stage/scene-ledger.json,rendered public reference; see exposure/state,as listed in exposures,2026-07-14,"[{""set_select"":{""selector"":""#world-stage-map-view"",""value"":""perspectives""},""reduce_motion"":true,""filters"":""All types / All relations"",""note"":""Selecting scene starts an inspection hold; reduced motion avoids timed scene change during check.""},{""set_select"":{""selector"":""#world-stage-map-view"",""value"":""perspectives""},""reduce_motion"":true,""filters"":""All types / All relations"",""note"":""Selecting scene starts an inspection hold; reduced motion avoids timed scene change during check.""}]",map-node,"[""/"",""/world-stage""]",1,Observed route-link graph plus recorded disclosure/fixture prerequisite,Zhanjiang,"Inspect the source, disagreement or supporting record identified here",semantic-dom-only,2 assertions: passed,DOM text/link check; visual composition covered by representative family only,Parent route structural check; not individual source/prose visual verification,verification.json#coverage,,,,KEEP rendered record; external source verification not inferred,B
"[{""route"":""/world-stage"",""local_state"":{""scene"":""perspectives"",""map-node"":""perspectives--n_cn_xiamen""}},{""route"":""/zh/world-stage"",""local_state"":{""scene"":""perspectives"",""map-node"":""perspectives--n_cn_xiamen""}}]",perspectives:map-node:perspectives--n_cn_xiamen,research/world-stage/scene-ledger.json,rendered public reference; see exposure/state,as listed in exposures,2026-07-14,"[{""set_select"":{""selector"":""#world-stage-map-view"",""value"":""perspectives""},""reduce_motion"":true,""filters"":""All types / All relations"",""note"":""Selecting scene starts an inspection hold; reduced motion avoids timed scene change during check.""},{""set_select"":{""selector"":""#world-stage-map-view"",""value"":""perspectives""},""reduce_motion"":true,""filters"":""All types / All relations"",""note"":""Selecting scene starts an inspection hold; reduced motion avoids timed scene change during check.""}]",map-node,"[""/"",""/world-stage""]",1,Observed route-link graph plus recorded disclosure/fixture prerequisite,Xiamen,"Inspect the source, disagreement or supporting record identified here",semantic-dom-only,2 assertions: passed,DOM text/link check; visual composition covered by representative family only,Parent route structural check; not individual source/prose visual verification,verification.json#coverage,,,,KEEP rendered record; external source verification not inferred,B
"[{""route"":""/world-stage"",""local_state"":{""scene"":""perspectives"",""map-node"":""perspectives--n_kh_ream""}},{""route"":""/zh/world-stage"",""local_state"":{""scene"":""perspectives"",""map-node"":""perspectives--n_kh_ream""}}]",perspectives:map-node:perspectives--n_kh_ream,research/world-stage/scene-ledger.json,rendered public reference; see exposure/state,as listed in exposures,2026-07-14,"[{""set_select"":{""selector"":""#world-stage-map-view"",""value"":""perspectives""},""reduce_motion"":true,""filters"":""All types / All relations"",""note"":""Selecting scene starts an inspection hold; reduced motion avoids timed scene change during check.""},{""set_select"":{""selector"":""#world-stage-map-view"",""value"":""perspectives""},""reduce_motion"":true,""filters"":""All types / All relations"",""note"":""Selecting scene starts an inspection hold; reduced motion avoids timed scene change during check.""}]",map-node,"[""/"",""/world-stage""]",1,Observed route-link graph plus recorded disclosure/fixture prerequisite,Ream Naval Base,"Inspect the source, disagreement or supporting record identified here",semantic-dom-only,2 assertions: passed,DOM text/link check; visual composition covered by representative family only,Parent route structural check; not individual source/prose visual verification,verification.json#coverage,,,,KEEP rendered record; external source verification not inferred,B
"[{""route"":""/world-stage"",""local_state"":{""scene"":""perspectives"",""map-node"":""perspectives--n_pk_gwadar""}},{""route"":""/zh/world-stage"",""local_state"":{""scene"":""perspectives"",""map-node"":""perspectives--n_pk_gwadar""}}]",perspectives:map-node:perspectives--n_pk_gwadar,research/world-stage/scene-ledger.json,rendered public reference; see exposure/state,as listed in exposures,2026-07-14,"[{""set_select"":{""selector"":""#world-stage-map-view"",""value"":""perspectives""},""reduce_motion"":true,""filters"":""All types / All relations"",""note"":""Selecting scene starts an inspection hold; reduced motion avoids timed scene change during check.""},{""set_select"":{""selector"":""#world-stage-map-view"",""value"":""perspectives""},""reduce_motion"":true,""filters"":""All types / All relations"",""note"":""Selecting scene starts an inspection hold; reduced motion avoids timed scene change during check.""}]",map-node,"[""/"",""/world-stage""]",1,Observed route-link graph plus recorded disclosure/fixture prerequisite,Gwadar,"Inspect the source, disagreement or supporting record identified here",semantic-dom-only,2 assertions: passed,DOM text/link check; visual composition covered by representative family only,Parent route structural check; not individual source/prose visual verification,verification.json#coverage,,,,KEEP rendered record; external source verification not inferred,B
"[{""route"":""/world-stage"",""local_state"":{""scene"":""perspectives"",""map-node"":""perspectives--n_ru_moscow""}},{""route"":""/zh/world-stage"",""local_state"":{""scene"":""perspectives"",""map-node"":""perspectives--n_ru_moscow""}}]",perspectives:map-node:perspectives--n_ru_moscow,research/world-stage/scene-ledger.json,rendered public reference; see exposure/state,as listed in exposures,2026-07-14,"[{""set_select"":{""selector"":""#world-stage-map-view"",""value"":""perspectives""},""reduce_motion"":true,""filters"":""All types / All relations"",""note"":""Selecting scene starts an inspection hold; reduced motion avoids timed scene change during check.""},{""set_select"":{""selector"":""#world-stage-map-view"",""value"":""perspectives""},""reduce_motion"":true,""filters"":""All types / All relations"",""note"":""Selecting scene starts an inspection hold; reduced motion avoids timed scene change during check.""}]",map-node,"[""/"",""/world-stage""]",1,Observed route-link graph plus recorded disclosure/fixture prerequisite,Moscow,"Inspect the source, disagreement or supporting record identified here",semantic-dom-only,2 assertions: passed,DOM text/link check; visual composition covered by representative family only,Parent route structural check; not individual source/prose visual verification,verification.json#coverage,,,,KEEP rendered record; external source verification not inferred,B
"[{""route"":""/world-stage"",""local_state"":{""scene"":""perspectives"",""map-node"":""perspectives--n_ph_manila_2""}},{""route"":""/zh/world-stage"",""local_state"":{""scene"":""perspectives"",""map-node"":""perspectives--n_ph_manila_2""}}]",perspectives:map-node:perspectives--n_ph_manila_2,research/world-stage/scene-ledger.json,rendered public reference; see exposure/state,as listed in exposures,2026-07-14,"[{""set_select"":{""selector"":""#world-stage-map-view"",""value"":""perspectives""},""reduce_motion"":true,""filters"":""All types / All relations"",""note"":""Selecting scene starts an inspection hold; reduced motion avoids timed scene change during check.""},{""set_select"":{""selector"":""#world-stage-map-view"",""value"":""perspectives""},""reduce_motion"":true,""filters"":""All types / All relations"",""note"":""Selecting scene starts an inspection hold; reduced motion avoids timed scene change during check.""}]",map-node,"[""/"",""/world-stage""]",1,Observed route-link graph plus recorded disclosure/fixture prerequisite,Manila,"Inspect the source, disagreement or supporting record identified here",semantic-dom-only,2 assertions: passed,DOM text/link check; visual composition covered by representative family only,Parent route structural check; not individual source/prose visual verification,verification.json#coverage,,,,KEEP rendered record; external source verification not inferred,B
"[{""route"":""/world-stage"",""local_state"":{""scene"":""perspectives"",""map-flow"":""perspectives--f_cn_ru_strategic""}},{""route"":""/zh/world-stage"",""local_state"":{""scene"":""perspectives"",""map-flow"":""perspectives--f_cn_ru_strategic""}}]",perspectives:map-flow:perspectives--f_cn_ru_strategic,research/world-stage/scene-ledger.json,rendered public reference; see exposure/state,as listed in exposures,2026-07-14,"[{""set_select"":{""selector"":""#world-stage-map-view"",""value"":""perspectives""},""reduce_motion"":true,""filters"":""All types / All relations"",""note"":""Selecting scene starts an inspection hold; reduced motion avoids timed scene change during check.""},{""set_select"":{""selector"":""#world-stage-map-view"",""value"":""perspectives""},""reduce_motion"":true,""filters"":""All types / All relations"",""note"":""Selecting scene starts an inspection hold; reduced motion avoids timed scene change during check.""}]",map-flow,"[""/"",""/world-stage""]",1,Observed route-link graph plus recorded disclosure/fixture prerequisite,Beijing-Moscow strategic coordination,"Inspect the source, disagreement or supporting record identified here",semantic-dom-only,2 assertions: passed,DOM text/link check; visual composition covered by representative family only,Parent route structural check; not individual source/prose visual verification,verification.json#coverage,,,,KEEP rendered record; external source verification not inferred,B
"[{""route"":""/world-stage"",""local_state"":{""scene"":""perspectives"",""map-flow"":""perspectives--f_cn_pk_cpec""}},{""route"":""/zh/world-stage"",""local_state"":{""scene"":""perspectives"",""map-flow"":""perspectives--f_cn_pk_cpec""}}]",perspectives:map-flow:perspectives--f_cn_pk_cpec,research/world-stage/scene-ledger.json,rendered public reference; see exposure/state,as listed in exposures,2026-07-14,"[{""set_select"":{""selector"":""#world-stage-map-view"",""value"":""perspectives""},""reduce_motion"":true,""filters"":""All types / All relations"",""note"":""Selecting scene starts an inspection hold; reduced motion avoids timed scene change during check.""},{""set_select"":{""selector"":""#world-stage-map-view"",""value"":""perspectives""},""reduce_motion"":true,""filters"":""All types / All relations"",""note"":""Selecting scene starts an inspection hold; reduced motion avoids timed scene change during check.""}]",map-flow,"[""/"",""/world-stage""]",1,Observed route-link graph plus recorded disclosure/fixture prerequisite,Beijing-Gwadar CPEC corridor,"Inspect the source, disagreement or supporting record identified here",semantic-dom-only,2 assertions: passed,DOM text/link check; visual composition covered by representative family only,Parent route structural check; not individual source/prose visual verification,verification.json#coverage,,,,KEEP rendered record; external source verification not inferred,B
"[{""route"":""/world-stage"",""local_state"":{""scene"":""perspectives"",""map-flow"":""perspectives--f_cn_kh_ream""}},{""route"":""/zh/world-stage"",""local_state"":{""scene"":""perspectives"",""map-flow"":""perspectives--f_cn_kh_ream""}}]",perspectives:map-flow:perspectives--f_cn_kh_ream,research/world-stage/scene-ledger.json,rendered public reference; see exposure/state,as listed in exposures,2026-07-14,"[{""set_select"":{""selector"":""#world-stage-map-view"",""value"":""perspectives""},""reduce_motion"":true,""filters"":""All types / All relations"",""note"":""Selecting scene starts an inspection hold; reduced motion avoids timed scene change during check.""},{""set_select"":{""selector"":""#world-stage-map-view"",""value"":""perspectives""},""reduce_motion"":true,""filters"":""All types / All relations"",""note"":""Selecting scene starts an inspection hold; reduced motion avoids timed scene change during check.""}]",map-flow,"[""/"",""/world-stage""]",1,Observed route-link graph plus recorded disclosure/fixture prerequisite,Beijing-Ream logistics and training link,"Inspect the source, disagreement or supporting record identified here",semantic-dom-only,2 assertions: passed,DOM text/link check; visual composition covered by representative family only,Parent route structural check; not individual source/prose visual verification,verification.json#coverage,,,,KEEP rendered record; external source verification not inferred,B
"[{""route"":""/world-stage"",""local_state"":{""scene"":""perspectives"",""map-flow"":""perspectives--f_cn_ph_bcm""}},{""route"":""/zh/world-stage"",""local_state"":{""scene"":""perspectives"",""map-flow"":""perspectives--f_cn_ph_bcm""}}]",perspectives:map-flow:perspectives--f_cn_ph_bcm,research/world-stage/scene-ledger.json,rendered public reference; see exposure/state,as listed in exposures,2026-07-14,"[{""set_select"":{""selector"":""#world-stage-map-view"",""value"":""perspectives""},""reduce_motion"":true,""filters"":""All types / All relations"",""note"":""Selecting scene starts an inspection hold; reduced motion avoids timed scene change during check.""},{""set_select"":{""selector"":""#world-stage-map-view"",""value"":""perspectives""},""reduce_motion"":true,""filters"":""All types / All relations"",""note"":""Selecting scene starts an inspection hold; reduced motion avoids timed scene change during check.""}]",map-flow,"[""/"",""/world-stage""]",1,Observed route-link graph plus recorded disclosure/fixture prerequisite,Xiamen-Manila South China Sea consultation channel,"Inspect the source, disagreement or supporting record identified here",semantic-dom-only,2 assertions: passed,DOM text/link check; visual composition covered by representative family only,Parent route structural check; not individual source/prose visual verification,verification.json#coverage,,,,KEEP rendered record; external source verification not inferred,B
"[{""route"":""/world-stage"",""local_state"":{""scene"":""perspectives"",""country-role"":""CHN""}},{""route"":""/zh/world-stage"",""local_state"":{""scene"":""perspectives"",""country-role"":""CHN""}}]",perspectives:country-role:CHN,research/world-stage/scene-ledger.json,rendered public reference; see exposure/state,as listed in exposures,2026-07-14,"[{""set_select"":{""selector"":""#world-stage-map-view"",""value"":""perspectives""},""reduce_motion"":true,""filters"":""All types / All relations"",""note"":""Selecting scene starts an inspection hold; reduced motion avoids timed scene change during check.""},{""set_select"":{""selector"":""#world-stage-map-view"",""value"":""perspectives""},""reduce_motion"":true,""filters"":""All types / All relations"",""note"":""Selecting scene starts an inspection hold; reduced motion avoids timed scene change during check.""}]",country-role,"[""/"",""/world-stage""]",1,Observed route-link graph plus recorded disclosure/fixture prerequisite,CHN,"Inspect the source, disagreement or supporting record identified here",semantic-dom-only,2 assertions: passed,DOM text/link check; visual composition covered by representative family only,Parent route structural check; not individual source/prose visual verification,verification.json#coverage,,,,KEEP rendered record; external source verification not inferred,B
"[{""route"":""/world-stage"",""local_state"":{""scene"":""perspectives"",""country-role"":""RUS""}},{""route"":""/zh/world-stage"",""local_state"":{""scene"":""perspectives"",""country-role"":""RUS""}}]",perspectives:country-role:RUS,research/world-stage/scene-ledger.json,rendered public reference; see exposure/state,as listed in exposures,2026-07-14,"[{""set_select"":{""selector"":""#world-stage-map-view"",""value"":""perspectives""},""reduce_motion"":true,""filters"":""All types / All relations"",""note"":""Selecting scene starts an inspection hold; reduced motion avoids timed scene change during check.""},{""set_select"":{""selector"":""#world-stage-map-view"",""value"":""perspectives""},""reduce_motion"":true,""filters"":""All types / All relations"",""note"":""Selecting scene starts an inspection hold; reduced motion avoids timed scene change during check.""}]",country-role,"[""/"",""/world-stage""]",1,Observed route-link graph plus recorded disclosure/fixture prerequisite,RUS,"Inspect the source, disagreement or supporting record identified here",semantic-dom-only,2 assertions: passed,DOM text/link check; visual composition covered by representative family only,Parent route structural check; not individual source/prose visual verification,verification.json#coverage,,,,KEEP rendered record; external source verification not inferred,B
"[{""route"":""/world-stage"",""local_state"":{""scene"":""perspectives"",""country-role"":""PAK""}},{""route"":""/zh/world-stage"",""local_state"":{""scene"":""perspectives"",""country-role"":""PAK""}}]",perspectives:country-role:PAK,research/world-stage/scene-ledger.json,rendered public reference; see exposure/state,as listed in exposures,2026-07-14,"[{""set_select"":{""selector"":""#world-stage-map-view"",""value"":""perspectives""},""reduce_motion"":true,""filters"":""All types / All relations"",""note"":""Selecting scene starts an inspection hold; reduced motion avoids timed scene change during check.""},{""set_select"":{""selector"":""#world-stage-map-view"",""value"":""perspectives""},""reduce_motion"":true,""filters"":""All types / All relations"",""note"":""Selecting scene starts an inspection hold; reduced motion avoids timed scene change during check.""}]",country-role,"[""/"",""/world-stage""]",1,Observed route-link graph plus recorded disclosure/fixture prerequisite,PAK,"Inspect the source, disagreement or supporting record identified here",semantic-dom-only,2 assertions: passed,DOM text/link check; visual composition covered by representative family only,Parent route structural check; not individual source/prose visual verification,verification.json#coverage,,,,KEEP rendered record; external source verification not inferred,B
"[{""route"":""/world-stage"",""local_state"":{""scene"":""perspectives"",""country-role"":""KHM""}},{""route"":""/zh/world-stage"",""local_state"":{""scene"":""perspectives"",""country-role"":""KHM""}}]",perspectives:country-role:KHM,research/world-stage/scene-ledger.json,rendered public reference; see exposure/state,as listed in exposures,2026-07-14,"[{""set_select"":{""selector"":""#world-stage-map-view"",""value"":""perspectives""},""reduce_motion"":true,""filters"":""All types / All relations"",""note"":""Selecting scene starts an inspection hold; reduced motion avoids timed scene change during check.""},{""set_select"":{""selector"":""#world-stage-map-view"",""value"":""perspectives""},""reduce_motion"":true,""filters"":""All types / All relations"",""note"":""Selecting scene starts an inspection hold; reduced motion avoids timed scene change during check.""}]",country-role,"[""/"",""/world-stage""]",1,Observed route-link graph plus recorded disclosure/fixture prerequisite,KHM,"Inspect the source, disagreement or supporting record identified here",semantic-dom-only,2 assertions: passed,DOM text/link check; visual composition covered by representative family only,Parent route structural check; not individual source/prose visual verification,verification.json#coverage,,,,KEEP rendered record; external source verification not inferred,B
"[{""route"":""/world-stage"",""local_state"":{""scene"":""perspectives"",""country-role"":""PHL""}},{""route"":""/zh/world-stage"",""local_state"":{""scene"":""perspectives"",""country-role"":""PHL""}}]",perspectives:country-role:PHL,research/world-stage/scene-ledger.json,rendered public reference; see exposure/state,as listed in exposures,2026-07-14,"[{""set_select"":{""selector"":""#world-stage-map-view"",""value"":""perspectives""},""reduce_motion"":true,""filters"":""All types / All relations"",""note"":""Selecting scene starts an inspection hold; reduced motion avoids timed scene change during check.""},{""set_select"":{""selector"":""#world-stage-map-view"",""value"":""perspectives""},""reduce_motion"":true,""filters"":""All types / All relations"",""note"":""Selecting scene starts an inspection hold; reduced motion avoids timed scene change during check.""}]",country-role,"[""/"",""/world-stage""]",1,Observed route-link graph plus recorded disclosure/fixture prerequisite,PHL,"Inspect the source, disagreement or supporting record identified here",semantic-dom-only,2 assertions: passed,DOM text/link check; visual composition covered by representative family only,Parent route structural check; not individual source/prose visual verification,verification.json#coverage,,,,KEEP rendered record; external source verification not inferred,B
"[{""route"":""/world-stage"",""local_state"":{""scene"":""perspectives"",""country-role"":""TWN""}},{""route"":""/zh/world-stage"",""local_state"":{""scene"":""perspectives"",""country-role"":""TWN""}}]",perspectives:country-role:TWN,research/world-stage/scene-ledger.json,rendered public reference; see exposure/state,as listed in exposures,2026-07-14,"[{""set_select"":{""selector"":""#world-stage-map-view"",""value"":""perspectives""},""reduce_motion"":true,""filters"":""All types / All relations"",""note"":""Selecting scene starts an inspection hold; reduced motion avoids timed scene change during check.""},{""set_select"":{""selector"":""#world-stage-map-view"",""value"":""perspectives""},""reduce_motion"":true,""filters"":""All types / All relations"",""note"":""Selecting scene starts an inspection hold; reduced motion avoids timed scene change during check.""}]",country-role,"[""/"",""/world-stage""]",1,Observed route-link graph plus recorded disclosure/fixture prerequisite,TWN,"Inspect the source, disagreement or supporting record identified here",semantic-dom-only,2 assertions: passed,DOM text/link check; visual composition covered by representative family only,Parent route structural check; not individual source/prose visual verification,verification.json#coverage,,,,KEEP rendered record; external source verification not inferred,B
"[{""route"":""/world-stage"",""local_state"":{""scene"":""perspectives"",""country-role"":""USA""}},{""route"":""/zh/world-stage"",""local_state"":{""scene"":""perspectives"",""country-role"":""USA""}}]",perspectives:country-role:USA,research/world-stage/scene-ledger.json,rendered public reference; see exposure/state,as listed in exposures,2026-07-14,"[{""set_select"":{""selector"":""#world-stage-map-view"",""value"":""perspectives""},""reduce_motion"":true,""filters"":""All types / All relations"",""note"":""Selecting scene starts an inspection hold; reduced motion avoids timed scene change during check.""},{""set_select"":{""selector"":""#world-stage-map-view"",""value"":""perspectives""},""reduce_motion"":true,""filters"":""All types / All relations"",""note"":""Selecting scene starts an inspection hold; reduced motion avoids timed scene change during check.""}]",country-role,"[""/"",""/world-stage""]",1,Observed route-link graph plus recorded disclosure/fixture prerequisite,USA,"Inspect the source, disagreement or supporting record identified here",semantic-dom-only,2 assertions: passed,DOM text/link check; visual composition covered by representative family only,Parent route structural check; not individual source/prose visual verification,verification.json#coverage,,,,KEEP rendered record; external source verification not inferred,B
"[{""route"":""/world-stage"",""local_state"":{""scene"":""worldview-map""}},{""route"":""/zh/world-stage"",""local_state"":{""scene"":""worldview-map""}}]",worldview-map,lib/world-stage/scenes.ts,rendered public reference; see exposure/state,as listed in exposures,2026-07-14,"[{""set_select"":{""selector"":""#world-stage-map-view"",""value"":""worldview-map""},""reduce_motion"":true,""filters"":""All types / All relations"",""note"":""Selecting scene starts an inspection hold; reduced motion avoids timed scene change during check.""},{""set_select"":{""selector"":""#world-stage-map-view"",""value"":""worldview-map""},""reduce_motion"":true,""filters"":""All types / All relations"",""note"":""Selecting scene starts an inspection hold; reduced motion avoids timed scene change during check.""}]",world-stage-scene,"[""/"",""/world-stage""]",1,Observed route-link graph plus recorded disclosure/fixture prerequisite,Middle-power hedging and nonalignment,"Inspect the source, disagreement or supporting record identified here",semantic-dom-only,2 assertions: passed,DOM text/link check; visual composition covered by representative family only,Parent route structural check; not individual source/prose visual verification,verification.json#coverage,,,,KEEP rendered record; external source verification not inferred,B
"[{""route"":""/world-stage"",""local_state"":{""scene"":""worldview-map"",""map-node"":""worldview-map--n_in_newdelhi""}},{""route"":""/zh/world-stage"",""local_state"":{""scene"":""worldview-map"",""map-node"":""worldview-map--n_in_newdelhi""}}]",worldview-map:map-node:worldview-map--n_in_newdelhi,research/world-stage/scene-ledger.json,rendered public reference; see exposure/state,as listed in exposures,2026-07-14,"[{""set_select"":{""selector"":""#world-stage-map-view"",""value"":""worldview-map""},""reduce_motion"":true,""filters"":""All types / All relations"",""note"":""Selecting scene starts an inspection hold; reduced motion avoids timed scene change during check.""},{""set_select"":{""selector"":""#world-stage-map-view"",""value"":""worldview-map""},""reduce_motion"":true,""filters"":""All types / All relations"",""note"":""Selecting scene starts an inspection hold; reduced motion avoids timed scene change during check.""}]",map-node,"[""/"",""/world-stage""]",1,Observed route-link graph plus recorded disclosure/fixture prerequisite,New Delhi,"Inspect the source, disagreement or supporting record identified here",semantic-dom-only,2 assertions: passed,DOM text/link check; visual composition covered by representative family only,Parent route structural check; not individual source/prose visual verification,verification.json#coverage,,,,KEEP rendered record; external source verification not inferred,B
"[{""route"":""/world-stage"",""local_state"":{""scene"":""worldview-map"",""map-node"":""worldview-map--n_id_jakarta""}},{""route"":""/zh/world-stage"",""local_state"":{""scene"":""worldview-map"",""map-node"":""worldview-map--n_id_jakarta""}}]",worldview-map:map-node:worldview-map--n_id_jakarta,research/world-stage/scene-ledger.json,rendered public reference; see exposure/state,as listed in exposures,2026-07-14,"[{""set_select"":{""selector"":""#world-stage-map-view"",""value"":""worldview-map""},""reduce_motion"":true,""filters"":""All types / All relations"",""note"":""Selecting scene starts an inspection hold; reduced motion avoids timed scene change during check.""},{""set_select"":{""selector"":""#world-stage-map-view"",""value"":""worldview-map""},""reduce_motion"":true,""filters"":""All types / All relations"",""note"":""Selecting scene starts an inspection hold; reduced motion avoids timed scene change during check.""}]",map-node,"[""/"",""/world-stage""]",1,Observed route-link graph plus recorded disclosure/fixture prerequisite,Jakarta,"Inspect the source, disagreement or supporting record identified here",semantic-dom-only,2 assertions: passed,DOM text/link check; visual composition covered by representative family only,Parent route structural check; not individual source/prose visual verification,verification.json#coverage,,,,KEEP rendered record; external source verification not inferred,B
"[{""route"":""/world-stage"",""local_state"":{""scene"":""worldview-map"",""map-node"":""worldview-map--n_asean_secretariat""}},{""route"":""/zh/world-stage"",""local_state"":{""scene"":""worldview-map"",""map-node"":""worldview-map--n_asean_secretariat""}}]",worldview-map:map-node:worldview-map--n_asean_secretariat,research/world-stage/scene-ledger.json,rendered public reference; see exposure/state,as listed in exposures,2026-07-14,"[{""set_select"":{""selector"":""#world-stage-map-view"",""value"":""worldview-map""},""reduce_motion"":true,""filters"":""All types / All relations"",""note"":""Selecting scene starts an inspection hold; reduced motion avoids timed scene change during check.""},{""set_select"":{""selector"":""#world-stage-map-view"",""value"":""worldview-map""},""reduce_motion"":true,""filters"":""All types / All relations"",""note"":""Selecting scene starts an inspection hold; reduced motion avoids timed scene change during check.""}]",map-node,"[""/"",""/world-stage""]",1,Observed route-link graph plus recorded disclosure/fixture prerequisite,ASEAN Secretariat,"Inspect the source, disagreement or supporting record identified here",semantic-dom-only,2 assertions: passed,DOM text/link check; visual composition covered by representative family only,Parent route structural check; not individual source/prose visual verification,verification.json#coverage,,,,KEEP rendered record; external source verification not inferred,B
"[{""route"":""/world-stage"",""local_state"":{""scene"":""worldview-map"",""map-node"":""worldview-map--n_vn_hanoi""}},{""route"":""/zh/world-stage"",""local_state"":{""scene"":""worldview-map"",""map-node"":""worldview-map--n_vn_hanoi""}}]",worldview-map:map-node:worldview-map--n_vn_hanoi,research/world-stage/scene-ledger.json,rendered public reference; see exposure/state,as listed in exposures,2026-07-14,"[{""set_select"":{""selector"":""#world-stage-map-view"",""value"":""worldview-map""},""reduce_motion"":true,""filters"":""All types / All relations"",""note"":""Selecting scene starts an inspection hold; reduced motion avoids timed scene change during check.""},{""set_select"":{""selector"":""#world-stage-map-view"",""value"":""worldview-map""},""reduce_motion"":true,""filters"":""All types / All relations"",""note"":""Selecting scene starts an inspection hold; reduced motion avoids timed scene change during check.""}]",map-node,"[""/"",""/world-stage""]",1,Observed route-link graph plus recorded disclosure/fixture prerequisite,Hanoi,"Inspect the source, disagreement or supporting record identified here",semantic-dom-only,2 assertions: passed,DOM text/link check; visual composition covered by representative family only,Parent route structural check; not individual source/prose visual verification,verification.json#coverage,,,,KEEP rendered record; external source verification not inferred,B
"[{""route"":""/world-stage"",""local_state"":{""scene"":""worldview-map"",""map-node"":""worldview-map--n_br_brasilia""}},{""route"":""/zh/world-stage"",""local_state"":{""scene"":""worldview-map"",""map-node"":""worldview-map--n_br_brasilia""}}]",worldview-map:map-node:worldview-map--n_br_brasilia,research/world-stage/scene-ledger.json,rendered public reference; see exposure/state,as listed in exposures,2026-07-14,"[{""set_select"":{""selector"":""#world-stage-map-view"",""value"":""worldview-map""},""reduce_motion"":true,""filters"":""All types / All relations"",""note"":""Selecting scene starts an inspection hold; reduced motion avoids timed scene change during check.""},{""set_select"":{""selector"":""#world-stage-map-view"",""value"":""worldview-map""},""reduce_motion"":true,""filters"":""All types / All relations"",""note"":""Selecting scene starts an inspection hold; reduced motion avoids timed scene change during check.""}]",map-node,"[""/"",""/world-stage""]",1,Observed route-link graph plus recorded disclosure/fixture prerequisite,Brasília,"Inspect the source, disagreement or supporting record identified here",semantic-dom-only,2 assertions: passed,DOM text/link check; visual composition covered by representative family only,Parent route structural check; not individual source/prose visual verification,verification.json#coverage,,,,KEEP rendered record; external source verification not inferred,B
"[{""route"":""/world-stage"",""local_state"":{""scene"":""worldview-map"",""map-node"":""worldview-map--n_br_rio""}},{""route"":""/zh/world-stage"",""local_state"":{""scene"":""worldview-map"",""map-node"":""worldview-map--n_br_rio""}}]",worldview-map:map-node:worldview-map--n_br_rio,research/world-stage/scene-ledger.json,rendered public reference; see exposure/state,as listed in exposures,2026-07-14,"[{""set_select"":{""selector"":""#world-stage-map-view"",""value"":""worldview-map""},""reduce_motion"":true,""filters"":""All types / All relations"",""note"":""Selecting scene starts an inspection hold; reduced motion avoids timed scene change during check.""},{""set_select"":{""selector"":""#world-stage-map-view"",""value"":""worldview-map""},""reduce_motion"":true,""filters"":""All types / All relations"",""note"":""Selecting scene starts an inspection hold; reduced motion avoids timed scene change during check.""}]",map-node,"[""/"",""/world-stage""]",1,Observed route-link graph plus recorded disclosure/fixture prerequisite,Rio de Janeiro,"Inspect the source, disagreement or supporting record identified here",semantic-dom-only,2 assertions: passed,DOM text/link check; visual composition covered by representative family only,Parent route structural check; not individual source/prose visual verification,verification.json#coverage,,,,KEEP rendered record; external source verification not inferred,B
"[{""route"":""/world-stage"",""local_state"":{""scene"":""worldview-map"",""map-node"":""worldview-map--n_sa_riyadh""}},{""route"":""/zh/world-stage"",""local_state"":{""scene"":""worldview-map"",""map-node"":""worldview-map--n_sa_riyadh""}}]",worldview-map:map-node:worldview-map--n_sa_riyadh,research/world-stage/scene-ledger.json,rendered public reference; see exposure/state,as listed in exposures,2026-07-14,"[{""set_select"":{""selector"":""#world-stage-map-view"",""value"":""worldview-map""},""reduce_motion"":true,""filters"":""All types / All relations"",""note"":""Selecting scene starts an inspection hold; reduced motion avoids timed scene change during check.""},{""set_select"":{""selector"":""#world-stage-map-view"",""value"":""worldview-map""},""reduce_motion"":true,""filters"":""All types / All relations"",""note"":""Selecting scene starts an inspection hold; reduced motion avoids timed scene change during check.""}]",map-node,"[""/"",""/world-stage""]",1,Observed route-link graph plus recorded disclosure/fixture prerequisite,Riyadh,"Inspect the source, disagreement or supporting record identified here",semantic-dom-only,2 assertions: passed,DOM text/link check; visual composition covered by representative family only,Parent route structural check; not individual source/prose visual verification,verification.json#coverage,,,,KEEP rendered record; external source verification not inferred,B
"[{""route"":""/world-stage"",""local_state"":{""scene"":""worldview-map"",""map-node"":""worldview-map--n_ae_abudhabi""}},{""route"":""/zh/world-stage"",""local_state"":{""scene"":""worldview-map"",""map-node"":""worldview-map--n_ae_abudhabi""}}]",worldview-map:map-node:worldview-map--n_ae_abudhabi,research/world-stage/scene-ledger.json,rendered public reference; see exposure/state,as listed in exposures,2026-07-14,"[{""set_select"":{""selector"":""#world-stage-map-view"",""value"":""worldview-map""},""reduce_motion"":true,""filters"":""All types / All relations"",""note"":""Selecting scene starts an inspection hold; reduced motion avoids timed scene change during check.""},{""set_select"":{""selector"":""#world-stage-map-view"",""value"":""worldview-map""},""reduce_motion"":true,""filters"":""All types / All relations"",""note"":""Selecting scene starts an inspection hold; reduced motion avoids timed scene change during check.""}]",map-node,"[""/"",""/world-stage""]",1,Observed route-link graph plus recorded disclosure/fixture prerequisite,Abu Dhabi,"Inspect the source, disagreement or supporting record identified here",semantic-dom-only,2 assertions: passed,DOM text/link check; visual composition covered by representative family only,Parent route structural check; not individual source/prose visual verification,verification.json#coverage,,,,KEEP rendered record; external source verification not inferred,B
"[{""route"":""/world-stage"",""local_state"":{""scene"":""worldview-map"",""country-role"":""IND""}},{""route"":""/zh/world-stage"",""local_state"":{""scene"":""worldview-map"",""country-role"":""IND""}}]",worldview-map:country-role:IND,research/world-stage/scene-ledger.json,rendered public reference; see exposure/state,as listed in exposures,2026-07-14,"[{""set_select"":{""selector"":""#world-stage-map-view"",""value"":""worldview-map""},""reduce_motion"":true,""filters"":""All types / All relations"",""note"":""Selecting scene starts an inspection hold; reduced motion avoids timed scene change during check.""},{""set_select"":{""selector"":""#world-stage-map-view"",""value"":""worldview-map""},""reduce_motion"":true,""filters"":""All types / All relations"",""note"":""Selecting scene starts an inspection hold; reduced motion avoids timed scene change during check.""}]",country-role,"[""/"",""/world-stage""]",1,Observed route-link graph plus recorded disclosure/fixture prerequisite,IND,"Inspect the source, disagreement or supporting record identified here",semantic-dom-only,2 assertions: passed,DOM text/link check; visual composition covered by representative family only,Parent route structural check; not individual source/prose visual verification,verification.json#coverage,,,,KEEP rendered record; external source verification not inferred,B
"[{""route"":""/world-stage"",""local_state"":{""scene"":""worldview-map"",""country-role"":""IDN""}},{""route"":""/zh/world-stage"",""local_state"":{""scene"":""worldview-map"",""country-role"":""IDN""}}]",worldview-map:country-role:IDN,research/world-stage/scene-ledger.json,rendered public reference; see exposure/state,as listed in exposures,2026-07-14,"[{""set_select"":{""selector"":""#world-stage-map-view"",""value"":""worldview-map""},""reduce_motion"":true,""filters"":""All types / All relations"",""note"":""Selecting scene starts an inspection hold; reduced motion avoids timed scene change during check.""},{""set_select"":{""selector"":""#world-stage-map-view"",""value"":""worldview-map""},""reduce_motion"":true,""filters"":""All types / All relations"",""note"":""Selecting scene starts an inspection hold; reduced motion avoids timed scene change during check.""}]",country-role,"[""/"",""/world-stage""]",1,Observed route-link graph plus recorded disclosure/fixture prerequisite,IDN,"Inspect the source, disagreement or supporting record identified here",semantic-dom-only,2 assertions: passed,DOM text/link check; visual composition covered by representative family only,Parent route structural check; not individual source/prose visual verification,verification.json#coverage,,,,KEEP rendered record; external source verification not inferred,B
"[{""route"":""/world-stage"",""local_state"":{""scene"":""worldview-map"",""country-role"":""VNM""}},{""route"":""/zh/world-stage"",""local_state"":{""scene"":""worldview-map"",""country-role"":""VNM""}}]",worldview-map:country-role:VNM,research/world-stage/scene-ledger.json,rendered public reference; see exposure/state,as listed in exposures,2026-07-14,"[{""set_select"":{""selector"":""#world-stage-map-view"",""value"":""worldview-map""},""reduce_motion"":true,""filters"":""All types / All relations"",""note"":""Selecting scene starts an inspection hold; reduced motion avoids timed scene change during check.""},{""set_select"":{""selector"":""#world-stage-map-view"",""value"":""worldview-map""},""reduce_motion"":true,""filters"":""All types / All relations"",""note"":""Selecting scene starts an inspection hold; reduced motion avoids timed scene change during check.""}]",country-role,"[""/"",""/world-stage""]",1,Observed route-link graph plus recorded disclosure/fixture prerequisite,VNM,"Inspect the source, disagreement or supporting record identified here",semantic-dom-only,2 assertions: passed,DOM text/link check; visual composition covered by representative family only,Parent route structural check; not individual source/prose visual verification,verification.json#coverage,,,,KEEP rendered record; external source verification not inferred,B
"[{""route"":""/world-stage"",""local_state"":{""scene"":""worldview-map"",""country-role"":""BRA""}},{""route"":""/zh/world-stage"",""local_state"":{""scene"":""worldview-map"",""country-role"":""BRA""}}]",worldview-map:country-role:BRA,research/world-stage/scene-ledger.json,rendered public reference; see exposure/state,as listed in exposures,2026-07-14,"[{""set_select"":{""selector"":""#world-stage-map-view"",""value"":""worldview-map""},""reduce_motion"":true,""filters"":""All types / All relations"",""note"":""Selecting scene starts an inspection hold; reduced motion avoids timed scene change during check.""},{""set_select"":{""selector"":""#world-stage-map-view"",""value"":""worldview-map""},""reduce_motion"":true,""filters"":""All types / All relations"",""note"":""Selecting scene starts an inspection hold; reduced motion avoids timed scene change during check.""}]",country-role,"[""/"",""/world-stage""]",1,Observed route-link graph plus recorded disclosure/fixture prerequisite,BRA,"Inspect the source, disagreement or supporting record identified here",semantic-dom-only,2 assertions: passed,DOM text/link check; visual composition covered by representative family only,Parent route structural check; not individual source/prose visual verification,verification.json#coverage,,,,KEEP rendered record; external source verification not inferred,B
"[{""route"":""/world-stage"",""local_state"":{""scene"":""worldview-map"",""country-role"":""SAU""}},{""route"":""/zh/world-stage"",""local_state"":{""scene"":""worldview-map"",""country-role"":""SAU""}}]",worldview-map:country-role:SAU,research/world-stage/scene-ledger.json,rendered public reference; see exposure/state,as listed in exposures,2026-07-14,"[{""set_select"":{""selector"":""#world-stage-map-view"",""value"":""worldview-map""},""reduce_motion"":true,""filters"":""All types / All relations"",""note"":""Selecting scene starts an inspection hold; reduced motion avoids timed scene change during check.""},{""set_select"":{""selector"":""#world-stage-map-view"",""value"":""worldview-map""},""reduce_motion"":true,""filters"":""All types / All relations"",""note"":""Selecting scene starts an inspection hold; reduced motion avoids timed scene change during check.""}]",country-role,"[""/"",""/world-stage""]",1,Observed route-link graph plus recorded disclosure/fixture prerequisite,SAU,"Inspect the source, disagreement or supporting record identified here",semantic-dom-only,2 assertions: passed,DOM text/link check; visual composition covered by representative family only,Parent route structural check; not individual source/prose visual verification,verification.json#coverage,,,,KEEP rendered record; external source verification not inferred,B
"[{""route"":""/world-stage"",""local_state"":{""scene"":""worldview-map"",""country-role"":""ARE""}},{""route"":""/zh/world-stage"",""local_state"":{""scene"":""worldview-map"",""country-role"":""ARE""}}]",worldview-map:country-role:ARE,research/world-stage/scene-ledger.json,rendered public reference; see exposure/state,as listed in exposures,2026-07-14,"[{""set_select"":{""selector"":""#world-stage-map-view"",""value"":""worldview-map""},""reduce_motion"":true,""filters"":""All types / All relations"",""note"":""Selecting scene starts an inspection hold; reduced motion avoids timed scene change during check.""},{""set_select"":{""selector"":""#world-stage-map-view"",""value"":""worldview-map""},""reduce_motion"":true,""filters"":""All types / All relations"",""note"":""Selecting scene starts an inspection hold; reduced motion avoids timed scene change during check.""}]",country-role,"[""/"",""/world-stage""]",1,Observed route-link graph plus recorded disclosure/fixture prerequisite,ARE,"Inspect the source, disagreement or supporting record identified here",semantic-dom-only,2 assertions: passed,DOM text/link check; visual composition covered by representative family only,Parent route structural check; not individual source/prose visual verification,verification.json#coverage,,,,KEEP rendered record; external source verification not inferred,B
"[{""route"":""/world-stage"",""local_state"":{""scene"":""futures""}},{""route"":""/zh/world-stage"",""local_state"":{""scene"":""futures""}}]",futures,lib/world-stage/scenes.ts,rendered public reference; see exposure/state,as listed in exposures,2026-07-14,"[{""set_select"":{""selector"":""#world-stage-map-view"",""value"":""futures""},""reduce_motion"":true,""filters"":""All types / All relations"",""note"":""Selecting scene starts an inspection hold; reduced motion avoids timed scene change during check.""},{""set_select"":{""selector"":""#world-stage-map-view"",""value"":""futures""},""reduce_motion"":true,""filters"":""All types / All relations"",""note"":""Selecting scene starts an inspection hold; reduced motion avoids timed scene change during check.""}]",world-stage-scene,"[""/"",""/world-stage""]",1,Observed route-link graph plus recorded disclosure/fixture prerequisite,"Frontier-AI compute, chips, cloud, research, and governance infrastructure","Inspect the source, disagreement or supporting record identified here",semantic-dom-only,2 assertions: passed,DOM text/link check; visual composition covered by representative family only,Parent route structural check; not individual source/prose visual verification,verification.json#coverage,,,,KEEP rendered record; external source verification not inferred,B
"[{""route"":""/world-stage"",""local_state"":{""scene"":""futures"",""map-node"":""futures--n_us_nova""}},{""route"":""/zh/world-stage"",""local_state"":{""scene"":""futures"",""map-node"":""futures--n_us_nova""}}]",futures:map-node:futures--n_us_nova,research/world-stage/scene-ledger.json,rendered public reference; see exposure/state,as listed in exposures,2026-07-14,"[{""set_select"":{""selector"":""#world-stage-map-view"",""value"":""futures""},""reduce_motion"":true,""filters"":""All types / All relations"",""note"":""Selecting scene starts an inspection hold; reduced motion avoids timed scene change during check.""},{""set_select"":{""selector"":""#world-stage-map-view"",""value"":""futures""},""reduce_motion"":true,""filters"":""All types / All relations"",""note"":""Selecting scene starts an inspection hold; reduced motion avoids timed scene change during check.""}]",map-node,"[""/"",""/world-stage""]",1,Observed route-link graph plus recorded disclosure/fixture prerequisite,Northern Virginia cloud belt,"Inspect the source, disagreement or supporting record identified here",semantic-dom-only,2 assertions: passed,DOM text/link check; visual composition covered by representative family only,Parent route structural check; not individual source/prose visual verification,verification.json#coverage,,,,KEEP rendered record; external source verification not inferred,B
"[{""route"":""/world-stage"",""local_state"":{""scene"":""futures"",""map-node"":""futures--n_us_santaclara""}},{""route"":""/zh/world-stage"",""local_state"":{""scene"":""futures"",""map-node"":""futures--n_us_santaclara""}}]",futures:map-node:futures--n_us_santaclara,research/world-stage/scene-ledger.json,rendered public reference; see exposure/state,as listed in exposures,2026-07-14,"[{""set_select"":{""selector"":""#world-stage-map-view"",""value"":""futures""},""reduce_motion"":true,""filters"":""All types / All relations"",""note"":""Selecting scene starts an inspection hold; reduced motion avoids timed scene change during check.""},{""set_select"":{""selector"":""#world-stage-map-view"",""value"":""futures""},""reduce_motion"":true,""filters"":""All types / All relations"",""note"":""Selecting scene starts an inspection hold; reduced motion avoids timed scene change during check.""}]",map-node,"[""/"",""/world-stage""]",1,Observed route-link graph plus recorded disclosure/fixture prerequisite,Santa Clara Bay Area AI hardware cluster,"Inspect the source, disagreement or supporting record identified here",semantic-dom-only,2 assertions: passed,DOM text/link check; visual composition covered by representative family only,Parent route structural check; not individual source/prose visual verification,verification.json#coverage,,,,KEEP rendered record; external source verification not inferred,B
"[{""route"":""/world-stage"",""local_state"":{""scene"":""futures"",""map-node"":""futures--n_us_washington_ai""}},{""route"":""/zh/world-stage"",""local_state"":{""scene"":""futures"",""map-node"":""futures--n_us_washington_ai""}}]",futures:map-node:futures--n_us_washington_ai,research/world-stage/scene-ledger.json,rendered public reference; see exposure/state,as listed in exposures,2026-07-14,"[{""set_select"":{""selector"":""#world-stage-map-view"",""value"":""futures""},""reduce_motion"":true,""filters"":""All types / All relations"",""note"":""Selecting scene starts an inspection hold; reduced motion avoids timed scene change during check.""},{""set_select"":{""selector"":""#world-stage-map-view"",""value"":""futures""},""reduce_motion"":true,""filters"":""All types / All relations"",""note"":""Selecting scene starts an inspection hold; reduced motion avoids timed scene change during check.""}]",map-node,"[""/"",""/world-stage""]",1,Observed route-link graph plus recorded disclosure/fixture prerequisite,"Washington, DC","Inspect the source, disagreement or supporting record identified here",semantic-dom-only,2 assertions: passed,DOM text/link check; visual composition covered by representative family only,Parent route structural check; not individual source/prose visual verification,verification.json#coverage,,,,KEEP rendered record; external source verification not inferred,B
"[{""route"":""/world-stage"",""local_state"":{""scene"":""futures"",""map-node"":""futures--n_tw_hsinchu_ai""}},{""route"":""/zh/world-stage"",""local_state"":{""scene"":""futures"",""map-node"":""futures--n_tw_hsinchu_ai""}}]",futures:map-node:futures--n_tw_hsinchu_ai,research/world-stage/scene-ledger.json,rendered public reference; see exposure/state,as listed in exposures,2026-07-14,"[{""set_select"":{""selector"":""#world-stage-map-view"",""value"":""futures""},""reduce_motion"":true,""filters"":""All types / All relations"",""note"":""Selecting scene starts an inspection hold; reduced motion avoids timed scene change during check.""},{""set_select"":{""selector"":""#world-stage-map-view"",""value"":""futures""},""reduce_motion"":true,""filters"":""All types / All relations"",""note"":""Selecting scene starts an inspection hold; reduced motion avoids timed scene change during check.""}]",map-node,"[""/"",""/world-stage""]",1,Observed route-link graph plus recorded disclosure/fixture prerequisite,Hsinchu-Tainan advanced fab axis,"Inspect the source, disagreement or supporting record identified here",semantic-dom-only,2 assertions: passed,DOM text/link check; visual composition covered by representative family only,Parent route structural check; not individual source/prose visual verification,verification.json#coverage,,,,KEEP rendered record; external source verification not inferred,B
"[{""route"":""/world-stage"",""local_state"":{""scene"":""futures"",""map-node"":""futures--n_kr_pyeongtaek_ai""}},{""route"":""/zh/world-stage"",""local_state"":{""scene"":""futures"",""map-node"":""futures--n_kr_pyeongtaek_ai""}}]",futures:map-node:futures--n_kr_pyeongtaek_ai,research/world-stage/scene-ledger.json,rendered public reference; see exposure/state,as listed in exposures,2026-07-14,"[{""set_select"":{""selector"":""#world-stage-map-view"",""value"":""futures""},""reduce_motion"":true,""filters"":""All types / All relations"",""note"":""Selecting scene starts an inspection hold; reduced motion avoids timed scene change during check.""},{""set_select"":{""selector"":""#world-stage-map-view"",""value"":""futures""},""reduce_motion"":true,""filters"":""All types / All relations"",""note"":""Selecting scene starts an inspection hold; reduced motion avoids timed scene change during check.""}]",map-node,"[""/"",""/world-stage""]",1,Observed route-link graph plus recorded disclosure/fixture prerequisite,Pyeongtaek memory complex,"Inspect the source, disagreement or supporting record identified here",semantic-dom-only,2 assertions: passed,DOM text/link check; visual composition covered by representative family only,Parent route structural check; not individual source/prose visual verification,verification.json#coverage,,,,KEEP rendered record; external source verification not inferred,B
"[{""route"":""/world-stage"",""local_state"":{""scene"":""futures"",""map-node"":""futures--n_nl_veldhoven_ai""}},{""route"":""/zh/world-stage"",""local_state"":{""scene"":""futures"",""map-node"":""futures--n_nl_veldhoven_ai""}}]",futures:map-node:futures--n_nl_veldhoven_ai,research/world-stage/scene-ledger.json,rendered public reference; see exposure/state,as listed in exposures,2026-07-14,"[{""set_select"":{""selector"":""#world-stage-map-view"",""value"":""futures""},""reduce_motion"":true,""filters"":""All types / All relations"",""note"":""Selecting scene starts an inspection hold; reduced motion avoids timed scene change during check.""},{""set_select"":{""selector"":""#world-stage-map-view"",""value"":""futures""},""reduce_motion"":true,""filters"":""All types / All relations"",""note"":""Selecting scene starts an inspection hold; reduced motion avoids timed scene change during check.""}]",map-node,"[""/"",""/world-stage""]",1,Observed route-link graph plus recorded disclosure/fixture prerequisite,ASML Veldhoven,"Inspect the source, disagreement or supporting record identified here",semantic-dom-only,2 assertions: passed,DOM text/link check; visual composition covered by representative family only,Parent route structural check; not individual source/prose visual verification,verification.json#coverage,,,,KEEP rendered record; external source verification not inferred,B
"[{""route"":""/world-stage"",""local_state"":{""scene"":""futures"",""map-node"":""futures--n_ae_abudhabi_ai""}},{""route"":""/zh/world-stage"",""local_state"":{""scene"":""futures"",""map-node"":""futures--n_ae_abudhabi_ai""}}]",futures:map-node:futures--n_ae_abudhabi_ai,research/world-stage/scene-ledger.json,rendered public reference; see exposure/state,as listed in exposures,2026-07-14,"[{""set_select"":{""selector"":""#world-stage-map-view"",""value"":""futures""},""reduce_motion"":true,""filters"":""All types / All relations"",""note"":""Selecting scene starts an inspection hold; reduced motion avoids timed scene change during check.""},{""set_select"":{""selector"":""#world-stage-map-view"",""value"":""futures""},""reduce_motion"":true,""filters"":""All types / All relations"",""note"":""Selecting scene starts an inspection hold; reduced motion avoids timed scene change during check.""}]",map-node,"[""/"",""/world-stage""]",1,Observed route-link graph plus recorded disclosure/fixture prerequisite,Abu Dhabi AI campus and research cluster,"Inspect the source, disagreement or supporting record identified here",semantic-dom-only,2 assertions: passed,DOM text/link check; visual composition covered by representative family only,Parent route structural check; not individual source/prose visual verification,verification.json#coverage,,,,KEEP rendered record; external source verification not inferred,B
"[{""route"":""/world-stage"",""local_state"":{""scene"":""futures"",""map-node"":""futures--n_gb_london_ai""}},{""route"":""/zh/world-stage"",""local_state"":{""scene"":""futures"",""map-node"":""futures--n_gb_london_ai""}}]",futures:map-node:futures--n_gb_london_ai,research/world-stage/scene-ledger.json,rendered public reference; see exposure/state,as listed in exposures,2026-07-14,"[{""set_select"":{""selector"":""#world-stage-map-view"",""value"":""futures""},""reduce_motion"":true,""filters"":""All types / All relations"",""note"":""Selecting scene starts an inspection hold; reduced motion avoids timed scene change during check.""},{""set_select"":{""selector"":""#world-stage-map-view"",""value"":""futures""},""reduce_motion"":true,""filters"":""All types / All relations"",""note"":""Selecting scene starts an inspection hold; reduced motion avoids timed scene change during check.""}]",map-node,"[""/"",""/world-stage""]",1,Observed route-link graph plus recorded disclosure/fixture prerequisite,London AI governance node,"Inspect the source, disagreement or supporting record identified here",semantic-dom-only,2 assertions: passed,DOM text/link check; visual composition covered by representative family only,Parent route structural check; not individual source/prose visual verification,verification.json#coverage,,,,KEEP rendered record; external source verification not inferred,B
"[{""route"":""/world-stage"",""local_state"":{""scene"":""futures"",""map-flow"":""futures--f_nl_tw_ai_tools""}},{""route"":""/zh/world-stage"",""local_state"":{""scene"":""futures"",""map-flow"":""futures--f_nl_tw_ai_tools""}}]",futures:map-flow:futures--f_nl_tw_ai_tools,research/world-stage/scene-ledger.json,rendered public reference; see exposure/state,as listed in exposures,2026-07-14,"[{""set_select"":{""selector"":""#world-stage-map-view"",""value"":""futures""},""reduce_motion"":true,""filters"":""All types / All relations"",""note"":""Selecting scene starts an inspection hold; reduced motion avoids timed scene change during check.""},{""set_select"":{""selector"":""#world-stage-map-view"",""value"":""futures""},""reduce_motion"":true,""filters"":""All types / All relations"",""note"":""Selecting scene starts an inspection hold; reduced motion avoids timed scene change during check.""}]",map-flow,"[""/"",""/world-stage""]",1,Observed route-link graph plus recorded disclosure/fixture prerequisite,Veldhoven to Taiwan fab bottleneck flow,"Inspect the source, disagreement or supporting record identified here",semantic-dom-only,2 assertions: passed,DOM text/link check; visual composition covered by representative family only,Parent route structural check; not individual source/prose visual verification,verification.json#coverage,,,,KEEP rendered record; external source verification not inferred,B
"[{""route"":""/world-stage"",""local_state"":{""scene"":""futures"",""map-flow"":""futures--f_tw_us_compute""}},{""route"":""/zh/world-stage"",""local_state"":{""scene"":""futures"",""map-flow"":""futures--f_tw_us_compute""}}]",futures:map-flow:futures--f_tw_us_compute,research/world-stage/scene-ledger.json,rendered public reference; see exposure/state,as listed in exposures,2026-07-14,"[{""set_select"":{""selector"":""#world-stage-map-view"",""value"":""futures""},""reduce_motion"":true,""filters"":""All types / All relations"",""note"":""Selecting scene starts an inspection hold; reduced motion avoids timed scene change during check.""},{""set_select"":{""selector"":""#world-stage-map-view"",""value"":""futures""},""reduce_motion"":true,""filters"":""All types / All relations"",""note"":""Selecting scene starts an inspection hold; reduced motion avoids timed scene change during check.""}]",map-flow,"[""/"",""/world-stage""]",1,Observed route-link graph plus recorded disclosure/fixture prerequisite,Taiwan fabs to U.S. cloud compute,"Inspect the source, disagreement or supporting record identified here",semantic-dom-only,2 assertions: passed,DOM text/link check; visual composition covered by representative family only,Parent route structural check; not individual source/prose visual verification,verification.json#coverage,,,,KEEP rendered record; external source verification not inferred,B
"[{""route"":""/world-stage"",""local_state"":{""scene"":""futures"",""map-flow"":""futures--f_us_design_to_cloud""}},{""route"":""/zh/world-stage"",""local_state"":{""scene"":""futures"",""map-flow"":""futures--f_us_design_to_cloud""}}]",futures:map-flow:futures--f_us_design_to_cloud,research/world-stage/scene-ledger.json,rendered public reference; see exposure/state,as listed in exposures,2026-07-14,"[{""set_select"":{""selector"":""#world-stage-map-view"",""value"":""futures""},""reduce_motion"":true,""filters"":""All types / All relations"",""note"":""Selecting scene starts an inspection hold; reduced motion avoids timed scene change during check.""},{""set_select"":{""selector"":""#world-stage-map-view"",""value"":""futures""},""reduce_motion"":true,""filters"":""All types / All relations"",""note"":""Selecting scene starts an inspection hold; reduced motion avoids timed scene change during check.""}]",map-flow,"[""/"",""/world-stage""]",1,Observed route-link graph plus recorded disclosure/fixture prerequisite,Bay Area hardware-design ecosystem to cloud deployment,"Inspect the source, disagreement or supporting record identified here",semantic-dom-only,2 assertions: passed,DOM text/link check; visual composition covered by representative family only,Parent route structural check; not individual source/prose visual verification,verification.json#coverage,,,,KEEP rendered record; external source verification not inferred,B
"[{""route"":""/world-stage"",""local_state"":{""scene"":""futures"",""map-flow"":""futures--f_ae_us_ai_finance_compute""}},{""route"":""/zh/world-stage"",""local_state"":{""scene"":""futures"",""map-flow"":""futures--f_ae_us_ai_finance_compute""}}]",futures:map-flow:futures--f_ae_us_ai_finance_compute,research/world-stage/scene-ledger.json,rendered public reference; see exposure/state,as listed in exposures,2026-07-14,"[{""set_select"":{""selector"":""#world-stage-map-view"",""value"":""futures""},""reduce_motion"":true,""filters"":""All types / All relations"",""note"":""Selecting scene starts an inspection hold; reduced motion avoids timed scene change during check.""},{""set_select"":{""selector"":""#world-stage-map-view"",""value"":""futures""},""reduce_motion"":true,""filters"":""All types / All relations"",""note"":""Selecting scene starts an inspection hold; reduced motion avoids timed scene change during check.""}]",map-flow,"[""/"",""/world-stage""]",1,Observed route-link graph plus recorded disclosure/fixture prerequisite,Abu Dhabi capital and compute partnership with U.S. stack,"Inspect the source, disagreement or supporting record identified here",semantic-dom-only,2 assertions: passed,DOM text/link check; visual composition covered by representative family only,Parent route structural check; not individual source/prose visual verification,verification.json#coverage,,,,KEEP rendered record; external source verification not inferred,B
"[{""route"":""/world-stage"",""local_state"":{""scene"":""futures"",""country-role"":""USA""}},{""route"":""/zh/world-stage"",""local_state"":{""scene"":""futures"",""country-role"":""USA""}}]",futures:country-role:USA,research/world-stage/scene-ledger.json,rendered public reference; see exposure/state,as listed in exposures,2026-07-14,"[{""set_select"":{""selector"":""#world-stage-map-view"",""value"":""futures""},""reduce_motion"":true,""filters"":""All types / All relations"",""note"":""Selecting scene starts an inspection hold; reduced motion avoids timed scene change during check.""},{""set_select"":{""selector"":""#world-stage-map-view"",""value"":""futures""},""reduce_motion"":true,""filters"":""All types / All relations"",""note"":""Selecting scene starts an inspection hold; reduced motion avoids timed scene change during check.""}]",country-role,"[""/"",""/world-stage""]",1,Observed route-link graph plus recorded disclosure/fixture prerequisite,USA,"Inspect the source, disagreement or supporting record identified here",semantic-dom-only,2 assertions: passed,DOM text/link check; visual composition covered by representative family only,Parent route structural check; not individual source/prose visual verification,verification.json#coverage,,,,KEEP rendered record; external source verification not inferred,B
"[{""route"":""/world-stage"",""local_state"":{""scene"":""futures"",""country-role"":""TWN""}},{""route"":""/zh/world-stage"",""local_state"":{""scene"":""futures"",""country-role"":""TWN""}}]",futures:country-role:TWN,research/world-stage/scene-ledger.json,rendered public reference; see exposure/state,as listed in exposures,2026-07-14,"[{""set_select"":{""selector"":""#world-stage-map-view"",""value"":""futures""},""reduce_motion"":true,""filters"":""All types / All relations"",""note"":""Selecting scene starts an inspection hold; reduced motion avoids timed scene change during check.""},{""set_select"":{""selector"":""#world-stage-map-view"",""value"":""futures""},""reduce_motion"":true,""filters"":""All types / All relations"",""note"":""Selecting scene starts an inspection hold; reduced motion avoids timed scene change during check.""}]",country-role,"[""/"",""/world-stage""]",1,Observed route-link graph plus recorded disclosure/fixture prerequisite,TWN,"Inspect the source, disagreement or supporting record identified here",semantic-dom-only,2 assertions: passed,DOM text/link check; visual composition covered by representative family only,Parent route structural check; not individual source/prose visual verification,verification.json#coverage,,,,KEEP rendered record; external source verification not inferred,B
"[{""route"":""/world-stage"",""local_state"":{""scene"":""futures"",""country-role"":""NLD""}},{""route"":""/zh/world-stage"",""local_state"":{""scene"":""futures"",""country-role"":""NLD""}}]",futures:country-role:NLD,research/world-stage/scene-ledger.json,rendered public reference; see exposure/state,as listed in exposures,2026-07-14,"[{""set_select"":{""selector"":""#world-stage-map-view"",""value"":""futures""},""reduce_motion"":true,""filters"":""All types / All relations"",""note"":""Selecting scene starts an inspection hold; reduced motion avoids timed scene change during check.""},{""set_select"":{""selector"":""#world-stage-map-view"",""value"":""futures""},""reduce_motion"":true,""filters"":""All types / All relations"",""note"":""Selecting scene starts an inspection hold; reduced motion avoids timed scene change during check.""}]",country-role,"[""/"",""/world-stage""]",1,Observed route-link graph plus recorded disclosure/fixture prerequisite,NLD,"Inspect the source, disagreement or supporting record identified here",semantic-dom-only,2 assertions: passed,DOM text/link check; visual composition covered by representative family only,Parent route structural check; not individual source/prose visual verification,verification.json#coverage,,,,KEEP rendered record; external source verification not inferred,B
"[{""route"":""/world-stage"",""local_state"":{""scene"":""futures"",""country-role"":""KOR""}},{""route"":""/zh/world-stage"",""local_state"":{""scene"":""futures"",""country-role"":""KOR""}}]",futures:country-role:KOR,research/world-stage/scene-ledger.json,rendered public reference; see exposure/state,as listed in exposures,2026-07-14,"[{""set_select"":{""selector"":""#world-stage-map-view"",""value"":""futures""},""reduce_motion"":true,""filters"":""All types / All relations"",""note"":""Selecting scene starts an inspection hold; reduced motion avoids timed scene change during check.""},{""set_select"":{""selector"":""#world-stage-map-view"",""value"":""futures""},""reduce_motion"":true,""filters"":""All types / All relations"",""note"":""Selecting scene starts an inspection hold; reduced motion avoids timed scene change during check.""}]",country-role,"[""/"",""/world-stage""]",1,Observed route-link graph plus recorded disclosure/fixture prerequisite,KOR,"Inspect the source, disagreement or supporting record identified here",semantic-dom-only,2 assertions: passed,DOM text/link check; visual composition covered by representative family only,Parent route structural check; not individual source/prose visual verification,verification.json#coverage,,,,KEEP rendered record; external source verification not inferred,B
"[{""route"":""/world-stage"",""local_state"":{""scene"":""futures"",""country-role"":""ARE""}},{""route"":""/zh/world-stage"",""local_state"":{""scene"":""futures"",""country-role"":""ARE""}}]",futures:country-role:ARE,research/world-stage/scene-ledger.json,rendered public reference; see exposure/state,as listed in exposures,2026-07-14,"[{""set_select"":{""selector"":""#world-stage-map-view"",""value"":""futures""},""reduce_motion"":true,""filters"":""All types / All relations"",""note"":""Selecting scene starts an inspection hold; reduced motion avoids timed scene change during check.""},{""set_select"":{""selector"":""#world-stage-map-view"",""value"":""futures""},""reduce_motion"":true,""filters"":""All types / All relations"",""note"":""Selecting scene starts an inspection hold; reduced motion avoids timed scene change during check.""}]",country-role,"[""/"",""/world-stage""]",1,Observed route-link graph plus recorded disclosure/fixture prerequisite,ARE,"Inspect the source, disagreement or supporting record identified here",semantic-dom-only,2 assertions: passed,DOM text/link check; visual composition covered by representative family only,Parent route structural check; not individual source/prose visual verification,verification.json#coverage,,,,KEEP rendered record; external source verification not inferred,B
"[{""route"":""/world-stage"",""local_state"":{""scene"":""futures"",""country-role"":""GBR""}},{""route"":""/zh/world-stage"",""local_state"":{""scene"":""futures"",""country-role"":""GBR""}}]",futures:country-role:GBR,research/world-stage/scene-ledger.json,rendered public reference; see exposure/state,as listed in exposures,2026-07-14,"[{""set_select"":{""selector"":""#world-stage-map-view"",""value"":""futures""},""reduce_motion"":true,""filters"":""All types / All relations"",""note"":""Selecting scene starts an inspection hold; reduced motion avoids timed scene change during check.""},{""set_select"":{""selector"":""#world-stage-map-view"",""value"":""futures""},""reduce_motion"":true,""filters"":""All types / All relations"",""note"":""Selecting scene starts an inspection hold; reduced motion avoids timed scene change during check.""}]",country-role,"[""/"",""/world-stage""]",1,Observed route-link graph plus recorded disclosure/fixture prerequisite,GBR,"Inspect the source, disagreement or supporting record identified here",semantic-dom-only,2 assertions: passed,DOM text/link check; visual composition covered by representative family only,Parent route structural check; not individual source/prose visual verification,verification.json#coverage,,,,KEEP rendered record; external source verification not inferred,B
"[{""route"":""/explore/reference/john-mearsheimer"",""anchor"":""evidence-securityCompetition""}]",john-mearsheimer:dimension:securityCompetition,lib/reference-profiles/catalog.ts,rendered public reference; see exposure/state,as listed in exposures,2,"[""default document"",{""open_details"":""#evidence-securityCompetition""},{""open_details"":""#evidence-securityCompetition""},{""open_details"":""#evidence-securityCompetition""},{""open_details"":""#evidence-securityCompetition""},""default document""]",reference-dimension-evidence,"[""/"",""/explore"",""/explore/reference/john-mearsheimer""]",2,Observed route-link graph plus recorded disclosure/fixture prerequisite,securityCompetition,"Inspect the source, disagreement or supporting record identified here",visible,6 assertions: passed,DOM text/link check; visual composition covered by representative family only,Parent route structural check; not individual source/prose visual verification,verification.json#coverage,,,,KEEP rendered record; external source verification not inferred,B
"[{""route"":""/explore/reference/john-mearsheimer"",""anchor"":""evidence-institutions""}]",john-mearsheimer:dimension:institutions,lib/reference-profiles/catalog.ts,rendered public reference; see exposure/state,as listed in exposures,2,"[""default document"",{""open_details"":""#evidence-institutions""},{""open_details"":""#evidence-institutions""},{""open_details"":""#evidence-institutions""},""default document""]",reference-dimension-evidence,"[""/"",""/explore"",""/explore/reference/john-mearsheimer""]",2,Observed route-link graph plus recorded disclosure/fixture prerequisite,institutions,"Inspect the source, disagreement or supporting record identified here",visible,5 assertions: passed,DOM text/link check; visual composition covered by representative family only,Parent route structural check; not individual source/prose visual verification,verification.json#coverage,,,,KEEP rendered record; external source verification not inferred,B
"[{""route"":""/explore/reference/john-mearsheimer"",""anchor"":""evidence-domesticFilters""}]",john-mearsheimer:dimension:domesticFilters,lib/reference-profiles/catalog.ts,rendered public reference; see exposure/state,as listed in exposures,2,"[""default document"",{""open_details"":""#evidence-domesticFilters""},{""open_details"":""#evidence-domesticFilters""},{""open_details"":""#evidence-domesticFilters""},""default document""]",reference-dimension-evidence,"[""/"",""/explore"",""/explore/reference/john-mearsheimer""]",2,Observed route-link graph plus recorded disclosure/fixture prerequisite,domesticFilters,"Inspect the source, disagreement or supporting record identified here",visible,5 assertions: passed,DOM text/link check; visual composition covered by representative family only,Parent route structural check; not individual source/prose visual verification,verification.json#coverage,,,,KEEP rendered record; external source verification not inferred,B
"[{""route"":""/explore/reference/john-mearsheimer"",""anchor"":""evidence-normsIdentity""}]",john-mearsheimer:dimension:normsIdentity,lib/reference-profiles/catalog.ts,rendered public reference; see exposure/state,as listed in exposures,2,"[""default document"",{""open_details"":""#evidence-normsIdentity""},{""open_details"":""#evidence-normsIdentity""},{""open_details"":""#evidence-normsIdentity""},""default document""]",reference-dimension-evidence,"[""/"",""/explore"",""/explore/reference/john-mearsheimer""]",2,Observed route-link graph plus recorded disclosure/fixture prerequisite,normsIdentity,"Inspect the source, disagreement or supporting record identified here",visible,5 assertions: passed,DOM text/link check; visual composition covered by representative family only,Parent route structural check; not individual source/prose visual verification,verification.json#coverage,,,,KEEP rendered record; external source verification not inferred,B
"[{""route"":""/explore/reference/john-mearsheimer"",""anchor"":""evidence-politicalEconomy""}]",john-mearsheimer:dimension:politicalEconomy,lib/reference-profiles/catalog.ts,rendered public reference; see exposure/state,as listed in exposures,2,"[""default document"",{""open_details"":""#evidence-politicalEconomy""},{""open_details"":""#evidence-politicalEconomy""},{""open_details"":""#evidence-politicalEconomy""},""default document""]",reference-dimension-evidence,"[""/"",""/explore"",""/explore/reference/john-mearsheimer""]",2,Observed route-link graph plus recorded disclosure/fixture prerequisite,politicalEconomy,"Inspect the source, disagreement or supporting record identified here",visible,5 assertions: passed,DOM text/link check; visual composition covered by representative family only,Parent route structural check; not individual source/prose visual verification,verification.json#coverage,,,,KEEP rendered record; external source verification not inferred,B
"[{""route"":""/explore/reference/john-mearsheimer"",""anchor"":""evidence-restraint""}]",john-mearsheimer:dimension:restraint,lib/reference-profiles/catalog.ts,rendered public reference; see exposure/state,as listed in exposures,2,"[""default document"",{""open_details"":""#evidence-restraint""},{""open_details"":""#evidence-restraint""},""default document""]",reference-dimension-evidence,"[""/"",""/explore"",""/explore/reference/john-mearsheimer""]",2,Observed route-link graph plus recorded disclosure/fixture prerequisite,restraint,"Inspect the source, disagreement or supporting record identified here",visible,4 assertions: passed,DOM text/link check; visual composition covered by representative family only,Parent route structural check; not individual source/prose visual verification,verification.json#coverage,,,,KEEP rendered record; external source verification not inferred,B
"[{""route"":""/explore/reference/john-mearsheimer"",""anchor"":""evidence-orderJustice""}]",john-mearsheimer:dimension:orderJustice,lib/reference-profiles/catalog.ts,rendered public reference; see exposure/state,as listed in exposures,2,"[""default document"",{""open_details"":""#evidence-orderJustice""},{""open_details"":""#evidence-orderJustice""},{""open_details"":""#evidence-orderJustice""},{""open_details"":""#evidence-orderJustice""},""default document""]",reference-dimension-evidence,"[""/"",""/explore"",""/explore/reference/john-mearsheimer""]",2,Observed route-link graph plus recorded disclosure/fixture prerequisite,orderJustice,"Inspect the source, disagreement or supporting record identified here",visible,6 assertions: passed,DOM text/link check; visual composition covered by representative family only,Parent route structural check; not individual source/prose visual verification,verification.json#coverage,,,,KEEP rendered record; external source verification not inferred,B
"[{""route"":""/explore/reference/john-mearsheimer"",""anchor"":""reference-revisions-heading""}]",john-mearsheimer:revision:1,lib/reference-profiles/catalog.ts,rendered public reference; see exposure/state,as listed in exposures,1,"[""default document""]",reference-revision,"[""/"",""/explore"",""/explore/reference/john-mearsheimer""]",2,Observed route-link graph plus recorded disclosure/fixture prerequisite,Created as a non-public research draft.,"Inspect the source, disagreement or supporting record identified here",visible,1 assertions: passed,DOM text/link check; visual composition covered by representative family only,Parent route structural check; not individual source/prose visual verification,verification.json#coverage,,,,KEEP rendered record; external source verification not inferred,B
"[{""route"":""/explore/reference/john-mearsheimer"",""anchor"":""reference-revisions-heading""}]",john-mearsheimer:revision:2,lib/reference-profiles/catalog.ts,rendered public reference; see exposure/state,as listed in exposures,2,"[""default document""]",reference-revision,"[""/"",""/explore"",""/explore/reference/john-mearsheimer""]",2,Observed route-link graph plus recorded disclosure/fixture prerequisite,Published after second-person evidence review against the approved source pack.,"Inspect the source, disagreement or supporting record identified here",visible,1 assertions: passed,DOM text/link check; visual composition covered by representative family only,Parent route structural check; not individual source/prose visual verification,verification.json#coverage,,,,KEEP rendered record; external source verification not inferred,B
"[{""route"":""/explore/reference/robert-keohane"",""anchor"":""evidence-securityCompetition""}]",robert-keohane:dimension:securityCompetition,lib/reference-profiles/catalog.ts,rendered public reference; see exposure/state,as listed in exposures,2,"[""default document"",{""open_details"":""#evidence-securityCompetition""},{""open_details"":""#evidence-securityCompetition""},{""open_details"":""#evidence-securityCompetition""},""default document""]",reference-dimension-evidence,"[""/"",""/explore"",""/explore/reference/robert-keohane""]",2,Observed route-link graph plus recorded disclosure/fixture prerequisite,securityCompetition,"Inspect the source, disagreement or supporting record identified here",visible,5 assertions: passed,DOM text/link check; visual composition covered by representative family only,Parent route structural check; not individual source/prose visual verification,verification.json#coverage,,,,KEEP rendered record; external source verification not inferred,B
"[{""route"":""/explore/reference/robert-keohane"",""anchor"":""evidence-institutions""}]",robert-keohane:dimension:institutions,lib/reference-profiles/catalog.ts,rendered public reference; see exposure/state,as listed in exposures,2,"[""default document"",{""open_details"":""#evidence-institutions""},{""open_details"":""#evidence-institutions""},{""open_details"":""#evidence-institutions""},{""open_details"":""#evidence-institutions""},""default document""]",reference-dimension-evidence,"[""/"",""/explore"",""/explore/reference/robert-keohane""]",2,Observed route-link graph plus recorded disclosure/fixture prerequisite,institutions,"Inspect the source, disagreement or supporting record identified here",visible,6 assertions: passed,DOM text/link check; visual composition covered by representative family only,Parent route structural check; not individual source/prose visual verification,verification.json#coverage,,,,KEEP rendered record; external source verification not inferred,B
"[{""route"":""/explore/reference/robert-keohane"",""anchor"":""evidence-domesticFilters""}]",robert-keohane:dimension:domesticFilters,lib/reference-profiles/catalog.ts,rendered public reference; see exposure/state,as listed in exposures,2,"[""default document"",{""open_details"":""#evidence-domesticFilters""},{""open_details"":""#evidence-domesticFilters""},""default document""]",reference-dimension-evidence,"[""/"",""/explore"",""/explore/reference/robert-keohane""]",2,Observed route-link graph plus recorded disclosure/fixture prerequisite,domesticFilters,"Inspect the source, disagreement or supporting record identified here",visible,4 assertions: passed,DOM text/link check; visual composition covered by representative family only,Parent route structural check; not individual source/prose visual verification,verification.json#coverage,,,,KEEP rendered record; external source verification not inferred,B
"[{""route"":""/explore/reference/robert-keohane"",""anchor"":""evidence-normsIdentity""}]",robert-keohane:dimension:normsIdentity,lib/reference-profiles/catalog.ts,rendered public reference; see exposure/state,as listed in exposures,2,"[""default document"",{""open_details"":""#evidence-normsIdentity""},{""open_details"":""#evidence-normsIdentity""},{""open_details"":""#evidence-normsIdentity""},""default document""]",reference-dimension-evidence,"[""/"",""/explore"",""/explore/reference/robert-keohane""]",2,Observed route-link graph plus recorded disclosure/fixture prerequisite,normsIdentity,"Inspect the source, disagreement or supporting record identified here",visible,5 assertions: passed,DOM text/link check; visual composition covered by representative family only,Parent route structural check; not individual source/prose visual verification,verification.json#coverage,,,,KEEP rendered record; external source verification not inferred,B
"[{""route"":""/explore/reference/robert-keohane"",""anchor"":""evidence-politicalEconomy""}]",robert-keohane:dimension:politicalEconomy,lib/reference-profiles/catalog.ts,rendered public reference; see exposure/state,as listed in exposures,2,"[""default document"",{""open_details"":""#evidence-politicalEconomy""},{""open_details"":""#evidence-politicalEconomy""},{""open_details"":""#evidence-politicalEconomy""},""default document""]",reference-dimension-evidence,"[""/"",""/explore"",""/explore/reference/robert-keohane""]",2,Observed route-link graph plus recorded disclosure/fixture prerequisite,politicalEconomy,"Inspect the source, disagreement or supporting record identified here",visible,5 assertions: passed,DOM text/link check; visual composition covered by representative family only,Parent route structural check; not individual source/prose visual verification,verification.json#coverage,,,,KEEP rendered record; external source verification not inferred,B
"[{""route"":""/explore/reference/robert-keohane"",""anchor"":""evidence-restraint""}]",robert-keohane:dimension:restraint,lib/reference-profiles/catalog.ts,rendered public reference; see exposure/state,as listed in exposures,2,"[""default document"",{""open_details"":""#evidence-restraint""},{""open_details"":""#evidence-restraint""},{""open_details"":""#evidence-restraint""},""default document""]",reference-dimension-evidence,"[""/"",""/explore"",""/explore/reference/robert-keohane""]",2,Observed route-link graph plus recorded disclosure/fixture prerequisite,restraint,"Inspect the source, disagreement or supporting record identified here",visible,5 assertions: passed,DOM text/link check; visual composition covered by representative family only,Parent route structural check; not individual source/prose visual verification,verification.json#coverage,,,,KEEP rendered record; external source verification not inferred,B
"[{""route"":""/explore/reference/robert-keohane"",""anchor"":""evidence-orderJustice""}]",robert-keohane:dimension:orderJustice,lib/reference-profiles/catalog.ts,rendered public reference; see exposure/state,as listed in exposures,2,"[""default document"",{""open_details"":""#evidence-orderJustice""},{""open_details"":""#evidence-orderJustice""},""default document""]",reference-dimension-evidence,"[""/"",""/explore"",""/explore/reference/robert-keohane""]",2,Observed route-link graph plus recorded disclosure/fixture prerequisite,orderJustice,"Inspect the source, disagreement or supporting record identified here",visible,4 assertions: passed,DOM text/link check; visual composition covered by representative family only,Parent route structural check; not individual source/prose visual verification,verification.json#coverage,,,,KEEP rendered record; external source verification not inferred,B
"[{""route"":""/explore/reference/robert-keohane"",""anchor"":""reference-revisions-heading""}]",robert-keohane:revision:1,lib/reference-profiles/catalog.ts,rendered public reference; see exposure/state,as listed in exposures,1,"[""default document""]",reference-revision,"[""/"",""/explore"",""/explore/reference/robert-keohane""]",2,Observed route-link graph plus recorded disclosure/fixture prerequisite,Created as a non-public research draft.,"Inspect the source, disagreement or supporting record identified here",visible,1 assertions: passed,DOM text/link check; visual composition covered by representative family only,Parent route structural check; not individual source/prose visual verification,verification.json#coverage,,,,KEEP rendered record; external source verification not inferred,B
"[{""route"":""/explore/reference/robert-keohane"",""anchor"":""reference-revisions-heading""}]",robert-keohane:revision:2,lib/reference-profiles/catalog.ts,rendered public reference; see exposure/state,as listed in exposures,2,"[""default document""]",reference-revision,"[""/"",""/explore"",""/explore/reference/robert-keohane""]",2,Observed route-link graph plus recorded disclosure/fixture prerequisite,Published after second-person evidence review against the approved source pack.,"Inspect the source, disagreement or supporting record identified here",visible,1 assertions: passed,DOM text/link check; visual composition covered by representative family only,Parent route structural check; not individual source/prose visual verification,verification.json#coverage,,,,KEEP rendered record; external source verification not inferred,B
"[{""route"":""/explore/reference/alexander-wendt"",""anchor"":""evidence-securityCompetition""}]",alexander-wendt:dimension:securityCompetition,lib/reference-profiles/catalog.ts,rendered public reference; see exposure/state,as listed in exposures,2,"[""default document"",{""open_details"":""#evidence-securityCompetition""},{""open_details"":""#evidence-securityCompetition""},{""open_details"":""#evidence-securityCompetition""},""default document""]",reference-dimension-evidence,"[""/"",""/explore"",""/explore/reference/alexander-wendt""]",2,Observed route-link graph plus recorded disclosure/fixture prerequisite,securityCompetition,"Inspect the source, disagreement or supporting record identified here",visible,5 assertions: passed,DOM text/link check; visual composition covered by representative family only,Parent route structural check; not individual source/prose visual verification,verification.json#coverage,,,,KEEP rendered record; external source verification not inferred,B
"[{""route"":""/explore/reference/alexander-wendt"",""anchor"":""evidence-institutions""}]",alexander-wendt:dimension:institutions,lib/reference-profiles/catalog.ts,rendered public reference; see exposure/state,as listed in exposures,2,"[""default document"",{""open_details"":""#evidence-institutions""},{""open_details"":""#evidence-institutions""},{""open_details"":""#evidence-institutions""},{""open_details"":""#evidence-institutions""},""default document""]",reference-dimension-evidence,"[""/"",""/explore"",""/explore/reference/alexander-wendt""]",2,Observed route-link graph plus recorded disclosure/fixture prerequisite,institutions,"Inspect the source, disagreement or supporting record identified here",visible,6 assertions: passed,DOM text/link check; visual composition covered by representative family only,Parent route structural check; not individual source/prose visual verification,verification.json#coverage,,,,KEEP rendered record; external source verification not inferred,B
"[{""route"":""/explore/reference/alexander-wendt"",""anchor"":""evidence-domesticFilters""}]",alexander-wendt:dimension:domesticFilters,lib/reference-profiles/catalog.ts,rendered public reference; see exposure/state,as listed in exposures,2,"[""default document"",{""open_details"":""#evidence-domesticFilters""},{""open_details"":""#evidence-domesticFilters""},""default document""]",reference-dimension-evidence,"[""/"",""/explore"",""/explore/reference/alexander-wendt""]",2,Observed route-link graph plus recorded disclosure/fixture prerequisite,domesticFilters,"Inspect the source, disagreement or supporting record identified here",visible,4 assertions: passed,DOM text/link check; visual composition covered by representative family only,Parent route structural check; not individual source/prose visual verification,verification.json#coverage,,,,KEEP rendered record; external source verification not inferred,B
"[{""route"":""/explore/reference/alexander-wendt"",""anchor"":""evidence-normsIdentity""}]",alexander-wendt:dimension:normsIdentity,lib/reference-profiles/catalog.ts,rendered public reference; see exposure/state,as listed in exposures,2,"[""default document"",{""open_details"":""#evidence-normsIdentity""},{""open_details"":""#evidence-normsIdentity""},{""open_details"":""#evidence-normsIdentity""},{""open_details"":""#evidence-normsIdentity""},""default document""]",reference-dimension-evidence,"[""/"",""/explore"",""/explore/reference/alexander-wendt""]",2,Observed route-link graph plus recorded disclosure/fixture prerequisite,normsIdentity,"Inspect the source, disagreement or supporting record identified here",visible,6 assertions: passed,DOM text/link check; visual composition covered by representative family only,Parent route structural check; not individual source/prose visual verification,verification.json#coverage,,,,KEEP rendered record; external source verification not inferred,B
"[{""route"":""/explore/reference/alexander-wendt"",""anchor"":""evidence-restraint""}]",alexander-wendt:dimension:restraint,lib/reference-profiles/catalog.ts,rendered public reference; see exposure/state,as listed in exposures,2,"[""default document"",{""open_details"":""#evidence-restraint""},{""open_details"":""#evidence-restraint""},{""open_details"":""#evidence-restraint""},""default document""]",reference-dimension-evidence,"[""/"",""/explore"",""/explore/reference/alexander-wendt""]",2,Observed route-link graph plus recorded disclosure/fixture prerequisite,restraint,"Inspect the source, disagreement or supporting record identified here",visible,5 assertions: passed,DOM text/link check; visual composition covered by representative family only,Parent route structural check; not individual source/prose visual verification,verification.json#coverage,,,,KEEP rendered record; external source verification not inferred,B
"[{""route"":""/explore/reference/alexander-wendt"",""anchor"":""evidence-orderJustice""}]",alexander-wendt:dimension:orderJustice,lib/reference-profiles/catalog.ts,rendered public reference; see exposure/state,as listed in exposures,2,"[""default document"",{""open_details"":""#evidence-orderJustice""},{""open_details"":""#evidence-orderJustice""},{""open_details"":""#evidence-orderJustice""},{""open_details"":""#evidence-orderJustice""},""default document""]",reference-dimension-evidence,"[""/"",""/explore"",""/explore/reference/alexander-wendt""]",2,Observed route-link graph plus recorded disclosure/fixture prerequisite,orderJustice,"Inspect the source, disagreement or supporting record identified here",visible,6 assertions: passed,DOM text/link check; visual composition covered by representative family only,Parent route structural check; not individual source/prose visual verification,verification.json#coverage,,,,KEEP rendered record; external source verification not inferred,B
"[{""route"":""/explore/reference/alexander-wendt"",""anchor"":""reference-revisions-heading""}]",alexander-wendt:revision:1,lib/reference-profiles/catalog.ts,rendered public reference; see exposure/state,as listed in exposures,1,"[""default document""]",reference-revision,"[""/"",""/explore"",""/explore/reference/alexander-wendt""]",2,Observed route-link graph plus recorded disclosure/fixture prerequisite,Imported as a reading-card research draft with one uncoded dimension.,"Inspect the source, disagreement or supporting record identified here",visible,1 assertions: passed,DOM text/link check; visual composition covered by representative family only,Parent route structural check; not individual source/prose visual verification,verification.json#coverage,,,,KEEP rendered record; external source verification not inferred,B
"[{""route"":""/explore/reference/alexander-wendt"",""anchor"":""reference-revisions-heading""}]",alexander-wendt:revision:2,lib/reference-profiles/catalog.ts,rendered public reference; see exposure/state,as listed in exposures,2,"[""default document""]",reference-revision,"[""/"",""/explore"",""/explore/reference/alexander-wendt""]",2,Observed route-link graph plus recorded disclosure/fixture prerequisite,Published after second-person evidence review against the approved source pack.,"Inspect the source, disagreement or supporting record identified here",visible,1 assertions: passed,DOM text/link check; visual composition covered by representative family only,Parent route structural check; not individual source/prose visual verification,verification.json#coverage,,,,KEEP rendered record; external source verification not inferred,B
"[{""route"":""/explore/reference/susan-strange"",""anchor"":""evidence-securityCompetition""}]",susan-strange:dimension:securityCompetition,lib/reference-profiles/catalog.ts,rendered public reference; see exposure/state,as listed in exposures,2,"[""default document"",{""open_details"":""#evidence-securityCompetition""},{""open_details"":""#evidence-securityCompetition""},""default document""]",reference-dimension-evidence,"[""/"",""/explore"",""/explore/reference/susan-strange""]",2,Observed route-link graph plus recorded disclosure/fixture prerequisite,securityCompetition,"Inspect the source, disagreement or supporting record identified here",visible,4 assertions: passed,DOM text/link check; visual composition covered by representative family only,Parent route structural check; not individual source/prose visual verification,verification.json#coverage,,,,KEEP rendered record; external source verification not inferred,B
"[{""route"":""/explore/reference/susan-strange"",""anchor"":""evidence-institutions""}]",susan-strange:dimension:institutions,lib/reference-profiles/catalog.ts,rendered public reference; see exposure/state,as listed in exposures,2,"[""default document"",{""open_details"":""#evidence-institutions""},{""open_details"":""#evidence-institutions""},""default document""]",reference-dimension-evidence,"[""/"",""/explore"",""/explore/reference/susan-strange""]",2,Observed route-link graph plus recorded disclosure/fixture prerequisite,institutions,"Inspect the source, disagreement or supporting record identified here",visible,4 assertions: passed,DOM text/link check; visual composition covered by representative family only,Parent route structural check; not individual source/prose visual verification,verification.json#coverage,,,,KEEP rendered record; external source verification not inferred,B
"[{""route"":""/explore/reference/susan-strange"",""anchor"":""evidence-domesticFilters""}]",susan-strange:dimension:domesticFilters,lib/reference-profiles/catalog.ts,rendered public reference; see exposure/state,as listed in exposures,2,"[""default document"",{""open_details"":""#evidence-domesticFilters""},{""open_details"":""#evidence-domesticFilters""},""default document""]",reference-dimension-evidence,"[""/"",""/explore"",""/explore/reference/susan-strange""]",2,Observed route-link graph plus recorded disclosure/fixture prerequisite,domesticFilters,"Inspect the source, disagreement or supporting record identified here",visible,4 assertions: passed,DOM text/link check; visual composition covered by representative family only,Parent route structural check; not individual source/prose visual verification,verification.json#coverage,,,,KEEP rendered record; external source verification not inferred,B
"[{""route"":""/explore/reference/susan-strange"",""anchor"":""evidence-normsIdentity""}]",susan-strange:dimension:normsIdentity,lib/reference-profiles/catalog.ts,rendered public reference; see exposure/state,as listed in exposures,2,"[""default document"",{""open_details"":""#evidence-normsIdentity""},{""open_details"":""#evidence-normsIdentity""},""default document""]",reference-dimension-evidence,"[""/"",""/explore"",""/explore/reference/susan-strange""]",2,Observed route-link graph plus recorded disclosure/fixture prerequisite,normsIdentity,"Inspect the source, disagreement or supporting record identified here",visible,4 assertions: passed,DOM text/link check; visual composition covered by representative family only,Parent route structural check; not individual source/prose visual verification,verification.json#coverage,,,,KEEP rendered record; external source verification not inferred,B
"[{""route"":""/explore/reference/susan-strange"",""anchor"":""evidence-politicalEconomy""}]",susan-strange:dimension:politicalEconomy,lib/reference-profiles/catalog.ts,rendered public reference; see exposure/state,as listed in exposures,2,"[""default document"",{""open_details"":""#evidence-politicalEconomy""},{""open_details"":""#evidence-politicalEconomy""},{""open_details"":""#evidence-politicalEconomy""},{""open_details"":""#evidence-politicalEconomy""},""default document""]",reference-dimension-evidence,"[""/"",""/explore"",""/explore/reference/susan-strange""]",2,Observed route-link graph plus recorded disclosure/fixture prerequisite,politicalEconomy,"Inspect the source, disagreement or supporting record identified here",visible,6 assertions: passed,DOM text/link check; visual composition covered by representative family only,Parent route structural check; not individual source/prose visual verification,verification.json#coverage,,,,KEEP rendered record; external source verification not inferred,B
"[{""route"":""/explore/reference/susan-strange"",""anchor"":""evidence-restraint""}]",susan-strange:dimension:restraint,lib/reference-profiles/catalog.ts,rendered public reference; see exposure/state,as listed in exposures,2,"[""default document"",{""open_details"":""#evidence-restraint""},{""open_details"":""#evidence-restraint""},""default document""]",reference-dimension-evidence,"[""/"",""/explore"",""/explore/reference/susan-strange""]",2,Observed route-link graph plus recorded disclosure/fixture prerequisite,restraint,"Inspect the source, disagreement or supporting record identified here",visible,4 assertions: passed,DOM text/link check; visual composition covered by representative family only,Parent route structural check; not individual source/prose visual verification,verification.json#coverage,,,,KEEP rendered record; external source verification not inferred,B
"[{""route"":""/explore/reference/susan-strange"",""anchor"":""evidence-orderJustice""}]",susan-strange:dimension:orderJustice,lib/reference-profiles/catalog.ts,rendered public reference; see exposure/state,as listed in exposures,2,"[""default document"",{""open_details"":""#evidence-orderJustice""},{""open_details"":""#evidence-orderJustice""},{""open_details"":""#evidence-orderJustice""},""default document""]",reference-dimension-evidence,"[""/"",""/explore"",""/explore/reference/susan-strange""]",2,Observed route-link graph plus recorded disclosure/fixture prerequisite,orderJustice,"Inspect the source, disagreement or supporting record identified here",visible,5 assertions: passed,DOM text/link check; visual composition covered by representative family only,Parent route structural check; not individual source/prose visual verification,verification.json#coverage,,,,KEEP rendered record; external source verification not inferred,B
"[{""route"":""/explore/reference/susan-strange"",""anchor"":""reference-revisions-heading""}]",susan-strange:revision:1,lib/reference-profiles/catalog.ts,rendered public reference; see exposure/state,as listed in exposures,1,"[""default document""]",reference-revision,"[""/"",""/explore"",""/explore/reference/susan-strange""]",2,Observed route-link graph plus recorded disclosure/fixture prerequisite,Created as a non-public research draft.,"Inspect the source, disagreement or supporting record identified here",visible,1 assertions: passed,DOM text/link check; visual composition covered by representative family only,Parent route structural check; not individual source/prose visual verification,verification.json#coverage,,,,KEEP rendered record; external source verification not inferred,B
"[{""route"":""/explore/reference/susan-strange"",""anchor"":""reference-revisions-heading""}]",susan-strange:revision:2,lib/reference-profiles/catalog.ts,rendered public reference; see exposure/state,as listed in exposures,2,"[""default document""]",reference-revision,"[""/"",""/explore"",""/explore/reference/susan-strange""]",2,Observed route-link graph plus recorded disclosure/fixture prerequisite,Published after second-person evidence review against the approved source pack.,"Inspect the source, disagreement or supporting record identified here",visible,1 assertions: passed,DOM text/link check; visual composition covered by representative family only,Parent route structural check; not individual source/prose visual verification,verification.json#coverage,,,,KEEP rendered record; external source verification not inferred,B
"[{""route"":""/explore/reference/john-mearsheimer"",""locator"":""source ID S1""},{""route"":""/zh/explore/reference/john-mearsheimer"",""locator"":""source ID S1""}]",reference-source:S1,lib/reference-profiles/catalog.ts,rendered public reference; see exposure/state,as listed in exposures,2,"[""default document"",""default document""]",reference-source-record,"[""/"",""/explore"",""/explore/reference/john-mearsheimer""]",2,Observed route-link graph plus recorded disclosure/fixture prerequisite,The False Promise of International Institutions,"Inspect the source, disagreement or supporting record identified here",visible,2 assertions: passed,DOM text/link check; visual composition covered by representative family only,Parent route structural check; not individual source/prose visual verification,verification.json#coverage,,,,KEEP rendered record; external source verification not inferred,B
"[{""route"":""/explore/reference/john-mearsheimer"",""locator"":""source ID S2""},{""route"":""/zh/explore/reference/john-mearsheimer"",""locator"":""source ID S2""}]",reference-source:S2,lib/reference-profiles/catalog.ts,rendered public reference; see exposure/state,as listed in exposures,2,"[""default document"",""default document""]",reference-source-record,"[""/"",""/explore"",""/explore/reference/john-mearsheimer""]",2,Observed route-link graph plus recorded disclosure/fixture prerequisite,Bound to Fail: The Rise and Fall of the Liberal International Order,"Inspect the source, disagreement or supporting record identified here",visible,2 assertions: passed,DOM text/link check; visual composition covered by representative family only,Parent route structural check; not individual source/prose visual verification,verification.json#coverage,,,,KEEP rendered record; external source verification not inferred,B
"[{""route"":""/explore/reference/john-mearsheimer"",""locator"":""source ID S3""},{""route"":""/zh/explore/reference/john-mearsheimer"",""locator"":""source ID S3""}]",reference-source:S3,lib/reference-profiles/catalog.ts,rendered public reference; see exposure/state,as listed in exposures,2,"[""default document"",""default document""]",reference-source-record,"[""/"",""/explore"",""/explore/reference/john-mearsheimer""]",2,Observed route-link graph plus recorded disclosure/fixture prerequisite,The Case for Offshore Balancing,"Inspect the source, disagreement or supporting record identified here",visible,2 assertions: passed,DOM text/link check; visual composition covered by representative family only,Parent route structural check; not individual source/prose visual verification,verification.json#coverage,,,,KEEP rendered record; external source verification not inferred,B
"[{""route"":""/explore/reference/john-mearsheimer"",""locator"":""source ID S4""},{""route"":""/zh/explore/reference/john-mearsheimer"",""locator"":""source ID S4""}]",reference-source:S4,lib/reference-profiles/catalog.ts,rendered public reference; see exposure/state,as listed in exposures,2,"[""default document"",""default document""]",reference-source-record,"[""/"",""/explore"",""/explore/reference/john-mearsheimer""]",2,Observed route-link graph plus recorded disclosure/fixture prerequisite,Liberalism and Nationalism in Contemporary America,"Inspect the source, disagreement or supporting record identified here",visible,2 assertions: passed,DOM text/link check; visual composition covered by representative family only,Parent route structural check; not individual source/prose visual verification,verification.json#coverage,,,,KEEP rendered record; external source verification not inferred,B
"[{""route"":""/explore/reference/robert-keohane"",""locator"":""source ID S5""},{""route"":""/zh/explore/reference/robert-keohane"",""locator"":""source ID S5""}]",reference-source:S5,lib/reference-profiles/catalog.ts,rendered public reference; see exposure/state,as listed in exposures,2,"[""default document"",""default document""]",reference-source-record,"[""/"",""/explore"",""/explore/reference/robert-keohane""]",2,Observed route-link graph plus recorded disclosure/fixture prerequisite,After Hegemony: Cooperation and Discord in the World Political Economy,"Inspect the source, disagreement or supporting record identified here",visible,2 assertions: passed,DOM text/link check; visual composition covered by representative family only,Parent route structural check; not individual source/prose visual verification,verification.json#coverage,,,,KEEP rendered record; external source verification not inferred,B
"[{""route"":""/explore/reference/robert-keohane"",""locator"":""source ID S6""},{""route"":""/zh/explore/reference/robert-keohane"",""locator"":""source ID S6""}]",reference-source:S6,lib/reference-profiles/catalog.ts,rendered public reference; see exposure/state,as listed in exposures,2,"[""default document"",""default document""]",reference-source-record,"[""/"",""/explore"",""/explore/reference/robert-keohane""]",2,Observed route-link graph plus recorded disclosure/fixture prerequisite,International Institutions: Two Approaches,"Inspect the source, disagreement or supporting record identified here",visible,2 assertions: passed,DOM text/link check; visual composition covered by representative family only,Parent route structural check; not individual source/prose visual verification,verification.json#coverage,,,,KEEP rendered record; external source verification not inferred,B
"[{""route"":""/explore/reference/robert-keohane"",""locator"":""source ID S7""},{""route"":""/zh/explore/reference/robert-keohane"",""locator"":""source ID S7""}]",reference-source:S7,lib/reference-profiles/catalog.ts,rendered public reference; see exposure/state,as listed in exposures,2,"[""default document"",""default document""]",reference-source-record,"[""/"",""/explore"",""/explore/reference/robert-keohane""]",2,Observed route-link graph plus recorded disclosure/fixture prerequisite,International Institutions: Can Interdependence Work?,"Inspect the source, disagreement or supporting record identified here",visible,2 assertions: passed,DOM text/link check; visual composition covered by representative family only,Parent route structural check; not individual source/prose visual verification,verification.json#coverage,,,,KEEP rendered record; external source verification not inferred,B
"[{""route"":""/explore/reference/robert-keohane"",""locator"":""source ID S8""},{""route"":""/zh/explore/reference/robert-keohane"",""locator"":""source ID S8""}]",reference-source:S8,lib/reference-profiles/catalog.ts,rendered public reference; see exposure/state,as listed in exposures,2,"[""default document"",""default document""]",reference-source-record,"[""/"",""/explore"",""/explore/reference/robert-keohane""]",2,Observed route-link graph plus recorded disclosure/fixture prerequisite,Governance in a Partially Globalized World,"Inspect the source, disagreement or supporting record identified here",visible,2 assertions: passed,DOM text/link check; visual composition covered by representative family only,Parent route structural check; not individual source/prose visual verification,verification.json#coverage,,,,KEEP rendered record; external source verification not inferred,B
"[{""route"":""/explore/reference/alexander-wendt"",""locator"":""source ID S9""},{""route"":""/zh/explore/reference/alexander-wendt"",""locator"":""source ID S9""}]",reference-source:S9,lib/reference-profiles/catalog.ts,rendered public reference; see exposure/state,as listed in exposures,2,"[""default document"",""default document""]",reference-source-record,"[""/"",""/explore"",""/explore/reference/alexander-wendt""]",2,Observed route-link graph plus recorded disclosure/fixture prerequisite,Anarchy is What States Make of It: The Social Construction of Power Politics,"Inspect the source, disagreement or supporting record identified here",visible,2 assertions: passed,DOM text/link check; visual composition covered by representative family only,Parent route structural check; not individual source/prose visual verification,verification.json#coverage,,,,KEEP rendered record; external source verification not inferred,B
"[{""route"":""/explore/reference/alexander-wendt"",""locator"":""source ID S10""},{""route"":""/zh/explore/reference/alexander-wendt"",""locator"":""source ID S10""}]",reference-source:S10,lib/reference-profiles/catalog.ts,rendered public reference; see exposure/state,as listed in exposures,2,"[""default document"",""default document""]",reference-source-record,"[""/"",""/explore"",""/explore/reference/alexander-wendt""]",2,Observed route-link graph plus recorded disclosure/fixture prerequisite,Social Theory of International Politics,"Inspect the source, disagreement or supporting record identified here",visible,2 assertions: passed,DOM text/link check; visual composition covered by representative family only,Parent route structural check; not individual source/prose visual verification,verification.json#coverage,,,,KEEP rendered record; external source verification not inferred,B
"[{""route"":""/explore/reference/alexander-wendt"",""locator"":""source ID S11""},{""route"":""/zh/explore/reference/alexander-wendt"",""locator"":""source ID S11""}]",reference-source:S11,lib/reference-profiles/catalog.ts,rendered public reference; see exposure/state,as listed in exposures,2,"[""default document"",""default document""]",reference-source-record,"[""/"",""/explore"",""/explore/reference/alexander-wendt""]",2,Observed route-link graph plus recorded disclosure/fixture prerequisite,Collective Identity Formation and the International State,"Inspect the source, disagreement or supporting record identified here",visible,2 assertions: passed,DOM text/link check; visual composition covered by representative family only,Parent route structural check; not individual source/prose visual verification,verification.json#coverage,,,,KEEP rendered record; external source verification not inferred,B
"[{""route"":""/explore/reference/susan-strange"",""locator"":""source ID S12""},{""route"":""/zh/explore/reference/susan-strange"",""locator"":""source ID S12""}]",reference-source:S12,lib/reference-profiles/catalog.ts,rendered public reference; see exposure/state,as listed in exposures,2,"[""default document"",""default document""]",reference-source-record,"[""/"",""/explore"",""/explore/reference/susan-strange""]",2,Observed route-link graph plus recorded disclosure/fixture prerequisite,States and Markets,"Inspect the source, disagreement or supporting record identified here",visible,2 assertions: passed,DOM text/link check; visual composition covered by representative family only,Parent route structural check; not individual source/prose visual verification,verification.json#coverage,,,,KEEP rendered record; external source verification not inferred,B
"[{""route"":""/explore/reference/susan-strange"",""locator"":""source ID S13""},{""route"":""/zh/explore/reference/susan-strange"",""locator"":""source ID S13""}]",reference-source:S13,lib/reference-profiles/catalog.ts,rendered public reference; see exposure/state,as listed in exposures,2,"[""default document"",""default document""]",reference-source-record,"[""/"",""/explore"",""/explore/reference/susan-strange""]",2,Observed route-link graph plus recorded disclosure/fixture prerequisite,The Retreat of the State: The Diffusion of Power in the World Economy,"Inspect the source, disagreement or supporting record identified here",visible,2 assertions: passed,DOM text/link check; visual composition covered by representative family only,Parent route structural check; not individual source/prose visual verification,verification.json#coverage,,,,KEEP rendered record; external source verification not inferred,B
"[{""route"":""/explore/reference/susan-strange"",""locator"":""source ID S14""},{""route"":""/zh/explore/reference/susan-strange"",""locator"":""source ID S14""}]",reference-source:S14,lib/reference-profiles/catalog.ts,rendered public reference; see exposure/state,as listed in exposures,2,"[""default document"",""default document""]",reference-source-record,"[""/"",""/explore"",""/explore/reference/susan-strange""]",2,Observed route-link graph plus recorded disclosure/fixture prerequisite,Mad Money,"Inspect the source, disagreement or supporting record identified here",visible,2 assertions: passed,DOM text/link check; visual composition covered by representative family only,Parent route structural check; not individual source/prose visual verification,verification.json#coverage,,,,KEEP rendered record; external source verification not inferred,B
"[{""route"":""/explore/atlas/constraint-first-realist"",""anchor"":""case-security-cuban-missile-escalation-ceilings""},{""route"":""/explore/atlas/competitive-balancer"",""anchor"":""case-security-cuban-missile-escalation-ceilings""}]",security-cuban-missile-escalation-ceilings,research/worldview-cases/verified-case-library.json,rendered public reference; see exposure/state,as listed in exposures,2026-07-14,"[""default document"",""default document""]",historical-reviewed-case,"[""/"",""/explore"",""/explore/atlas/constraint-first-realist""]",2,Observed route-link graph plus recorded disclosure/fixture prerequisite,Cuban Missile Crisis,"Inspect the source, disagreement or supporting record identified here",visible,2 assertions: passed,DOM text/link check; visual composition covered by representative family only,Parent route structural check; not individual source/prose visual verification,verification.json#coverage,,,,KEEP rendered record; external source verification not inferred,B
"[{""route"":""/explore/atlas/constraint-first-realist"",""anchor"":""case-security-cuban-missile-escalation-ceilings""},{""route"":""/explore/atlas/competitive-balancer"",""anchor"":""case-security-cuban-missile-escalation-ceilings""}]",security-cuban-missile-escalation-ceilings:source:cmc_src_01,research/worldview-cases/verified-case-library.json,rendered public reference; see exposure/state,as listed in exposures,2026-07-14,"[{""open_details"":""#case-security-cuban-missile-escalation-ceilings details""},{""open_details"":""#case-security-cuban-missile-escalation-ceilings details""}]",historical-case-source,"[""/"",""/explore"",""/explore/atlas/constraint-first-realist""]",2,Observed route-link graph plus recorded disclosure/fixture prerequisite,"The Cuban Missile Crisis, October 1962","Inspect the source, disagreement or supporting record identified here",visible,2 assertions: passed,DOM text/link check; visual composition covered by representative family only,Parent route structural check; not individual source/prose visual verification,verification.json#coverage,,,,KEEP rendered record; external source verification not inferred,B
"[{""route"":""/explore/atlas/constraint-first-realist"",""anchor"":""case-security-cuban-missile-escalation-ceilings""},{""route"":""/explore/atlas/competitive-balancer"",""anchor"":""case-security-cuban-missile-escalation-ceilings""}]",security-cuban-missile-escalation-ceilings:source:cmc_src_02,research/worldview-cases/verified-case-library.json,rendered public reference; see exposure/state,as listed in exposures,2026-07-14,"[{""open_details"":""#case-security-cuban-missile-escalation-ceilings details""},{""open_details"":""#case-security-cuban-missile-escalation-ceilings details""}]",historical-case-source,"[""/"",""/explore"",""/explore/atlas/constraint-first-realist""]",2,Observed route-link graph plus recorded disclosure/fixture prerequisite,Cuban Missile Crisis and Aftermath,"Inspect the source, disagreement or supporting record identified here",visible,2 assertions: passed,DOM text/link check; visual composition covered by representative family only,Parent route structural check; not individual source/prose visual verification,verification.json#coverage,,,,KEEP rendered record; external source verification not inferred,B
"[{""route"":""/explore/atlas/constraint-first-realist"",""anchor"":""case-security-cuban-missile-escalation-ceilings""},{""route"":""/explore/atlas/competitive-balancer"",""anchor"":""case-security-cuban-missile-escalation-ceilings""}]",security-cuban-missile-escalation-ceilings:source:cmc_src_03,research/worldview-cases/verified-case-library.json,rendered public reference; see exposure/state,as listed in exposures,2026-07-14,"[{""open_details"":""#case-security-cuban-missile-escalation-ceilings details""},{""open_details"":""#case-security-cuban-missile-escalation-ceilings details""}]",historical-case-source,"[""/"",""/explore"",""/explore/atlas/constraint-first-realist""]",2,Observed route-link graph plus recorded disclosure/fixture prerequisite,"The Jupiter Missiles and the Endgame of the Cuban Missile Crisis, 60 Years Ago","Inspect the source, disagreement or supporting record identified here",visible,2 assertions: passed,DOM text/link check; visual composition covered by representative family only,Parent route structural check; not individual source/prose visual verification,verification.json#coverage,,,,KEEP rendered record; external source verification not inferred,B
"[{""route"":""/explore/atlas/constraint-first-realist"",""anchor"":""case-security-cuban-missile-escalation-ceilings""},{""route"":""/explore/atlas/competitive-balancer"",""anchor"":""case-security-cuban-missile-escalation-ceilings""}]",security-cuban-missile-escalation-ceilings:source:cmc_src_04,research/worldview-cases/verified-case-library.json,rendered public reference; see exposure/state,as listed in exposures,2026-07-14,"[{""open_details"":""#case-security-cuban-missile-escalation-ceilings details""},{""open_details"":""#case-security-cuban-missile-escalation-ceilings details""}]",historical-case-source,"[""/"",""/explore"",""/explore/atlas/constraint-first-realist""]",2,Observed route-link graph plus recorded disclosure/fixture prerequisite,"The Cuban Missile Crisis @ 60: Nuclear Crisis Lasted 59 Days, Not Just 13","Inspect the source, disagreement or supporting record identified here",visible,2 assertions: passed,DOM text/link check; visual composition covered by representative family only,Parent route structural check; not individual source/prose visual verification,verification.json#coverage,,,,KEEP rendered record; external source verification not inferred,B
"[{""route"":""/explore/atlas/coalition-pragmatist"",""anchor"":""case-security-alliance-burden-sharing-coalition-durability""},{""route"":""/explore/atlas/institution-builder"",""anchor"":""case-security-alliance-burden-sharing-coalition-durability""}]",security-alliance-burden-sharing-coalition-durability,research/worldview-cases/verified-case-library.json,rendered public reference; see exposure/state,as listed in exposures,2026-07-14,"[""default document"",""default document""]",historical-reviewed-case,"[""/"",""/explore"",""/explore/atlas/coalition-pragmatist""]",2,Observed route-link graph plus recorded disclosure/fixture prerequisite,ISAF in Afghanistan,"Inspect the source, disagreement or supporting record identified here",visible,2 assertions: passed,DOM text/link check; visual composition covered by representative family only,Parent route structural check; not individual source/prose visual verification,verification.json#coverage,,,,KEEP rendered record; external source verification not inferred,B
"[{""route"":""/explore/atlas/coalition-pragmatist"",""anchor"":""case-security-alliance-burden-sharing-coalition-durability""},{""route"":""/explore/atlas/institution-builder"",""anchor"":""case-security-alliance-burden-sharing-coalition-durability""}]",security-alliance-burden-sharing-coalition-durability:source:isaf_src_01,research/worldview-cases/verified-case-library.json,rendered public reference; see exposure/state,as listed in exposures,2026-07-14,"[{""open_details"":""#case-security-alliance-burden-sharing-coalition-durability details""},{""open_details"":""#case-security-alliance-burden-sharing-coalition-durability details""}]",historical-case-source,"[""/"",""/explore"",""/explore/atlas/coalition-pragmatist""]",2,Observed route-link graph plus recorded disclosure/fixture prerequisite,ISAF's Mission in Afghanistan (2001-2014),"Inspect the source, disagreement or supporting record identified here",visible,2 assertions: passed,DOM text/link check; visual composition covered by representative family only,Parent route structural check; not individual source/prose visual verification,verification.json#coverage,,,,KEEP rendered record; external source verification not inferred,B
"[{""route"":""/explore/atlas/coalition-pragmatist"",""anchor"":""case-security-alliance-burden-sharing-coalition-durability""},{""route"":""/explore/atlas/institution-builder"",""anchor"":""case-security-alliance-burden-sharing-coalition-durability""}]",security-alliance-burden-sharing-coalition-durability:source:isaf_src_02,research/worldview-cases/verified-case-library.json,rendered public reference; see exposure/state,as listed in exposures,2026-07-14,"[{""open_details"":""#case-security-alliance-burden-sharing-coalition-durability details""},{""open_details"":""#case-security-alliance-burden-sharing-coalition-durability details""}]",historical-case-source,"[""/"",""/explore"",""/explore/atlas/coalition-pragmatist""]",2,Observed route-link graph plus recorded disclosure/fixture prerequisite,Final Communiqué,"Inspect the source, disagreement or supporting record identified here",visible,2 assertions: passed,DOM text/link check; visual composition covered by representative family only,Parent route structural check; not individual source/prose visual verification,verification.json#coverage,,,,KEEP rendered record; external source verification not inferred,B
"[{""route"":""/explore/atlas/coalition-pragmatist"",""anchor"":""case-security-alliance-burden-sharing-coalition-durability""},{""route"":""/explore/atlas/institution-builder"",""anchor"":""case-security-alliance-burden-sharing-coalition-durability""}]",security-alliance-burden-sharing-coalition-durability:source:isaf_src_03,research/worldview-cases/verified-case-library.json,rendered public reference; see exposure/state,as listed in exposures,2026-07-14,"[{""open_details"":""#case-security-alliance-burden-sharing-coalition-durability details""},{""open_details"":""#case-security-alliance-burden-sharing-coalition-durability details""}]",historical-case-source,"[""/"",""/explore"",""/explore/atlas/coalition-pragmatist""]",2,Observed route-link graph plus recorded disclosure/fixture prerequisite,Comparing Caveats: Understanding the Sources of National Restrictions upon NATO’s Mission in Afghanistan,"Inspect the source, disagreement or supporting record identified here",visible,2 assertions: passed,DOM text/link check; visual composition covered by representative family only,Parent route structural check; not individual source/prose visual verification,verification.json#coverage,,,,KEEP rendered record; external source verification not inferred,B
"[{""route"":""/explore/atlas/coalition-pragmatist"",""anchor"":""case-security-alliance-burden-sharing-coalition-durability""},{""route"":""/explore/atlas/institution-builder"",""anchor"":""case-security-alliance-burden-sharing-coalition-durability""}]",security-alliance-burden-sharing-coalition-durability:source:isaf_src_04,research/worldview-cases/verified-case-library.json,rendered public reference; see exposure/state,as listed in exposures,2026-07-14,"[{""open_details"":""#case-security-alliance-burden-sharing-coalition-durability details""},{""open_details"":""#case-security-alliance-burden-sharing-coalition-durability details""}]",historical-case-source,"[""/"",""/explore"",""/explore/atlas/coalition-pragmatist""]",2,Observed route-link graph plus recorded disclosure/fixture prerequisite,Risking NATO: Testing the Limits of the Alliance in Afghanistan,"Inspect the source, disagreement or supporting record identified here",visible,2 assertions: passed,DOM text/link check; visual composition covered by representative family only,Parent route structural check; not individual source/prose visual verification,verification.json#coverage,,,,KEEP rendered record; external source verification not inferred,B
"[{""route"":""/explore/atlas/institution-builder"",""anchor"":""case-security-arms-control-verification""},{""route"":""/explore/atlas/constraint-first-realist"",""anchor"":""case-security-arms-control-verification""}]",security-arms-control-verification,research/worldview-cases/verified-case-library.json,rendered public reference; see exposure/state,as listed in exposures,2026-07-14,"[""default document"",""default document""]",historical-reviewed-case,"[""/"",""/explore"",""/explore/atlas/institution-builder""]",2,Observed route-link graph plus recorded disclosure/fixture prerequisite,INF Treaty Verification Regime,"Inspect the source, disagreement or supporting record identified here",visible,2 assertions: passed,DOM text/link check; visual composition covered by representative family only,Parent route structural check; not individual source/prose visual verification,verification.json#coverage,,,,KEEP rendered record; external source verification not inferred,B
"[{""route"":""/explore/atlas/institution-builder"",""anchor"":""case-security-arms-control-verification""},{""route"":""/explore/atlas/constraint-first-realist"",""anchor"":""case-security-arms-control-verification""}]",security-arms-control-verification:source:inf_src_01,research/worldview-cases/verified-case-library.json,rendered public reference; see exposure/state,as listed in exposures,2026-07-14,"[{""open_details"":""#case-security-arms-control-verification details""},{""open_details"":""#case-security-arms-control-verification details""}]",historical-case-source,"[""/"",""/explore"",""/explore/atlas/institution-builder""]",2,Observed route-link graph plus recorded disclosure/fixture prerequisite,Intermediate-Range Nuclear Forces Treaty,"Inspect the source, disagreement or supporting record identified here",visible,2 assertions: passed,DOM text/link check; visual composition covered by representative family only,Parent route structural check; not individual source/prose visual verification,verification.json#coverage,,,,KEEP rendered record; external source verification not inferred,B
"[{""route"":""/explore/atlas/institution-builder"",""anchor"":""case-security-arms-control-verification""},{""route"":""/explore/atlas/constraint-first-realist"",""anchor"":""case-security-arms-control-verification""}]",security-arms-control-verification:source:inf_src_02,research/worldview-cases/verified-case-library.json,rendered public reference; see exposure/state,as listed in exposures,2026-07-14,"[{""open_details"":""#case-security-arms-control-verification details""},{""open_details"":""#case-security-arms-control-verification details""}]",historical-case-source,"[""/"",""/explore"",""/explore/atlas/institution-builder""]",2,Observed route-link graph plus recorded disclosure/fixture prerequisite,History of the National and Nuclear Risk Reduction Center,"Inspect the source, disagreement or supporting record identified here",visible,2 assertions: passed,DOM text/link check; visual composition covered by representative family only,Parent route structural check; not individual source/prose visual verification,verification.json#coverage,,,,KEEP rendered record; external source verification not inferred,B
"[{""route"":""/explore/atlas/institution-builder"",""anchor"":""case-security-arms-control-verification""},{""route"":""/explore/atlas/constraint-first-realist"",""anchor"":""case-security-arms-control-verification""}]",security-arms-control-verification:source:inf_src_03,research/worldview-cases/verified-case-library.json,rendered public reference; see exposure/state,as listed in exposures,2026-07-14,"[{""open_details"":""#case-security-arms-control-verification details""},{""open_details"":""#case-security-arms-control-verification details""}]",historical-case-source,"[""/"",""/explore"",""/explore/atlas/institution-builder""]",2,Observed route-link graph plus recorded disclosure/fixture prerequisite,"U.S. Intent To Withdraw from the INF Treaty, February 2, 2019","Inspect the source, disagreement or supporting record identified here",visible,2 assertions: passed,DOM text/link check; visual composition covered by representative family only,Parent route structural check; not individual source/prose visual verification,verification.json#coverage,,,,KEEP rendered record; external source verification not inferred,B
"[{""route"":""/explore/atlas/institution-builder"",""anchor"":""case-security-arms-control-verification""},{""route"":""/explore/atlas/constraint-first-realist"",""anchor"":""case-security-arms-control-verification""}]",security-arms-control-verification:source:inf_src_04,research/worldview-cases/verified-case-library.json,rendered public reference; see exposure/state,as listed in exposures,2026-07-14,"[{""open_details"":""#case-security-arms-control-verification details""},{""open_details"":""#case-security-arms-control-verification details""}]",historical-case-source,"[""/"",""/explore"",""/explore/atlas/institution-builder""]",2,Observed route-link graph plus recorded disclosure/fixture prerequisite,The Post-INF Treaty Crisis: Background and Next Steps,"Inspect the source, disagreement or supporting record identified here",visible,2 assertions: passed,DOM text/link check; visual composition covered by representative family only,Parent route structural check; not individual source/prose visual verification,verification.json#coverage,,,,KEEP rendered record; external source verification not inferred,B
"[{""route"":""/explore/atlas/legitimacy-attuned-reader"",""anchor"":""case-order-humanitarian-intervention-contested-authority""},{""route"":""/explore/atlas/justice-forward-solidarist"",""anchor"":""case-order-humanitarian-intervention-contested-authority""}]",order-humanitarian-intervention-contested-authority,research/worldview-cases/verified-case-library.json,rendered public reference; see exposure/state,as listed in exposures,2026-07-14,"[""default document"",""default document""]",historical-reviewed-case,"[""/"",""/explore"",""/explore/atlas/legitimacy-attuned-reader""]",2,Observed route-link graph plus recorded disclosure/fixture prerequisite,Kosovo 1999,"Inspect the source, disagreement or supporting record identified here",visible,2 assertions: passed,DOM text/link check; visual composition covered by representative family only,Parent route structural check; not individual source/prose visual verification,verification.json#coverage,,,,KEEP rendered record; external source verification not inferred,B
"[{""route"":""/explore/atlas/legitimacy-attuned-reader"",""anchor"":""case-order-humanitarian-intervention-contested-authority""},{""route"":""/explore/atlas/justice-forward-solidarist"",""anchor"":""case-order-humanitarian-intervention-contested-authority""}]",order-humanitarian-intervention-contested-authority:source:kos_src_01,research/worldview-cases/verified-case-library.json,rendered public reference; see exposure/state,as listed in exposures,2026-07-14,"[{""open_details"":""#case-order-humanitarian-intervention-contested-authority details""},{""open_details"":""#case-order-humanitarian-intervention-contested-authority details""}]",historical-case-source,"[""/"",""/explore"",""/explore/atlas/legitimacy-attuned-reader""]",2,Observed route-link graph plus recorded disclosure/fixture prerequisite,Kosovo Air Campaign (March-June 1999),"Inspect the source, disagreement or supporting record identified here",visible,2 assertions: passed,DOM text/link check; visual composition covered by representative family only,Parent route structural check; not individual source/prose visual verification,verification.json#coverage,,,,KEEP rendered record; external source verification not inferred,B
"[{""route"":""/explore/atlas/legitimacy-attuned-reader"",""anchor"":""case-order-humanitarian-intervention-contested-authority""},{""route"":""/explore/atlas/justice-forward-solidarist"",""anchor"":""case-order-humanitarian-intervention-contested-authority""}]",order-humanitarian-intervention-contested-authority:source:kos_src_02,research/worldview-cases/verified-case-library.json,rendered public reference; see exposure/state,as listed in exposures,2026-07-14,"[{""open_details"":""#case-order-humanitarian-intervention-contested-authority details""},{""open_details"":""#case-order-humanitarian-intervention-contested-authority details""}]",historical-case-source,"[""/"",""/explore"",""/explore/atlas/legitimacy-attuned-reader""]",2,Observed route-link graph plus recorded disclosure/fixture prerequisite,"Kosovo/Kosova As Seen, As Told","Inspect the source, disagreement or supporting record identified here",visible,2 assertions: passed,DOM text/link check; visual composition covered by representative family only,Parent route structural check; not individual source/prose visual verification,verification.json#coverage,,,,KEEP rendered record; external source verification not inferred,B
"[{""route"":""/explore/atlas/legitimacy-attuned-reader"",""anchor"":""case-order-humanitarian-intervention-contested-authority""},{""route"":""/explore/atlas/justice-forward-solidarist"",""anchor"":""case-order-humanitarian-intervention-contested-authority""}]",order-humanitarian-intervention-contested-authority:source:kos_src_03,research/worldview-cases/verified-case-library.json,rendered public reference; see exposure/state,as listed in exposures,2026-07-14,"[{""open_details"":""#case-order-humanitarian-intervention-contested-authority details""},{""open_details"":""#case-order-humanitarian-intervention-contested-authority details""}]",historical-case-source,"[""/"",""/explore"",""/explore/atlas/legitimacy-attuned-reader""]",2,Observed route-link graph plus recorded disclosure/fixture prerequisite,Security Council Resolution 1244 (1999),"Inspect the source, disagreement or supporting record identified here",visible,2 assertions: passed,DOM text/link check; visual composition covered by representative family only,Parent route structural check; not individual source/prose visual verification,verification.json#coverage,,,,KEEP rendered record; external source verification not inferred,B
"[{""route"":""/explore/atlas/legitimacy-attuned-reader"",""anchor"":""case-order-humanitarian-intervention-contested-authority""},{""route"":""/explore/atlas/justice-forward-solidarist"",""anchor"":""case-order-humanitarian-intervention-contested-authority""}]",order-humanitarian-intervention-contested-authority:source:kos_src_04,research/worldview-cases/verified-case-library.json,rendered public reference; see exposure/state,as listed in exposures,2026-07-14,"[{""open_details"":""#case-order-humanitarian-intervention-contested-authority details""},{""open_details"":""#case-order-humanitarian-intervention-contested-authority details""}]",historical-case-source,"[""/"",""/explore"",""/explore/atlas/legitimacy-attuned-reader""]",2,Observed route-link graph plus recorded disclosure/fixture prerequisite,The Kosovo Report,"Inspect the source, disagreement or supporting record identified here",visible,2 assertions: passed,DOM text/link check; visual composition covered by representative family only,Parent route structural check; not individual source/prose visual verification,verification.json#coverage,,,,KEEP rendered record; external source verification not inferred,B
"[{""route"":""/explore/atlas/legitimacy-attuned-reader"",""anchor"":""case-order-humanitarian-intervention-contested-authority""},{""route"":""/explore/atlas/justice-forward-solidarist"",""anchor"":""case-order-humanitarian-intervention-contested-authority""}]",order-humanitarian-intervention-contested-authority:source:kos_src_05,research/worldview-cases/verified-case-library.json,rendered public reference; see exposure/state,as listed in exposures,2026-07-14,"[{""open_details"":""#case-order-humanitarian-intervention-contested-authority details""},{""open_details"":""#case-order-humanitarian-intervention-contested-authority details""}]",historical-case-source,"[""/"",""/explore"",""/explore/atlas/legitimacy-attuned-reader""]",2,Observed route-link graph plus recorded disclosure/fixture prerequisite,Kosovo and the Limits of International Law,"Inspect the source, disagreement or supporting record identified here",visible,2 assertions: passed,DOM text/link check; visual composition covered by representative family only,Parent route structural check; not individual source/prose visual verification,verification.json#coverage,,,,KEEP rendered record; external source verification not inferred,B
"[{""route"":""/explore/atlas/competitive-balancer"",""anchor"":""case-statecraft-sanctions-finance-network-chokepoints""},{""route"":""/explore/atlas/structural-inequality-critic"",""anchor"":""case-statecraft-sanctions-finance-network-chokepoints""}]",statecraft-sanctions-finance-network-chokepoints,research/worldview-cases/verified-case-library.json,rendered public reference; see exposure/state,as listed in exposures,2026-07-14,"[""default document"",""default document""]",historical-reviewed-case,"[""/"",""/explore"",""/explore/atlas/competitive-balancer""]",2,Observed route-link graph plus recorded disclosure/fixture prerequisite,Iran Sanctions and SWIFT Disconnection,"Inspect the source, disagreement or supporting record identified here",visible,2 assertions: passed,DOM text/link check; visual composition covered by representative family only,Parent route structural check; not individual source/prose visual verification,verification.json#coverage,,,,KEEP rendered record; external source verification not inferred,B
"[{""route"":""/explore/atlas/competitive-balancer"",""anchor"":""case-statecraft-sanctions-finance-network-chokepoints""},{""route"":""/explore/atlas/structural-inequality-critic"",""anchor"":""case-statecraft-sanctions-finance-network-chokepoints""}]",statecraft-sanctions-finance-network-chokepoints:source:irn_src_01,research/worldview-cases/verified-case-library.json,rendered public reference; see exposure/state,as listed in exposures,2026-07-14,"[{""open_details"":""#case-statecraft-sanctions-finance-network-chokepoints details""},{""open_details"":""#case-statecraft-sanctions-finance-network-chokepoints details""}]",historical-case-source,"[""/"",""/explore"",""/explore/atlas/competitive-balancer""]",2,Observed route-link graph plus recorded disclosure/fixture prerequisite,Statement by Under Secretary David Cohen on Action by the EU and SWIFT to Terminate Service for Sanctioned Iranian Banks,"Inspect the source, disagreement or supporting record identified here",visible,2 assertions: passed,DOM text/link check; visual composition covered by representative family only,Parent route structural check; not individual source/prose visual verification,verification.json#coverage,,,,KEEP rendered record; external source verification not inferred,B
"[{""route"":""/explore/atlas/competitive-balancer"",""anchor"":""case-statecraft-sanctions-finance-network-chokepoints""},{""route"":""/explore/atlas/structural-inequality-critic"",""anchor"":""case-statecraft-sanctions-finance-network-chokepoints""}]",statecraft-sanctions-finance-network-chokepoints:source:irn_src_02,research/worldview-cases/verified-case-library.json,rendered public reference; see exposure/state,as listed in exposures,2026-07-14,"[{""open_details"":""#case-statecraft-sanctions-finance-network-chokepoints details""},{""open_details"":""#case-statecraft-sanctions-finance-network-chokepoints details""}]",historical-case-source,"[""/"",""/explore"",""/explore/atlas/competitive-balancer""]",2,Observed route-link graph plus recorded disclosure/fixture prerequisite,SWIFT Instructed to Disconnect Sanctioned Iranian Banks Following EU Council Decision,"Inspect the source, disagreement or supporting record identified here",visible,2 assertions: passed,DOM text/link check; visual composition covered by representative family only,Parent route structural check; not individual source/prose visual verification,verification.json#coverage,,,,KEEP rendered record; external source verification not inferred,B
"[{""route"":""/explore/atlas/competitive-balancer"",""anchor"":""case-statecraft-sanctions-finance-network-chokepoints""},{""route"":""/explore/atlas/structural-inequality-critic"",""anchor"":""case-statecraft-sanctions-finance-network-chokepoints""}]",statecraft-sanctions-finance-network-chokepoints:source:irn_src_03,research/worldview-cases/verified-case-library.json,rendered public reference; see exposure/state,as listed in exposures,2026-07-14,"[{""open_details"":""#case-statecraft-sanctions-finance-network-chokepoints details""},{""open_details"":""#case-statecraft-sanctions-finance-network-chokepoints details""}]",historical-case-source,"[""/"",""/explore"",""/explore/atlas/competitive-balancer""]",2,Observed route-link graph plus recorded disclosure/fixture prerequisite,Council Regulation (EU) No 267/2012 Concerning Restrictive Measures Against Iran,"Inspect the source, disagreement or supporting record identified here",visible,2 assertions: passed,DOM text/link check; visual composition covered by representative family only,Parent route structural check; not individual source/prose visual verification,verification.json#coverage,,,,KEEP rendered record; external source verification not inferred,B
"[{""route"":""/explore/atlas/competitive-balancer"",""anchor"":""case-statecraft-sanctions-finance-network-chokepoints""},{""route"":""/explore/atlas/structural-inequality-critic"",""anchor"":""case-statecraft-sanctions-finance-network-chokepoints""}]",statecraft-sanctions-finance-network-chokepoints:source:irn_src_04,research/worldview-cases/verified-case-library.json,rendered public reference; see exposure/state,as listed in exposures,2026-07-14,"[{""open_details"":""#case-statecraft-sanctions-finance-network-chokepoints details""},{""open_details"":""#case-statecraft-sanctions-finance-network-chokepoints details""}]",historical-case-source,"[""/"",""/explore"",""/explore/atlas/competitive-balancer""]",2,Observed route-link graph plus recorded disclosure/fixture prerequisite,Weaponized Interdependence: How Global Economic Networks Shape State Coercion,"Inspect the source, disagreement or supporting record identified here",visible,2 assertions: passed,DOM text/link check; visual composition covered by representative family only,Parent route structural check; not individual source/prose visual verification,verification.json#coverage,,,,KEEP rendered record; external source verification not inferred,B
"[{""route"":""/explore/atlas/competitive-balancer"",""anchor"":""case-statecraft-sanctions-finance-network-chokepoints""},{""route"":""/explore/atlas/structural-inequality-critic"",""anchor"":""case-statecraft-sanctions-finance-network-chokepoints""}]",statecraft-sanctions-finance-network-chokepoints:source:irn_src_05,research/worldview-cases/verified-case-library.json,rendered public reference; see exposure/state,as listed in exposures,2026-07-14,"[{""open_details"":""#case-statecraft-sanctions-finance-network-chokepoints details""},{""open_details"":""#case-statecraft-sanctions-finance-network-chokepoints details""}]",historical-case-source,"[""/"",""/explore"",""/explore/atlas/competitive-balancer""]",2,Observed route-link graph plus recorded disclosure/fixture prerequisite,The US-Iran Nuclear Deal and the Effectiveness of Economic Sanctions,"Inspect the source, disagreement or supporting record identified here",visible,2 assertions: passed,DOM text/link check; visual composition covered by representative family only,Parent route structural check; not individual source/prose visual verification,verification.json#coverage,,,,KEEP rendered record; external source verification not inferred,B
"[{""route"":""/explore/atlas/development-sovereignty-builder"",""anchor"":""case-technology-industrial-policy-controls-developmental-autonomy""},{""route"":""/explore/atlas/structural-inequality-critic"",""anchor"":""case-technology-industrial-policy-controls-developmental-autonomy""}]",technology-industrial-policy-controls-developmental-autonomy,research/worldview-cases/verified-case-library.json,rendered public reference; see exposure/state,as listed in exposures,2026-07-14,"[""default document"",""default document""]",historical-reviewed-case,"[""/"",""/explore"",""/explore/atlas/development-sovereignty-builder""]",2,Observed route-link graph plus recorded disclosure/fixture prerequisite,Advanced Semiconductor Export Controls and Domestic Capacity-Building,"Inspect the source, disagreement or supporting record identified here",visible,2 assertions: passed,DOM text/link check; visual composition covered by representative family only,Parent route structural check; not individual source/prose visual verification,verification.json#coverage,,,,KEEP rendered record; external source verification not inferred,B
"[{""route"":""/explore/atlas/development-sovereignty-builder"",""anchor"":""case-technology-industrial-policy-controls-developmental-autonomy""},{""route"":""/explore/atlas/structural-inequality-critic"",""anchor"":""case-technology-industrial-policy-controls-developmental-autonomy""}]",technology-industrial-policy-controls-developmental-autonomy:source:chip_src_01,research/worldview-cases/verified-case-library.json,rendered public reference; see exposure/state,as listed in exposures,2026-07-14,"[{""open_details"":""#case-technology-industrial-policy-controls-developmental-autonomy details""},{""open_details"":""#case-technology-industrial-policy-controls-developmental-autonomy details""}]",historical-case-source,"[""/"",""/explore"",""/explore/atlas/development-sovereignty-builder""]",2,Observed route-link graph plus recorded disclosure/fixture prerequisite,Commerce Implements New Export Controls on Advanced Computing and Semiconductor Manufacturing Items to the People’s Republic of China,"Inspect the source, disagreement or supporting record identified here",visible,2 assertions: passed,DOM text/link check; visual composition covered by representative family only,Parent route structural check; not individual source/prose visual verification,verification.json#coverage,,,,KEEP rendered record; external source verification not inferred,B
"[{""route"":""/explore/atlas/development-sovereignty-builder"",""anchor"":""case-technology-industrial-policy-controls-developmental-autonomy""},{""route"":""/explore/atlas/structural-inequality-critic"",""anchor"":""case-technology-industrial-policy-controls-developmental-autonomy""}]",technology-industrial-policy-controls-developmental-autonomy:source:chip_src_02,research/worldview-cases/verified-case-library.json,rendered public reference; see exposure/state,as listed in exposures,2026-07-14,"[{""open_details"":""#case-technology-industrial-policy-controls-developmental-autonomy details""},{""open_details"":""#case-technology-industrial-policy-controls-developmental-autonomy details""}]",historical-case-source,"[""/"",""/explore"",""/explore/atlas/development-sovereignty-builder""]",2,Observed route-link graph plus recorded disclosure/fixture prerequisite,Commerce Strengthens Restrictions on Advanced Computing Semiconductors to Enhance Foundry Due Diligence and Prevent Diversion to PRC,"Inspect the source, disagreement or supporting record identified here",visible,2 assertions: passed,DOM text/link check; visual composition covered by representative family only,Parent route structural check; not individual source/prose visual verification,verification.json#coverage,,,,KEEP rendered record; external source verification not inferred,B
"[{""route"":""/explore/atlas/development-sovereignty-builder"",""anchor"":""case-technology-industrial-policy-controls-developmental-autonomy""},{""route"":""/explore/atlas/structural-inequality-critic"",""anchor"":""case-technology-industrial-policy-controls-developmental-autonomy""}]",technology-industrial-policy-controls-developmental-autonomy:source:chip_src_03,research/worldview-cases/verified-case-library.json,rendered public reference; see exposure/state,as listed in exposures,2026-07-14,"[{""open_details"":""#case-technology-industrial-policy-controls-developmental-autonomy details""},{""open_details"":""#case-technology-industrial-policy-controls-developmental-autonomy details""}]",historical-case-source,"[""/"",""/explore"",""/explore/atlas/development-sovereignty-builder""]",2,Observed route-link graph plus recorded disclosure/fixture prerequisite,Department of Commerce Revises License Review Policy for Semiconductors Exported to China,"Inspect the source, disagreement or supporting record identified here",visible,2 assertions: passed,DOM text/link check; visual composition covered by representative family only,Parent route structural check; not individual source/prose visual verification,verification.json#coverage,,,,KEEP rendered record; external source verification not inferred,B
"[{""route"":""/explore/atlas/development-sovereignty-builder"",""anchor"":""case-technology-industrial-policy-controls-developmental-autonomy""},{""route"":""/explore/atlas/structural-inequality-critic"",""anchor"":""case-technology-industrial-policy-controls-developmental-autonomy""}]",technology-industrial-policy-controls-developmental-autonomy:source:chip_src_04,research/worldview-cases/verified-case-library.json,rendered public reference; see exposure/state,as listed in exposures,2026-07-14,"[{""open_details"":""#case-technology-industrial-policy-controls-developmental-autonomy details""},{""open_details"":""#case-technology-industrial-policy-controls-developmental-autonomy details""}]",historical-case-source,"[""/"",""/explore"",""/explore/atlas/development-sovereignty-builder""]",2,Observed route-link graph plus recorded disclosure/fixture prerequisite,Six Banks to Invest in Big Way in IC Fund,"Inspect the source, disagreement or supporting record identified here",visible,2 assertions: passed,DOM text/link check; visual composition covered by representative family only,Parent route structural check; not individual source/prose visual verification,verification.json#coverage,,,,KEEP rendered record; external source verification not inferred,B
"[{""route"":""/explore/atlas/development-sovereignty-builder"",""anchor"":""case-technology-industrial-policy-controls-developmental-autonomy""},{""route"":""/explore/atlas/structural-inequality-critic"",""anchor"":""case-technology-industrial-policy-controls-developmental-autonomy""}]",technology-industrial-policy-controls-developmental-autonomy:source:chip_src_05,research/worldview-cases/verified-case-library.json,rendered public reference; see exposure/state,as listed in exposures,2026-07-14,"[{""open_details"":""#case-technology-industrial-policy-controls-developmental-autonomy details""},{""open_details"":""#case-technology-industrial-policy-controls-developmental-autonomy details""}]",historical-case-source,"[""/"",""/explore"",""/explore/atlas/development-sovereignty-builder""]",2,Observed route-link graph plus recorded disclosure/fixture prerequisite,Unleashing ‘New Quality Productive Forces’: China’s Strategy for Technology-Led Growth,"Inspect the source, disagreement or supporting record identified here",visible,2 assertions: passed,DOM text/link check; visual composition covered by representative family only,Parent route structural check; not individual source/prose visual verification,verification.json#coverage,,,,KEEP rendered record; external source verification not inferred,B
"[{""route"":""/explore/atlas/development-sovereignty-builder"",""anchor"":""case-technology-industrial-policy-controls-developmental-autonomy""},{""route"":""/explore/atlas/structural-inequality-critic"",""anchor"":""case-technology-industrial-policy-controls-developmental-autonomy""}]",technology-industrial-policy-controls-developmental-autonomy:source:chip_src_06,research/worldview-cases/verified-case-library.json,rendered public reference; see exposure/state,as listed in exposures,2026-07-14,"[{""open_details"":""#case-technology-industrial-policy-controls-developmental-autonomy details""},{""open_details"":""#case-technology-industrial-policy-controls-developmental-autonomy details""}]",historical-case-source,"[""/"",""/explore"",""/explore/atlas/development-sovereignty-builder""]",2,Observed route-link graph plus recorded disclosure/fixture prerequisite,The Limits of Chip Export Controls in Meeting the China Challenge,"Inspect the source, disagreement or supporting record identified here",visible,2 assertions: passed,DOM text/link check; visual composition covered by representative family only,Parent route structural check; not individual source/prose visual verification,verification.json#coverage,,,,KEEP rendered record; external source verification not inferred,B
"[{""route"":""/cases/europe-missile-defence-coalition-ukraine/sources"",""locator"":""source ID S1""},{""route"":""/zh/cases/europe-missile-defence-coalition-ukraine/sources"",""locator"":""source ID S1""}]",security-europe-anti-ballistic-coalition-ukraine-2026-07:source:S1,content/current-cases/europe-missile-defence-coalition-ukraine.json,rendered public reference; see exposure/state,as listed in exposures,1,"[""default document"",""default document""]",current-case-source,"[""/"",""/method"",""/cases"",""/cases/europe-missile-defence-coalition-ukraine"",""/cases/europe-missile-defence-coalition-ukraine/sources""]",4,Observed route-link graph plus recorded disclosure/fixture prerequisite,Joint Declaration on the Establishment of the Integrated Anti-Ballistic Missile Coalition,"Inspect the source, disagreement or supporting record identified here",visible,2 assertions: passed,DOM text/link check; visual composition covered by representative family only,Parent route structural check; not individual source/prose visual verification,verification.json#coverage,,,,KEEP rendered record; external source verification not inferred,B
"[{""route"":""/cases/europe-missile-defence-coalition-ukraine/sources"",""locator"":""source ID S2""},{""route"":""/zh/cases/europe-missile-defence-coalition-ukraine/sources"",""locator"":""source ID S2""}]",security-europe-anti-ballistic-coalition-ukraine-2026-07:source:S2,content/current-cases/europe-missile-defence-coalition-ukraine.json,rendered public reference; see exposure/state,as listed in exposures,1,"[""default document"",""default document""]",current-case-source,"[""/"",""/method"",""/cases"",""/cases/europe-missile-defence-coalition-ukraine"",""/cases/europe-missile-defence-coalition-ukraine/sources""]",4,Observed route-link graph plus recorded disclosure/fixture prerequisite,Joint declaration by the President of the French Republic and the President of Ukraine,"Inspect the source, disagreement or supporting record identified here",visible,2 assertions: passed,DOM text/link check; visual composition covered by representative family only,Parent route structural check; not individual source/prose visual verification,verification.json#coverage,,,,KEEP rendered record; external source verification not inferred,B
"[{""route"":""/cases/europe-missile-defence-coalition-ukraine/sources"",""locator"":""source ID S3""},{""route"":""/zh/cases/europe-missile-defence-coalition-ukraine/sources"",""locator"":""source ID S3""}]",security-europe-anti-ballistic-coalition-ukraine-2026-07:source:S3,content/current-cases/europe-missile-defence-coalition-ukraine.json,rendered public reference; see exposure/state,as listed in exposures,1,"[""default document"",""default document""]",current-case-source,"[""/"",""/method"",""/cases"",""/cases/europe-missile-defence-coalition-ukraine"",""/cases/europe-missile-defence-coalition-ukraine/sources""]",4,Observed route-link graph plus recorded disclosure/fixture prerequisite,NATO summits topic page with 2026 Ankara summit summary,"Inspect the source, disagreement or supporting record identified here",visible,2 assertions: passed,DOM text/link check; visual composition covered by representative family only,Parent route structural check; not individual source/prose visual verification,verification.json#coverage,,,,KEEP rendered record; external source verification not inferred,B
"[{""route"":""/cases/europe-missile-defence-coalition-ukraine/sources"",""locator"":""source ID S4""},{""route"":""/zh/cases/europe-missile-defence-coalition-ukraine/sources"",""locator"":""source ID S4""}]",security-europe-anti-ballistic-coalition-ukraine-2026-07:source:S4,content/current-cases/europe-missile-defence-coalition-ukraine.json,rendered public reference; see exposure/state,as listed in exposures,1,"[""default document"",""default document""]",current-case-source,"[""/"",""/method"",""/cases"",""/cases/europe-missile-defence-coalition-ukraine"",""/cases/europe-missile-defence-coalition-ukraine/sources""]",4,Observed route-link graph plus recorded disclosure/fixture prerequisite,"Hegseth announces review of US troops in Europe, scorns some allies","Inspect the source, disagreement or supporting record identified here",visible,2 assertions: passed,DOM text/link check; visual composition covered by representative family only,Parent route structural check; not individual source/prose visual verification,verification.json#coverage,,,,KEEP rendered record; external source verification not inferred,B
"[{""route"":""/cases/europe-missile-defence-coalition-ukraine/sources"",""locator"":""source ID S5""},{""route"":""/zh/cases/europe-missile-defence-coalition-ukraine/sources"",""locator"":""source ID S5""}]",security-europe-anti-ballistic-coalition-ukraine-2026-07:source:S5,content/current-cases/europe-missile-defence-coalition-ukraine.json,rendered public reference; see exposure/state,as listed in exposures,1,"[""default document"",""default document""]",current-case-source,"[""/"",""/method"",""/cases"",""/cases/europe-missile-defence-coalition-ukraine"",""/cases/europe-missile-defence-coalition-ukraine/sources""]",4,Observed route-link graph plus recorded disclosure/fixture prerequisite,Ukraine and allies set up coalition to tackle Russia ballistic missile threat,"Inspect the source, disagreement or supporting record identified here",visible,2 assertions: passed,DOM text/link check; visual composition covered by representative family only,Parent route structural check; not individual source/prose visual verification,verification.json#coverage,,,,KEEP rendered record; external source verification not inferred,B
"[{""route"":""/cases/europe-missile-defence-coalition-ukraine/sources"",""anchor"":""claim-c1""},{""route"":""/zh/cases/europe-missile-defence-coalition-ukraine/sources"",""anchor"":""claim-c1""}]",security-europe-anti-ballistic-coalition-ukraine-2026-07:claim:c1,content/current-cases/europe-missile-defence-coalition-ukraine.json,rendered public reference; see exposure/state,as listed in exposures,1,"[""default document"",""default document""]",current-case-claim,"[""/"",""/method"",""/cases"",""/cases/europe-missile-defence-coalition-ukraine"",""/cases/europe-missile-defence-coalition-ukraine/sources""]",4,Observed route-link graph plus recorded disclosure/fixture prerequisite,,"Inspect the source, disagreement or supporting record identified here",visible,2 assertions: passed,DOM text/link check; visual composition covered by representative family only,Parent route structural check; not individual source/prose visual verification,verification.json#coverage,,,,KEEP rendered record; external source verification not inferred,B
"[{""route"":""/cases/europe-missile-defence-coalition-ukraine/sources"",""anchor"":""claim-c2""},{""route"":""/zh/cases/europe-missile-defence-coalition-ukraine/sources"",""anchor"":""claim-c2""}]",security-europe-anti-ballistic-coalition-ukraine-2026-07:claim:c2,content/current-cases/europe-missile-defence-coalition-ukraine.json,rendered public reference; see exposure/state,as listed in exposures,1,"[""default document"",""default document""]",current-case-claim,"[""/"",""/method"",""/cases"",""/cases/europe-missile-defence-coalition-ukraine"",""/cases/europe-missile-defence-coalition-ukraine/sources""]",4,Observed route-link graph plus recorded disclosure/fixture prerequisite,,"Inspect the source, disagreement or supporting record identified here",visible,2 assertions: passed,DOM text/link check; visual composition covered by representative family only,Parent route structural check; not individual source/prose visual verification,verification.json#coverage,,,,KEEP rendered record; external source verification not inferred,B
"[{""route"":""/cases/europe-missile-defence-coalition-ukraine/sources"",""anchor"":""claim-c3""},{""route"":""/zh/cases/europe-missile-defence-coalition-ukraine/sources"",""anchor"":""claim-c3""}]",security-europe-anti-ballistic-coalition-ukraine-2026-07:claim:c3,content/current-cases/europe-missile-defence-coalition-ukraine.json,rendered public reference; see exposure/state,as listed in exposures,1,"[""default document"",""default document""]",current-case-claim,"[""/"",""/method"",""/cases"",""/cases/europe-missile-defence-coalition-ukraine"",""/cases/europe-missile-defence-coalition-ukraine/sources""]",4,Observed route-link graph plus recorded disclosure/fixture prerequisite,,"Inspect the source, disagreement or supporting record identified here",visible,2 assertions: passed,DOM text/link check; visual composition covered by representative family only,Parent route structural check; not individual source/prose visual verification,verification.json#coverage,,,,KEEP rendered record; external source verification not inferred,B
"[{""route"":""/cases/europe-missile-defence-coalition-ukraine/sources"",""anchor"":""claim-c4""},{""route"":""/zh/cases/europe-missile-defence-coalition-ukraine/sources"",""anchor"":""claim-c4""}]",security-europe-anti-ballistic-coalition-ukraine-2026-07:claim:c4,content/current-cases/europe-missile-defence-coalition-ukraine.json,rendered public reference; see exposure/state,as listed in exposures,1,"[""default document"",""default document""]",current-case-claim,"[""/"",""/method"",""/cases"",""/cases/europe-missile-defence-coalition-ukraine"",""/cases/europe-missile-defence-coalition-ukraine/sources""]",4,Observed route-link graph plus recorded disclosure/fixture prerequisite,,"Inspect the source, disagreement or supporting record identified here",visible,2 assertions: passed,DOM text/link check; visual composition covered by representative family only,Parent route structural check; not individual source/prose visual verification,verification.json#coverage,,,,KEEP rendered record; external source verification not inferred,B
"[{""route"":""/cases/europe-missile-defence-coalition-ukraine/sources"",""anchor"":""claim-c5""},{""route"":""/zh/cases/europe-missile-defence-coalition-ukraine/sources"",""anchor"":""claim-c5""}]",security-europe-anti-ballistic-coalition-ukraine-2026-07:claim:c5,content/current-cases/europe-missile-defence-coalition-ukraine.json,rendered public reference; see exposure/state,as listed in exposures,1,"[""default document"",""default document""]",current-case-claim,"[""/"",""/method"",""/cases"",""/cases/europe-missile-defence-coalition-ukraine"",""/cases/europe-missile-defence-coalition-ukraine/sources""]",4,Observed route-link graph plus recorded disclosure/fixture prerequisite,,"Inspect the source, disagreement or supporting record identified here",visible,2 assertions: passed,DOM text/link check; visual composition covered by representative family only,Parent route structural check; not individual source/prose visual verification,verification.json#coverage,,,,KEEP rendered record; external source verification not inferred,B
"[{""route"":""/cases/europe-missile-defence-coalition-ukraine/sources"",""anchor"":""claim-c6""},{""route"":""/zh/cases/europe-missile-defence-coalition-ukraine/sources"",""anchor"":""claim-c6""}]",security-europe-anti-ballistic-coalition-ukraine-2026-07:claim:c6,content/current-cases/europe-missile-defence-coalition-ukraine.json,rendered public reference; see exposure/state,as listed in exposures,1,"[""default document"",""default document""]",current-case-claim,"[""/"",""/method"",""/cases"",""/cases/europe-missile-defence-coalition-ukraine"",""/cases/europe-missile-defence-coalition-ukraine/sources""]",4,Observed route-link graph plus recorded disclosure/fixture prerequisite,,"Inspect the source, disagreement or supporting record identified here",visible,2 assertions: passed,DOM text/link check; visual composition covered by representative family only,Parent route structural check; not individual source/prose visual verification,verification.json#coverage,,,,KEEP rendered record; external source verification not inferred,B
"[{""route"":""/cases/us-brazil-section-301-tariffs/sources"",""locator"":""source ID S1""},{""route"":""/zh/cases/us-brazil-section-301-tariffs/sources"",""locator"":""source ID S1""}]",economic-statecraft-us-brazil-section301-2026-07:source:S1,content/current-cases/us-brazil-section-301-tariffs.json,rendered public reference; see exposure/state,as listed in exposures,1,"[""default document"",""default document""]",current-case-source,"[""/"",""/method"",""/cases"",""/cases/us-brazil-section-301-tariffs"",""/cases/us-brazil-section-301-tariffs/sources""]",4,Observed route-link graph plus recorded disclosure/fixture prerequisite,"USTR Section 301 Action on Brazil’s Unreasonable Acts, Policies, and Practices","Inspect the source, disagreement or supporting record identified here",visible,2 assertions: passed,DOM text/link check; visual composition covered by representative family only,Parent route structural check; not individual source/prose visual verification,verification.json#coverage,,,,KEEP rendered record; external source verification not inferred,B
"[{""route"":""/cases/us-brazil-section-301-tariffs/sources"",""locator"":""source ID S2""},{""route"":""/zh/cases/us-brazil-section-301-tariffs/sources"",""locator"":""source ID S2""}]",economic-statecraft-us-brazil-section301-2026-07:source:S2,content/current-cases/us-brazil-section-301-tariffs.json,rendered public reference; see exposure/state,as listed in exposures,1,"[""default document"",""default document""]",current-case-source,"[""/"",""/method"",""/cases"",""/cases/us-brazil-section-301-tariffs"",""/cases/us-brazil-section-301-tariffs/sources""]",4,Observed route-link graph plus recorded disclosure/fixture prerequisite,"Section 301 – Brazil’s Acts, Policies, and Practices Related to Digital Trade and Electronic Payment Services; Unfair, Preferential Tariffs; Anti-Corruption Enforcement; Intellectual Property Protection; Ethanol Market Access; and Illegal Deforestation","Inspect the source, disagreement or supporting record identified here",visible,2 assertions: passed,DOM text/link check; visual composition covered by representative family only,Parent route structural check; not individual source/prose visual verification,verification.json#coverage,,,,KEEP rendered record; external source verification not inferred,B
"[{""route"":""/cases/us-brazil-section-301-tariffs/sources"",""locator"":""source ID S3""},{""route"":""/zh/cases/us-brazil-section-301-tariffs/sources"",""locator"":""source ID S3""}]",economic-statecraft-us-brazil-section301-2026-07:source:S3,content/current-cases/us-brazil-section-301-tariffs.json,rendered public reference; see exposure/state,as listed in exposures,1,"[""default document"",""default document""]",current-case-source,"[""/"",""/method"",""/cases"",""/cases/us-brazil-section-301-tariffs"",""/cases/us-brazil-section-301-tariffs/sources""]",4,Observed route-link graph plus recorded disclosure/fixture prerequisite,"US imposes new 25% tariffs on Brazil, expands exemptions list","Inspect the source, disagreement or supporting record identified here",visible,2 assertions: passed,DOM text/link check; visual composition covered by representative family only,Parent route structural check; not individual source/prose visual verification,verification.json#coverage,,,,KEEP rendered record; external source verification not inferred,B
"[{""route"":""/cases/us-brazil-section-301-tariffs/sources"",""locator"":""source ID S4""},{""route"":""/zh/cases/us-brazil-section-301-tariffs/sources"",""locator"":""source ID S4""}]",economic-statecraft-us-brazil-section301-2026-07:source:S4,content/current-cases/us-brazil-section-301-tariffs.json,rendered public reference; see exposure/state,as listed in exposures,1,"[""default document"",""default document""]",current-case-source,"[""/"",""/method"",""/cases"",""/cases/us-brazil-section-301-tariffs"",""/cases/us-brazil-section-301-tariffs/sources""]",4,Observed route-link graph plus recorded disclosure/fixture prerequisite,"US imposing a 25% tariff on some Brazilian imports starting July 22, citing unfair trade practices","Inspect the source, disagreement or supporting record identified here",visible,2 assertions: passed,DOM text/link check; visual composition covered by representative family only,Parent route structural check; not individual source/prose visual verification,verification.json#coverage,,,,KEEP rendered record; external source verification not inferred,B
"[{""route"":""/cases/us-brazil-section-301-tariffs/sources"",""locator"":""source ID S5""},{""route"":""/zh/cases/us-brazil-section-301-tariffs/sources"",""locator"":""source ID S5""}]",economic-statecraft-us-brazil-section301-2026-07:source:S5,content/current-cases/us-brazil-section-301-tariffs.json,rendered public reference; see exposure/state,as listed in exposures,1,"[""default document"",""default document""]",current-case-source,"[""/"",""/method"",""/cases"",""/cases/us-brazil-section-301-tariffs"",""/cases/us-brazil-section-301-tariffs/sources""]",4,Observed route-link graph plus recorded disclosure/fixture prerequisite,"Brazil readies 'tough' response to new Trump tariffs, sources say","Inspect the source, disagreement or supporting record identified here",visible,2 assertions: passed,DOM text/link check; visual composition covered by representative family only,Parent route structural check; not individual source/prose visual verification,verification.json#coverage,,,,KEEP rendered record; external source verification not inferred,B
"[{""route"":""/cases/us-brazil-section-301-tariffs/sources"",""locator"":""source ID S6""},{""route"":""/zh/cases/us-brazil-section-301-tariffs/sources"",""locator"":""source ID S6""}]",economic-statecraft-us-brazil-section301-2026-07:source:S6,content/current-cases/us-brazil-section-301-tariffs.json,rendered public reference; see exposure/state,as listed in exposures,1,"[""default document"",""default document""]",current-case-source,"[""/"",""/method"",""/cases"",""/cases/us-brazil-section-301-tariffs"",""/cases/us-brazil-section-301-tariffs/sources""]",4,Observed route-link graph plus recorded disclosure/fixture prerequisite,Plano Brasil Soberano 2026 - medidas do BNDES frente à instabilidade internacional,"Inspect the source, disagreement or supporting record identified here",visible,2 assertions: passed,DOM text/link check; visual composition covered by representative family only,Parent route structural check; not individual source/prose visual verification,verification.json#coverage,,,,KEEP rendered record; external source verification not inferred,B
"[{""route"":""/cases/us-brazil-section-301-tariffs/sources"",""anchor"":""claim-c1""},{""route"":""/zh/cases/us-brazil-section-301-tariffs/sources"",""anchor"":""claim-c1""}]",economic-statecraft-us-brazil-section301-2026-07:claim:c1,content/current-cases/us-brazil-section-301-tariffs.json,rendered public reference; see exposure/state,as listed in exposures,1,"[""default document"",""default document""]",current-case-claim,"[""/"",""/method"",""/cases"",""/cases/us-brazil-section-301-tariffs"",""/cases/us-brazil-section-301-tariffs/sources""]",4,Observed route-link graph plus recorded disclosure/fixture prerequisite,,"Inspect the source, disagreement or supporting record identified here",visible,2 assertions: passed,DOM text/link check; visual composition covered by representative family only,Parent route structural check; not individual source/prose visual verification,verification.json#coverage,,,,KEEP rendered record; external source verification not inferred,B
"[{""route"":""/cases/us-brazil-section-301-tariffs/sources"",""anchor"":""claim-c2""},{""route"":""/zh/cases/us-brazil-section-301-tariffs/sources"",""anchor"":""claim-c2""}]",economic-statecraft-us-brazil-section301-2026-07:claim:c2,content/current-cases/us-brazil-section-301-tariffs.json,rendered public reference; see exposure/state,as listed in exposures,1,"[""default document"",""default document""]",current-case-claim,"[""/"",""/method"",""/cases"",""/cases/us-brazil-section-301-tariffs"",""/cases/us-brazil-section-301-tariffs/sources""]",4,Observed route-link graph plus recorded disclosure/fixture prerequisite,,"Inspect the source, disagreement or supporting record identified here",visible,2 assertions: passed,DOM text/link check; visual composition covered by representative family only,Parent route structural check; not individual source/prose visual verification,verification.json#coverage,,,,KEEP rendered record; external source verification not inferred,B
"[{""route"":""/cases/us-brazil-section-301-tariffs/sources"",""anchor"":""claim-c3""},{""route"":""/zh/cases/us-brazil-section-301-tariffs/sources"",""anchor"":""claim-c3""}]",economic-statecraft-us-brazil-section301-2026-07:claim:c3,content/current-cases/us-brazil-section-301-tariffs.json,rendered public reference; see exposure/state,as listed in exposures,1,"[""default document"",""default document""]",current-case-claim,"[""/"",""/method"",""/cases"",""/cases/us-brazil-section-301-tariffs"",""/cases/us-brazil-section-301-tariffs/sources""]",4,Observed route-link graph plus recorded disclosure/fixture prerequisite,,"Inspect the source, disagreement or supporting record identified here",visible,2 assertions: passed,DOM text/link check; visual composition covered by representative family only,Parent route structural check; not individual source/prose visual verification,verification.json#coverage,,,,KEEP rendered record; external source verification not inferred,B
"[{""route"":""/cases/us-brazil-section-301-tariffs/sources"",""anchor"":""claim-c4""},{""route"":""/zh/cases/us-brazil-section-301-tariffs/sources"",""anchor"":""claim-c4""}]",economic-statecraft-us-brazil-section301-2026-07:claim:c4,content/current-cases/us-brazil-section-301-tariffs.json,rendered public reference; see exposure/state,as listed in exposures,1,"[""default document"",""default document""]",current-case-claim,"[""/"",""/method"",""/cases"",""/cases/us-brazil-section-301-tariffs"",""/cases/us-brazil-section-301-tariffs/sources""]",4,Observed route-link graph plus recorded disclosure/fixture prerequisite,,"Inspect the source, disagreement or supporting record identified here",visible,2 assertions: passed,DOM text/link check; visual composition covered by representative family only,Parent route structural check; not individual source/prose visual verification,verification.json#coverage,,,,KEEP rendered record; external source verification not inferred,B
"[{""route"":""/cases/us-brazil-section-301-tariffs/sources"",""anchor"":""claim-c5""},{""route"":""/zh/cases/us-brazil-section-301-tariffs/sources"",""anchor"":""claim-c5""}]",economic-statecraft-us-brazil-section301-2026-07:claim:c5,content/current-cases/us-brazil-section-301-tariffs.json,rendered public reference; see exposure/state,as listed in exposures,1,"[""default document"",""default document""]",current-case-claim,"[""/"",""/method"",""/cases"",""/cases/us-brazil-section-301-tariffs"",""/cases/us-brazil-section-301-tariffs/sources""]",4,Observed route-link graph plus recorded disclosure/fixture prerequisite,,"Inspect the source, disagreement or supporting record identified here",visible,2 assertions: passed,DOM text/link check; visual composition covered by representative family only,Parent route structural check; not individual source/prose visual verification,verification.json#coverage,,,,KEEP rendered record; external source verification not inferred,B
"[{""route"":""/cases/us-brazil-section-301-tariffs/sources"",""anchor"":""claim-c6""},{""route"":""/zh/cases/us-brazil-section-301-tariffs/sources"",""anchor"":""claim-c6""}]",economic-statecraft-us-brazil-section301-2026-07:claim:c6,content/current-cases/us-brazil-section-301-tariffs.json,rendered public reference; see exposure/state,as listed in exposures,1,"[""default document"",""default document""]",current-case-claim,"[""/"",""/method"",""/cases"",""/cases/us-brazil-section-301-tariffs"",""/cases/us-brazil-section-301-tariffs/sources""]",4,Observed route-link graph plus recorded disclosure/fixture prerequisite,,"Inspect the source, disagreement or supporting record identified here",visible,2 assertions: passed,DOM text/link check; visual composition covered by representative family only,Parent route structural check; not individual source/prose visual verification,verification.json#coverage,,,,KEEP rendered record; external source verification not inferred,B
"[{""route"":""/cases/south-china-sea-award-at-ten/sources"",""locator"":""source ID S1""},{""route"":""/zh/cases/south-china-sea-award-at-ten/sources"",""locator"":""source ID S1""}]",institutional-legitimacy-south-china-sea-award-anniversary-2026-07:source:S1,content/current-cases/south-china-sea-award-at-ten.json,rendered public reference; see exposure/state,as listed in exposures,1,"[""default document"",""default document""]",current-case-source,"[""/"",""/method"",""/cases"",""/cases/south-china-sea-award-at-ten"",""/cases/south-china-sea-award-at-ten/sources""]",4,Observed route-link graph plus recorded disclosure/fixture prerequisite,Joint Statement on the Tenth Anniversary of the Philippines-China South China Sea Arbitral Tribunal Award,"Inspect the source, disagreement or supporting record identified here",visible,2 assertions: passed,DOM text/link check; visual composition covered by representative family only,Parent route structural check; not individual source/prose visual verification,verification.json#coverage,,,,KEEP rendered record; external source verification not inferred,B
"[{""route"":""/cases/south-china-sea-award-at-ten/sources"",""locator"":""source ID S2""},{""route"":""/zh/cases/south-china-sea-award-at-ten/sources"",""locator"":""source ID S2""}]",institutional-legitimacy-south-china-sea-award-anniversary-2026-07:source:S2,content/current-cases/south-china-sea-award-at-ten.json,rendered public reference; see exposure/state,as listed in exposures,1,"[""default document"",""default document""]",current-case-source,"[""/"",""/method"",""/cases"",""/cases/south-china-sea-award-at-ten"",""/cases/south-china-sea-award-at-ten/sources""]",4,Observed route-link graph plus recorded disclosure/fixture prerequisite,Joint Statement on the Tenth Anniversary of the Philippines-China South China Sea Arbitral Tribunal Award,"Inspect the source, disagreement or supporting record identified here",visible,2 assertions: passed,DOM text/link check; visual composition covered by representative family only,Parent route structural check; not individual source/prose visual verification,verification.json#coverage,,,,KEEP rendered record; external source verification not inferred,B
"[{""route"":""/cases/south-china-sea-award-at-ten/sources"",""locator"":""source ID S3""},{""route"":""/zh/cases/south-china-sea-award-at-ten/sources"",""locator"":""source ID S3""}]",institutional-legitimacy-south-china-sea-award-anniversary-2026-07:source:S3,content/current-cases/south-china-sea-award-at-ten.json,rendered public reference; see exposure/state,as listed in exposures,1,"[""default document"",""default document""]",current-case-source,"[""/"",""/method"",""/cases"",""/cases/south-china-sea-award-at-ten"",""/cases/south-china-sea-award-at-ten/sources""]",4,Observed route-link graph plus recorded disclosure/fixture prerequisite,South China Sea: Statement by the High Representative on behalf of the EU on the tenth anniversary of the Arbitral Award between the Philippines and China,"Inspect the source, disagreement or supporting record identified here",visible,2 assertions: passed,DOM text/link check; visual composition covered by representative family only,Parent route structural check; not individual source/prose visual verification,verification.json#coverage,,,,KEEP rendered record; external source verification not inferred,B
"[{""route"":""/cases/south-china-sea-award-at-ten/sources"",""locator"":""source ID S4""},{""route"":""/zh/cases/south-china-sea-award-at-ten/sources"",""locator"":""source ID S4""}]",institutional-legitimacy-south-china-sea-award-anniversary-2026-07:source:S4,content/current-cases/south-china-sea-award-at-ten.json,rendered public reference; see exposure/state,as listed in exposures,1,"[""default document"",""default document""]",current-case-source,"[""/"",""/method"",""/cases"",""/cases/south-china-sea-award-at-ten"",""/cases/south-china-sea-award-at-ten/sources""]",4,Observed route-link graph plus recorded disclosure/fixture prerequisite,"Foreign Ministry Spokesperson Lin Jian’s Regular Press Conference on July 14, 2026","Inspect the source, disagreement or supporting record identified here",visible,2 assertions: passed,DOM text/link check; visual composition covered by representative family only,Parent route structural check; not individual source/prose visual verification,verification.json#coverage,,,,KEEP rendered record; external source verification not inferred,B
"[{""route"":""/cases/south-china-sea-award-at-ten/sources"",""locator"":""source ID S5""},{""route"":""/zh/cases/south-china-sea-award-at-ten/sources"",""locator"":""source ID S5""}]",institutional-legitimacy-south-china-sea-award-anniversary-2026-07:source:S5,content/current-cases/south-china-sea-award-at-ten.json,rendered public reference; see exposure/state,as listed in exposures,1,"[""default document"",""default document""]",current-case-source,"[""/"",""/method"",""/cases"",""/cases/south-china-sea-award-at-ten"",""/cases/south-china-sea-award-at-ten/sources""]",4,Observed route-link graph plus recorded disclosure/fixture prerequisite,South China Sea Arbitration case file,"Inspect the source, disagreement or supporting record identified here",visible,2 assertions: passed,DOM text/link check; visual composition covered by representative family only,Parent route structural check; not individual source/prose visual verification,verification.json#coverage,,,,KEEP rendered record; external source verification not inferred,B
"[{""route"":""/cases/south-china-sea-award-at-ten/sources"",""anchor"":""claim-c1""},{""route"":""/zh/cases/south-china-sea-award-at-ten/sources"",""anchor"":""claim-c1""}]",institutional-legitimacy-south-china-sea-award-anniversary-2026-07:claim:c1,content/current-cases/south-china-sea-award-at-ten.json,rendered public reference; see exposure/state,as listed in exposures,1,"[""default document"",""default document""]",current-case-claim,"[""/"",""/method"",""/cases"",""/cases/south-china-sea-award-at-ten"",""/cases/south-china-sea-award-at-ten/sources""]",4,Observed route-link graph plus recorded disclosure/fixture prerequisite,,"Inspect the source, disagreement or supporting record identified here",visible,2 assertions: passed,DOM text/link check; visual composition covered by representative family only,Parent route structural check; not individual source/prose visual verification,verification.json#coverage,,,,KEEP rendered record; external source verification not inferred,B
"[{""route"":""/cases/south-china-sea-award-at-ten/sources"",""anchor"":""claim-c2""},{""route"":""/zh/cases/south-china-sea-award-at-ten/sources"",""anchor"":""claim-c2""}]",institutional-legitimacy-south-china-sea-award-anniversary-2026-07:claim:c2,content/current-cases/south-china-sea-award-at-ten.json,rendered public reference; see exposure/state,as listed in exposures,1,"[""default document"",""default document""]",current-case-claim,"[""/"",""/method"",""/cases"",""/cases/south-china-sea-award-at-ten"",""/cases/south-china-sea-award-at-ten/sources""]",4,Observed route-link graph plus recorded disclosure/fixture prerequisite,,"Inspect the source, disagreement or supporting record identified here",visible,2 assertions: passed,DOM text/link check; visual composition covered by representative family only,Parent route structural check; not individual source/prose visual verification,verification.json#coverage,,,,KEEP rendered record; external source verification not inferred,B
"[{""route"":""/cases/south-china-sea-award-at-ten/sources"",""anchor"":""claim-c3""},{""route"":""/zh/cases/south-china-sea-award-at-ten/sources"",""anchor"":""claim-c3""}]",institutional-legitimacy-south-china-sea-award-anniversary-2026-07:claim:c3,content/current-cases/south-china-sea-award-at-ten.json,rendered public reference; see exposure/state,as listed in exposures,1,"[""default document"",""default document""]",current-case-claim,"[""/"",""/method"",""/cases"",""/cases/south-china-sea-award-at-ten"",""/cases/south-china-sea-award-at-ten/sources""]",4,Observed route-link graph plus recorded disclosure/fixture prerequisite,,"Inspect the source, disagreement or supporting record identified here",visible,2 assertions: passed,DOM text/link check; visual composition covered by representative family only,Parent route structural check; not individual source/prose visual verification,verification.json#coverage,,,,KEEP rendered record; external source verification not inferred,B
"[{""route"":""/cases/south-china-sea-award-at-ten/sources"",""anchor"":""claim-c4""},{""route"":""/zh/cases/south-china-sea-award-at-ten/sources"",""anchor"":""claim-c4""}]",institutional-legitimacy-south-china-sea-award-anniversary-2026-07:claim:c4,content/current-cases/south-china-sea-award-at-ten.json,rendered public reference; see exposure/state,as listed in exposures,1,"[""default document"",""default document""]",current-case-claim,"[""/"",""/method"",""/cases"",""/cases/south-china-sea-award-at-ten"",""/cases/south-china-sea-award-at-ten/sources""]",4,Observed route-link graph plus recorded disclosure/fixture prerequisite,,"Inspect the source, disagreement or supporting record identified here",visible,2 assertions: passed,DOM text/link check; visual composition covered by representative family only,Parent route structural check; not individual source/prose visual verification,verification.json#coverage,,,,KEEP rendered record; external source verification not inferred,B
"[{""route"":""/cases/south-china-sea-award-at-ten/sources"",""anchor"":""claim-c5""},{""route"":""/zh/cases/south-china-sea-award-at-ten/sources"",""anchor"":""claim-c5""}]",institutional-legitimacy-south-china-sea-award-anniversary-2026-07:claim:c5,content/current-cases/south-china-sea-award-at-ten.json,rendered public reference; see exposure/state,as listed in exposures,1,"[""default document"",""default document""]",current-case-claim,"[""/"",""/method"",""/cases"",""/cases/south-china-sea-award-at-ten"",""/cases/south-china-sea-award-at-ten/sources""]",4,Observed route-link graph plus recorded disclosure/fixture prerequisite,,"Inspect the source, disagreement or supporting record identified here",visible,2 assertions: passed,DOM text/link check; visual composition covered by representative family only,Parent route structural check; not individual source/prose visual verification,verification.json#coverage,,,,KEEP rendered record; external source verification not inferred,B
"[{""route"":""/cases/south-china-sea-award-at-ten/sources"",""anchor"":""claim-c6""},{""route"":""/zh/cases/south-china-sea-award-at-ten/sources"",""anchor"":""claim-c6""}]",institutional-legitimacy-south-china-sea-award-anniversary-2026-07:claim:c6,content/current-cases/south-china-sea-award-at-ten.json,rendered public reference; see exposure/state,as listed in exposures,1,"[""default document"",""default document""]",current-case-claim,"[""/"",""/method"",""/cases"",""/cases/south-china-sea-award-at-ten"",""/cases/south-china-sea-award-at-ten/sources""]",4,Observed route-link graph plus recorded disclosure/fixture prerequisite,,"Inspect the source, disagreement or supporting record identified here",visible,2 assertions: passed,DOM text/link check; visual composition covered by representative family only,Parent route structural check; not individual source/prose visual verification,verification.json#coverage,,,,KEEP rendered record; external source verification not inferred,B
"[{""route"":""/ai/results/{synthetic-payload}"",""state"":{""archetype"":""precautionarySteward"",""bucket"":""startHere""}},{""route"":""/ai/results/{synthetic-payload}"",""state"":{""archetype"":""strategicCompetitor"",""bucket"":""startHere""}},{""route"":""/ai/results/{synthetic-payload}"",""state"":{""archetype"":""coordinationArchitect"",""bucket"":""startHere""}},{""route"":""/ai/results/{synthetic-payload}"",""state"":{""archetype"":""democraticGuardrailist"",""bucket"":""startHere""}},{""route"":""/ai/results/{synthetic-payload}"",""state"":{""archetype"":""stateCapacityBuilder"",""bucket"":""startHere""}},{""route"":""/ai/results/{synthetic-payload}"",""state"":{""archetype"":""openEcosystemBuilder"",""bucket"":""startHere""}}]",ai-reading:dafoe-2018-research-agenda,lib/ai-governance-reading-lists-v2.ts,rendered public reference; see exposure/state,as listed in exposures,no independent record version,"[""default document"",""default document"",""default document"",""default document"",""default document"",""default document""]",ai-reading-record,Direct/state-dependent exposure; exact prerequisite recorded,,Observed route-link graph plus recorded disclosure/fixture prerequisite,AI Governance: A Research Agenda,"Inspect the source, disagreement or supporting record identified here",visible,6 assertions: passed,DOM text/link check; visual composition covered by representative family only,Parent route structural check; not individual source/prose visual verification,verification.json#coverage,,,,KEEP rendered record; external source verification not inferred,B
"[{""route"":""/ai/results/{synthetic-payload}"",""state"":{""archetype"":""precautionarySteward"",""bucket"":""startHere""}},{""route"":""/ai/results/{synthetic-payload}"",""state"":{""archetype"":""strategicCompetitor"",""bucket"":""startHere""}},{""route"":""/ai/results/{synthetic-payload}"",""state"":{""archetype"":""coordinationArchitect"",""bucket"":""startHere""}},{""route"":""/ai/results/{synthetic-payload}"",""state"":{""archetype"":""democraticGuardrailist"",""bucket"":""startHere""}},{""route"":""/ai/results/{synthetic-payload}"",""state"":{""archetype"":""stateCapacityBuilder"",""bucket"":""startHere""}},{""route"":""/ai/results/{synthetic-payload}"",""state"":{""archetype"":""openEcosystemBuilder"",""bucket"":""startHere""}}]",ai-reading:iasr-2025,lib/ai-governance-reading-lists-v2.ts,rendered public reference; see exposure/state,as listed in exposures,no independent record version,"[""default document"",""default document"",""default document"",""default document"",""default document"",""default document""]",ai-reading-record,Direct/state-dependent exposure; exact prerequisite recorded,,Observed route-link graph plus recorded disclosure/fixture prerequisite,International AI Safety Report 2025,"Inspect the source, disagreement or supporting record identified here",visible,6 assertions: passed,DOM text/link check; visual composition covered by representative family only,Parent route structural check; not individual source/prose visual verification,verification.json#coverage,,,,KEEP rendered record; external source verification not inferred,B
"[{""route"":""/ai/results/{synthetic-payload}"",""state"":{""archetype"":""precautionarySteward"",""bucket"":""startHere""}},{""route"":""/ai/results/{synthetic-payload}"",""state"":{""archetype"":""strategicCompetitor"",""bucket"":""startHere""}},{""route"":""/ai/results/{synthetic-payload}"",""state"":{""archetype"":""coordinationArchitect"",""bucket"":""startHere""}},{""route"":""/ai/results/{synthetic-payload}"",""state"":{""archetype"":""democraticGuardrailist"",""bucket"":""startHere""}},{""route"":""/ai/results/{synthetic-payload}"",""state"":{""archetype"":""stateCapacityBuilder"",""bucket"":""startHere""}},{""route"":""/ai/results/{synthetic-payload}"",""state"":{""archetype"":""openEcosystemBuilder"",""bucket"":""startHere""}}]",ai-reading:oecd-ai-principles,lib/ai-governance-reading-lists-v2.ts,rendered public reference; see exposure/state,as listed in exposures,no independent record version,"[{""synthetic_result_primary"":""precautionarySteward"",""reading_bucket"":""startHere""}]",ai-reading-record,Direct/state-dependent exposure; exact prerequisite recorded,,Observed route-link graph plus recorded disclosure/fixture prerequisite,OECD AI Principles,"Inspect the source, disagreement or supporting record identified here",visible,1 assertions: passed,DOM text/link check; visual composition covered by representative family only,Parent route structural check; not individual source/prose visual verification,verification.json#coverage,,,,KEEP rendered record; external source verification not inferred,B
"[{""route"":""/ai/results/{synthetic-payload}"",""state"":{""archetype"":""precautionarySteward"",""bucket"":""startHere""}},{""route"":""/ai/results/{synthetic-payload}"",""state"":{""archetype"":""strategicCompetitor"",""bucket"":""startHere""}},{""route"":""/ai/results/{synthetic-payload}"",""state"":{""archetype"":""coordinationArchitect"",""bucket"":""startHere""}},{""route"":""/ai/results/{synthetic-payload}"",""state"":{""archetype"":""democraticGuardrailist"",""bucket"":""startHere""}},{""route"":""/ai/results/{synthetic-payload}"",""state"":{""archetype"":""stateCapacityBuilder"",""bucket"":""startHere""}},{""route"":""/ai/results/{synthetic-payload}"",""state"":{""archetype"":""openEcosystemBuilder"",""bucket"":""startHere""}}]",ai-reading:nist-ai-rmf-genai-profile,lib/ai-governance-reading-lists-v2.ts,rendered public reference; see exposure/state,as listed in exposures,no independent record version,"[{""synthetic_result_primary"":""precautionarySteward"",""reading_bucket"":""startHere""}]",ai-reading-record,Direct/state-dependent exposure; exact prerequisite recorded,,Observed route-link graph plus recorded disclosure/fixture prerequisite,NIST AI RMF: Generative AI Profile,"Inspect the source, disagreement or supporting record identified here",visible,1 assertions: passed,DOM text/link check; visual composition covered by representative family only,Parent route structural check; not individual source/prose visual verification,verification.json#coverage,,,,KEEP rendered record; external source verification not inferred,B
"[{""route"":""/ai/results/{synthetic-payload}"",""state"":{""archetype"":""precautionarySteward"",""bucket"":""practiceNow""}}]",ai-reading:metr-frontier-ai-safety-policies,lib/ai-governance-reading-lists-v2.ts,rendered public reference; see exposure/state,as listed in exposures,no independent record version,"[""default document""]",ai-reading-record,Direct/state-dependent exposure; exact prerequisite recorded,,Observed route-link graph plus recorded disclosure/fixture prerequisite,Frontier AI Safety Policies,"Inspect the source, disagreement or supporting record identified here",visible,1 assertions: passed,DOM text/link check; visual composition covered by representative family only,Parent route structural check; not individual source/prose visual verification,verification.json#coverage,,,,KEEP rendered record; external source verification not inferred,B
"[{""route"":""/ai/results/{synthetic-payload}"",""state"":{""archetype"":""precautionarySteward"",""bucket"":""practiceNow""}}]",ai-reading:bengio-2023-managing-ai-risks,lib/ai-governance-reading-lists-v2.ts,rendered public reference; see exposure/state,as listed in exposures,no independent record version,"[""default document""]",ai-reading-record,Direct/state-dependent exposure; exact prerequisite recorded,,Observed route-link graph plus recorded disclosure/fixture prerequisite,Managing AI Risks in an Era of Rapid Progress,"Inspect the source, disagreement or supporting record identified here",visible,1 assertions: passed,DOM text/link check; visual composition covered by representative family only,Parent route structural check; not individual source/prose visual verification,verification.json#coverage,,,,KEEP rendered record; external source verification not inferred,B
"[{""route"":""/ai/results/{synthetic-payload}"",""state"":{""archetype"":""precautionarySteward"",""bucket"":""practiceNow""}},{""route"":""/ai/results/{synthetic-payload}"",""state"":{""archetype"":""strategicCompetitor"",""bucket"":""practiceNow""}},{""route"":""/ai/results/{synthetic-payload}"",""state"":{""archetype"":""coordinationArchitect"",""bucket"":""practiceNow""}},{""route"":""/ai/results/{synthetic-payload}"",""state"":{""archetype"":""democraticGuardrailist"",""bucket"":""practiceNow""}},{""route"":""/ai/results/{synthetic-payload}"",""state"":{""archetype"":""stateCapacityBuilder"",""bucket"":""practiceNow""}},{""route"":""/ai/results/{synthetic-payload}"",""state"":{""archetype"":""openEcosystemBuilder"",""bucket"":""practiceNow""}}]",ai-reading:metr-common-elements-frontier-ai-safety-policies,lib/ai-governance-reading-lists-v2.ts,rendered public reference; see exposure/state,as listed in exposures,no independent record version,"[""default document"",""default document""]",ai-reading-record,Direct/state-dependent exposure; exact prerequisite recorded,,Observed route-link graph plus recorded disclosure/fixture prerequisite,Common Elements of Frontier AI Safety Policies,"Inspect the source, disagreement or supporting record identified here",visible,2 assertions: passed,DOM text/link check; visual composition covered by representative family only,Parent route structural check; not individual source/prose visual verification,verification.json#coverage,,,,KEEP rendered record; external source verification not inferred,B
"[{""route"":""/ai/results/{synthetic-payload}"",""state"":{""archetype"":""precautionarySteward"",""bucket"":""practiceNow""}},{""route"":""/ai/results/{synthetic-payload}"",""state"":{""archetype"":""strategicCompetitor"",""bucket"":""practiceNow""}},{""route"":""/ai/results/{synthetic-payload}"",""state"":{""archetype"":""coordinationArchitect"",""bucket"":""practiceNow""}},{""route"":""/ai/results/{synthetic-payload}"",""state"":{""archetype"":""democraticGuardrailist"",""bucket"":""practiceNow""}},{""route"":""/ai/results/{synthetic-payload}"",""state"":{""archetype"":""stateCapacityBuilder"",""bucket"":""practiceNow""}},{""route"":""/ai/results/{synthetic-payload}"",""state"":{""archetype"":""openEcosystemBuilder"",""bucket"":""practiceNow""}}]",ai-reading:anthropic-responsible-scaling-policy,lib/ai-governance-reading-lists-v2.ts,rendered public reference; see exposure/state,as listed in exposures,no independent record version,"[""default document""]",ai-reading-record,Direct/state-dependent exposure; exact prerequisite recorded,,Observed route-link graph plus recorded disclosure/fixture prerequisite,Responsible Scaling Policy,"Inspect the source, disagreement or supporting record identified here",visible,1 assertions: passed,DOM text/link check; visual composition covered by representative family only,Parent route structural check; not individual source/prose visual verification,verification.json#coverage,,,,KEEP rendered record; external source verification not inferred,B
"[{""route"":""/ai/results/{synthetic-payload}"",""state"":{""archetype"":""precautionarySteward"",""bucket"":""practiceNow""}},{""route"":""/ai/results/{synthetic-payload}"",""state"":{""archetype"":""strategicCompetitor"",""bucket"":""practiceNow""}},{""route"":""/ai/results/{synthetic-payload}"",""state"":{""archetype"":""coordinationArchitect"",""bucket"":""practiceNow""}},{""route"":""/ai/results/{synthetic-payload}"",""state"":{""archetype"":""democraticGuardrailist"",""bucket"":""practiceNow""}},{""route"":""/ai/results/{synthetic-payload}"",""state"":{""archetype"":""stateCapacityBuilder"",""bucket"":""practiceNow""}},{""route"":""/ai/results/{synthetic-payload}"",""state"":{""archetype"":""openEcosystemBuilder"",""bucket"":""practiceNow""}}]",ai-reading:openai-updated-preparedness-framework,lib/ai-governance-reading-lists-v2.ts,rendered public reference; see exposure/state,as listed in exposures,no independent record version,"[{""synthetic_result_primary"":""precautionarySteward"",""reading_bucket"":""practiceNow""}]",ai-reading-record,Direct/state-dependent exposure; exact prerequisite recorded,,Observed route-link graph plus recorded disclosure/fixture prerequisite,Updated Preparedness Framework,"Inspect the source, disagreement or supporting record identified here",visible,1 assertions: passed,DOM text/link check; visual composition covered by representative family only,Parent route structural check; not individual source/prose visual verification,verification.json#coverage,,,,KEEP rendered record; external source verification not inferred,B
"[{""route"":""/ai/results/{synthetic-payload}"",""state"":{""archetype"":""precautionarySteward"",""bucket"":""practiceNow""}},{""route"":""/ai/results/{synthetic-payload}"",""state"":{""archetype"":""strategicCompetitor"",""bucket"":""practiceNow""}},{""route"":""/ai/results/{synthetic-payload}"",""state"":{""archetype"":""coordinationArchitect"",""bucket"":""practiceNow""}},{""route"":""/ai/results/{synthetic-payload}"",""state"":{""archetype"":""democraticGuardrailist"",""bucket"":""practiceNow""}},{""route"":""/ai/results/{synthetic-payload}"",""state"":{""archetype"":""stateCapacityBuilder"",""bucket"":""practiceNow""}},{""route"":""/ai/results/{synthetic-payload}"",""state"":{""archetype"":""openEcosystemBuilder"",""bucket"":""practiceNow""}}]",ai-reading:aisi-safety-cases,lib/ai-governance-reading-lists-v2.ts,rendered public reference; see exposure/state,as listed in exposures,no independent record version,"[{""synthetic_result_primary"":""precautionarySteward"",""reading_bucket"":""practiceNow""}]",ai-reading-record,Direct/state-dependent exposure; exact prerequisite recorded,,Observed route-link graph plus recorded disclosure/fixture prerequisite,Safety Cases at AISI,"Inspect the source, disagreement or supporting record identified here",visible,1 assertions: passed,DOM text/link check; visual composition covered by representative family only,Parent route structural check; not individual source/prose visual verification,verification.json#coverage,,,,KEEP rendered record; external source verification not inferred,B
"[{""route"":""/ai/results/{synthetic-payload}"",""state"":{""archetype"":""precautionarySteward"",""bucket"":""bestCritique""}},{""route"":""/ai/results/{synthetic-payload}"",""state"":{""archetype"":""strategicCompetitor"",""bucket"":""bestCritique""}},{""route"":""/ai/results/{synthetic-payload}"",""state"":{""archetype"":""coordinationArchitect"",""bucket"":""bestCritique""}},{""route"":""/ai/results/{synthetic-payload}"",""state"":{""archetype"":""democraticGuardrailist"",""bucket"":""bestCritique""}},{""route"":""/ai/results/{synthetic-payload}"",""state"":{""archetype"":""stateCapacityBuilder"",""bucket"":""bestCritique""}},{""route"":""/ai/results/{synthetic-payload}"",""state"":{""archetype"":""openEcosystemBuilder"",""bucket"":""bestCritique""}}]",ai-reading:bender-2021-stochastic-parrots,lib/ai-governance-reading-lists-v2.ts,rendered public reference; see exposure/state,as listed in exposures,no independent record version,"[""default document"",""default document"",""default document"",""default document""]",ai-reading-record,Direct/state-dependent exposure; exact prerequisite recorded,,Observed route-link graph plus recorded disclosure/fixture prerequisite,On the Dangers of Stochastic Parrots,"Inspect the source, disagreement or supporting record identified here",visible,4 assertions: passed,DOM text/link check; visual composition covered by representative family only,Parent route structural check; not individual source/prose visual verification,verification.json#coverage,,,,KEEP rendered record; external source verification not inferred,B
"[{""route"":""/ai/results/{synthetic-payload}"",""state"":{""archetype"":""precautionarySteward"",""bucket"":""bestCritique""}},{""route"":""/ai/results/{synthetic-payload}"",""state"":{""archetype"":""strategicCompetitor"",""bucket"":""bestCritique""}},{""route"":""/ai/results/{synthetic-payload}"",""state"":{""archetype"":""coordinationArchitect"",""bucket"":""bestCritique""}},{""route"":""/ai/results/{synthetic-payload}"",""state"":{""archetype"":""democraticGuardrailist"",""bucket"":""bestCritique""}},{""route"":""/ai/results/{synthetic-payload}"",""state"":{""archetype"":""stateCapacityBuilder"",""bucket"":""bestCritique""}},{""route"":""/ai/results/{synthetic-payload}"",""state"":{""archetype"":""openEcosystemBuilder"",""bucket"":""bestCritique""}}]",ai-reading:acemoglu-2021-harms-of-ai,lib/ai-governance-reading-lists-v2.ts,rendered public reference; see exposure/state,as listed in exposures,no independent record version,"[{""synthetic_result_primary"":""precautionarySteward"",""reading_bucket"":""bestCritique""}]",ai-reading-record,Direct/state-dependent exposure; exact prerequisite recorded,,Observed route-link graph plus recorded disclosure/fixture prerequisite,Harms of AI,"Inspect the source, disagreement or supporting record identified here",visible,1 assertions: passed,DOM text/link check; visual composition covered by representative family only,Parent route structural check; not individual source/prose visual verification,verification.json#coverage,,,,KEEP rendered record; external source verification not inferred,B
"[{""route"":""/ai/results/{synthetic-payload}"",""state"":{""archetype"":""precautionarySteward"",""bucket"":""bestCritique""}},{""route"":""/ai/results/{synthetic-payload}"",""state"":{""archetype"":""strategicCompetitor"",""bucket"":""bestCritique""}},{""route"":""/ai/results/{synthetic-payload}"",""state"":{""archetype"":""coordinationArchitect"",""bucket"":""bestCritique""}},{""route"":""/ai/results/{synthetic-payload}"",""state"":{""archetype"":""democraticGuardrailist"",""bucket"":""bestCritique""}},{""route"":""/ai/results/{synthetic-payload}"",""state"":{""archetype"":""stateCapacityBuilder"",""bucket"":""bestCritique""}},{""route"":""/ai/results/{synthetic-payload}"",""state"":{""archetype"":""openEcosystemBuilder"",""bucket"":""bestCritique""}}]",ai-reading:crawford-2021-atlas-of-ai,lib/ai-governance-reading-lists-v2.ts,rendered public reference; see exposure/state,as listed in exposures,no independent record version,"[{""synthetic_result_primary"":""precautionarySteward"",""reading_bucket"":""bestCritique""}]",ai-reading-record,Direct/state-dependent exposure; exact prerequisite recorded,,Observed route-link graph plus recorded disclosure/fixture prerequisite,Atlas of AI,"Inspect the source, disagreement or supporting record identified here",visible,1 assertions: passed,DOM text/link check; visual composition covered by representative family only,Parent route structural check; not individual source/prose visual verification,verification.json#coverage,,,,KEEP rendered record; external source verification not inferred,B
"[{""route"":""/ai/results/{synthetic-payload}"",""state"":{""archetype"":""precautionarySteward"",""bucket"":""bestCritique""}},{""route"":""/ai/results/{synthetic-payload}"",""state"":{""archetype"":""strategicCompetitor"",""bucket"":""bestCritique""}},{""route"":""/ai/results/{synthetic-payload}"",""state"":{""archetype"":""coordinationArchitect"",""bucket"":""bestCritique""}},{""route"":""/ai/results/{synthetic-payload}"",""state"":{""archetype"":""democraticGuardrailist"",""bucket"":""bestCritique""}},{""route"":""/ai/results/{synthetic-payload}"",""state"":{""archetype"":""stateCapacityBuilder"",""bucket"":""bestCritique""}},{""route"":""/ai/results/{synthetic-payload}"",""state"":{""archetype"":""openEcosystemBuilder"",""bucket"":""bestCritique""}}]",ai-reading:seger-2023-open-sourcing-highly-capable-models,lib/ai-governance-reading-lists-v2.ts,rendered public reference; see exposure/state,as listed in exposures,no independent record version,"[{""synthetic_result_primary"":""precautionarySteward"",""reading_bucket"":""bestCritique""}]",ai-reading-record,Direct/state-dependent exposure; exact prerequisite recorded,,Observed route-link graph plus recorded disclosure/fixture prerequisite,Open-Sourcing Highly Capable Foundation Models,"Inspect the source, disagreement or supporting record identified here",visible,1 assertions: passed,DOM text/link check; visual composition covered by representative family only,Parent route structural check; not individual source/prose visual verification,verification.json#coverage,,,,KEEP rendered record; external source verification not inferred,B
"[{""route"":""/ai/results/{synthetic-payload}"",""state"":{""archetype"":""precautionarySteward"",""bucket"":""chinaAndGlobalLens""}},{""route"":""/ai/results/{synthetic-payload}"",""state"":{""archetype"":""strategicCompetitor"",""bucket"":""chinaAndGlobalLens""}},{""route"":""/ai/results/{synthetic-payload}"",""state"":{""archetype"":""coordinationArchitect"",""bucket"":""chinaAndGlobalLens""}},{""route"":""/ai/results/{synthetic-payload}"",""state"":{""archetype"":""democraticGuardrailist"",""bucket"":""chinaAndGlobalLens""}},{""route"":""/ai/results/{synthetic-payload}"",""state"":{""archetype"":""stateCapacityBuilder"",""bucket"":""chinaAndGlobalLens""}},{""route"":""/ai/results/{synthetic-payload}"",""state"":{""archetype"":""openEcosystemBuilder"",""bucket"":""chinaAndGlobalLens""}}]",ai-reading:concordia-state-of-ai-safety-in-china,lib/ai-governance-reading-lists-v2.ts,rendered public reference; see exposure/state,as listed in exposures,no independent record version,"[{""synthetic_result_primary"":""precautionarySteward"",""reading_bucket"":""chinaAndGlobalLens""}]",ai-reading-record,Direct/state-dependent exposure; exact prerequisite recorded,,Observed route-link graph plus recorded disclosure/fixture prerequisite,State of AI Safety in China,"Inspect the source, disagreement or supporting record identified here",visible,1 assertions: passed,DOM text/link check; visual composition covered by representative family only,Parent route structural check; not individual source/prose visual verification,verification.json#coverage,,,,KEEP rendered record; external source verification not inferred,B
"[{""route"":""/ai/results/{synthetic-payload}"",""state"":{""archetype"":""precautionarySteward"",""bucket"":""chinaAndGlobalLens""}},{""route"":""/ai/results/{synthetic-payload}"",""state"":{""archetype"":""strategicCompetitor"",""bucket"":""chinaAndGlobalLens""}},{""route"":""/ai/results/{synthetic-payload}"",""state"":{""archetype"":""coordinationArchitect"",""bucket"":""chinaAndGlobalLens""}},{""route"":""/ai/results/{synthetic-payload}"",""state"":{""archetype"":""democraticGuardrailist"",""bucket"":""chinaAndGlobalLens""}},{""route"":""/ai/results/{synthetic-payload}"",""state"":{""archetype"":""stateCapacityBuilder"",""bucket"":""chinaAndGlobalLens""}},{""route"":""/ai/results/{synthetic-payload}"",""state"":{""archetype"":""openEcosystemBuilder"",""bucket"":""chinaAndGlobalLens""}}]",ai-reading:prc-global-ai-governance-initiative,lib/ai-governance-reading-lists-v2.ts,rendered public reference; see exposure/state,as listed in exposures,no independent record version,"[{""synthetic_result_primary"":""precautionarySteward"",""reading_bucket"":""chinaAndGlobalLens""}]",ai-reading-record,Direct/state-dependent exposure; exact prerequisite recorded,,Observed route-link graph plus recorded disclosure/fixture prerequisite,Global AI Governance Initiative,"Inspect the source, disagreement or supporting record identified here",visible,1 assertions: passed,DOM text/link check; visual composition covered by representative family only,Parent route structural check; not individual source/prose visual verification,verification.json#coverage,,,,KEEP rendered record; external source verification not inferred,B
"[{""route"":""/ai/results/{synthetic-payload}"",""state"":{""archetype"":""precautionarySteward"",""bucket"":""chinaAndGlobalLens""}},{""route"":""/ai/results/{synthetic-payload}"",""state"":{""archetype"":""strategicCompetitor"",""bucket"":""chinaAndGlobalLens""}},{""route"":""/ai/results/{synthetic-payload}"",""state"":{""archetype"":""coordinationArchitect"",""bucket"":""chinaAndGlobalLens""}},{""route"":""/ai/results/{synthetic-payload}"",""state"":{""archetype"":""democraticGuardrailist"",""bucket"":""chinaAndGlobalLens""}},{""route"":""/ai/results/{synthetic-payload}"",""state"":{""archetype"":""stateCapacityBuilder"",""bucket"":""chinaAndGlobalLens""}},{""route"":""/ai/results/{synthetic-payload}"",""state"":{""archetype"":""openEcosystemBuilder"",""bucket"":""chinaAndGlobalLens""}}]",ai-reading:waic-global-ai-governance-action-plan,lib/ai-governance-reading-lists-v2.ts,rendered public reference; see exposure/state,as listed in exposures,no independent record version,"[{""synthetic_result_primary"":""precautionarySteward"",""reading_bucket"":""chinaAndGlobalLens""}]",ai-reading-record,Direct/state-dependent exposure; exact prerequisite recorded,,Observed route-link graph plus recorded disclosure/fixture prerequisite,Global AI Governance Action Plan,"Inspect the source, disagreement or supporting record identified here",visible,1 assertions: passed,DOM text/link check; visual composition covered by representative family only,Parent route structural check; not individual source/prose visual verification,verification.json#coverage,,,,KEEP rendered record; external source verification not inferred,B
"[{""route"":""/ai/results/{synthetic-payload}"",""state"":{""archetype"":""precautionarySteward"",""bucket"":""chinaAndGlobalLens""}},{""route"":""/ai/results/{synthetic-payload}"",""state"":{""archetype"":""strategicCompetitor"",""bucket"":""chinaAndGlobalLens""}},{""route"":""/ai/results/{synthetic-payload}"",""state"":{""archetype"":""coordinationArchitect"",""bucket"":""chinaAndGlobalLens""}},{""route"":""/ai/results/{synthetic-payload}"",""state"":{""archetype"":""democraticGuardrailist"",""bucket"":""chinaAndGlobalLens""}},{""route"":""/ai/results/{synthetic-payload}"",""state"":{""archetype"":""stateCapacityBuilder"",""bucket"":""chinaAndGlobalLens""}},{""route"":""/ai/results/{synthetic-payload}"",""state"":{""archetype"":""openEcosystemBuilder"",""bucket"":""chinaAndGlobalLens""}}]",ai-reading:unesco-ethics-of-ai-recommendation,lib/ai-governance-reading-lists-v2.ts,rendered public reference; see exposure/state,as listed in exposures,no independent record version,"[{""synthetic_result_primary"":""precautionarySteward"",""reading_bucket"":""chinaAndGlobalLens""}]",ai-reading-record,Direct/state-dependent exposure; exact prerequisite recorded,,Observed route-link graph plus recorded disclosure/fixture prerequisite,Recommendation on the Ethics of Artificial Intelligence,"Inspect the source, disagreement or supporting record identified here",visible,1 assertions: passed,DOM text/link check; visual composition covered by representative family only,Parent route structural check; not individual source/prose visual verification,verification.json#coverage,,,,KEEP rendered record; external source verification not inferred,B
"[{""route"":""/ai/results/{synthetic-payload}"",""state"":{""archetype"":""strategicCompetitor"",""bucket"":""practiceNow""}}]",ai-reading:iaps-research-database,lib/ai-governance-reading-lists-v2.ts,rendered public reference; see exposure/state,as listed in exposures,no independent record version,"[""default document""]",ai-reading-record,Direct/state-dependent exposure; exact prerequisite recorded,,Observed route-link graph plus recorded disclosure/fixture prerequisite,Research Database,"Inspect the source, disagreement or supporting record identified here",visible,1 assertions: passed,DOM text/link check; visual composition covered by representative family only,Parent route structural check; not individual source/prose visual verification,verification.json#coverage,,,,KEEP rendered record; external source verification not inferred,B
"[{""route"":""/ai/results/{synthetic-payload}"",""state"":{""archetype"":""strategicCompetitor"",""bucket"":""practiceNow""}}]",ai-reading:nscai-final-report,lib/ai-governance-reading-lists-v2.ts,rendered public reference; see exposure/state,as listed in exposures,no independent record version,"[""default document""]",ai-reading-record,Direct/state-dependent exposure; exact prerequisite recorded,,Observed route-link graph plus recorded disclosure/fixture prerequisite,Final Report,"Inspect the source, disagreement or supporting record identified here",visible,1 assertions: passed,DOM text/link check; visual composition covered by representative family only,Parent route structural check; not individual source/prose visual verification,verification.json#coverage,,,,KEEP rendered record; external source verification not inferred,B
"[{""route"":""/ai/results/{synthetic-payload}"",""state"":{""archetype"":""coordinationArchitect"",""bucket"":""practiceNow""}}]",ai-reading:iasr-2025-coordination,lib/ai-governance-reading-lists-v2.ts,rendered public reference; see exposure/state,as listed in exposures,no independent record version,"[""default document""]",ai-reading-record,Direct/state-dependent exposure; exact prerequisite recorded,,Observed route-link graph plus recorded disclosure/fixture prerequisite,International AI Safety Report 2025,"Inspect the source, disagreement or supporting record identified here",visible,1 assertions: passed,DOM text/link check; visual composition covered by representative family only,Parent route structural check; not individual source/prose visual verification,verification.json#coverage,,,,KEEP rendered record; external source verification not inferred,B
"[{""route"":""/ai/results/{synthetic-payload}"",""state"":{""archetype"":""coordinationArchitect"",""bucket"":""practiceNow""}}]",ai-reading:oecd-ai-principles-coordination,lib/ai-governance-reading-lists-v2.ts,rendered public reference; see exposure/state,as listed in exposures,no independent record version,"[""default document""]",ai-reading-record,Direct/state-dependent exposure; exact prerequisite recorded,,Observed route-link graph plus recorded disclosure/fixture prerequisite,AI Principles,"Inspect the source, disagreement or supporting record identified here",visible,1 assertions: passed,DOM text/link check; visual composition covered by representative family only,Parent route structural check; not individual source/prose visual verification,verification.json#coverage,,,,KEEP rendered record; external source verification not inferred,B
"[{""route"":""/ai/results/{synthetic-payload}"",""state"":{""archetype"":""democraticGuardrailist"",""bucket"":""bestCritique""}}]",ai-reading:horowitz-2019-when-speed-kills,lib/ai-governance-reading-lists-v2.ts,rendered public reference; see exposure/state,as listed in exposures,no independent record version,"[""default document""]",ai-reading-record,Direct/state-dependent exposure; exact prerequisite recorded,,Observed route-link graph plus recorded disclosure/fixture prerequisite,When Speed Kills: Lethal Autonomous Weapon Systems and the Dangers of Rushing to Weaponize AI,"Inspect the source, disagreement or supporting record identified here",visible,1 assertions: passed,DOM text/link check; visual composition covered by representative family only,Parent route structural check; not individual source/prose visual verification,verification.json#coverage,,,,KEEP rendered record; external source verification not inferred,B
"[{""route"":""/ai/results/{synthetic-payload}"",""state"":{""archetype"":""democraticGuardrailist"",""bucket"":""bestCritique""}}]",ai-reading:hadfield-2019-incompleteness,lib/ai-governance-reading-lists-v2.ts,rendered public reference; see exposure/state,as listed in exposures,no independent record version,"[{""synthetic_result_primary"":""democraticGuardrailist"",""reading_bucket"":""bestCritique""}]",ai-reading-record,Direct/state-dependent exposure; exact prerequisite recorded,,Observed route-link graph plus recorded disclosure/fixture prerequisite,Incompleteness: A Regulatory Design Challenge for AI,"Inspect the source, disagreement or supporting record identified here",visible,1 assertions: passed,DOM text/link check; visual composition covered by representative family only,Parent route structural check; not individual source/prose visual verification,verification.json#coverage,,,,KEEP rendered record; external source verification not inferred,B
"[{""route"":""/ai/results/{synthetic-payload}"",""state"":{""archetype"":""stateCapacityBuilder"",""bucket"":""practiceNow""}}]",ai-reading:oecd-governing-with-ai,lib/ai-governance-reading-lists-v2.ts,rendered public reference; see exposure/state,as listed in exposures,no independent record version,"[""default document""]",ai-reading-record,Direct/state-dependent exposure; exact prerequisite recorded,,Observed route-link graph plus recorded disclosure/fixture prerequisite,Governing with Artificial Intelligence,"Inspect the source, disagreement or supporting record identified here",visible,1 assertions: passed,DOM text/link check; visual composition covered by representative family only,Parent route structural check; not individual source/prose visual verification,verification.json#coverage,,,,KEEP rendered record; external source verification not inferred,B
"[{""route"":""/ai/results/{synthetic-payload}"",""state"":{""archetype"":""stateCapacityBuilder"",""bucket"":""practiceNow""}}]",ai-reading:engstrom-2020-government-by-algorithm,lib/ai-governance-reading-lists-v2.ts,rendered public reference; see exposure/state,as listed in exposures,no independent record version,"[""default document""]",ai-reading-record,Direct/state-dependent exposure; exact prerequisite recorded,,Observed route-link graph plus recorded disclosure/fixture prerequisite,Government by Algorithm: Artificial Intelligence in Federal Administrative Agencies,"Inspect the source, disagreement or supporting record identified here",visible,1 assertions: passed,DOM text/link check; visual composition covered by representative family only,Parent route structural check; not individual source/prose visual verification,verification.json#coverage,,,,KEEP rendered record; external source verification not inferred,B
"[{""route"":""/ai/results/{synthetic-payload}"",""state"":{""archetype"":""openEcosystemBuilder"",""bucket"":""practiceNow""}}]",ai-reading:bommasani-2021-foundation-models,lib/ai-governance-reading-lists-v2.ts,rendered public reference; see exposure/state,as listed in exposures,no independent record version,"[""default document""]",ai-reading-record,Direct/state-dependent exposure; exact prerequisite recorded,,Observed route-link graph plus recorded disclosure/fixture prerequisite,On the Opportunities and Risks of Foundation Models,"Inspect the source, disagreement or supporting record identified here",visible,1 assertions: passed,DOM text/link check; visual composition covered by representative family only,Parent route structural check; not individual source/prose visual verification,verification.json#coverage,,,,KEEP rendered record; external source verification not inferred,B
"[{""route"":""/ai/results/{synthetic-payload}"",""state"":{""archetype"":""openEcosystemBuilder"",""bucket"":""bestCritique""}}]",ai-reading:widder-2023-open-for-business,lib/ai-governance-reading-lists-v2.ts,rendered public reference; see exposure/state,as listed in exposures,no independent record version,"[""default document""]",ai-reading-record,Direct/state-dependent exposure; exact prerequisite recorded,,Observed route-link graph plus recorded disclosure/fixture prerequisite,"Open (for Business): Big Tech, Concentrated Power, and the Political Economy of Open AI","Inspect the source, disagreement or supporting record identified here",visible,1 assertions: passed,DOM text/link check; visual composition covered by representative family only,Parent route structural check; not individual source/prose visual verification,verification.json#coverage,,,,KEEP rendered record; external source verification not inferred,B
"[{""route"":""/references"",""anchor"":""realism"",""locator"":""History of the Peloponnesian War""}]",bibliography:realistRefs:1,app/references/page.tsx,rendered public reference; see exposure/state,as listed in exposures,no independent record version,"[""default document""]",bibliography-entry,"[""/"",""/method"",""/references""]",2,Observed route-link graph plus recorded disclosure/fixture prerequisite,History of the Peloponnesian War,"Inspect the source, disagreement or supporting record identified here",visible,1 assertions: passed,DOM text/link check; visual composition covered by representative family only,Parent route structural check; not individual source/prose visual verification,verification.json#coverage,,,,KEEP rendered record; external source verification not inferred,B
"[{""route"":""/references"",""anchor"":""realism"",""locator"":""Politics Among Nations: The Struggle for Power and Peace""}]",bibliography:realistRefs:2,app/references/page.tsx,rendered public reference; see exposure/state,as listed in exposures,no independent record version,"[""default document""]",bibliography-entry,"[""/"",""/method"",""/references""]",2,Observed route-link graph plus recorded disclosure/fixture prerequisite,Politics Among Nations: The Struggle for Power and Peace,"Inspect the source, disagreement or supporting record identified here",visible,1 assertions: passed,DOM text/link check; visual composition covered by representative family only,Parent route structural check; not individual source/prose visual verification,verification.json#coverage,,,,KEEP rendered record; external source verification not inferred,B
"[{""route"":""/references"",""anchor"":""realism"",""locator"":""Theory of International Politics""}]",bibliography:realistRefs:3,app/references/page.tsx,rendered public reference; see exposure/state,as listed in exposures,no independent record version,"[""default document""]",bibliography-entry,"[""/"",""/method"",""/references""]",2,Observed route-link graph plus recorded disclosure/fixture prerequisite,Theory of International Politics,"Inspect the source, disagreement or supporting record identified here",visible,1 assertions: passed,DOM text/link check; visual composition covered by representative family only,Parent route structural check; not individual source/prose visual verification,verification.json#coverage,,,,KEEP rendered record; external source verification not inferred,B
"[{""route"":""/references"",""anchor"":""realism"",""locator"":""Man, the State and War""}]",bibliography:realistRefs:4,app/references/page.tsx,rendered public reference; see exposure/state,as listed in exposures,no independent record version,"[""default document""]",bibliography-entry,"[""/"",""/method"",""/references""]",2,Observed route-link graph plus recorded disclosure/fixture prerequisite,"Man, the State and War","Inspect the source, disagreement or supporting record identified here",visible,1 assertions: passed,DOM text/link check; visual composition covered by representative family only,Parent route structural check; not individual source/prose visual verification,verification.json#coverage,,,,KEEP rendered record; external source verification not inferred,B
"[{""route"":""/references"",""anchor"":""realism"",""locator"":""The Tragedy of Great Power Politics""}]",bibliography:realistRefs:5,app/references/page.tsx,rendered public reference; see exposure/state,as listed in exposures,no independent record version,"[""default document""]",bibliography-entry,"[""/"",""/method"",""/references""]",2,Observed route-link graph plus recorded disclosure/fixture prerequisite,The Tragedy of Great Power Politics,"Inspect the source, disagreement or supporting record identified here",visible,1 assertions: passed,DOM text/link check; visual composition covered by representative family only,Parent route structural check; not individual source/prose visual verification,verification.json#coverage,,,,KEEP rendered record; external source verification not inferred,B
"[{""route"":""/references"",""anchor"":""realism"",""locator"":""Perception and Misperception in International Politics""}]",bibliography:realistRefs:6,app/references/page.tsx,rendered public reference; see exposure/state,as listed in exposures,no independent record version,"[""default document""]",bibliography-entry,"[""/"",""/method"",""/references""]",2,Observed route-link graph plus recorded disclosure/fixture prerequisite,Perception and Misperception in International Politics,"Inspect the source, disagreement or supporting record identified here",visible,1 assertions: passed,DOM text/link check; visual composition covered by representative family only,Parent route structural check; not individual source/prose visual verification,verification.json#coverage,,,,KEEP rendered record; external source verification not inferred,B
"[{""route"":""/references"",""anchor"":""realism"",""locator"":""War and Change in World Politics""}]",bibliography:realistRefs:7,app/references/page.tsx,rendered public reference; see exposure/state,as listed in exposures,no independent record version,"[""default document""]",bibliography-entry,"[""/"",""/method"",""/references""]",2,Observed route-link graph plus recorded disclosure/fixture prerequisite,War and Change in World Politics,"Inspect the source, disagreement or supporting record identified here",visible,1 assertions: passed,DOM text/link check; visual composition covered by representative family only,Parent route structural check; not individual source/prose visual verification,verification.json#coverage,,,,KEEP rendered record; external source verification not inferred,B
"[{""route"":""/references"",""anchor"":""institutionalism"",""locator"":""After Hegemony: Cooperation and Discord in the World Political Economy""}]",bibliography:institutionalistRefs:1,app/references/page.tsx,rendered public reference; see exposure/state,as listed in exposures,no independent record version,"[""default document""]",bibliography-entry,"[""/"",""/method"",""/references""]",2,Observed route-link graph plus recorded disclosure/fixture prerequisite,After Hegemony: Cooperation and Discord in the World Political Economy,"Inspect the source, disagreement or supporting record identified here",visible,1 assertions: passed,DOM text/link check; visual composition covered by representative family only,Parent route structural check; not individual source/prose visual verification,verification.json#coverage,,,,KEEP rendered record; external source verification not inferred,B
"[{""route"":""/references"",""anchor"":""institutionalism"",""locator"":""Power and Interdependence""}]",bibliography:institutionalistRefs:2,app/references/page.tsx,rendered public reference; see exposure/state,as listed in exposures,no independent record version,"[""default document""]",bibliography-entry,"[""/"",""/method"",""/references""]",2,Observed route-link graph plus recorded disclosure/fixture prerequisite,Power and Interdependence,"Inspect the source, disagreement or supporting record identified here",visible,1 assertions: passed,DOM text/link check; visual composition covered by representative family only,Parent route structural check; not individual source/prose visual verification,verification.json#coverage,,,,KEEP rendered record; external source verification not inferred,B
"[{""route"":""/references"",""anchor"":""institutionalism"",""locator"":""Diplomacy and Domestic Politics: The Logic of Two-Level Games""}]",bibliography:institutionalistRefs:3,app/references/page.tsx,rendered public reference; see exposure/state,as listed in exposures,no independent record version,"[""default document""]",bibliography-entry,"[""/"",""/method"",""/references""]",2,Observed route-link graph plus recorded disclosure/fixture prerequisite,Diplomacy and Domestic Politics: The Logic of Two-Level Games,"Inspect the source, disagreement or supporting record identified here",visible,1 assertions: passed,DOM text/link check; visual composition covered by representative family only,Parent route structural check; not individual source/prose visual verification,verification.json#coverage,,,,KEEP rendered record; external source verification not inferred,B
"[{""route"":""/references"",""anchor"":""institutionalism"",""locator"":""After Victory: Institutions, Strategic Restraint, and the Rebuilding of Order After Major Wars""}]",bibliography:institutionalistRefs:4,app/references/page.tsx,rendered public reference; see exposure/state,as listed in exposures,no independent record version,"[""default document""]",bibliography-entry,"[""/"",""/method"",""/references""]",2,Observed route-link graph plus recorded disclosure/fixture prerequisite,"After Victory: Institutions, Strategic Restraint, and the Rebuilding of Order After Major Wars","Inspect the source, disagreement or supporting record identified here",visible,1 assertions: passed,DOM text/link check; visual composition covered by representative family only,Parent route structural check; not individual source/prose visual verification,verification.json#coverage,,,,KEEP rendered record; external source verification not inferred,B
"[{""route"":""/references"",""anchor"":""institutionalism"",""locator"":""The Evolution of Cooperation""}]",bibliography:institutionalistRefs:5,app/references/page.tsx,rendered public reference; see exposure/state,as listed in exposures,no independent record version,"[""default document""]",bibliography-entry,"[""/"",""/method"",""/references""]",2,Observed route-link graph plus recorded disclosure/fixture prerequisite,The Evolution of Cooperation,"Inspect the source, disagreement or supporting record identified here",visible,1 assertions: passed,DOM text/link check; visual composition covered by representative family only,Parent route structural check; not individual source/prose visual verification,verification.json#coverage,,,,KEEP rendered record; external source verification not inferred,B
"[{""route"":""/references"",""anchor"":""institutionalism"",""locator"":""The False Promise of International Institutions""}]",bibliography:institutionalistRefs:6,app/references/page.tsx,rendered public reference; see exposure/state,as listed in exposures,no independent record version,"[""default document""]",bibliography-entry,"[""/"",""/method"",""/references""]",2,Observed route-link graph plus recorded disclosure/fixture prerequisite,The False Promise of International Institutions,"Inspect the source, disagreement or supporting record identified here",visible,1 assertions: passed,DOM text/link check; visual composition covered by representative family only,Parent route structural check; not individual source/prose visual verification,verification.json#coverage,,,,KEEP rendered record; external source verification not inferred,B
"[{""route"":""/references"",""anchor"":""constructivism"",""locator"":""Anarchy Is What States Make of It: The Social Construction of Power Politics""}]",bibliography:constructivistRefs:1,app/references/page.tsx,rendered public reference; see exposure/state,as listed in exposures,no independent record version,"[""default document""]",bibliography-entry,"[""/"",""/method"",""/references""]",2,Observed route-link graph plus recorded disclosure/fixture prerequisite,Anarchy Is What States Make of It: The Social Construction of Power Politics,"Inspect the source, disagreement or supporting record identified here",visible,1 assertions: passed,DOM text/link check; visual composition covered by representative family only,Parent route structural check; not individual source/prose visual verification,verification.json#coverage,,,,KEEP rendered record; external source verification not inferred,B
"[{""route"":""/references"",""anchor"":""constructivism"",""locator"":""Social Theory of International Politics""}]",bibliography:constructivistRefs:2,app/references/page.tsx,rendered public reference; see exposure/state,as listed in exposures,no independent record version,"[""default document""]",bibliography-entry,"[""/"",""/method"",""/references""]",2,Observed route-link graph plus recorded disclosure/fixture prerequisite,Social Theory of International Politics,"Inspect the source, disagreement or supporting record identified here",visible,1 assertions: passed,DOM text/link check; visual composition covered by representative family only,Parent route structural check; not individual source/prose visual verification,verification.json#coverage,,,,KEEP rendered record; external source verification not inferred,B
"[{""route"":""/references"",""anchor"":""constructivism"",""locator"":""The Culture of National Security: Norms and Identity in World Politics""}]",bibliography:constructivistRefs:3,app/references/page.tsx,rendered public reference; see exposure/state,as listed in exposures,no independent record version,"[""default document""]",bibliography-entry,"[""/"",""/method"",""/references""]",2,Observed route-link graph plus recorded disclosure/fixture prerequisite,The Culture of National Security: Norms and Identity in World Politics,"Inspect the source, disagreement or supporting record identified here",visible,1 assertions: passed,DOM text/link check; visual composition covered by representative family only,Parent route structural check; not individual source/prose visual verification,verification.json#coverage,,,,KEEP rendered record; external source verification not inferred,B
"[{""route"":""/references"",""anchor"":""constructivism"",""locator"":""International Norm Dynamics and Political Change""}]",bibliography:constructivistRefs:4,app/references/page.tsx,rendered public reference; see exposure/state,as listed in exposures,no independent record version,"[""default document""]",bibliography-entry,"[""/"",""/method"",""/references""]",2,Observed route-link graph plus recorded disclosure/fixture prerequisite,International Norm Dynamics and Political Change,"Inspect the source, disagreement or supporting record identified here",visible,1 assertions: passed,DOM text/link check; visual composition covered by representative family only,Parent route structural check; not individual source/prose visual verification,verification.json#coverage,,,,KEEP rendered record; external source verification not inferred,B
"[{""route"":""/references"",""anchor"":""constructivism"",""locator"":""The Promise of Constructivism in International Relations Theory""}]",bibliography:constructivistRefs:5,app/references/page.tsx,rendered public reference; see exposure/state,as listed in exposures,no independent record version,"[""default document""]",bibliography-entry,"[""/"",""/method"",""/references""]",2,Observed route-link graph plus recorded disclosure/fixture prerequisite,The Promise of Constructivism in International Relations Theory,"Inspect the source, disagreement or supporting record identified here",visible,1 assertions: passed,DOM text/link check; visual composition covered by representative family only,Parent route structural check; not individual source/prose visual verification,verification.json#coverage,,,,KEEP rendered record; external source verification not inferred,B
"[{""route"":""/references"",""anchor"":""constructivism"",""locator"":""Leaving Theory Behind: Why Simplistic Hypothesis Testing Is Bad for International Relations""}]",bibliography:constructivistRefs:6,app/references/page.tsx,rendered public reference; see exposure/state,as listed in exposures,no independent record version,"[""default document""]",bibliography-entry,"[""/"",""/method"",""/references""]",2,Observed route-link graph plus recorded disclosure/fixture prerequisite,Leaving Theory Behind: Why Simplistic Hypothesis Testing Is Bad for International Relations,"Inspect the source, disagreement or supporting record identified here",visible,1 assertions: passed,DOM text/link check; visual composition covered by representative family only,Parent route structural check; not individual source/prose visual verification,verification.json#coverage,,,,KEEP rendered record; external source verification not inferred,B
"[{""route"":""/references"",""anchor"":""critical-pe"",""locator"":""States and Markets""}]",bibliography:critPERefs:1,app/references/page.tsx,rendered public reference; see exposure/state,as listed in exposures,no independent record version,"[""default document""]",bibliography-entry,"[""/"",""/method"",""/references""]",2,Observed route-link graph plus recorded disclosure/fixture prerequisite,States and Markets,"Inspect the source, disagreement or supporting record identified here",visible,1 assertions: passed,DOM text/link check; visual composition covered by representative family only,Parent route structural check; not individual source/prose visual verification,verification.json#coverage,,,,KEEP rendered record; external source verification not inferred,B
"[{""route"":""/references"",""anchor"":""critical-pe"",""locator"":""Social Forces, States and World Orders: Beyond International Relations Theory""}]",bibliography:critPERefs:2,app/references/page.tsx,rendered public reference; see exposure/state,as listed in exposures,no independent record version,"[""default document""]",bibliography-entry,"[""/"",""/method"",""/references""]",2,Observed route-link graph plus recorded disclosure/fixture prerequisite,"Social Forces, States and World Orders: Beyond International Relations Theory","Inspect the source, disagreement or supporting record identified here",visible,1 assertions: passed,DOM text/link check; visual composition covered by representative family only,Parent route structural check; not individual source/prose visual verification,verification.json#coverage,,,,KEEP rendered record; external source verification not inferred,B
"[{""route"":""/references"",""anchor"":""critical-pe"",""locator"":""The Political Economy of International Relations""}]",bibliography:critPERefs:3,app/references/page.tsx,rendered public reference; see exposure/state,as listed in exposures,no independent record version,"[""default document""]",bibliography-entry,"[""/"",""/method"",""/references""]",2,Observed route-link graph plus recorded disclosure/fixture prerequisite,The Political Economy of International Relations,"Inspect the source, disagreement or supporting record identified here",visible,1 assertions: passed,DOM text/link check; visual composition covered by representative family only,Parent route structural check; not individual source/prose visual verification,verification.json#coverage,,,,KEEP rendered record; external source verification not inferred,B
"[{""route"":""/references"",""anchor"":""critical-pe"",""locator"":""The Economic Development of Latin America and Its Principal Problems""}]",bibliography:critPERefs:4,app/references/page.tsx,rendered public reference; see exposure/state,as listed in exposures,no independent record version,"[""default document""]",bibliography-entry,"[""/"",""/method"",""/references""]",2,Observed route-link graph plus recorded disclosure/fixture prerequisite,The Economic Development of Latin America and Its Principal Problems,"Inspect the source, disagreement or supporting record identified here",visible,1 assertions: passed,DOM text/link check; visual composition covered by representative family only,Parent route structural check; not individual source/prose visual verification,verification.json#coverage,,,,KEEP rendered record; external source verification not inferred,B
"[{""route"":""/references"",""anchor"":""critical-pe"",""locator"":""Dependency and Development in Latin America""}]",bibliography:critPERefs:5,app/references/page.tsx,rendered public reference; see exposure/state,as listed in exposures,no independent record version,"[""default document""]",bibliography-entry,"[""/"",""/method"",""/references""]",2,Observed route-link graph plus recorded disclosure/fixture prerequisite,Dependency and Development in Latin America,"Inspect the source, disagreement or supporting record identified here",visible,1 assertions: passed,DOM text/link check; visual composition covered by representative family only,Parent route structural check; not individual source/prose visual verification,verification.json#coverage,,,,KEEP rendered record; external source verification not inferred,B
"[{""route"":""/references"",""anchor"":""critical-pe"",""locator"":""States and the Reemergence of Global Finance: From Bretton Woods to the 1990s""}]",bibliography:critPERefs:6,app/references/page.tsx,rendered public reference; see exposure/state,as listed in exposures,no independent record version,"[""default document""]",bibliography-entry,"[""/"",""/method"",""/references""]",2,Observed route-link graph plus recorded disclosure/fixture prerequisite,States and the Reemergence of Global Finance: From Bretton Woods to the 1990s,"Inspect the source, disagreement or supporting record identified here",visible,1 assertions: passed,DOM text/link check; visual composition covered by representative family only,Parent route structural check; not individual source/prose visual verification,verification.json#coverage,,,,KEEP rendered record; external source verification not inferred,B
"[{""route"":""/references"",""anchor"":""methods"",""locator"":""A Technique for the Measurement of Attitudes""}]",bibliography:methodsRefs:1,app/references/page.tsx,rendered public reference; see exposure/state,as listed in exposures,no independent record version,"[""default document""]",bibliography-entry,"[""/"",""/method"",""/references""]",2,Observed route-link graph plus recorded disclosure/fixture prerequisite,A Technique for the Measurement of Attitudes,"Inspect the source, disagreement or supporting record identified here",visible,1 assertions: passed,DOM text/link check; visual composition covered by representative family only,Parent route structural check; not individual source/prose visual verification,verification.json#coverage,,,,KEEP rendered record; external source verification not inferred,B
"[{""route"":""/references"",""anchor"":""methods"",""locator"":""The Nature of Belief Systems in Mass Publics""}]",bibliography:methodsRefs:2,app/references/page.tsx,rendered public reference; see exposure/state,as listed in exposures,no independent record version,"[""default document""]",bibliography-entry,"[""/"",""/method"",""/references""]",2,Observed route-link graph plus recorded disclosure/fixture prerequisite,The Nature of Belief Systems in Mass Publics,"Inspect the source, disagreement or supporting record identified here",visible,1 assertions: passed,DOM text/link check; visual composition covered by representative family only,Parent route structural check; not individual source/prose visual verification,verification.json#coverage,,,,KEEP rendered record; external source verification not inferred,B
"[{""route"":""/references"",""anchor"":""methods"",""locator"":""The Nature and Origins of Mass Opinion""}]",bibliography:methodsRefs:3,app/references/page.tsx,rendered public reference; see exposure/state,as listed in exposures,no independent record version,"[""default document""]",bibliography-entry,"[""/"",""/method"",""/references""]",2,Observed route-link graph plus recorded disclosure/fixture prerequisite,The Nature and Origins of Mass Opinion,"Inspect the source, disagreement or supporting record identified here",visible,1 assertions: passed,DOM text/link check; visual composition covered by representative family only,Parent route structural check; not individual source/prose visual verification,verification.json#coverage,,,,KEEP rendered record; external source verification not inferred,B
"[{""route"":""/references"",""anchor"":""methods"",""locator"":""Expert Political Judgment: How Good Is It? How Can We Know?""}]",bibliography:methodsRefs:4,app/references/page.tsx,rendered public reference; see exposure/state,as listed in exposures,no independent record version,"[""default document""]",bibliography-entry,"[""/"",""/method"",""/references""]",2,Observed route-link graph plus recorded disclosure/fixture prerequisite,Expert Political Judgment: How Good Is It? How Can We Know?,"Inspect the source, disagreement or supporting record identified here",visible,1 assertions: passed,DOM text/link check; visual composition covered by representative family only,Parent route structural check; not individual source/prose visual verification,verification.json#coverage,,,,KEEP rendered record; external source verification not inferred,B
"[{""route"":""/references"",""anchor"":""methods"",""locator"":""Beyond Paradigms: Analytic Eclecticism in the Study of World Politics""}]",bibliography:methodsRefs:5,app/references/page.tsx,rendered public reference; see exposure/state,as listed in exposures,no independent record version,"[""default document""]",bibliography-entry,"[""/"",""/method"",""/references""]",2,Observed route-link graph plus recorded disclosure/fixture prerequisite,Beyond Paradigms: Analytic Eclecticism in the Study of World Politics,"Inspect the source, disagreement or supporting record identified here",visible,1 assertions: passed,DOM text/link check; visual composition covered by representative family only,Parent route structural check; not individual source/prose visual verification,verification.json#coverage,,,,KEEP rendered record; external source verification not inferred,B
"[{""route"":""/explore/realism"",""anchor"":""readings"",""locator"":""Theory of International Politics""}]",realism:readings:1,lib/explore-content.ts,rendered public reference; see exposure/state,as listed in exposures,no independent record version,"[""default document""]",tradition-readings,"[""/"",""/explore"",""/explore/realism""]",2,Observed route-link graph plus recorded disclosure/fixture prerequisite,Theory of International Politics,"Inspect the source, disagreement or supporting record identified here",visible,1 assertions: passed,DOM text/link check; visual composition covered by representative family only,Parent route structural check; not individual source/prose visual verification,verification.json#coverage,,,,KEEP rendered record; external source verification not inferred,B
"[{""route"":""/explore/realism"",""anchor"":""readings"",""locator"":""The Tragedy of Great Power Politics""}]",realism:readings:2,lib/explore-content.ts,rendered public reference; see exposure/state,as listed in exposures,no independent record version,"[""default document""]",tradition-readings,"[""/"",""/explore"",""/explore/realism""]",2,Observed route-link graph plus recorded disclosure/fixture prerequisite,The Tragedy of Great Power Politics,"Inspect the source, disagreement or supporting record identified here",visible,1 assertions: passed,DOM text/link check; visual composition covered by representative family only,Parent route structural check; not individual source/prose visual verification,verification.json#coverage,,,,KEEP rendered record; external source verification not inferred,B
"[{""route"":""/explore/realism"",""anchor"":""readings"",""locator"":""Politics Among Nations""}]",realism:readings:3,lib/explore-content.ts,rendered public reference; see exposure/state,as listed in exposures,no independent record version,"[""default document""]",tradition-readings,"[""/"",""/explore"",""/explore/realism""]",2,Observed route-link graph plus recorded disclosure/fixture prerequisite,Politics Among Nations,"Inspect the source, disagreement or supporting record identified here",visible,1 assertions: passed,DOM text/link check; visual composition covered by representative family only,Parent route structural check; not individual source/prose visual verification,verification.json#coverage,,,,KEEP rendered record; external source verification not inferred,B
"[{""route"":""/explore/realism"",""anchor"":""readings"",""locator"":""War and Change in World Politics""}]",realism:advancedReadings:1,lib/explore-content.ts,rendered public reference; see exposure/state,as listed in exposures,no independent record version,"[""default document""]",tradition-advancedReadings,"[""/"",""/explore"",""/explore/realism""]",2,Observed route-link graph plus recorded disclosure/fixture prerequisite,War and Change in World Politics,"Inspect the source, disagreement or supporting record identified here",visible,1 assertions: passed,DOM text/link check; visual composition covered by representative family only,Parent route structural check; not individual source/prose visual verification,verification.json#coverage,,,,KEEP rendered record; external source verification not inferred,B
"[{""route"":""/explore/realism"",""anchor"":""readings"",""locator"":""Perception and Misperception in International Politics""}]",realism:advancedReadings:2,lib/explore-content.ts,rendered public reference; see exposure/state,as listed in exposures,no independent record version,"[""default document""]",tradition-advancedReadings,"[""/"",""/explore"",""/explore/realism""]",2,Observed route-link graph plus recorded disclosure/fixture prerequisite,Perception and Misperception in International Politics,"Inspect the source, disagreement or supporting record identified here",visible,1 assertions: passed,DOM text/link check; visual composition covered by representative family only,Parent route structural check; not individual source/prose visual verification,verification.json#coverage,,,,KEEP rendered record; external source verification not inferred,B
"[{""route"":""/explore/realism"",""anchor"":""readings"",""locator"":""The Origins of Alliances""}]",realism:advancedReadings:3,lib/explore-content.ts,rendered public reference; see exposure/state,as listed in exposures,no independent record version,"[""default document""]",tradition-advancedReadings,"[""/"",""/explore"",""/explore/realism""]",2,Observed route-link graph plus recorded disclosure/fixture prerequisite,The Origins of Alliances,"Inspect the source, disagreement or supporting record identified here",visible,1 assertions: passed,DOM text/link check; visual composition covered by representative family only,Parent route structural check; not individual source/prose visual verification,verification.json#coverage,,,,KEEP rendered record; external source verification not inferred,B
"[{""route"":""/explore/realism"",""anchor"":""readings"",""locator"":""After Hegemony""}]",realism:counterReadings:1,lib/explore-content.ts,rendered public reference; see exposure/state,as listed in exposures,no independent record version,"[""default document""]",tradition-counterReadings,"[""/"",""/explore"",""/explore/realism""]",2,Observed route-link graph plus recorded disclosure/fixture prerequisite,After Hegemony,"Inspect the source, disagreement or supporting record identified here",visible,1 assertions: passed,DOM text/link check; visual composition covered by representative family only,Parent route structural check; not individual source/prose visual verification,verification.json#coverage,,,,KEEP rendered record; external source verification not inferred,B
"[{""route"":""/explore/realism"",""anchor"":""readings"",""locator"":""Anarchy Is What States Make of It""}]",realism:counterReadings:2,lib/explore-content.ts,rendered public reference; see exposure/state,as listed in exposures,no independent record version,"[""default document""]",tradition-counterReadings,"[""/"",""/explore"",""/explore/realism""]",2,Observed route-link graph plus recorded disclosure/fixture prerequisite,Anarchy Is What States Make of It,"Inspect the source, disagreement or supporting record identified here",visible,1 assertions: passed,DOM text/link check; visual composition covered by representative family only,Parent route structural check; not individual source/prose visual verification,verification.json#coverage,,,,KEEP rendered record; external source verification not inferred,B
"[{""route"":""/explore/realism"",""anchor"":""subtraditions"",""locator"":""Classical realism""}]",realism:subtraditions:1,lib/explore-content.ts,rendered public reference; see exposure/state,as listed in exposures,no independent record version,"[""default document""]",tradition-subtraditions,"[""/"",""/explore"",""/explore/realism""]",2,Observed route-link graph plus recorded disclosure/fixture prerequisite,Classical realism,"Inspect the source, disagreement or supporting record identified here",visible,1 assertions: passed,DOM text/link check; visual composition covered by representative family only,Parent route structural check; not individual source/prose visual verification,verification.json#coverage,,,,KEEP rendered record; external source verification not inferred,B
"[{""route"":""/explore/realism"",""anchor"":""subtraditions"",""locator"":""Structural realism (neorealism)""}]",realism:subtraditions:2,lib/explore-content.ts,rendered public reference; see exposure/state,as listed in exposures,no independent record version,"[""default document""]",tradition-subtraditions,"[""/"",""/explore"",""/explore/realism""]",2,Observed route-link graph plus recorded disclosure/fixture prerequisite,Structural realism (neorealism),"Inspect the source, disagreement or supporting record identified here",visible,1 assertions: passed,DOM text/link check; visual composition covered by representative family only,Parent route structural check; not individual source/prose visual verification,verification.json#coverage,,,,KEEP rendered record; external source verification not inferred,B
"[{""route"":""/explore/realism"",""anchor"":""subtraditions"",""locator"":""Offensive realism""}]",realism:subtraditions:3,lib/explore-content.ts,rendered public reference; see exposure/state,as listed in exposures,no independent record version,"[""default document""]",tradition-subtraditions,"[""/"",""/explore"",""/explore/realism""]",2,Observed route-link graph plus recorded disclosure/fixture prerequisite,Offensive realism,"Inspect the source, disagreement or supporting record identified here",visible,1 assertions: passed,DOM text/link check; visual composition covered by representative family only,Parent route structural check; not individual source/prose visual verification,verification.json#coverage,,,,KEEP rendered record; external source verification not inferred,B
"[{""route"":""/explore/realism"",""anchor"":""subtraditions"",""locator"":""Defensive realism""}]",realism:subtraditions:4,lib/explore-content.ts,rendered public reference; see exposure/state,as listed in exposures,no independent record version,"[""default document""]",tradition-subtraditions,"[""/"",""/explore"",""/explore/realism""]",2,Observed route-link graph plus recorded disclosure/fixture prerequisite,Defensive realism,"Inspect the source, disagreement or supporting record identified here",visible,1 assertions: passed,DOM text/link check; visual composition covered by representative family only,Parent route structural check; not individual source/prose visual verification,verification.json#coverage,,,,KEEP rendered record; external source verification not inferred,B
"[{""route"":""/explore/realism"",""anchor"":""issue-readings"",""locator"":""Great-power rivalry""}]",realism:issueReadings:1,lib/explore-content.ts,rendered public reference; see exposure/state,as listed in exposures,no independent record version,"[""default document""]",tradition-issueReadings,"[""/"",""/explore"",""/explore/realism""]",2,Observed route-link graph plus recorded disclosure/fixture prerequisite,Great-power rivalry,"Inspect the source, disagreement or supporting record identified here",visible,1 assertions: passed,DOM text/link check; visual composition covered by representative family only,Parent route structural check; not individual source/prose visual verification,verification.json#coverage,,,,KEEP rendered record; external source verification not inferred,B
"[{""route"":""/explore/realism"",""anchor"":""issue-readings"",""locator"":""Trade and technology decoupling""}]",realism:issueReadings:2,lib/explore-content.ts,rendered public reference; see exposure/state,as listed in exposures,no independent record version,"[""default document""]",tradition-issueReadings,"[""/"",""/explore"",""/explore/realism""]",2,Observed route-link graph plus recorded disclosure/fixture prerequisite,Trade and technology decoupling,"Inspect the source, disagreement or supporting record identified here",visible,1 assertions: passed,DOM text/link check; visual composition covered by representative family only,Parent route structural check; not individual source/prose visual verification,verification.json#coverage,,,,KEEP rendered record; external source verification not inferred,B
"[{""route"":""/explore/realism"",""anchor"":""issue-readings"",""locator"":""Humanitarian intervention""}]",realism:issueReadings:3,lib/explore-content.ts,rendered public reference; see exposure/state,as listed in exposures,no independent record version,"[""default document""]",tradition-issueReadings,"[""/"",""/explore"",""/explore/realism""]",2,Observed route-link graph plus recorded disclosure/fixture prerequisite,Humanitarian intervention,"Inspect the source, disagreement or supporting record identified here",visible,1 assertions: passed,DOM text/link check; visual composition covered by representative family only,Parent route structural check; not individual source/prose visual verification,verification.json#coverage,,,,KEEP rendered record; external source verification not inferred,B
"[{""route"":""/explore/institutionalism"",""anchor"":""readings"",""locator"":""After Hegemony""}]",institutionalism:readings:1,lib/explore-content.ts,rendered public reference; see exposure/state,as listed in exposures,no independent record version,"[""default document""]",tradition-readings,"[""/"",""/explore"",""/explore/institutionalism""]",2,Observed route-link graph plus recorded disclosure/fixture prerequisite,After Hegemony,"Inspect the source, disagreement or supporting record identified here",visible,1 assertions: passed,DOM text/link check; visual composition covered by representative family only,Parent route structural check; not individual source/prose visual verification,verification.json#coverage,,,,KEEP rendered record; external source verification not inferred,B
"[{""route"":""/explore/institutionalism"",""anchor"":""readings"",""locator"":""Diplomacy and Domestic Politics""}]",institutionalism:readings:2,lib/explore-content.ts,rendered public reference; see exposure/state,as listed in exposures,no independent record version,"[""default document""]",tradition-readings,"[""/"",""/explore"",""/explore/institutionalism""]",2,Observed route-link graph plus recorded disclosure/fixture prerequisite,Diplomacy and Domestic Politics,"Inspect the source, disagreement or supporting record identified here",visible,1 assertions: passed,DOM text/link check; visual composition covered by representative family only,Parent route structural check; not individual source/prose visual verification,verification.json#coverage,,,,KEEP rendered record; external source verification not inferred,B
"[{""route"":""/explore/institutionalism"",""anchor"":""readings"",""locator"":""Power and Governance in a Partially Globalized World""}]",institutionalism:readings:3,lib/explore-content.ts,rendered public reference; see exposure/state,as listed in exposures,no independent record version,"[""default document""]",tradition-readings,"[""/"",""/explore"",""/explore/institutionalism""]",2,Observed route-link graph plus recorded disclosure/fixture prerequisite,Power and Governance in a Partially Globalized World,"Inspect the source, disagreement or supporting record identified here",visible,1 assertions: passed,DOM text/link check; visual composition covered by representative family only,Parent route structural check; not individual source/prose visual verification,verification.json#coverage,,,,KEEP rendered record; external source verification not inferred,B
"[{""route"":""/explore/institutionalism"",""anchor"":""readings"",""locator"":""After Victory: Institutions, Strategic Restraint, and the Rebuilding of Order After Major Wars""}]",institutionalism:advancedReadings:1,lib/explore-content.ts,rendered public reference; see exposure/state,as listed in exposures,no independent record version,"[""default document""]",tradition-advancedReadings,"[""/"",""/explore"",""/explore/institutionalism""]",2,Observed route-link graph plus recorded disclosure/fixture prerequisite,"After Victory: Institutions, Strategic Restraint, and the Rebuilding of Order After Major Wars","Inspect the source, disagreement or supporting record identified here",visible,1 assertions: passed,DOM text/link check; visual composition covered by representative family only,Parent route structural check; not individual source/prose visual verification,verification.json#coverage,,,,KEEP rendered record; external source verification not inferred,B
"[{""route"":""/explore/institutionalism"",""anchor"":""readings"",""locator"":""The Evolution of Cooperation""}]",institutionalism:advancedReadings:2,lib/explore-content.ts,rendered public reference; see exposure/state,as listed in exposures,no independent record version,"[""default document""]",tradition-advancedReadings,"[""/"",""/explore"",""/explore/institutionalism""]",2,Observed route-link graph plus recorded disclosure/fixture prerequisite,The Evolution of Cooperation,"Inspect the source, disagreement or supporting record identified here",visible,1 assertions: passed,DOM text/link check; visual composition covered by representative family only,Parent route structural check; not individual source/prose visual verification,verification.json#coverage,,,,KEEP rendered record; external source verification not inferred,B
"[{""route"":""/explore/institutionalism"",""anchor"":""readings"",""locator"":""A New World Order""}]",institutionalism:advancedReadings:3,lib/explore-content.ts,rendered public reference; see exposure/state,as listed in exposures,no independent record version,"[""default document""]",tradition-advancedReadings,"[""/"",""/explore"",""/explore/institutionalism""]",2,Observed route-link graph plus recorded disclosure/fixture prerequisite,A New World Order,"Inspect the source, disagreement or supporting record identified here",visible,1 assertions: passed,DOM text/link check; visual composition covered by representative family only,Parent route structural check; not individual source/prose visual verification,verification.json#coverage,,,,KEEP rendered record; external source verification not inferred,B
"[{""route"":""/explore/institutionalism"",""anchor"":""readings"",""locator"":""The False Promise of International Institutions""}]",institutionalism:counterReadings:1,lib/explore-content.ts,rendered public reference; see exposure/state,as listed in exposures,no independent record version,"[""default document""]",tradition-counterReadings,"[""/"",""/explore"",""/explore/institutionalism""]",2,Observed route-link graph plus recorded disclosure/fixture prerequisite,The False Promise of International Institutions,"Inspect the source, disagreement or supporting record identified here",visible,1 assertions: passed,DOM text/link check; visual composition covered by representative family only,Parent route structural check; not individual source/prose visual verification,verification.json#coverage,,,,KEEP rendered record; external source verification not inferred,B
"[{""route"":""/explore/institutionalism"",""anchor"":""readings"",""locator"":""War and Change in World Politics""}]",institutionalism:counterReadings:2,lib/explore-content.ts,rendered public reference; see exposure/state,as listed in exposures,no independent record version,"[""default document""]",tradition-counterReadings,"[""/"",""/explore"",""/explore/institutionalism""]",2,Observed route-link graph plus recorded disclosure/fixture prerequisite,War and Change in World Politics,"Inspect the source, disagreement or supporting record identified here",visible,1 assertions: passed,DOM text/link check; visual composition covered by representative family only,Parent route structural check; not individual source/prose visual verification,verification.json#coverage,,,,KEEP rendered record; external source verification not inferred,B
"[{""route"":""/explore/institutionalism"",""anchor"":""subtraditions"",""locator"":""Liberal institutionalism (neoliberalism)""}]",institutionalism:subtraditions:1,lib/explore-content.ts,rendered public reference; see exposure/state,as listed in exposures,no independent record version,"[""default document""]",tradition-subtraditions,"[""/"",""/explore"",""/explore/institutionalism""]",2,Observed route-link graph plus recorded disclosure/fixture prerequisite,Liberal institutionalism (neoliberalism),"Inspect the source, disagreement or supporting record identified here",visible,1 assertions: passed,DOM text/link check; visual composition covered by representative family only,Parent route structural check; not individual source/prose visual verification,verification.json#coverage,,,,KEEP rendered record; external source verification not inferred,B
"[{""route"":""/explore/institutionalism"",""anchor"":""subtraditions"",""locator"":""Two-level game / domestic politics""}]",institutionalism:subtraditions:2,lib/explore-content.ts,rendered public reference; see exposure/state,as listed in exposures,no independent record version,"[""default document""]",tradition-subtraditions,"[""/"",""/explore"",""/explore/institutionalism""]",2,Observed route-link graph plus recorded disclosure/fixture prerequisite,Two-level game / domestic politics,"Inspect the source, disagreement or supporting record identified here",visible,1 assertions: passed,DOM text/link check; visual composition covered by representative family only,Parent route structural check; not individual source/prose visual verification,verification.json#coverage,,,,KEEP rendered record; external source verification not inferred,B
"[{""route"":""/explore/institutionalism"",""anchor"":""subtraditions"",""locator"":""Democratic peace theory""}]",institutionalism:subtraditions:3,lib/explore-content.ts,rendered public reference; see exposure/state,as listed in exposures,no independent record version,"[""default document""]",tradition-subtraditions,"[""/"",""/explore"",""/explore/institutionalism""]",2,Observed route-link graph plus recorded disclosure/fixture prerequisite,Democratic peace theory,"Inspect the source, disagreement or supporting record identified here",visible,1 assertions: passed,DOM text/link check; visual composition covered by representative family only,Parent route structural check; not individual source/prose visual verification,verification.json#coverage,,,,KEEP rendered record; external source verification not inferred,B
"[{""route"":""/explore/institutionalism"",""anchor"":""subtraditions"",""locator"":""Global governance / regime complexity""}]",institutionalism:subtraditions:4,lib/explore-content.ts,rendered public reference; see exposure/state,as listed in exposures,no independent record version,"[""default document""]",tradition-subtraditions,"[""/"",""/explore"",""/explore/institutionalism""]",2,Observed route-link graph plus recorded disclosure/fixture prerequisite,Global governance / regime complexity,"Inspect the source, disagreement or supporting record identified here",visible,1 assertions: passed,DOM text/link check; visual composition covered by representative family only,Parent route structural check; not individual source/prose visual verification,verification.json#coverage,,,,KEEP rendered record; external source verification not inferred,B
"[{""route"":""/explore/institutionalism"",""anchor"":""issue-readings"",""locator"":""Great-power rivalry""}]",institutionalism:issueReadings:1,lib/explore-content.ts,rendered public reference; see exposure/state,as listed in exposures,no independent record version,"[""default document""]",tradition-issueReadings,"[""/"",""/explore"",""/explore/institutionalism""]",2,Observed route-link graph plus recorded disclosure/fixture prerequisite,Great-power rivalry,"Inspect the source, disagreement or supporting record identified here",visible,1 assertions: passed,DOM text/link check; visual composition covered by representative family only,Parent route structural check; not individual source/prose visual verification,verification.json#coverage,,,,KEEP rendered record; external source verification not inferred,B
"[{""route"":""/explore/institutionalism"",""anchor"":""issue-readings"",""locator"":""Trade and technology decoupling""}]",institutionalism:issueReadings:2,lib/explore-content.ts,rendered public reference; see exposure/state,as listed in exposures,no independent record version,"[""default document""]",tradition-issueReadings,"[""/"",""/explore"",""/explore/institutionalism""]",2,Observed route-link graph plus recorded disclosure/fixture prerequisite,Trade and technology decoupling,"Inspect the source, disagreement or supporting record identified here",visible,1 assertions: passed,DOM text/link check; visual composition covered by representative family only,Parent route structural check; not individual source/prose visual verification,verification.json#coverage,,,,KEEP rendered record; external source verification not inferred,B
"[{""route"":""/explore/institutionalism"",""anchor"":""issue-readings"",""locator"":""Humanitarian intervention""}]",institutionalism:issueReadings:3,lib/explore-content.ts,rendered public reference; see exposure/state,as listed in exposures,no independent record version,"[""default document""]",tradition-issueReadings,"[""/"",""/explore"",""/explore/institutionalism""]",2,Observed route-link graph plus recorded disclosure/fixture prerequisite,Humanitarian intervention,"Inspect the source, disagreement or supporting record identified here",visible,1 assertions: passed,DOM text/link check; visual composition covered by representative family only,Parent route structural check; not individual source/prose visual verification,verification.json#coverage,,,,KEEP rendered record; external source verification not inferred,B
"[{""route"":""/explore/constructivism"",""anchor"":""readings"",""locator"":""Anarchy Is What States Make of It""}]",constructivism:readings:1,lib/explore-content.ts,rendered public reference; see exposure/state,as listed in exposures,no independent record version,"[""default document""]",tradition-readings,"[""/"",""/explore"",""/explore/constructivism""]",2,Observed route-link graph plus recorded disclosure/fixture prerequisite,Anarchy Is What States Make of It,"Inspect the source, disagreement or supporting record identified here",visible,1 assertions: passed,DOM text/link check; visual composition covered by representative family only,Parent route structural check; not individual source/prose visual verification,verification.json#coverage,,,,KEEP rendered record; external source verification not inferred,B
"[{""route"":""/explore/constructivism"",""anchor"":""readings"",""locator"":""The Culture of National Security""}]",constructivism:readings:2,lib/explore-content.ts,rendered public reference; see exposure/state,as listed in exposures,no independent record version,"[""default document""]",tradition-readings,"[""/"",""/explore"",""/explore/constructivism""]",2,Observed route-link graph plus recorded disclosure/fixture prerequisite,The Culture of National Security,"Inspect the source, disagreement or supporting record identified here",visible,1 assertions: passed,DOM text/link check; visual composition covered by representative family only,Parent route structural check; not individual source/prose visual verification,verification.json#coverage,,,,KEEP rendered record; external source verification not inferred,B
"[{""route"":""/explore/constructivism"",""anchor"":""readings"",""locator"":""Rules for the World""}]",constructivism:readings:3,lib/explore-content.ts,rendered public reference; see exposure/state,as listed in exposures,no independent record version,"[""default document""]",tradition-readings,"[""/"",""/explore"",""/explore/constructivism""]",2,Observed route-link graph plus recorded disclosure/fixture prerequisite,Rules for the World,"Inspect the source, disagreement or supporting record identified here",visible,1 assertions: passed,DOM text/link check; visual composition covered by representative family only,Parent route structural check; not individual source/prose visual verification,verification.json#coverage,,,,KEEP rendered record; external source verification not inferred,B
"[{""route"":""/explore/constructivism"",""anchor"":""readings"",""locator"":""Social Theory of International Politics""}]",constructivism:advancedReadings:1,lib/explore-content.ts,rendered public reference; see exposure/state,as listed in exposures,no independent record version,"[""default document""]",tradition-advancedReadings,"[""/"",""/explore"",""/explore/constructivism""]",2,Observed route-link graph plus recorded disclosure/fixture prerequisite,Social Theory of International Politics,"Inspect the source, disagreement or supporting record identified here",visible,1 assertions: passed,DOM text/link check; visual composition covered by representative family only,Parent route structural check; not individual source/prose visual verification,verification.json#coverage,,,,KEEP rendered record; external source verification not inferred,B
"[{""route"":""/explore/constructivism"",""anchor"":""readings"",""locator"":""International Norm Dynamics and Political Change""}]",constructivism:advancedReadings:2,lib/explore-content.ts,rendered public reference; see exposure/state,as listed in exposures,no independent record version,"[""default document""]",tradition-advancedReadings,"[""/"",""/explore"",""/explore/constructivism""]",2,Observed route-link graph plus recorded disclosure/fixture prerequisite,International Norm Dynamics and Political Change,"Inspect the source, disagreement or supporting record identified here",visible,1 assertions: passed,DOM text/link check; visual composition covered by representative family only,Parent route structural check; not individual source/prose visual verification,verification.json#coverage,,,,KEEP rendered record; external source verification not inferred,B
"[{""route"":""/explore/constructivism"",""anchor"":""readings"",""locator"":""The Chemical Weapons Taboo""}]",constructivism:advancedReadings:3,lib/explore-content.ts,rendered public reference; see exposure/state,as listed in exposures,no independent record version,"[""default document""]",tradition-advancedReadings,"[""/"",""/explore"",""/explore/constructivism""]",2,Observed route-link graph plus recorded disclosure/fixture prerequisite,The Chemical Weapons Taboo,"Inspect the source, disagreement or supporting record identified here",visible,1 assertions: passed,DOM text/link check; visual composition covered by representative family only,Parent route structural check; not individual source/prose visual verification,verification.json#coverage,,,,KEEP rendered record; external source verification not inferred,B
"[{""route"":""/explore/constructivism"",""anchor"":""readings"",""locator"":""Rationalist Explanations for War""}]",constructivism:counterReadings:1,lib/explore-content.ts,rendered public reference; see exposure/state,as listed in exposures,no independent record version,"[""default document""]",tradition-counterReadings,"[""/"",""/explore"",""/explore/constructivism""]",2,Observed route-link graph plus recorded disclosure/fixture prerequisite,Rationalist Explanations for War,"Inspect the source, disagreement or supporting record identified here",visible,1 assertions: passed,DOM text/link check; visual composition covered by representative family only,Parent route structural check; not individual source/prose visual verification,verification.json#coverage,,,,KEEP rendered record; external source verification not inferred,B
"[{""route"":""/explore/constructivism"",""anchor"":""readings"",""locator"":""The Great Delusion: Liberal Dreams and International Realities""}]",constructivism:counterReadings:2,lib/explore-content.ts,rendered public reference; see exposure/state,as listed in exposures,no independent record version,"[""default document""]",tradition-counterReadings,"[""/"",""/explore"",""/explore/constructivism""]",2,Observed route-link graph plus recorded disclosure/fixture prerequisite,The Great Delusion: Liberal Dreams and International Realities,"Inspect the source, disagreement or supporting record identified here",visible,1 assertions: passed,DOM text/link check; visual composition covered by representative family only,Parent route structural check; not individual source/prose visual verification,verification.json#coverage,,,,KEEP rendered record; external source verification not inferred,B
"[{""route"":""/explore/constructivism"",""anchor"":""subtraditions"",""locator"":""Conventional constructivism""}]",constructivism:subtraditions:1,lib/explore-content.ts,rendered public reference; see exposure/state,as listed in exposures,no independent record version,"[""default document""]",tradition-subtraditions,"[""/"",""/explore"",""/explore/constructivism""]",2,Observed route-link graph plus recorded disclosure/fixture prerequisite,Conventional constructivism,"Inspect the source, disagreement or supporting record identified here",visible,1 assertions: passed,DOM text/link check; visual composition covered by representative family only,Parent route structural check; not individual source/prose visual verification,verification.json#coverage,,,,KEEP rendered record; external source verification not inferred,B
"[{""route"":""/explore/constructivism"",""anchor"":""subtraditions"",""locator"":""Critical constructivism""}]",constructivism:subtraditions:2,lib/explore-content.ts,rendered public reference; see exposure/state,as listed in exposures,no independent record version,"[""default document""]",tradition-subtraditions,"[""/"",""/explore"",""/explore/constructivism""]",2,Observed route-link graph plus recorded disclosure/fixture prerequisite,Critical constructivism,"Inspect the source, disagreement or supporting record identified here",visible,1 assertions: passed,DOM text/link check; visual composition covered by representative family only,Parent route structural check; not individual source/prose visual verification,verification.json#coverage,,,,KEEP rendered record; external source verification not inferred,B
"[{""route"":""/explore/constructivism"",""anchor"":""subtraditions"",""locator"":""Poststructuralism""}]",constructivism:subtraditions:3,lib/explore-content.ts,rendered public reference; see exposure/state,as listed in exposures,no independent record version,"[""default document""]",tradition-subtraditions,"[""/"",""/explore"",""/explore/constructivism""]",2,Observed route-link graph plus recorded disclosure/fixture prerequisite,Poststructuralism,"Inspect the source, disagreement or supporting record identified here",visible,1 assertions: passed,DOM text/link check; visual composition covered by representative family only,Parent route structural check; not individual source/prose visual verification,verification.json#coverage,,,,KEEP rendered record; external source verification not inferred,B
"[{""route"":""/explore/constructivism"",""anchor"":""issue-readings"",""locator"":""Great-power rivalry""}]",constructivism:issueReadings:1,lib/explore-content.ts,rendered public reference; see exposure/state,as listed in exposures,no independent record version,"[""default document""]",tradition-issueReadings,"[""/"",""/explore"",""/explore/constructivism""]",2,Observed route-link graph plus recorded disclosure/fixture prerequisite,Great-power rivalry,"Inspect the source, disagreement or supporting record identified here",visible,1 assertions: passed,DOM text/link check; visual composition covered by representative family only,Parent route structural check; not individual source/prose visual verification,verification.json#coverage,,,,KEEP rendered record; external source verification not inferred,B
"[{""route"":""/explore/constructivism"",""anchor"":""issue-readings"",""locator"":""Trade and technology decoupling""}]",constructivism:issueReadings:2,lib/explore-content.ts,rendered public reference; see exposure/state,as listed in exposures,no independent record version,"[""default document""]",tradition-issueReadings,"[""/"",""/explore"",""/explore/constructivism""]",2,Observed route-link graph plus recorded disclosure/fixture prerequisite,Trade and technology decoupling,"Inspect the source, disagreement or supporting record identified here",visible,1 assertions: passed,DOM text/link check; visual composition covered by representative family only,Parent route structural check; not individual source/prose visual verification,verification.json#coverage,,,,KEEP rendered record; external source verification not inferred,B
"[{""route"":""/explore/constructivism"",""anchor"":""issue-readings"",""locator"":""Humanitarian intervention""}]",constructivism:issueReadings:3,lib/explore-content.ts,rendered public reference; see exposure/state,as listed in exposures,no independent record version,"[""default document""]",tradition-issueReadings,"[""/"",""/explore"",""/explore/constructivism""]",2,Observed route-link graph plus recorded disclosure/fixture prerequisite,Humanitarian intervention,"Inspect the source, disagreement or supporting record identified here",visible,1 assertions: passed,DOM text/link check; visual composition covered by representative family only,Parent route structural check; not individual source/prose visual verification,verification.json#coverage,,,,KEEP rendered record; external source verification not inferred,B
"[{""route"":""/explore/critical-political-economy"",""anchor"":""readings"",""locator"":""States and Markets""}]",critical-political-economy:readings:1,lib/explore-content.ts,rendered public reference; see exposure/state,as listed in exposures,no independent record version,"[""default document""]",tradition-readings,"[""/"",""/explore"",""/explore/critical-political-economy""]",2,Observed route-link graph plus recorded disclosure/fixture prerequisite,States and Markets,"Inspect the source, disagreement or supporting record identified here",visible,1 assertions: passed,DOM text/link check; visual composition covered by representative family only,Parent route structural check; not individual source/prose visual verification,verification.json#coverage,,,,KEEP rendered record; external source verification not inferred,B
"[{""route"":""/explore/critical-political-economy"",""anchor"":""readings"",""locator"":""The Political Economy of International Relations""}]",critical-political-economy:readings:2,lib/explore-content.ts,rendered public reference; see exposure/state,as listed in exposures,no independent record version,"[""default document""]",tradition-readings,"[""/"",""/explore"",""/explore/critical-political-economy""]",2,Observed route-link graph plus recorded disclosure/fixture prerequisite,The Political Economy of International Relations,"Inspect the source, disagreement or supporting record identified here",visible,1 assertions: passed,DOM text/link check; visual composition covered by representative family only,Parent route structural check; not individual source/prose visual verification,verification.json#coverage,,,,KEEP rendered record; external source verification not inferred,B
"[{""route"":""/explore/critical-political-economy"",""anchor"":""readings"",""locator"":""Social Forces, States and World Orders""}]",critical-political-economy:readings:3,lib/explore-content.ts,rendered public reference; see exposure/state,as listed in exposures,no independent record version,"[""default document""]",tradition-readings,"[""/"",""/explore"",""/explore/critical-political-economy""]",2,Observed route-link graph plus recorded disclosure/fixture prerequisite,"Social Forces, States and World Orders","Inspect the source, disagreement or supporting record identified here",visible,1 assertions: passed,DOM text/link check; visual composition covered by representative family only,Parent route structural check; not individual source/prose visual verification,verification.json#coverage,,,,KEEP rendered record; external source verification not inferred,B
"[{""route"":""/explore/critical-political-economy"",""anchor"":""readings"",""locator"":""Dependency and Development in Latin America""}]",critical-political-economy:advancedReadings:1,lib/explore-content.ts,rendered public reference; see exposure/state,as listed in exposures,no independent record version,"[""default document""]",tradition-advancedReadings,"[""/"",""/explore"",""/explore/critical-political-economy""]",2,Observed route-link graph plus recorded disclosure/fixture prerequisite,Dependency and Development in Latin America,"Inspect the source, disagreement or supporting record identified here",visible,1 assertions: passed,DOM text/link check; visual composition covered by representative family only,Parent route structural check; not individual source/prose visual verification,verification.json#coverage,,,,KEEP rendered record; external source verification not inferred,B
"[{""route"":""/explore/critical-political-economy"",""anchor"":""readings"",""locator"":""States and the Reemergence of Global Finance""}]",critical-political-economy:advancedReadings:2,lib/explore-content.ts,rendered public reference; see exposure/state,as listed in exposures,no independent record version,"[""default document""]",tradition-advancedReadings,"[""/"",""/explore"",""/explore/critical-political-economy""]",2,Observed route-link graph plus recorded disclosure/fixture prerequisite,States and the Reemergence of Global Finance,"Inspect the source, disagreement or supporting record identified here",visible,1 assertions: passed,DOM text/link check; visual composition covered by representative family only,Parent route structural check; not individual source/prose visual verification,verification.json#coverage,,,,KEEP rendered record; external source verification not inferred,B
"[{""route"":""/explore/critical-political-economy"",""anchor"":""readings"",""locator"":""Production, Power, and World Order: Social Forces in the Making of History""}]",critical-political-economy:advancedReadings:3,lib/explore-content.ts,rendered public reference; see exposure/state,as listed in exposures,no independent record version,"[""default document""]",tradition-advancedReadings,"[""/"",""/explore"",""/explore/critical-political-economy""]",2,Observed route-link graph plus recorded disclosure/fixture prerequisite,"Production, Power, and World Order: Social Forces in the Making of History","Inspect the source, disagreement or supporting record identified here",visible,1 assertions: passed,DOM text/link check; visual composition covered by representative family only,Parent route structural check; not individual source/prose visual verification,verification.json#coverage,,,,KEEP rendered record; external source verification not inferred,B
"[{""route"":""/explore/critical-political-economy"",""anchor"":""readings"",""locator"":""In Defense of Globalization""}]",critical-political-economy:counterReadings:1,lib/explore-content.ts,rendered public reference; see exposure/state,as listed in exposures,no independent record version,"[""default document""]",tradition-counterReadings,"[""/"",""/explore"",""/explore/critical-political-economy""]",2,Observed route-link graph plus recorded disclosure/fixture prerequisite,In Defense of Globalization,"Inspect the source, disagreement or supporting record identified here",visible,1 assertions: passed,DOM text/link check; visual composition covered by representative family only,Parent route structural check; not individual source/prose visual verification,verification.json#coverage,,,,KEEP rendered record; external source verification not inferred,B
"[{""route"":""/explore/critical-political-economy"",""anchor"":""readings"",""locator"":""Defending the National Interest: Raw Materials Investments and U.S. Foreign Policy""}]",critical-political-economy:counterReadings:2,lib/explore-content.ts,rendered public reference; see exposure/state,as listed in exposures,no independent record version,"[""default document""]",tradition-counterReadings,"[""/"",""/explore"",""/explore/critical-political-economy""]",2,Observed route-link graph plus recorded disclosure/fixture prerequisite,Defending the National Interest: Raw Materials Investments and U.S. Foreign Policy,"Inspect the source, disagreement or supporting record identified here",visible,1 assertions: passed,DOM text/link check; visual composition covered by representative family only,Parent route structural check; not individual source/prose visual verification,verification.json#coverage,,,,KEEP rendered record; external source verification not inferred,B
"[{""route"":""/explore/critical-political-economy"",""anchor"":""subtraditions"",""locator"":""Marxist political economy""}]",critical-political-economy:subtraditions:1,lib/explore-content.ts,rendered public reference; see exposure/state,as listed in exposures,no independent record version,"[""default document""]",tradition-subtraditions,"[""/"",""/explore"",""/explore/critical-political-economy""]",2,Observed route-link graph plus recorded disclosure/fixture prerequisite,Marxist political economy,"Inspect the source, disagreement or supporting record identified here",visible,1 assertions: passed,DOM text/link check; visual composition covered by representative family only,Parent route structural check; not individual source/prose visual verification,verification.json#coverage,,,,KEEP rendered record; external source verification not inferred,B
"[{""route"":""/explore/critical-political-economy"",""anchor"":""subtraditions"",""locator"":""Dependency theory""}]",critical-political-economy:subtraditions:2,lib/explore-content.ts,rendered public reference; see exposure/state,as listed in exposures,no independent record version,"[""default document""]",tradition-subtraditions,"[""/"",""/explore"",""/explore/critical-political-economy""]",2,Observed route-link graph plus recorded disclosure/fixture prerequisite,Dependency theory,"Inspect the source, disagreement or supporting record identified here",visible,1 assertions: passed,DOM text/link check; visual composition covered by representative family only,Parent route structural check; not individual source/prose visual verification,verification.json#coverage,,,,KEEP rendered record; external source verification not inferred,B
"[{""route"":""/explore/critical-political-economy"",""anchor"":""subtraditions"",""locator"":""World-systems theory""}]",critical-political-economy:subtraditions:3,lib/explore-content.ts,rendered public reference; see exposure/state,as listed in exposures,no independent record version,"[""default document""]",tradition-subtraditions,"[""/"",""/explore"",""/explore/critical-political-economy""]",2,Observed route-link graph plus recorded disclosure/fixture prerequisite,World-systems theory,"Inspect the source, disagreement or supporting record identified here",visible,1 assertions: passed,DOM text/link check; visual composition covered by representative family only,Parent route structural check; not individual source/prose visual verification,verification.json#coverage,,,,KEEP rendered record; external source verification not inferred,B
"[{""route"":""/explore/critical-political-economy"",""anchor"":""subtraditions"",""locator"":""Structural power and IPE""}]",critical-political-economy:subtraditions:4,lib/explore-content.ts,rendered public reference; see exposure/state,as listed in exposures,no independent record version,"[""default document""]",tradition-subtraditions,"[""/"",""/explore"",""/explore/critical-political-economy""]",2,Observed route-link graph plus recorded disclosure/fixture prerequisite,Structural power and IPE,"Inspect the source, disagreement or supporting record identified here",visible,1 assertions: passed,DOM text/link check; visual composition covered by representative family only,Parent route structural check; not individual source/prose visual verification,verification.json#coverage,,,,KEEP rendered record; external source verification not inferred,B
"[{""route"":""/explore/critical-political-economy"",""anchor"":""issue-readings"",""locator"":""Great-power rivalry""}]",critical-political-economy:issueReadings:1,lib/explore-content.ts,rendered public reference; see exposure/state,as listed in exposures,no independent record version,"[""default document""]",tradition-issueReadings,"[""/"",""/explore"",""/explore/critical-political-economy""]",2,Observed route-link graph plus recorded disclosure/fixture prerequisite,Great-power rivalry,"Inspect the source, disagreement or supporting record identified here",visible,1 assertions: passed,DOM text/link check; visual composition covered by representative family only,Parent route structural check; not individual source/prose visual verification,verification.json#coverage,,,,KEEP rendered record; external source verification not inferred,B
"[{""route"":""/explore/critical-political-economy"",""anchor"":""issue-readings"",""locator"":""Trade and technology decoupling""}]",critical-political-economy:issueReadings:2,lib/explore-content.ts,rendered public reference; see exposure/state,as listed in exposures,no independent record version,"[""default document""]",tradition-issueReadings,"[""/"",""/explore"",""/explore/critical-political-economy""]",2,Observed route-link graph plus recorded disclosure/fixture prerequisite,Trade and technology decoupling,"Inspect the source, disagreement or supporting record identified here",visible,1 assertions: passed,DOM text/link check; visual composition covered by representative family only,Parent route structural check; not individual source/prose visual verification,verification.json#coverage,,,,KEEP rendered record; external source verification not inferred,B
"[{""route"":""/explore/critical-political-economy"",""anchor"":""issue-readings"",""locator"":""Humanitarian intervention""}]",critical-political-economy:issueReadings:3,lib/explore-content.ts,rendered public reference; see exposure/state,as listed in exposures,no independent record version,"[""default document""]",tradition-issueReadings,"[""/"",""/explore"",""/explore/critical-political-economy""]",2,Observed route-link graph plus recorded disclosure/fixture prerequisite,Humanitarian intervention,"Inspect the source, disagreement or supporting record identified here",visible,1 assertions: passed,DOM text/link check; visual composition covered by representative family only,Parent route structural check; not individual source/prose visual verification,verification.json#coverage,,,,KEEP rendered record; external source verification not inferred,B
"[{""route"":""/explore"",""locator"":""Feminist IR""}]",feminist-ir,lib/explore-content.ts,rendered public reference; see exposure/state,as listed in exposures,no independent record version,"[{""open_details"":""#coverage-methods details""}]",unmodeled-tradition,"[""/"",""/explore""]",1,Observed route-link graph plus recorded disclosure/fixture prerequisite,Feminist IR,"Inspect the source, disagreement or supporting record identified here",visible,1 assertions: passed,DOM text/link check; visual composition covered by representative family only,Parent route structural check; not individual source/prose visual verification,verification.json#coverage,,,,KEEP rendered record; external source verification not inferred,B
"[{""route"":""/explore"",""locator"":""Postcolonial and Decolonial IR""}]",postcolonial-ir,lib/explore-content.ts,rendered public reference; see exposure/state,as listed in exposures,no independent record version,"[{""open_details"":""#coverage-methods details""}]",unmodeled-tradition,"[""/"",""/explore""]",1,Observed route-link graph plus recorded disclosure/fixture prerequisite,Postcolonial and Decolonial IR,"Inspect the source, disagreement or supporting record identified here",visible,1 assertions: passed,DOM text/link check; visual composition covered by representative family only,Parent route structural check; not individual source/prose visual verification,verification.json#coverage,,,,KEEP rendered record; external source verification not inferred,B
"[{""route"":""/explore"",""locator"":""Green IR and Ecological Security""}]",green-ir,lib/explore-content.ts,rendered public reference; see exposure/state,as listed in exposures,no independent record version,"[{""open_details"":""#coverage-methods details""}]",unmodeled-tradition,"[""/"",""/explore""]",1,Observed route-link graph plus recorded disclosure/fixture prerequisite,Green IR and Ecological Security,"Inspect the source, disagreement or supporting record identified here",visible,1 assertions: passed,DOM text/link check; visual composition covered by representative family only,Parent route structural check; not individual source/prose visual verification,verification.json#coverage,,,,KEEP rendered record; external source verification not inferred,B
"[{""route"":""/explore"",""locator"":""English School / International Society""}]",english-school,lib/explore-content.ts,rendered public reference; see exposure/state,as listed in exposures,no independent record version,"[{""open_details"":""#coverage-methods details""}]",unmodeled-tradition,"[""/"",""/explore""]",1,Observed route-link graph plus recorded disclosure/fixture prerequisite,English School / International Society,"Inspect the source, disagreement or supporting record identified here",visible,1 assertions: passed,DOM text/link check; visual composition covered by representative family only,Parent route structural check; not individual source/prose visual verification,verification.json#coverage,,,,KEEP rendered record; external source verification not inferred,B
"[{""route"":""/ai/field-guide"",""locator"":""Governance instincts under pressure""}]",ai-field-guide:aiFieldGuideMeasures:1,lib/ai-governance-field-guide-content.ts or app/ai/field-guide/page.tsx,rendered public reference; see exposure/state,as listed in exposures,no independent record version,"[""default document""]",ai-field-guide-aiFieldGuideMeasures,"[""/"",""/method"",""/ai"",""/ai/field-guide""]",3,Observed route-link graph plus recorded disclosure/fixture prerequisite,Governance instincts under pressure,"Inspect the source, disagreement or supporting record identified here",visible,1 assertions: passed,DOM text/link check; visual composition covered by representative family only,Parent route structural check; not individual source/prose visual verification,verification.json#coverage,,,,KEEP rendered record; external source verification not inferred,B
"[{""route"":""/ai/field-guide"",""locator"":""Tradeoffs across eight axes""}]",ai-field-guide:aiFieldGuideMeasures:2,lib/ai-governance-field-guide-content.ts or app/ai/field-guide/page.tsx,rendered public reference; see exposure/state,as listed in exposures,no independent record version,"[""default document""]",ai-field-guide-aiFieldGuideMeasures,"[""/"",""/method"",""/ai"",""/ai/field-guide""]",3,Observed route-link graph plus recorded disclosure/fixture prerequisite,Tradeoffs across eight axes,"Inspect the source, disagreement or supporting record identified here",visible,1 assertions: passed,DOM text/link check; visual composition covered by representative family only,Parent route structural check; not individual source/prose visual verification,verification.json#coverage,,,,KEEP rendered record; external source verification not inferred,B
"[{""route"":""/ai/field-guide"",""locator"":""How policy logics cluster""}]",ai-field-guide:aiFieldGuideMeasures:3,lib/ai-governance-field-guide-content.ts or app/ai/field-guide/page.tsx,rendered public reference; see exposure/state,as listed in exposures,no independent record version,"[""default document""]",ai-field-guide-aiFieldGuideMeasures,"[""/"",""/method"",""/ai"",""/ai/field-guide""]",3,Observed route-link graph plus recorded disclosure/fixture prerequisite,How policy logics cluster,"Inspect the source, disagreement or supporting record identified here",visible,1 assertions: passed,DOM text/link check; visual composition covered by representative family only,Parent route structural check; not individual source/prose visual verification,verification.json#coverage,,,,KEEP rendered record; external source verification not inferred,B
"[{""route"":""/ai/field-guide"",""locator"":""Technical expertise""}]",ai-field-guide:aiFieldGuideLimits:1,lib/ai-governance-field-guide-content.ts or app/ai/field-guide/page.tsx,rendered public reference; see exposure/state,as listed in exposures,no independent record version,"[""default document""]",ai-field-guide-aiFieldGuideLimits,"[""/"",""/method"",""/ai"",""/ai/field-guide""]",3,Observed route-link graph plus recorded disclosure/fixture prerequisite,Technical expertise,"Inspect the source, disagreement or supporting record identified here",visible,1 assertions: passed,DOM text/link check; visual composition covered by representative family only,Parent route structural check; not individual source/prose visual verification,verification.json#coverage,,,,KEEP rendered record; external source verification not inferred,B
"[{""route"":""/ai/field-guide"",""locator"":""Institutional feasibility""}]",ai-field-guide:aiFieldGuideLimits:2,lib/ai-governance-field-guide-content.ts or app/ai/field-guide/page.tsx,rendered public reference; see exposure/state,as listed in exposures,no independent record version,"[""default document""]",ai-field-guide-aiFieldGuideLimits,"[""/"",""/method"",""/ai"",""/ai/field-guide""]",3,Observed route-link graph plus recorded disclosure/fixture prerequisite,Institutional feasibility,"Inspect the source, disagreement or supporting record identified here",visible,1 assertions: passed,DOM text/link check; visual composition covered by representative family only,Parent route structural check; not individual source/prose visual verification,verification.json#coverage,,,,KEEP rendered record; external source verification not inferred,B
"[{""route"":""/ai/field-guide"",""locator"":""The whole politics of AI""}]",ai-field-guide:aiFieldGuideLimits:3,lib/ai-governance-field-guide-content.ts or app/ai/field-guide/page.tsx,rendered public reference; see exposure/state,as listed in exposures,no independent record version,"[""default document""]",ai-field-guide-aiFieldGuideLimits,"[""/"",""/method"",""/ai"",""/ai/field-guide""]",3,Observed route-link graph plus recorded disclosure/fixture prerequisite,The whole politics of AI,"Inspect the source, disagreement or supporting record identified here",visible,1 assertions: passed,DOM text/link check; visual composition covered by representative family only,Parent route structural check; not individual source/prose visual verification,verification.json#coverage,,,,KEEP rendered record; external source verification not inferred,B
"[{""route"":""/ai/field-guide"",""locator"":""Labor, automation, and bargaining power""}]",ai-field-guide:aiUnderModeledPerspectives:labor-automation,lib/ai-governance-field-guide-content.ts or app/ai/field-guide/page.tsx,rendered public reference; see exposure/state,as listed in exposures,no independent record version,"[""default document""]",ai-field-guide-aiUnderModeledPerspectives,"[""/"",""/method"",""/ai"",""/ai/field-guide""]",3,Observed route-link graph plus recorded disclosure/fixture prerequisite,"Labor, automation, and bargaining power","Inspect the source, disagreement or supporting record identified here",visible,1 assertions: passed,DOM text/link check; visual composition covered by representative family only,Parent route structural check; not individual source/prose visual verification,verification.json#coverage,,,,KEEP rendered record; external source verification not inferred,B
"[{""route"":""/ai/field-guide"",""locator"":""Surveillance and platform power""}]",ai-field-guide:aiUnderModeledPerspectives:surveillance-platform-power,lib/ai-governance-field-guide-content.ts or app/ai/field-guide/page.tsx,rendered public reference; see exposure/state,as listed in exposures,no independent record version,"[""default document""]",ai-field-guide-aiUnderModeledPerspectives,"[""/"",""/method"",""/ai"",""/ai/field-guide""]",3,Observed route-link graph plus recorded disclosure/fixture prerequisite,Surveillance and platform power,"Inspect the source, disagreement or supporting record identified here",visible,1 assertions: passed,DOM text/link check; visual composition covered by representative family only,Parent route structural check; not individual source/prose visual verification,verification.json#coverage,,,,KEEP rendered record; external source verification not inferred,B
"[{""route"":""/ai/field-guide"",""locator"":""Environmental and compute externalities""}]",ai-field-guide:aiUnderModeledPerspectives:environment-compute,lib/ai-governance-field-guide-content.ts or app/ai/field-guide/page.tsx,rendered public reference; see exposure/state,as listed in exposures,no independent record version,"[""default document""]",ai-field-guide-aiUnderModeledPerspectives,"[""/"",""/method"",""/ai"",""/ai/field-guide""]",3,Observed route-link graph plus recorded disclosure/fixture prerequisite,Environmental and compute externalities,"Inspect the source, disagreement or supporting record identified here",visible,1 assertions: passed,DOM text/link check; visual composition covered by representative family only,Parent route structural check; not individual source/prose visual verification,verification.json#coverage,,,,KEEP rendered record; external source verification not inferred,B
"[{""route"":""/ai/field-guide"",""locator"":""Global South dependence and sovereignty""}]",ai-field-guide:aiUnderModeledPerspectives:global-south-sovereignty,lib/ai-governance-field-guide-content.ts or app/ai/field-guide/page.tsx,rendered public reference; see exposure/state,as listed in exposures,no independent record version,"[""default document""]",ai-field-guide-aiUnderModeledPerspectives,"[""/"",""/method"",""/ai"",""/ai/field-guide""]",3,Observed route-link graph plus recorded disclosure/fixture prerequisite,Global South dependence and sovereignty,"Inspect the source, disagreement or supporting record identified here",visible,1 assertions: passed,DOM text/link check; visual composition covered by representative family only,Parent route structural check; not individual source/prose visual verification,verification.json#coverage,,,,KEEP rendered record; external source verification not inferred,B
"[{""route"":""/ai/field-guide"",""locator"":""Chinese official framings""}]",ai-field-guide:aiUnderModeledPerspectives:chinese-official-framings,lib/ai-governance-field-guide-content.ts or app/ai/field-guide/page.tsx,rendered public reference; see exposure/state,as listed in exposures,no independent record version,"[""default document""]",ai-field-guide-aiUnderModeledPerspectives,"[""/"",""/method"",""/ai"",""/ai/field-guide""]",3,Observed route-link graph plus recorded disclosure/fixture prerequisite,Chinese official framings,"Inspect the source, disagreement or supporting record identified here",visible,1 assertions: passed,DOM text/link check; visual composition covered by representative family only,Parent route structural check; not individual source/prose visual verification,verification.json#coverage,,,,KEEP rendered record; external source verification not inferred,B
"[{""route"":""/ai/field-guide"",""locator"":""Open-source and anti-incumbency politics""}]",ai-field-guide:aiUnderModeledPerspectives:open-source-anti-incumbency,lib/ai-governance-field-guide-content.ts or app/ai/field-guide/page.tsx,rendered public reference; see exposure/state,as listed in exposures,no independent record version,"[""default document""]",ai-field-guide-aiUnderModeledPerspectives,"[""/"",""/method"",""/ai"",""/ai/field-guide""]",3,Observed route-link graph plus recorded disclosure/fixture prerequisite,Open-source and anti-incumbency politics,"Inspect the source, disagreement or supporting record identified here",visible,1 assertions: passed,DOM text/link check; visual composition covered by representative family only,Parent route structural check; not individual source/prose visual verification,verification.json#coverage,,,,KEEP rendered record; external source verification not inferred,B
"[{""route"":""/ai/field-guide"",""locator"":""Risk horizon""}]",ai-field-guide:aiAtlasAxisGuide:riskHorizon,lib/ai-governance-field-guide-content.ts or app/ai/field-guide/page.tsx,rendered public reference; see exposure/state,as listed in exposures,no independent record version,"[""default document""]",ai-field-guide-aiAtlasAxisGuide,"[""/"",""/method"",""/ai"",""/ai/field-guide""]",3,Observed route-link graph plus recorded disclosure/fixture prerequisite,Risk horizon,"Inspect the source, disagreement or supporting record identified here",visible,1 assertions: passed,DOM text/link check; visual composition covered by representative family only,Parent route structural check; not individual source/prose visual verification,verification.json#coverage,,,,KEEP rendered record; external source verification not inferred,B
"[{""route"":""/ai/field-guide"",""locator"":""Deployment pace""}]",ai-field-guide:aiAtlasAxisGuide:deploymentPace,lib/ai-governance-field-guide-content.ts or app/ai/field-guide/page.tsx,rendered public reference; see exposure/state,as listed in exposures,no independent record version,"[""default document""]",ai-field-guide-aiAtlasAxisGuide,"[""/"",""/method"",""/ai"",""/ai/field-guide""]",3,Observed route-link graph plus recorded disclosure/fixture prerequisite,Deployment pace,"Inspect the source, disagreement or supporting record identified here",visible,1 assertions: passed,DOM text/link check; visual composition covered by representative family only,Parent route structural check; not individual source/prose visual verification,verification.json#coverage,,,,KEEP rendered record; external source verification not inferred,B
"[{""route"":""/ai/field-guide"",""locator"":""Public oversight""}]",ai-field-guide:aiAtlasAxisGuide:oversight,lib/ai-governance-field-guide-content.ts or app/ai/field-guide/page.tsx,rendered public reference; see exposure/state,as listed in exposures,no independent record version,"[""default document""]",ai-field-guide-aiAtlasAxisGuide,"[""/"",""/method"",""/ai"",""/ai/field-guide""]",3,Observed route-link graph plus recorded disclosure/fixture prerequisite,Public oversight,"Inspect the source, disagreement or supporting record identified here",visible,1 assertions: passed,DOM text/link check; visual composition covered by representative family only,Parent route structural check; not individual source/prose visual verification,verification.json#coverage,,,,KEEP rendered record; external source verification not inferred,B
"[{""route"":""/ai/field-guide"",""locator"":""Competition vs coordination""}]",ai-field-guide:aiAtlasAxisGuide:geopolitics,lib/ai-governance-field-guide-content.ts or app/ai/field-guide/page.tsx,rendered public reference; see exposure/state,as listed in exposures,no independent record version,"[""default document""]",ai-field-guide-aiAtlasAxisGuide,"[""/"",""/method"",""/ai"",""/ai/field-guide""]",3,Observed route-link graph plus recorded disclosure/fixture prerequisite,Competition vs coordination,"Inspect the source, disagreement or supporting record identified here",visible,1 assertions: passed,DOM text/link check; visual composition covered by representative family only,Parent route structural check; not individual source/prose visual verification,verification.json#coverage,,,,KEEP rendered record; external source verification not inferred,B
"[{""route"":""/ai/field-guide"",""locator"":""Openness vs control""}]",ai-field-guide:aiAtlasAxisGuide:openness,lib/ai-governance-field-guide-content.ts or app/ai/field-guide/page.tsx,rendered public reference; see exposure/state,as listed in exposures,no independent record version,"[""default document""]",ai-field-guide-aiAtlasAxisGuide,"[""/"",""/method"",""/ai"",""/ai/field-guide""]",3,Observed route-link graph plus recorded disclosure/fixture prerequisite,Openness vs control,"Inspect the source, disagreement or supporting record identified here",visible,1 assertions: passed,DOM text/link check; visual composition covered by representative family only,Parent route structural check; not individual source/prose visual verification,verification.json#coverage,,,,KEEP rendered record; external source verification not inferred,B
"[{""route"":""/ai/field-guide"",""locator"":""Military role""}]",ai-field-guide:aiAtlasAxisGuide:militaryRole,lib/ai-governance-field-guide-content.ts or app/ai/field-guide/page.tsx,rendered public reference; see exposure/state,as listed in exposures,no independent record version,"[""default document""]",ai-field-guide-aiAtlasAxisGuide,"[""/"",""/method"",""/ai"",""/ai/field-guide""]",3,Observed route-link graph plus recorded disclosure/fixture prerequisite,Military role,"Inspect the source, disagreement or supporting record identified here",visible,1 assertions: passed,DOM text/link check; visual composition covered by representative family only,Parent route structural check; not individual source/prose visual verification,verification.json#coverage,,,,KEEP rendered record; external source verification not inferred,B
"[{""route"":""/ai/field-guide"",""locator"":""Legitimacy and rule-setting""}]",ai-field-guide:aiAtlasAxisGuide:legitimacy,lib/ai-governance-field-guide-content.ts or app/ai/field-guide/page.tsx,rendered public reference; see exposure/state,as listed in exposures,no independent record version,"[""default document""]",ai-field-guide-aiAtlasAxisGuide,"[""/"",""/method"",""/ai"",""/ai/field-guide""]",3,Observed route-link graph plus recorded disclosure/fixture prerequisite,Legitimacy and rule-setting,"Inspect the source, disagreement or supporting record identified here",visible,1 assertions: passed,DOM text/link check; visual composition covered by representative family only,Parent route structural check; not individual source/prose visual verification,verification.json#coverage,,,,KEEP rendered record; external source verification not inferred,B
"[{""route"":""/ai/field-guide"",""locator"":""Human future""}]",ai-field-guide:aiAtlasAxisGuide:humanFuture,lib/ai-governance-field-guide-content.ts or app/ai/field-guide/page.tsx,rendered public reference; see exposure/state,as listed in exposures,no independent record version,"[""default document""]",ai-field-guide-aiAtlasAxisGuide,"[""/"",""/method"",""/ai"",""/ai/field-guide""]",3,Observed route-link graph plus recorded disclosure/fixture prerequisite,Human future,"Inspect the source, disagreement or supporting record identified here",visible,1 assertions: passed,DOM text/link check; visual composition covered by representative family only,Parent route structural check; not individual source/prose visual verification,verification.json#coverage,,,,KEEP rendered record; external source verification not inferred,B
"[{""route"":""/ai/field-guide"",""locator"":""A""}]",ai-field-guide:partWaysPairs:A,lib/ai-governance-field-guide-content.ts or app/ai/field-guide/page.tsx,rendered public reference; see exposure/state,as listed in exposures,no independent record version,"[""default document""]",ai-field-guide-partWaysPairs,"[""/"",""/method"",""/ai"",""/ai/field-guide""]",3,Observed route-link graph plus recorded disclosure/fixture prerequisite,A,"Inspect the source, disagreement or supporting record identified here",visible,1 assertions: passed,DOM text/link check; visual composition covered by representative family only,Parent route structural check; not individual source/prose visual verification,verification.json#coverage,,,,KEEP rendered record; external source verification not inferred,B
"[{""route"":""/ai/field-guide"",""locator"":""B""}]",ai-field-guide:partWaysPairs:B,lib/ai-governance-field-guide-content.ts or app/ai/field-guide/page.tsx,rendered public reference; see exposure/state,as listed in exposures,no independent record version,"[""default document""]",ai-field-guide-partWaysPairs,"[""/"",""/method"",""/ai"",""/ai/field-guide""]",3,Observed route-link graph plus recorded disclosure/fixture prerequisite,B,"Inspect the source, disagreement or supporting record identified here",visible,1 assertions: passed,DOM text/link check; visual composition covered by representative family only,Parent route structural check; not individual source/prose visual verification,verification.json#coverage,,,,KEEP rendered record; external source verification not inferred,B
"[{""route"":""/ai/field-guide"",""locator"":""C""}]",ai-field-guide:partWaysPairs:C,lib/ai-governance-field-guide-content.ts or app/ai/field-guide/page.tsx,rendered public reference; see exposure/state,as listed in exposures,no independent record version,"[""default document""]",ai-field-guide-partWaysPairs,"[""/"",""/method"",""/ai"",""/ai/field-guide""]",3,Observed route-link graph plus recorded disclosure/fixture prerequisite,C,"Inspect the source, disagreement or supporting record identified here",visible,1 assertions: passed,DOM text/link check; visual composition covered by representative family only,Parent route structural check; not individual source/prose visual verification,verification.json#coverage,,,,KEEP rendered record; external source verification not inferred,B
"[{""route"":""/ai/field-guide"",""locator"":""D""}]",ai-field-guide:partWaysPairs:D,lib/ai-governance-field-guide-content.ts or app/ai/field-guide/page.tsx,rendered public reference; see exposure/state,as listed in exposures,no independent record version,"[""default document""]",ai-field-guide-partWaysPairs,"[""/"",""/method"",""/ai"",""/ai/field-guide""]",3,Observed route-link graph plus recorded disclosure/fixture prerequisite,D,"Inspect the source, disagreement or supporting record identified here",visible,1 assertions: passed,DOM text/link check; visual composition covered by representative family only,Parent route structural check; not individual source/prose visual verification,verification.json#coverage,,,,KEEP rendered record; external source verification not inferred,B
"[{""route"":""/ai/field-guide"",""locator"":""Identity and legitimacy""}]",ai-field-guide:crossRead:1,lib/ai-governance-field-guide-content.ts or app/ai/field-guide/page.tsx,rendered public reference; see exposure/state,as listed in exposures,no independent record version,"[""default document""]",ai-field-guide-crossRead,"[""/"",""/method"",""/ai"",""/ai/field-guide""]",3,Observed route-link graph plus recorded disclosure/fixture prerequisite,Identity and legitimacy,"Inspect the source, disagreement or supporting record identified here",visible,1 assertions: passed,DOM text/link check; visual composition covered by representative family only,Parent route structural check; not individual source/prose visual verification,verification.json#coverage,,,,KEEP rendered record; external source verification not inferred,B
"[{""route"":""/ai/field-guide"",""locator"":""Security rivalry""}]",ai-field-guide:crossRead:2,lib/ai-governance-field-guide-content.ts or app/ai/field-guide/page.tsx,rendered public reference; see exposure/state,as listed in exposures,no independent record version,"[""default document""]",ai-field-guide-crossRead,"[""/"",""/method"",""/ai"",""/ai/field-guide""]",3,Observed route-link graph plus recorded disclosure/fixture prerequisite,Security rivalry,"Inspect the source, disagreement or supporting record identified here",visible,1 assertions: passed,DOM text/link check; visual composition covered by representative family only,Parent route structural check; not individual source/prose visual verification,verification.json#coverage,,,,KEEP rendered record; external source verification not inferred,B
"[{""route"":""/ai/field-guide"",""locator"":""Markets and dependence""}]",ai-field-guide:crossRead:3,lib/ai-governance-field-guide-content.ts or app/ai/field-guide/page.tsx,rendered public reference; see exposure/state,as listed in exposures,no independent record version,"[""default document""]",ai-field-guide-crossRead,"[""/"",""/method"",""/ai"",""/ai/field-guide""]",3,Observed route-link graph plus recorded disclosure/fixture prerequisite,Markets and dependence,"Inspect the source, disagreement or supporting record identified here",visible,1 assertions: passed,DOM text/link check; visual composition covered by representative family only,Parent route structural check; not individual source/prose visual verification,verification.json#coverage,,,,KEEP rendered record; external source verification not inferred,B
"[{""route"":""/ai/field-guide"",""locator"":""Concentration tightens""}]",ai-field-guide:futureScenarios:1,lib/ai-governance-field-guide-content.ts or app/ai/field-guide/page.tsx,rendered public reference; see exposure/state,as listed in exposures,no independent record version,"[""default document""]",ai-field-guide-futureScenarios,"[""/"",""/method"",""/ai"",""/ai/field-guide""]",3,Observed route-link graph plus recorded disclosure/fixture prerequisite,Concentration tightens,"Inspect the source, disagreement or supporting record identified here",visible,1 assertions: passed,DOM text/link check; visual composition covered by representative family only,Parent route structural check; not individual source/prose visual verification,verification.json#coverage,,,,KEEP rendered record; external source verification not inferred,B
"[{""route"":""/ai/field-guide"",""locator"":""Open weights hold""}]",ai-field-guide:futureScenarios:2,lib/ai-governance-field-guide-content.ts or app/ai/field-guide/page.tsx,rendered public reference; see exposure/state,as listed in exposures,no independent record version,"[""default document""]",ai-field-guide-futureScenarios,"[""/"",""/method"",""/ai"",""/ai/field-guide""]",3,Observed route-link graph plus recorded disclosure/fixture prerequisite,Open weights hold,"Inspect the source, disagreement or supporting record identified here",visible,1 assertions: passed,DOM text/link check; visual composition covered by representative family only,Parent route structural check; not individual source/prose visual verification,verification.json#coverage,,,,KEEP rendered record; external source verification not inferred,B
"[{""route"":""/ai/field-guide"",""locator"":""Multilateral baseline holds""}]",ai-field-guide:futureScenarios:3,lib/ai-governance-field-guide-content.ts or app/ai/field-guide/page.tsx,rendered public reference; see exposure/state,as listed in exposures,no independent record version,"[""default document""]",ai-field-guide-futureScenarios,"[""/"",""/method"",""/ai"",""/ai/field-guide""]",3,Observed route-link graph plus recorded disclosure/fixture prerequisite,Multilateral baseline holds,"Inspect the source, disagreement or supporting record identified here",visible,1 assertions: passed,DOM text/link check; visual composition covered by representative family only,Parent route structural check; not individual source/prose visual verification,verification.json#coverage,,,,KEEP rendered record; external source verification not inferred,B
"[{""route"":""/explore/reference/alexander-wendt"",""locator"":""No coded position: politicalEconomy""},{""route"":""/zh/explore/reference/alexander-wendt"",""locator"":""No coded position: politicalEconomy""}]",alexander-wendt:dimension:politicalEconomy,lib/reference-profiles/catalog.ts,rendered public reference; see exposure/state,as listed in exposures,2,"[""default document"",""default document""]",reference-uncoded-dimension,"[""/"",""/explore"",""/explore/reference/alexander-wendt""]",2,Observed route-link graph plus recorded disclosure/fixture prerequisite,politicalEconomy,"Inspect the source, disagreement or supporting record identified here",visible,2 assertions: passed,DOM text/link check; visual composition covered by representative family only,Parent route structural check; not individual source/prose visual verification,verification.json#coverage,,,,KEEP rendered record; external source verification not inferred,B
"[{""route"":""/world-stage"",""state"":{""scene"":""foundation""},""locator"":""source SRC01""},{""route"":""/zh/world-stage"",""state"":{""scene"":""foundation""},""locator"":""source SRC01""}]",world-stage-source:SRC01,research/world-stage/source-ledger.json,rendered public reference; see exposure/state,as listed in exposures,source date n.d.,"[{""set_select"":{""selector"":""#world-stage-map-view"",""value"":""foundation""},""reduce_motion"":true,""filters"":""All types / All relations"",""note"":""Selecting scene starts an inspection hold; reduced motion avoids timed scene change during check.""},{""set_select"":{""selector"":""#world-stage-map-view"",""value"":""foundation""},""reduce_motion"":true,""filters"":""All types / All relations"",""note"":""Selecting scene starts an inspection hold; reduced motion avoids timed scene change during check.""}]",world-stage-source-record,"[""/"",""/world-stage""]",1,Observed route-link graph plus recorded disclosure/fixture prerequisite,MOFA: Japan-U.S. Security Treaty,"Inspect the source, disagreement or supporting record identified here",semantic-dom-only,2 assertions: passed,DOM text/link check; visual composition covered by representative family only,Parent route structural check; not individual source/prose visual verification,verification.json#coverage,,,,KEEP rendered record; external source verification not inferred,B
"[{""route"":""/world-stage"",""state"":{""scene"":""foundation""},""locator"":""source SRC02""},{""route"":""/zh/world-stage"",""state"":{""scene"":""foundation""},""locator"":""source SRC02""}]",world-stage-source:SRC02,research/world-stage/source-ledger.json,rendered public reference; see exposure/state,as listed in exposures,source date n.d.,"[{""set_select"":{""selector"":""#world-stage-map-view"",""value"":""foundation""},""reduce_motion"":true,""filters"":""All types / All relations"",""note"":""Selecting scene starts an inspection hold; reduced motion avoids timed scene change during check.""},{""set_select"":{""selector"":""#world-stage-map-view"",""value"":""foundation""},""reduce_motion"":true,""filters"":""All types / All relations"",""note"":""Selecting scene starts an inspection hold; reduced motion avoids timed scene change during check.""}]",world-stage-source-record,"[""/"",""/world-stage""]",1,Observed route-link graph plus recorded disclosure/fixture prerequisite,Agreement regarding the Status of United States Armed Forces in Japan,"Inspect the source, disagreement or supporting record identified here",semantic-dom-only,2 assertions: passed,DOM text/link check; visual composition covered by representative family only,Parent route structural check; not individual source/prose visual verification,verification.json#coverage,,,,KEEP rendered record; external source verification not inferred,B
"[{""route"":""/world-stage"",""state"":{""scene"":""foundation""},""locator"":""source SRC03""},{""route"":""/zh/world-stage"",""state"":{""scene"":""foundation""},""locator"":""source SRC03""}]",world-stage-source:SRC03,research/world-stage/source-ledger.json,rendered public reference; see exposure/state,as listed in exposures,source date 1953-10-01,"[{""set_select"":{""selector"":""#world-stage-map-view"",""value"":""foundation""},""reduce_motion"":true,""filters"":""All types / All relations"",""note"":""Selecting scene starts an inspection hold; reduced motion avoids timed scene change during check.""},{""set_select"":{""selector"":""#world-stage-map-view"",""value"":""foundation""},""reduce_motion"":true,""filters"":""All types / All relations"",""note"":""Selecting scene starts an inspection hold; reduced motion avoids timed scene change during check.""}]",world-stage-source-record,"[""/"",""/world-stage""]",1,Observed route-link graph plus recorded disclosure/fixture prerequisite,Mutual Defense Treaty Between the United States and the Republic of Korea,"Inspect the source, disagreement or supporting record identified here",semantic-dom-only,2 assertions: passed,DOM text/link check; visual composition covered by representative family only,Parent route structural check; not individual source/prose visual verification,verification.json#coverage,,,,KEEP rendered record; external source verification not inferred,B
"[{""route"":""/world-stage"",""state"":{""scene"":""foundation""},""locator"":""source SRC04""},{""route"":""/zh/world-stage"",""state"":{""scene"":""foundation""},""locator"":""source SRC04""}]",world-stage-source:SRC04,research/world-stage/source-ledger.json,rendered public reference; see exposure/state,as listed in exposures,source date 1951-08-30,"[{""set_select"":{""selector"":""#world-stage-map-view"",""value"":""foundation""},""reduce_motion"":true,""filters"":""All types / All relations"",""note"":""Selecting scene starts an inspection hold; reduced motion avoids timed scene change during check.""},{""set_select"":{""selector"":""#world-stage-map-view"",""value"":""foundation""},""reduce_motion"":true,""filters"":""All types / All relations"",""note"":""Selecting scene starts an inspection hold; reduced motion avoids timed scene change during check.""}]",world-stage-source-record,"[""/"",""/world-stage""]",1,Observed route-link graph plus recorded disclosure/fixture prerequisite,Mutual Defense Treaty,"Inspect the source, disagreement or supporting record identified here",semantic-dom-only,2 assertions: passed,DOM text/link check; visual composition covered by representative family only,Parent route structural check; not individual source/prose visual verification,verification.json#coverage,,,,KEEP rendered record; external source verification not inferred,B
"[{""route"":""/world-stage"",""state"":{""scene"":""foundation""},""locator"":""source SRC05""},{""route"":""/zh/world-stage"",""state"":{""scene"":""foundation""},""locator"":""source SRC05""}]",world-stage-source:SRC05,research/world-stage/source-ledger.json,rendered public reference; see exposure/state,as listed in exposures,source date 2024-07-30,"[{""set_select"":{""selector"":""#world-stage-map-view"",""value"":""foundation""},""reduce_motion"":true,""filters"":""All types / All relations"",""note"":""Selecting scene starts an inspection hold; reduced motion avoids timed scene change during check.""},{""set_select"":{""selector"":""#world-stage-map-view"",""value"":""foundation""},""reduce_motion"":true,""filters"":""All types / All relations"",""note"":""Selecting scene starts an inspection hold; reduced motion avoids timed scene change during check.""}]",world-stage-source-record,"[""/"",""/world-stage""]",1,Observed route-link graph plus recorded disclosure/fixture prerequisite,Joint Statement on the Philippines-United States Fourth 2+2 Ministerial Dialogue,"Inspect the source, disagreement or supporting record identified here",semantic-dom-only,2 assertions: passed,DOM text/link check; visual composition covered by representative family only,Parent route structural check; not individual source/prose visual verification,verification.json#coverage,,,,KEEP rendered record; external source verification not inferred,B
"[{""route"":""/world-stage"",""state"":{""scene"":""foundation""},""locator"":""source SRC06""},{""route"":""/zh/world-stage"",""state"":{""scene"":""foundation""},""locator"":""source SRC06""}]",world-stage-source:SRC06,research/world-stage/source-ledger.json,rendered public reference; see exposure/state,as listed in exposures,source date n.d.,"[{""set_select"":{""selector"":""#world-stage-map-view"",""value"":""foundation""},""reduce_motion"":true,""filters"":""All types / All relations"",""note"":""Selecting scene starts an inspection hold; reduced motion avoids timed scene change during check.""},{""set_select"":{""selector"":""#world-stage-map-view"",""value"":""foundation""},""reduce_motion"":true,""filters"":""All types / All relations"",""note"":""Selecting scene starts an inspection hold; reduced motion avoids timed scene change during check.""}]",world-stage-source-record,"[""/"",""/world-stage""]",1,Observed route-link graph plus recorded disclosure/fixture prerequisite,United States of America country brief,"Inspect the source, disagreement or supporting record identified here",semantic-dom-only,2 assertions: passed,DOM text/link check; visual composition covered by representative family only,Parent route structural check; not individual source/prose visual verification,verification.json#coverage,,,,KEEP rendered record; external source verification not inferred,B
"[{""route"":""/world-stage"",""state"":{""scene"":""foundation""},""locator"":""source SRC07""},{""route"":""/zh/world-stage"",""state"":{""scene"":""foundation""},""locator"":""source SRC07""}]",world-stage-source:SRC07,research/world-stage/source-ledger.json,rendered public reference; see exposure/state,as listed in exposures,source date n.d.,"[{""set_select"":{""selector"":""#world-stage-map-view"",""value"":""foundation""},""reduce_motion"":true,""filters"":""All types / All relations"",""note"":""Selecting scene starts an inspection hold; reduced motion avoids timed scene change during check.""},{""set_select"":{""selector"":""#world-stage-map-view"",""value"":""foundation""},""reduce_motion"":true,""filters"":""All types / All relations"",""note"":""Selecting scene starts an inspection hold; reduced motion avoids timed scene change during check.""}]",world-stage-source-record,"[""/"",""/world-stage""]",1,Observed route-link graph plus recorded disclosure/fixture prerequisite,United States Force Posture Initiatives and Marine Rotational Force – Darwin,"Inspect the source, disagreement or supporting record identified here",semantic-dom-only,2 assertions: passed,DOM text/link check; visual composition covered by representative family only,Parent route structural check; not individual source/prose visual verification,verification.json#coverage,,,,KEEP rendered record; external source verification not inferred,B
"[{""route"":""/world-stage"",""state"":{""scene"":""foundation""},""locator"":""source SRC08""},{""route"":""/zh/world-stage"",""state"":{""scene"":""foundation""},""locator"":""source SRC08""}]",world-stage-source:SRC08,research/world-stage/source-ledger.json,rendered public reference; see exposure/state,as listed in exposures,source date 2025-06-12,"[{""set_select"":{""selector"":""#world-stage-map-view"",""value"":""foundation""},""reduce_motion"":true,""filters"":""All types / All relations"",""note"":""Selecting scene starts an inspection hold; reduced motion avoids timed scene change during check.""},{""set_select"":{""selector"":""#world-stage-map-view"",""value"":""foundation""},""reduce_motion"":true,""filters"":""All types / All relations"",""note"":""Selecting scene starts an inspection hold; reduced motion avoids timed scene change during check.""}]",world-stage-source-record,"[""/"",""/world-stage""]",1,Observed route-link graph plus recorded disclosure/fixture prerequisite,Pacific Deterrence Initiative FY2026,"Inspect the source, disagreement or supporting record identified here",semantic-dom-only,2 assertions: passed,DOM text/link check; visual composition covered by representative family only,Parent route structural check; not individual source/prose visual verification,verification.json#coverage,,,,KEEP rendered record; external source verification not inferred,B
"[{""route"":""/world-stage"",""state"":{""scene"":""foundation""},""locator"":""source SRC09""},{""route"":""/zh/world-stage"",""state"":{""scene"":""foundation""},""locator"":""source SRC09""}]",world-stage-source:SRC09,research/world-stage/source-ledger.json,rendered public reference; see exposure/state,as listed in exposures,source date n.d.,"[{""set_select"":{""selector"":""#world-stage-map-view"",""value"":""foundation""},""reduce_motion"":true,""filters"":""All types / All relations"",""note"":""Selecting scene starts an inspection hold; reduced motion avoids timed scene change during check.""},{""set_select"":{""selector"":""#world-stage-map-view"",""value"":""foundation""},""reduce_motion"":true,""filters"":""All types / All relations"",""note"":""Selecting scene starts an inspection hold; reduced motion avoids timed scene change during check.""}]",world-stage-source-record,"[""/"",""/world-stage""]",1,Observed route-link graph plus recorded disclosure/fixture prerequisite,Homepage of Kadena Air Base,"Inspect the source, disagreement or supporting record identified here",semantic-dom-only,2 assertions: passed,DOM text/link check; visual composition covered by representative family only,Parent route structural check; not individual source/prose visual verification,verification.json#coverage,,,,KEEP rendered record; external source verification not inferred,B
"[{""route"":""/world-stage"",""state"":{""scene"":""foundation""},""locator"":""source SRC10""},{""route"":""/zh/world-stage"",""state"":{""scene"":""foundation""},""locator"":""source SRC10""}]",world-stage-source:SRC10,research/world-stage/source-ledger.json,rendered public reference; see exposure/state,as listed in exposures,source date n.d.,"[{""set_select"":{""selector"":""#world-stage-map-view"",""value"":""foundation""},""reduce_motion"":true,""filters"":""All types / All relations"",""note"":""Selecting scene starts an inspection hold; reduced motion avoids timed scene change during check.""},{""set_select"":{""selector"":""#world-stage-map-view"",""value"":""foundation""},""reduce_motion"":true,""filters"":""All types / All relations"",""note"":""Selecting scene starts an inspection hold; reduced motion avoids timed scene change during check.""}]",world-stage-source-record,"[""/"",""/world-stage""]",1,Observed route-link graph plus recorded disclosure/fixture prerequisite,Welcome Aboard Yokosuka,"Inspect the source, disagreement or supporting record identified here",semantic-dom-only,2 assertions: passed,DOM text/link check; visual composition covered by representative family only,Parent route structural check; not individual source/prose visual verification,verification.json#coverage,,,,KEEP rendered record; external source verification not inferred,B
"[{""route"":""/world-stage"",""state"":{""scene"":""foundation""},""locator"":""source SRC11""},{""route"":""/zh/world-stage"",""state"":{""scene"":""foundation""},""locator"":""source SRC11""}]",world-stage-source:SRC11,research/world-stage/source-ledger.json,rendered public reference; see exposure/state,as listed in exposures,source date n.d.,"[{""set_select"":{""selector"":""#world-stage-map-view"",""value"":""foundation""},""reduce_motion"":true,""filters"":""All types / All relations"",""note"":""Selecting scene starts an inspection hold; reduced motion avoids timed scene change during check.""},{""set_select"":{""selector"":""#world-stage-map-view"",""value"":""foundation""},""reduce_motion"":true,""filters"":""All types / All relations"",""note"":""Selecting scene starts an inspection hold; reduced motion avoids timed scene change during check.""}]",world-stage-source-record,"[""/"",""/world-stage""]",1,Observed route-link graph plus recorded disclosure/fixture prerequisite,USAG Humphreys - Army Garrisons,"Inspect the source, disagreement or supporting record identified here",semantic-dom-only,2 assertions: passed,DOM text/link check; visual composition covered by representative family only,Parent route structural check; not individual source/prose visual verification,verification.json#coverage,,,,KEEP rendered record; external source verification not inferred,B
"[{""route"":""/world-stage"",""state"":{""scene"":""foundation""},""locator"":""source SRC12""},{""route"":""/zh/world-stage"",""state"":{""scene"":""foundation""},""locator"":""source SRC12""}]",world-stage-source:SRC12,research/world-stage/source-ledger.json,rendered public reference; see exposure/state,as listed in exposures,source date n.d.,"[{""set_select"":{""selector"":""#world-stage-map-view"",""value"":""foundation""},""reduce_motion"":true,""filters"":""All types / All relations"",""note"":""Selecting scene starts an inspection hold; reduced motion avoids timed scene change during check.""},{""set_select"":{""selector"":""#world-stage-map-view"",""value"":""foundation""},""reduce_motion"":true,""filters"":""All types / All relations"",""note"":""Selecting scene starts an inspection hold; reduced motion avoids timed scene change during check.""}]",world-stage-source-record,"[""/"",""/world-stage""]",1,Observed route-link graph plus recorded disclosure/fixture prerequisite,36th Wing and Andersen Air Force Base Guam official pages,"Inspect the source, disagreement or supporting record identified here",semantic-dom-only,2 assertions: passed,DOM text/link check; visual composition covered by representative family only,Parent route structural check; not individual source/prose visual verification,verification.json#coverage,,,,KEEP rendered record; external source verification not inferred,B
"[{""route"":""/world-stage"",""state"":{""scene"":""foundation""},""locator"":""source SRC13""},{""route"":""/zh/world-stage"",""state"":{""scene"":""foundation""},""locator"":""source SRC13""}]",world-stage-source:SRC13,research/world-stage/source-ledger.json,rendered public reference; see exposure/state,as listed in exposures,source date 1979 text; 2026 explanatory letters and policy pages,"[{""set_select"":{""selector"":""#world-stage-map-view"",""value"":""foundation""},""reduce_motion"":true,""filters"":""All types / All relations"",""note"":""Selecting scene starts an inspection hold; reduced motion avoids timed scene change during check.""},{""set_select"":{""selector"":""#world-stage-map-view"",""value"":""foundation""},""reduce_motion"":true,""filters"":""All types / All relations"",""note"":""Selecting scene starts an inspection hold; reduced motion avoids timed scene change during check.""}]",world-stage-source-record,"[""/"",""/world-stage""]",1,Observed route-link graph plus recorded disclosure/fixture prerequisite,Taiwan Relations Act and U.S.-Taiwan Relations,"Inspect the source, disagreement or supporting record identified here",semantic-dom-only,2 assertions: passed,DOM text/link check; visual composition covered by representative family only,Parent route structural check; not individual source/prose visual verification,verification.json#coverage,,,,KEEP rendered record; external source verification not inferred,B
"[{""route"":""/world-stage"",""state"":{""scene"":""foundation""},""locator"":""source SRC14""},{""route"":""/zh/world-stage"",""state"":{""scene"":""foundation""},""locator"":""source SRC14""},{""route"":""/world-stage"",""state"":{""scene"":""worldview-map""},""locator"":""source SRC14""},{""route"":""/zh/world-stage"",""state"":{""scene"":""worldview-map""},""locator"":""source SRC14""}]",world-stage-source:SRC14,research/world-stage/source-ledger.json,rendered public reference; see exposure/state,as listed in exposures,source date 2025-01 to 2025-02,"[{""set_select"":{""selector"":""#world-stage-map-view"",""value"":""foundation""},""reduce_motion"":true,""filters"":""All types / All relations"",""note"":""Selecting scene starts an inspection hold; reduced motion avoids timed scene change during check.""},{""set_select"":{""selector"":""#world-stage-map-view"",""value"":""foundation""},""reduce_motion"":true,""filters"":""All types / All relations"",""note"":""Selecting scene starts an inspection hold; reduced motion avoids timed scene change during check.""},{""set_select"":{""selector"":""#world-stage-map-view"",""value"":""worldview-map""},""reduce_motion"":true,""filters"":""All types / All relations"",""note"":""Selecting scene starts an inspection hold; reduced motion avoids timed scene change during check.""},{""set_select"":{""selector"":""#world-stage-map-view"",""value"":""worldview-map""},""reduce_motion"":true,""filters"":""All types / All relations"",""note"":""Selecting scene starts an inspection hold; reduced motion avoids timed scene change during check.""}]",world-stage-source-record,"[""/"",""/world-stage""]",1,Observed route-link graph plus recorded disclosure/fixture prerequisite,India-US Bilateral Relations and 2025 Joint Statement,"Inspect the source, disagreement or supporting record identified here",semantic-dom-only,4 assertions: passed,DOM text/link check; visual composition covered by representative family only,Parent route structural check; not individual source/prose visual verification,verification.json#coverage,,,,KEEP rendered record; external source verification not inferred,B
"[{""route"":""/world-stage"",""state"":{""scene"":""perspectives""},""locator"":""source SRC15""},{""route"":""/zh/world-stage"",""state"":{""scene"":""perspectives""},""locator"":""source SRC15""}]",world-stage-source:SRC15,research/world-stage/source-ledger.json,rendered public reference; see exposure/state,as listed in exposures,source date 2019-07-24,"[{""set_select"":{""selector"":""#world-stage-map-view"",""value"":""perspectives""},""reduce_motion"":true,""filters"":""All types / All relations"",""note"":""Selecting scene starts an inspection hold; reduced motion avoids timed scene change during check.""},{""set_select"":{""selector"":""#world-stage-map-view"",""value"":""perspectives""},""reduce_motion"":true,""filters"":""All types / All relations"",""note"":""Selecting scene starts an inspection hold; reduced motion avoids timed scene change during check.""}]",world-stage-source-record,"[""/"",""/world-stage""]",1,Observed route-link graph plus recorded disclosure/fixture prerequisite,《新时代的中国国防》白皮书全文,"Inspect the source, disagreement or supporting record identified here",semantic-dom-only,2 assertions: passed,DOM text/link check; visual composition covered by representative family only,Parent route structural check; not individual source/prose visual verification,verification.json#coverage,,,,KEEP rendered record; external source verification not inferred,B
"[{""route"":""/world-stage"",""state"":{""scene"":""perspectives""},""locator"":""source SRC16""},{""route"":""/zh/world-stage"",""state"":{""scene"":""perspectives""},""locator"":""source SRC16""}]",world-stage-source:SRC16,research/world-stage/source-ledger.json,rendered public reference; see exposure/state,as listed in exposures,source date 2023-02-21,"[{""set_select"":{""selector"":""#world-stage-map-view"",""value"":""perspectives""},""reduce_motion"":true,""filters"":""All types / All relations"",""note"":""Selecting scene starts an inspection hold; reduced motion avoids timed scene change during check.""},{""set_select"":{""selector"":""#world-stage-map-view"",""value"":""perspectives""},""reduce_motion"":true,""filters"":""All types / All relations"",""note"":""Selecting scene starts an inspection hold; reduced motion avoids timed scene change during check.""}]",world-stage-source-record,"[""/"",""/world-stage""]",1,Observed route-link graph plus recorded disclosure/fixture prerequisite,全球安全倡议概念文件,"Inspect the source, disagreement or supporting record identified here",semantic-dom-only,2 assertions: passed,DOM text/link check; visual composition covered by representative family only,Parent route structural check; not individual source/prose visual verification,verification.json#coverage,,,,KEEP rendered record; external source verification not inferred,B
"[{""route"":""/world-stage"",""state"":{""scene"":""perspectives""},""locator"":""source SRC17""},{""route"":""/zh/world-stage"",""state"":{""scene"":""perspectives""},""locator"":""source SRC17""}]",world-stage-source:SRC17,research/world-stage/source-ledger.json,rendered public reference; see exposure/state,as listed in exposures,source date 2024-05-16,"[{""set_select"":{""selector"":""#world-stage-map-view"",""value"":""perspectives""},""reduce_motion"":true,""filters"":""All types / All relations"",""note"":""Selecting scene starts an inspection hold; reduced motion avoids timed scene change during check.""},{""set_select"":{""selector"":""#world-stage-map-view"",""value"":""perspectives""},""reduce_motion"":true,""filters"":""All types / All relations"",""note"":""Selecting scene starts an inspection hold; reduced motion avoids timed scene change during check.""}]",world-stage-source-record,"[""/"",""/world-stage""]",1,Observed route-link graph plus recorded disclosure/fixture prerequisite,中华人民共和国和俄罗斯联邦在两国建交75周年之际关于进一步深化中俄新时代全面战略协作伙伴关系的联合声明,"Inspect the source, disagreement or supporting record identified here",semantic-dom-only,2 assertions: passed,DOM text/link check; visual composition covered by representative family only,Parent route structural check; not individual source/prose visual verification,verification.json#coverage,,,,KEEP rendered record; external source verification not inferred,B
"[{""route"":""/world-stage"",""state"":{""scene"":""perspectives""},""locator"":""source SRC18""},{""route"":""/zh/world-stage"",""state"":{""scene"":""perspectives""},""locator"":""source SRC18""}]",world-stage-source:SRC18,research/world-stage/source-ledger.json,rendered public reference; see exposure/state,as listed in exposures,source date 2015-04-21,"[{""set_select"":{""selector"":""#world-stage-map-view"",""value"":""perspectives""},""reduce_motion"":true,""filters"":""All types / All relations"",""note"":""Selecting scene starts an inspection hold; reduced motion avoids timed scene change during check.""},{""set_select"":{""selector"":""#world-stage-map-view"",""value"":""perspectives""},""reduce_motion"":true,""filters"":""All types / All relations"",""note"":""Selecting scene starts an inspection hold; reduced motion avoids timed scene change during check.""}]",world-stage-source-record,"[""/"",""/world-stage""]",1,Observed route-link graph plus recorded disclosure/fixture prerequisite,中华人民共和国和巴基斯坦伊斯兰共和国关于建立全天候战略合作伙伴关系的联合声明,"Inspect the source, disagreement or supporting record identified here",semantic-dom-only,2 assertions: passed,DOM text/link check; visual composition covered by representative family only,Parent route structural check; not individual source/prose visual verification,verification.json#coverage,,,,KEEP rendered record; external source verification not inferred,B
"[{""route"":""/world-stage"",""state"":{""scene"":""perspectives""},""locator"":""source SRC19""},{""route"":""/zh/world-stage"",""state"":{""scene"":""perspectives""},""locator"":""source SRC19""}]",world-stage-source:SRC19,research/world-stage/source-ledger.json,rendered public reference; see exposure/state,as listed in exposures,source date n.d.,"[{""set_select"":{""selector"":""#world-stage-map-view"",""value"":""perspectives""},""reduce_motion"":true,""filters"":""All types / All relations"",""note"":""Selecting scene starts an inspection hold; reduced motion avoids timed scene change during check.""},{""set_select"":{""selector"":""#world-stage-map-view"",""value"":""perspectives""},""reduce_motion"":true,""filters"":""All types / All relations"",""note"":""Selecting scene starts an inspection hold; reduced motion avoids timed scene change during check.""}]",world-stage-source-record,"[""/"",""/world-stage""]",1,Observed route-link graph plus recorded disclosure/fixture prerequisite,Gwadar Projects Under CPEC,"Inspect the source, disagreement or supporting record identified here",semantic-dom-only,2 assertions: passed,DOM text/link check; visual composition covered by representative family only,Parent route structural check; not individual source/prose visual verification,verification.json#coverage,,,,KEEP rendered record; external source verification not inferred,B
"[{""route"":""/world-stage"",""state"":{""scene"":""perspectives""},""locator"":""source SRC20""},{""route"":""/zh/world-stage"",""state"":{""scene"":""perspectives""},""locator"":""source SRC20""}]",world-stage-source:SRC20,research/world-stage/source-ledger.json,rendered public reference; see exposure/state,as listed in exposures,source date 2025-01-16,"[{""set_select"":{""selector"":""#world-stage-map-view"",""value"":""perspectives""},""reduce_motion"":true,""filters"":""All types / All relations"",""note"":""Selecting scene starts an inspection hold; reduced motion avoids timed scene change during check.""},{""set_select"":{""selector"":""#world-stage-map-view"",""value"":""perspectives""},""reduce_motion"":true,""filters"":""All types / All relations"",""note"":""Selecting scene starts an inspection hold; reduced motion avoids timed scene change during check.""}]",world-stage-source-record,"[""/"",""/world-stage""]",1,Observed route-link graph plus recorded disclosure/fixture prerequisite,中国和菲律宾举行南海问题双边磋商机制第十次会议,"Inspect the source, disagreement or supporting record identified here",semantic-dom-only,2 assertions: passed,DOM text/link check; visual composition covered by representative family only,Parent route structural check; not individual source/prose visual verification,verification.json#coverage,,,,KEEP rendered record; external source verification not inferred,B
"[{""route"":""/world-stage"",""state"":{""scene"":""perspectives""},""locator"":""source SRC21""},{""route"":""/zh/world-stage"",""state"":{""scene"":""perspectives""},""locator"":""source SRC21""}]",world-stage-source:SRC21,research/world-stage/source-ledger.json,rendered public reference; see exposure/state,as listed in exposures,source date portal page with 2022 white paper link,"[{""set_select"":{""selector"":""#world-stage-map-view"",""value"":""perspectives""},""reduce_motion"":true,""filters"":""All types / All relations"",""note"":""Selecting scene starts an inspection hold; reduced motion avoids timed scene change during check.""},{""set_select"":{""selector"":""#world-stage-map-view"",""value"":""perspectives""},""reduce_motion"":true,""filters"":""All types / All relations"",""note"":""Selecting scene starts an inspection hold; reduced motion avoids timed scene change during check.""}]",world-stage-source-record,"[""/"",""/world-stage""]",1,Observed route-link graph plus recorded disclosure/fixture prerequisite,台湾问题白皮书,"Inspect the source, disagreement or supporting record identified here",semantic-dom-only,2 assertions: passed,DOM text/link check; visual composition covered by representative family only,Parent route structural check; not individual source/prose visual verification,verification.json#coverage,,,,KEEP rendered record; external source verification not inferred,B
"[{""route"":""/world-stage"",""state"":{""scene"":""perspectives""},""locator"":""source SRC22""},{""route"":""/zh/world-stage"",""state"":{""scene"":""perspectives""},""locator"":""source SRC22""}]",world-stage-source:SRC22,research/world-stage/source-ledger.json,rendered public reference; see exposure/state,as listed in exposures,source date 2025-04-05 and 2025-04-24,"[{""set_select"":{""selector"":""#world-stage-map-view"",""value"":""perspectives""},""reduce_motion"":true,""filters"":""All types / All relations"",""note"":""Selecting scene starts an inspection hold; reduced motion avoids timed scene change during check.""},{""set_select"":{""selector"":""#world-stage-map-view"",""value"":""perspectives""},""reduce_motion"":true,""filters"":""All types / All relations"",""note"":""Selecting scene starts an inspection hold; reduced motion avoids timed scene change during check.""}]",world-stage-source-record,"[""/"",""/world-stage""]",1,Observed route-link graph plus recorded disclosure/fixture prerequisite,Cambodia-China Joint Logistics and Training Centre / PRC MOD briefings on Ream,"Inspect the source, disagreement or supporting record identified here",semantic-dom-only,2 assertions: passed,DOM text/link check; visual composition covered by representative family only,Parent route structural check; not individual source/prose visual verification,verification.json#coverage,,,,KEEP rendered record; external source verification not inferred,B
"[{""route"":""/world-stage"",""state"":{""scene"":""perspectives""},""locator"":""source SRC23""},{""route"":""/zh/world-stage"",""state"":{""scene"":""perspectives""},""locator"":""source SRC23""}]",world-stage-source:SRC23,research/world-stage/source-ledger.json,rendered public reference; see exposure/state,as listed in exposures,source date 2025-04-01,"[{""set_select"":{""selector"":""#world-stage-map-view"",""value"":""perspectives""},""reduce_motion"":true,""filters"":""All types / All relations"",""note"":""Selecting scene starts an inspection hold; reduced motion avoids timed scene change during check.""},{""set_select"":{""selector"":""#world-stage-map-view"",""value"":""perspectives""},""reduce_motion"":true,""filters"":""All types / All relations"",""note"":""Selecting scene starts an inspection hold; reduced motion avoids timed scene change during check.""}]",world-stage-source-record,"[""/"",""/world-stage""]",1,Observed route-link graph plus recorded disclosure/fixture prerequisite,东部战区组织陆海空火等兵力位台岛周边开展联合演训,"Inspect the source, disagreement or supporting record identified here",semantic-dom-only,2 assertions: passed,DOM text/link check; visual composition covered by representative family only,Parent route structural check; not individual source/prose visual verification,verification.json#coverage,,,,KEEP rendered record; external source verification not inferred,B
"[{""route"":""/world-stage"",""state"":{""scene"":""perspectives""},""locator"":""source SRC24""},{""route"":""/zh/world-stage"",""state"":{""scene"":""perspectives""},""locator"":""source SRC24""}]",world-stage-source:SRC24,research/world-stage/source-ledger.json,rendered public reference; see exposure/state,as listed in exposures,source date 2024-11-16,"[{""set_select"":{""selector"":""#world-stage-map-view"",""value"":""perspectives""},""reduce_motion"":true,""filters"":""All types / All relations"",""note"":""Selecting scene starts an inspection hold; reduced motion avoids timed scene change during check.""},{""set_select"":{""selector"":""#world-stage-map-view"",""value"":""perspectives""},""reduce_motion"":true,""filters"":""All types / All relations"",""note"":""Selecting scene starts an inspection hold; reduced motion avoids timed scene change during check.""}]",world-stage-source-record,"[""/"",""/world-stage""]",1,Observed route-link graph plus recorded disclosure/fixture prerequisite,南部战区海军与广东省湛江市探索推动新时代双拥工作实践,"Inspect the source, disagreement or supporting record identified here",semantic-dom-only,2 assertions: passed,DOM text/link check; visual composition covered by representative family only,Parent route structural check; not individual source/prose visual verification,verification.json#coverage,,,,KEEP rendered record; external source verification not inferred,B
"[{""route"":""/world-stage"",""state"":{""scene"":""worldview-map""},""locator"":""source SRC25""},{""route"":""/zh/world-stage"",""state"":{""scene"":""worldview-map""},""locator"":""source SRC25""}]",world-stage-source:SRC25,research/world-stage/source-ledger.json,rendered public reference; see exposure/state,as listed in exposures,source date n.d.,"[{""set_select"":{""selector"":""#world-stage-map-view"",""value"":""worldview-map""},""reduce_motion"":true,""filters"":""All types / All relations"",""note"":""Selecting scene starts an inspection hold; reduced motion avoids timed scene change during check.""},{""set_select"":{""selector"":""#world-stage-map-view"",""value"":""worldview-map""},""reduce_motion"":true,""filters"":""All types / All relations"",""note"":""Selecting scene starts an inspection hold; reduced motion avoids timed scene change during check.""}]",world-stage-source-record,"[""/"",""/world-stage""]",1,Observed route-link graph plus recorded disclosure/fixture prerequisite,Indonesia's Foreign Policy,"Inspect the source, disagreement or supporting record identified here",semantic-dom-only,2 assertions: passed,DOM text/link check; visual composition covered by representative family only,Parent route structural check; not individual source/prose visual verification,verification.json#coverage,,,,KEEP rendered record; external source verification not inferred,B
"[{""route"":""/world-stage"",""state"":{""scene"":""worldview-map""},""locator"":""source SRC26""},{""route"":""/zh/world-stage"",""state"":{""scene"":""worldview-map""},""locator"":""source SRC26""}]",world-stage-source:SRC26,research/world-stage/source-ledger.json,rendered public reference; see exposure/state,as listed in exposures,source date 2024-07-24 and related 2024 pages,"[{""set_select"":{""selector"":""#world-stage-map-view"",""value"":""worldview-map""},""reduce_motion"":true,""filters"":""All types / All relations"",""note"":""Selecting scene starts an inspection hold; reduced motion avoids timed scene change during check.""},{""set_select"":{""selector"":""#world-stage-map-view"",""value"":""worldview-map""},""reduce_motion"":true,""filters"":""All types / All relations"",""note"":""Selecting scene starts an inspection hold; reduced motion avoids timed scene change during check.""}]",world-stage-source-record,"[""/"",""/world-stage""]",1,Observed route-link graph plus recorded disclosure/fixture prerequisite,General Secretary Nguyen Phu Trong - an eminent diplomat of international stature / bamboo diplomacy explanations,"Inspect the source, disagreement or supporting record identified here",semantic-dom-only,2 assertions: passed,DOM text/link check; visual composition covered by representative family only,Parent route structural check; not individual source/prose visual verification,verification.json#coverage,,,,KEEP rendered record; external source verification not inferred,B
"[{""route"":""/world-stage"",""state"":{""scene"":""worldview-map""},""locator"":""source SRC27""},{""route"":""/zh/world-stage"",""state"":{""scene"":""worldview-map""},""locator"":""source SRC27""}]",world-stage-source:SRC27,research/world-stage/source-ledger.json,rendered public reference; see exposure/state,as listed in exposures,source date 2026-03-06,"[{""set_select"":{""selector"":""#world-stage-map-view"",""value"":""worldview-map""},""reduce_motion"":true,""filters"":""All types / All relations"",""note"":""Selecting scene starts an inspection hold; reduced motion avoids timed scene change during check.""},{""set_select"":{""selector"":""#world-stage-map-view"",""value"":""worldview-map""},""reduce_motion"":true,""filters"":""All types / All relations"",""note"":""Selecting scene starts an inspection hold; reduced motion avoids timed scene change during check.""}]",world-stage-source-record,"[""/"",""/world-stage""]",1,Observed route-link graph plus recorded disclosure/fixture prerequisite,Remarks of Minister of State Shri Kirti Vardhan Singh at the 11th Raisina Dialogue 2026,"Inspect the source, disagreement or supporting record identified here",semantic-dom-only,2 assertions: passed,DOM text/link check; visual composition covered by representative family only,Parent route structural check; not individual source/prose visual verification,verification.json#coverage,,,,KEEP rendered record; external source verification not inferred,B
"[{""route"":""/world-stage"",""state"":{""scene"":""worldview-map""},""locator"":""source SRC28""},{""route"":""/zh/world-stage"",""state"":{""scene"":""worldview-map""},""locator"":""source SRC28""}]",world-stage-source:SRC28,research/world-stage/source-ledger.json,rendered public reference; see exposure/state,as listed in exposures,source date 2025-01-01 and 2025-03-14,"[{""set_select"":{""selector"":""#world-stage-map-view"",""value"":""worldview-map""},""reduce_motion"":true,""filters"":""All types / All relations"",""note"":""Selecting scene starts an inspection hold; reduced motion avoids timed scene change during check.""},{""set_select"":{""selector"":""#world-stage-map-view"",""value"":""worldview-map""},""reduce_motion"":true,""filters"":""All types / All relations"",""note"":""Selecting scene starts an inspection hold; reduced motion avoids timed scene change during check.""}]",world-stage-source-record,"[""/"",""/world-stage""]",1,Observed route-link graph plus recorded disclosure/fixture prerequisite,Brazil assumes the presidency of BRICS in 2025 / Rio chosen to host BRICS Summit,"Inspect the source, disagreement or supporting record identified here",semantic-dom-only,2 assertions: passed,DOM text/link check; visual composition covered by representative family only,Parent route structural check; not individual source/prose visual verification,verification.json#coverage,,,,KEEP rendered record; external source verification not inferred,B
"[{""route"":""/world-stage"",""state"":{""scene"":""worldview-map""},""locator"":""source SRC29""},{""route"":""/zh/world-stage"",""state"":{""scene"":""worldview-map""},""locator"":""source SRC29""}]",world-stage-source:SRC29,research/world-stage/source-ledger.json,rendered public reference; see exposure/state,as listed in exposures,source date updated 2026-07,"[{""set_select"":{""selector"":""#world-stage-map-view"",""value"":""worldview-map""},""reduce_motion"":true,""filters"":""All types / All relations"",""note"":""Selecting scene starts an inspection hold; reduced motion avoids timed scene change during check.""},{""set_select"":{""selector"":""#world-stage-map-view"",""value"":""worldview-map""},""reduce_motion"":true,""filters"":""All types / All relations"",""note"":""Selecting scene starts an inspection hold; reduced motion avoids timed scene change during check.""}]",world-stage-source-record,"[""/"",""/world-stage""]",1,Observed route-link graph plus recorded disclosure/fixture prerequisite,Foreign Policy,"Inspect the source, disagreement or supporting record identified here",semantic-dom-only,2 assertions: passed,DOM text/link check; visual composition covered by representative family only,Parent route structural check; not individual source/prose visual verification,verification.json#coverage,,,,KEEP rendered record; external source verification not inferred,B
"[{""route"":""/world-stage"",""state"":{""scene"":""worldview-map""},""locator"":""source SRC30""},{""route"":""/zh/world-stage"",""state"":{""scene"":""worldview-map""},""locator"":""source SRC30""}]",world-stage-source:SRC30,research/world-stage/source-ledger.json,rendered public reference; see exposure/state,as listed in exposures,"source date 2022-12-09, 2022-06-09, 2025-11-18","[{""set_select"":{""selector"":""#world-stage-map-view"",""value"":""worldview-map""},""reduce_motion"":true,""filters"":""All types / All relations"",""note"":""Selecting scene starts an inspection hold; reduced motion avoids timed scene change during check.""},{""set_select"":{""selector"":""#world-stage-map-view"",""value"":""worldview-map""},""reduce_motion"":true,""filters"":""All types / All relations"",""note"":""Selecting scene starts an inspection hold; reduced motion avoids timed scene change during check.""}]",world-stage-source-record,"[""/"",""/world-stage""]",1,Observed route-link graph plus recorded disclosure/fixture prerequisite,Saudi-China summit / Saudi Vision 2030 / U.S.-Saudi strategic partnership materials,"Inspect the source, disagreement or supporting record identified here",semantic-dom-only,2 assertions: passed,DOM text/link check; visual composition covered by representative family only,Parent route structural check; not individual source/prose visual verification,verification.json#coverage,,,,KEEP rendered record; external source verification not inferred,B
"[{""route"":""/world-stage"",""state"":{""scene"":""worldview-map""},""locator"":""source SRC31""},{""route"":""/zh/world-stage"",""state"":{""scene"":""worldview-map""},""locator"":""source SRC31""}]",world-stage-source:SRC31,research/world-stage/source-ledger.json,rendered public reference; see exposure/state,as listed in exposures,source date n.d.,"[{""set_select"":{""selector"":""#world-stage-map-view"",""value"":""worldview-map""},""reduce_motion"":true,""filters"":""All types / All relations"",""note"":""Selecting scene starts an inspection hold; reduced motion avoids timed scene change during check.""},{""set_select"":{""selector"":""#world-stage-map-view"",""value"":""worldview-map""},""reduce_motion"":true,""filters"":""All types / All relations"",""note"":""Selecting scene starts an inspection hold; reduced motion avoids timed scene change during check.""}]",world-stage-source-record,"[""/"",""/world-stage""]",1,Observed route-link graph plus recorded disclosure/fixture prerequisite,ASEAN Secretariat contact and mandate pages,"Inspect the source, disagreement or supporting record identified here",semantic-dom-only,2 assertions: passed,DOM text/link check; visual composition covered by representative family only,Parent route structural check; not individual source/prose visual verification,verification.json#coverage,,,,KEEP rendered record; external source verification not inferred,B
"[{""route"":""/world-stage"",""state"":{""scene"":""focus-areas""},""locator"":""source SRC32""},{""route"":""/zh/world-stage"",""state"":{""scene"":""focus-areas""},""locator"":""source SRC32""},{""route"":""/world-stage"",""state"":{""scene"":""futures""},""locator"":""source SRC32""},{""route"":""/zh/world-stage"",""state"":{""scene"":""futures""},""locator"":""source SRC32""}]",world-stage-source:SRC32,research/world-stage/source-ledger.json,rendered public reference; see exposure/state,as listed in exposures,source date 2026-02 to 2026-04,"[{""set_select"":{""selector"":""#world-stage-map-view"",""value"":""focus-areas""},""reduce_motion"":true,""filters"":""All types / All relations"",""note"":""Selecting scene starts an inspection hold; reduced motion avoids timed scene change during check.""},{""set_select"":{""selector"":""#world-stage-map-view"",""value"":""focus-areas""},""reduce_motion"":true,""filters"":""All types / All relations"",""note"":""Selecting scene starts an inspection hold; reduced motion avoids timed scene change during check.""},{""set_select"":{""selector"":""#world-stage-map-view"",""value"":""futures""},""reduce_motion"":true,""filters"":""All types / All relations"",""note"":""Selecting scene starts an inspection hold; reduced motion avoids timed scene change during check.""},{""set_select"":{""selector"":""#world-stage-map-view"",""value"":""futures""},""reduce_motion"":true,""filters"":""All types / All relations"",""note"":""Selecting scene starts an inspection hold; reduced motion avoids timed scene change during check.""}]",world-stage-source-record,"[""/"",""/world-stage""]",1,Observed route-link graph plus recorded disclosure/fixture prerequisite,TSMC 2025 Annual Report and TSMC fab/location pages,"Inspect the source, disagreement or supporting record identified here",semantic-dom-only,4 assertions: passed,DOM text/link check; visual composition covered by representative family only,Parent route structural check; not individual source/prose visual verification,verification.json#coverage,,,,KEEP rendered record; external source verification not inferred,B
"[{""route"":""/world-stage"",""state"":{""scene"":""focus-areas""},""locator"":""source SRC33""},{""route"":""/zh/world-stage"",""state"":{""scene"":""focus-areas""},""locator"":""source SRC33""},{""route"":""/world-stage"",""state"":{""scene"":""futures""},""locator"":""source SRC33""},{""route"":""/zh/world-stage"",""state"":{""scene"":""futures""},""locator"":""source SRC33""}]",world-stage-source:SRC33,research/world-stage/source-ledger.json,rendered public reference; see exposure/state,as listed in exposures,source date 2025-2026,"[{""set_select"":{""selector"":""#world-stage-map-view"",""value"":""focus-areas""},""reduce_motion"":true,""filters"":""All types / All relations"",""note"":""Selecting scene starts an inspection hold; reduced motion avoids timed scene change during check.""},{""set_select"":{""selector"":""#world-stage-map-view"",""value"":""focus-areas""},""reduce_motion"":true,""filters"":""All types / All relations"",""note"":""Selecting scene starts an inspection hold; reduced motion avoids timed scene change during check.""},{""set_select"":{""selector"":""#world-stage-map-view"",""value"":""futures""},""reduce_motion"":true,""filters"":""All types / All relations"",""note"":""Selecting scene starts an inspection hold; reduced motion avoids timed scene change during check.""},{""set_select"":{""selector"":""#world-stage-map-view"",""value"":""futures""},""reduce_motion"":true,""filters"":""All types / All relations"",""note"":""Selecting scene starts an inspection hold; reduced motion avoids timed scene change during check.""}]",world-stage-source-record,"[""/"",""/world-stage""]",1,Observed route-link graph plus recorded disclosure/fixture prerequisite,ASML 2025 Annual Report / Veldhoven HQ pages / Dutch export-control updates,"Inspect the source, disagreement or supporting record identified here",semantic-dom-only,4 assertions: passed,DOM text/link check; visual composition covered by representative family only,Parent route structural check; not individual source/prose visual verification,verification.json#coverage,,,,KEEP rendered record; external source verification not inferred,B
"[{""route"":""/world-stage"",""state"":{""scene"":""focus-areas""},""locator"":""source SRC34""},{""route"":""/zh/world-stage"",""state"":{""scene"":""focus-areas""},""locator"":""source SRC34""},{""route"":""/world-stage"",""state"":{""scene"":""futures""},""locator"":""source SRC34""},{""route"":""/zh/world-stage"",""state"":{""scene"":""futures""},""locator"":""source SRC34""}]",world-stage-source:SRC34,research/world-stage/source-ledger.json,rendered public reference; see exposure/state,as listed in exposures,source date 2025-2026,"[{""set_select"":{""selector"":""#world-stage-map-view"",""value"":""focus-areas""},""reduce_motion"":true,""filters"":""All types / All relations"",""note"":""Selecting scene starts an inspection hold; reduced motion avoids timed scene change during check.""},{""set_select"":{""selector"":""#world-stage-map-view"",""value"":""focus-areas""},""reduce_motion"":true,""filters"":""All types / All relations"",""note"":""Selecting scene starts an inspection hold; reduced motion avoids timed scene change during check.""},{""set_select"":{""selector"":""#world-stage-map-view"",""value"":""futures""},""reduce_motion"":true,""filters"":""All types / All relations"",""note"":""Selecting scene starts an inspection hold; reduced motion avoids timed scene change during check.""},{""set_select"":{""selector"":""#world-stage-map-view"",""value"":""futures""},""reduce_motion"":true,""filters"":""All types / All relations"",""note"":""Selecting scene starts an inspection hold; reduced motion avoids timed scene change during check.""}]",world-stage-source-record,"[""/"",""/world-stage""]",1,Observed route-link graph plus recorded disclosure/fixture prerequisite,Samsung reporting and semiconductor site materials,"Inspect the source, disagreement or supporting record identified here",semantic-dom-only,4 assertions: passed,DOM text/link check; visual composition covered by representative family only,Parent route structural check; not individual source/prose visual verification,verification.json#coverage,,,,KEEP rendered record; external source verification not inferred,B
"[{""route"":""/world-stage"",""state"":{""scene"":""focus-areas""},""locator"":""source SRC35""},{""route"":""/zh/world-stage"",""state"":{""scene"":""focus-areas""},""locator"":""source SRC35""}]",world-stage-source:SRC35,research/world-stage/source-ledger.json,rendered public reference; see exposure/state,as listed in exposures,source date 2024-07 and 2025-06,"[{""set_select"":{""selector"":""#world-stage-map-view"",""value"":""focus-areas""},""reduce_motion"":true,""filters"":""All types / All relations"",""note"":""Selecting scene starts an inspection hold; reduced motion avoids timed scene change during check.""},{""set_select"":{""selector"":""#world-stage-map-view"",""value"":""focus-areas""},""reduce_motion"":true,""filters"":""All types / All relations"",""note"":""Selecting scene starts an inspection hold; reduced motion avoids timed scene change during check.""}]",world-stage-source-record,"[""/"",""/world-stage""]",1,Observed route-link graph plus recorded disclosure/fixture prerequisite,Outline of Semiconductor Revitalization Strategy in Japan and related METI materials,"Inspect the source, disagreement or supporting record identified here",semantic-dom-only,2 assertions: passed,DOM text/link check; visual composition covered by representative family only,Parent route structural check; not individual source/prose visual verification,verification.json#coverage,,,,KEEP rendered record; external source verification not inferred,B
"[{""route"":""/world-stage"",""state"":{""scene"":""focus-areas""},""locator"":""source SRC36""},{""route"":""/zh/world-stage"",""state"":{""scene"":""focus-areas""},""locator"":""source SRC36""}]",world-stage-source:SRC36,research/world-stage/source-ledger.json,rendered public reference; see exposure/state,as listed in exposures,source date 2024-2026,"[{""set_select"":{""selector"":""#world-stage-map-view"",""value"":""focus-areas""},""reduce_motion"":true,""filters"":""All types / All relations"",""note"":""Selecting scene starts an inspection hold; reduced motion avoids timed scene change during check.""},{""set_select"":{""selector"":""#world-stage-map-view"",""value"":""focus-areas""},""reduce_motion"":true,""filters"":""All types / All relations"",""note"":""Selecting scene starts an inspection hold; reduced motion avoids timed scene change during check.""}]",world-stage-source-record,"[""/"",""/world-stage""]",1,Observed route-link graph plus recorded disclosure/fixture prerequisite,Malaysia semiconductor strategy and Penang ecosystem materials,"Inspect the source, disagreement or supporting record identified here",semantic-dom-only,2 assertions: passed,DOM text/link check; visual composition covered by representative family only,Parent route structural check; not individual source/prose visual verification,verification.json#coverage,,,,KEEP rendered record; external source verification not inferred,B
"[{""route"":""/world-stage"",""state"":{""scene"":""futures""},""locator"":""source SRC38""},{""route"":""/zh/world-stage"",""state"":{""scene"":""futures""},""locator"":""source SRC38""}]",world-stage-source:SRC38,research/world-stage/source-ledger.json,rendered public reference; see exposure/state,as listed in exposures,source date 2025-05-13,"[{""set_select"":{""selector"":""#world-stage-map-view"",""value"":""futures""},""reduce_motion"":true,""filters"":""All types / All relations"",""note"":""Selecting scene starts an inspection hold; reduced motion avoids timed scene change during check.""},{""set_select"":{""selector"":""#world-stage-map-view"",""value"":""futures""},""reduce_motion"":true,""filters"":""All types / All relations"",""note"":""Selecting scene starts an inspection hold; reduced motion avoids timed scene change during check.""}]",world-stage-source-record,"[""/"",""/world-stage""]",1,Observed route-link graph plus recorded disclosure/fixture prerequisite,NVIDIA 2025 Annual Report,"Inspect the source, disagreement or supporting record identified here",semantic-dom-only,2 assertions: passed,DOM text/link check; visual composition covered by representative family only,Parent route structural check; not individual source/prose visual verification,verification.json#coverage,,,,KEEP rendered record; external source verification not inferred,B
"[{""route"":""/world-stage"",""state"":{""scene"":""futures""},""locator"":""source SRC39""},{""route"":""/zh/world-stage"",""state"":{""scene"":""futures""},""locator"":""source SRC39""}]",world-stage-source:SRC39,research/world-stage/source-ledger.json,rendered public reference; see exposure/state,as listed in exposures,source date 2025,"[{""set_select"":{""selector"":""#world-stage-map-view"",""value"":""futures""},""reduce_motion"":true,""filters"":""All types / All relations"",""note"":""Selecting scene starts an inspection hold; reduced motion avoids timed scene change during check.""},{""set_select"":{""selector"":""#world-stage-map-view"",""value"":""futures""},""reduce_motion"":true,""filters"":""All types / All relations"",""note"":""Selecting scene starts an inspection hold; reduced motion avoids timed scene change during check.""}]",world-stage-source-record,"[""/"",""/world-stage""]",1,Observed route-link graph plus recorded disclosure/fixture prerequisite,Microsoft 2025 Annual Report and Azure global infrastructure pages,"Inspect the source, disagreement or supporting record identified here",semantic-dom-only,2 assertions: passed,DOM text/link check; visual composition covered by representative family only,Parent route structural check; not individual source/prose visual verification,verification.json#coverage,,,,KEEP rendered record; external source verification not inferred,B
"[{""route"":""/world-stage"",""state"":{""scene"":""futures""},""locator"":""source SRC40""},{""route"":""/zh/world-stage"",""state"":{""scene"":""futures""},""locator"":""source SRC40""}]",world-stage-source:SRC40,research/world-stage/source-ledger.json,rendered public reference; see exposure/state,as listed in exposures,source date n.d.,"[{""set_select"":{""selector"":""#world-stage-map-view"",""value"":""futures""},""reduce_motion"":true,""filters"":""All types / All relations"",""note"":""Selecting scene starts an inspection hold; reduced motion avoids timed scene change during check.""},{""set_select"":{""selector"":""#world-stage-map-view"",""value"":""futures""},""reduce_motion"":true,""filters"":""All types / All relations"",""note"":""Selecting scene starts an inspection hold; reduced motion avoids timed scene change during check.""}]",world-stage-source-record,"[""/"",""/world-stage""]",1,Observed route-link graph plus recorded disclosure/fixture prerequisite,AWS Global Infrastructure,"Inspect the source, disagreement or supporting record identified here",semantic-dom-only,2 assertions: passed,DOM text/link check; visual composition covered by representative family only,Parent route structural check; not individual source/prose visual verification,verification.json#coverage,,,,KEEP rendered record; external source verification not inferred,B
"[{""route"":""/world-stage"",""state"":{""scene"":""futures""},""locator"":""source SRC41""},{""route"":""/zh/world-stage"",""state"":{""scene"":""futures""},""locator"":""source SRC41""}]",world-stage-source:SRC41,research/world-stage/source-ledger.json,rendered public reference; see exposure/state,as listed in exposures,source date 2025-2026,"[{""set_select"":{""selector"":""#world-stage-map-view"",""value"":""futures""},""reduce_motion"":true,""filters"":""All types / All relations"",""note"":""Selecting scene starts an inspection hold; reduced motion avoids timed scene change during check.""},{""set_select"":{""selector"":""#world-stage-map-view"",""value"":""futures""},""reduce_motion"":true,""filters"":""All types / All relations"",""note"":""Selecting scene starts an inspection hold; reduced motion avoids timed scene change during check.""}]",world-stage-source-record,"[""/"",""/world-stage""]",1,Observed route-link graph plus recorded disclosure/fixture prerequisite,The AI Security Institute,"Inspect the source, disagreement or supporting record identified here",semantic-dom-only,2 assertions: passed,DOM text/link check; visual composition covered by representative family only,Parent route structural check; not individual source/prose visual verification,verification.json#coverage,,,,KEEP rendered record; external source verification not inferred,B
"[{""route"":""/world-stage"",""state"":{""scene"":""futures""},""locator"":""source SRC43""},{""route"":""/zh/world-stage"",""state"":{""scene"":""futures""},""locator"":""source SRC43""}]",world-stage-source:SRC43,research/world-stage/source-ledger.json,rendered public reference; see exposure/state,as listed in exposures,source date 2024-2026,"[{""set_select"":{""selector"":""#world-stage-map-view"",""value"":""futures""},""reduce_motion"":true,""filters"":""All types / All relations"",""note"":""Selecting scene starts an inspection hold; reduced motion avoids timed scene change during check.""},{""set_select"":{""selector"":""#world-stage-map-view"",""value"":""futures""},""reduce_motion"":true,""filters"":""All types / All relations"",""note"":""Selecting scene starts an inspection hold; reduced motion avoids timed scene change during check.""}]",world-stage-source-record,"[""/"",""/world-stage""]",1,Observed route-link graph plus recorded disclosure/fixture prerequisite,Center for AI Standards and Innovation and NIST AI Consortium,"Inspect the source, disagreement or supporting record identified here",semantic-dom-only,2 assertions: passed,DOM text/link check; visual composition covered by representative family only,Parent route structural check; not individual source/prose visual verification,verification.json#coverage,,,,KEEP rendered record; external source verification not inferred,B
"[{""route"":""/world-stage"",""state"":{""scene"":""futures""},""locator"":""source SRC44""},{""route"":""/zh/world-stage"",""state"":{""scene"":""futures""},""locator"":""source SRC44""}]",world-stage-source:SRC44,research/world-stage/source-ledger.json,rendered public reference; see exposure/state,as listed in exposures,source date 2024-2026,"[{""set_select"":{""selector"":""#world-stage-map-view"",""value"":""futures""},""reduce_motion"":true,""filters"":""All types / All relations"",""note"":""Selecting scene starts an inspection hold; reduced motion avoids timed scene change during check.""},{""set_select"":{""selector"":""#world-stage-map-view"",""value"":""futures""},""reduce_motion"":true,""filters"":""All types / All relations"",""note"":""Selecting scene starts an inspection hold; reduced motion avoids timed scene change during check.""}]",world-stage-source-record,"[""/"",""/world-stage""]",1,Observed route-link graph plus recorded disclosure/fixture prerequisite,Microsoft-G42-Khazna and MBZUAI materials,"Inspect the source, disagreement or supporting record identified here",semantic-dom-only,2 assertions: passed,DOM text/link check; visual composition covered by representative family only,Parent route structural check; not individual source/prose visual verification,verification.json#coverage,,,,KEEP rendered record; external source verification not inferred,B
"[{""route"":""/world-stage"",""state"":{""scene"":""futures""},""locator"":""source SRC45""},{""route"":""/zh/world-stage"",""state"":{""scene"":""futures""},""locator"":""source SRC45""}]",world-stage-source:SRC45,research/world-stage/source-ledger.json,rendered public reference; see exposure/state,as listed in exposures,source date 2025-2026,"[{""set_select"":{""selector"":""#world-stage-map-view"",""value"":""futures""},""reduce_motion"":true,""filters"":""All types / All relations"",""note"":""Selecting scene starts an inspection hold; reduced motion avoids timed scene change during check.""},{""set_select"":{""selector"":""#world-stage-map-view"",""value"":""futures""},""reduce_motion"":true,""filters"":""All types / All relations"",""note"":""Selecting scene starts an inspection hold; reduced motion avoids timed scene change during check.""}]",world-stage-source-record,"[""/"",""/world-stage""]",1,Observed route-link graph plus recorded disclosure/fixture prerequisite,OpenAI compute-infrastructure publications,"Inspect the source, disagreement or supporting record identified here",semantic-dom-only,2 assertions: passed,DOM text/link check; visual composition covered by representative family only,Parent route structural check; not individual source/prose visual verification,verification.json#coverage,,,,KEEP rendered record; external source verification not inferred,B
"[{""route"":""/world-stage"",""state"":{""scene"":""futures""},""locator"":""source SRC46""},{""route"":""/zh/world-stage"",""state"":{""scene"":""futures""},""locator"":""source SRC46""}]",world-stage-source:SRC46,research/world-stage/source-ledger.json,rendered public reference; see exposure/state,as listed in exposures,source date 2025-2026,"[{""set_select"":{""selector"":""#world-stage-map-view"",""value"":""futures""},""reduce_motion"":true,""filters"":""All types / All relations"",""note"":""Selecting scene starts an inspection hold; reduced motion avoids timed scene change during check.""},{""set_select"":{""selector"":""#world-stage-map-view"",""value"":""futures""},""reduce_motion"":true,""filters"":""All types / All relations"",""note"":""Selecting scene starts an inspection hold; reduced motion avoids timed scene change during check.""}]",world-stage-source-record,"[""/"",""/world-stage""]",1,Observed route-link graph plus recorded disclosure/fixture prerequisite,MGX official site and portfolio materials,"Inspect the source, disagreement or supporting record identified here",semantic-dom-only,2 assertions: passed,DOM text/link check; visual composition covered by representative family only,Parent route structural check; not individual source/prose visual verification,verification.json#coverage,,,,KEEP rendered record; external source verification not inferred,B
"[{""route"":""/world-stage"",""state"":{""scene"":""focus-areas""},""locator"":""source SRC47""},{""route"":""/zh/world-stage"",""state"":{""scene"":""focus-areas""},""locator"":""source SRC47""}]",world-stage-source:SRC47,research/world-stage/source-ledger.json,rendered public reference; see exposure/state,as listed in exposures,source date accessed 2026-08-02,"[{""set_select"":{""selector"":""#world-stage-map-view"",""value"":""focus-areas""},""reduce_motion"":true,""filters"":""All types / All relations"",""note"":""Selecting scene starts an inspection hold; reduced motion avoids timed scene change during check.""},{""set_select"":{""selector"":""#world-stage-map-view"",""value"":""focus-areas""},""reduce_motion"":true,""filters"":""All types / All relations"",""note"":""Selecting scene starts an inspection hold; reduced motion avoids timed scene change during check.""}]",world-stage-source-record,"[""/"",""/world-stage""]",1,Observed route-link graph plus recorded disclosure/fixture prerequisite,"Company Info, Yamanashi sites, and semiconductor production equipment portfolio","Inspect the source, disagreement or supporting record identified here",semantic-dom-only,2 assertions: passed,DOM text/link check; visual composition covered by representative family only,Parent route structural check; not individual source/prose visual verification,verification.json#coverage,,,,KEEP rendered record; external source verification not inferred,B
"[{""route"":""/world-stage"",""state"":{""scene"":""focus-areas""},""locator"":""source SRC48""},{""route"":""/zh/world-stage"",""state"":{""scene"":""focus-areas""},""locator"":""source SRC48""}]",world-stage-source:SRC48,research/world-stage/source-ledger.json,rendered public reference; see exposure/state,as listed in exposures,source date 2025-08,"[{""set_select"":{""selector"":""#world-stage-map-view"",""value"":""focus-areas""},""reduce_motion"":true,""filters"":""All types / All relations"",""note"":""Selecting scene starts an inspection hold; reduced motion avoids timed scene change during check.""},{""set_select"":{""selector"":""#world-stage-map-view"",""value"":""focus-areas""},""reduce_motion"":true,""filters"":""All types / All relations"",""note"":""Selecting scene starts an inspection hold; reduced motion avoids timed scene change during check.""}]",world-stage-source-record,"[""/"",""/world-stage""]",1,Observed route-link graph plus recorded disclosure/fixture prerequisite,Applied Materials U.S. manufacturing footprint,"Inspect the source, disagreement or supporting record identified here",semantic-dom-only,2 assertions: passed,DOM text/link check; visual composition covered by representative family only,Parent route structural check; not individual source/prose visual verification,verification.json#coverage,,,,KEEP rendered record; external source verification not inferred,B
"[{""route"":""/world-stage"",""state"":{""scene"":""focus-areas""},""locator"":""source SRC49""},{""route"":""/zh/world-stage"",""state"":{""scene"":""focus-areas""},""locator"":""source SRC49""}]",world-stage-source:SRC49,research/world-stage/source-ledger.json,rendered public reference; see exposure/state,as listed in exposures,source date accessed 2026-08-02,"[{""set_select"":{""selector"":""#world-stage-map-view"",""value"":""focus-areas""},""reduce_motion"":true,""filters"":""All types / All relations"",""note"":""Selecting scene starts an inspection hold; reduced motion avoids timed scene change during check.""},{""set_select"":{""selector"":""#world-stage-map-view"",""value"":""focus-areas""},""reduce_motion"":true,""filters"":""All types / All relations"",""note"":""Selecting scene starts an inspection hold; reduced motion avoids timed scene change during check.""}]",world-stage-source-record,"[""/"",""/world-stage""]",1,Observed route-link graph plus recorded disclosure/fixture prerequisite,Headquarters and manufacturing locations,"Inspect the source, disagreement or supporting record identified here",semantic-dom-only,2 assertions: passed,DOM text/link check; visual composition covered by representative family only,Parent route structural check; not individual source/prose visual verification,verification.json#coverage,,,,KEEP rendered record; external source verification not inferred,B
"[{""route"":""/world-stage"",""state"":{""scene"":""focus-areas""},""locator"":""source SRC50""},{""route"":""/zh/world-stage"",""state"":{""scene"":""focus-areas""},""locator"":""source SRC50""}]",world-stage-source:SRC50,research/world-stage/source-ledger.json,rendered public reference; see exposure/state,as listed in exposures,source date accessed 2026-08-02,"[{""set_select"":{""selector"":""#world-stage-map-view"",""value"":""focus-areas""},""reduce_motion"":true,""filters"":""All types / All relations"",""note"":""Selecting scene starts an inspection hold; reduced motion avoids timed scene change during check.""},{""set_select"":{""selector"":""#world-stage-map-view"",""value"":""focus-areas""},""reduce_motion"":true,""filters"":""All types / All relations"",""note"":""Selecting scene starts an inspection hold; reduced motion avoids timed scene change during check.""}]",world-stage-source-record,"[""/"",""/world-stage""]",1,Observed route-link graph plus recorded disclosure/fixture prerequisite,KLA company information,"Inspect the source, disagreement or supporting record identified here",semantic-dom-only,2 assertions: passed,DOM text/link check; visual composition covered by representative family only,Parent route structural check; not individual source/prose visual verification,verification.json#coverage,,,,KEEP rendered record; external source verification not inferred,B
"[{""route"":""/world-stage"",""state"":{""scene"":""focus-areas""},""locator"":""source SRC51""},{""route"":""/zh/world-stage"",""state"":{""scene"":""focus-areas""},""locator"":""source SRC51""}]",world-stage-source:SRC51,research/world-stage/source-ledger.json,rendered public reference; see exposure/state,as listed in exposures,source date accessed 2026-08-02,"[{""set_select"":{""selector"":""#world-stage-map-view"",""value"":""focus-areas""},""reduce_motion"":true,""filters"":""All types / All relations"",""note"":""Selecting scene starts an inspection hold; reduced motion avoids timed scene change during check.""},{""set_select"":{""selector"":""#world-stage-map-view"",""value"":""focus-areas""},""reduce_motion"":true,""filters"":""All types / All relations"",""note"":""Selecting scene starts an inspection hold; reduced motion avoids timed scene change during check.""}]",world-stage-source-record,"[""/"",""/world-stage""]",1,Observed route-link graph plus recorded disclosure/fixture prerequisite,ZEISS Semiconductor Manufacturing Technology products and sites,"Inspect the source, disagreement or supporting record identified here",semantic-dom-only,2 assertions: passed,DOM text/link check; visual composition covered by representative family only,Parent route structural check; not individual source/prose visual verification,verification.json#coverage,,,,KEEP rendered record; external source verification not inferred,B
"[{""route"":""/world-stage"",""state"":{""scene"":""focus-areas""},""locator"":""source SRC52""},{""route"":""/zh/world-stage"",""state"":{""scene"":""focus-areas""},""locator"":""source SRC52""}]",world-stage-source:SRC52,research/world-stage/source-ledger.json,rendered public reference; see exposure/state,as listed in exposures,source date accessed 2026-08-02,"[{""set_select"":{""selector"":""#world-stage-map-view"",""value"":""focus-areas""},""reduce_motion"":true,""filters"":""All types / All relations"",""note"":""Selecting scene starts an inspection hold; reduced motion avoids timed scene change during check.""},{""set_select"":{""selector"":""#world-stage-map-view"",""value"":""focus-areas""},""reduce_motion"":true,""filters"":""All types / All relations"",""note"":""Selecting scene starts an inspection hold; reduced motion avoids timed scene change during check.""}]",world-stage-source-record,"[""/"",""/world-stage""]",1,Observed route-link graph plus recorded disclosure/fixture prerequisite,Shin-Etsu Handotai Shirakawa Plant overview,"Inspect the source, disagreement or supporting record identified here",semantic-dom-only,2 assertions: passed,DOM text/link check; visual composition covered by representative family only,Parent route structural check; not individual source/prose visual verification,verification.json#coverage,,,,KEEP rendered record; external source verification not inferred,B
"[{""route"":""/world-stage"",""state"":{""scene"":""focus-areas""},""locator"":""source SRC53""},{""route"":""/zh/world-stage"",""state"":{""scene"":""focus-areas""},""locator"":""source SRC53""}]",world-stage-source:SRC53,research/world-stage/source-ledger.json,rendered public reference; see exposure/state,as listed in exposures,source date 2025-06-26,"[{""set_select"":{""selector"":""#world-stage-map-view"",""value"":""focus-areas""},""reduce_motion"":true,""filters"":""All types / All relations"",""note"":""Selecting scene starts an inspection hold; reduced motion avoids timed scene change during check.""},{""set_select"":{""selector"":""#world-stage-map-view"",""value"":""focus-areas""},""reduce_motion"":true,""filters"":""All types / All relations"",""note"":""Selecting scene starts an inspection hold; reduced motion avoids timed scene change during check.""}]",world-stage-source-record,"[""/"",""/world-stage""]",1,Observed route-link graph plus recorded disclosure/fixture prerequisite,IATF certificate: SUMCO Kyushu Factory (Imari Nagahama),"Inspect the source, disagreement or supporting record identified here",semantic-dom-only,2 assertions: passed,DOM text/link check; visual composition covered by representative family only,Parent route structural check; not individual source/prose visual verification,verification.json#coverage,,,,KEEP rendered record; external source verification not inferred,B
"[{""route"":""/world-stage"",""state"":{""scene"":""focus-areas""},""locator"":""source SRC54""},{""route"":""/zh/world-stage"",""state"":{""scene"":""focus-areas""},""locator"":""source SRC54""}]",world-stage-source:SRC54,research/world-stage/source-ledger.json,rendered public reference; see exposure/state,as listed in exposures,source date 2024-08-30,"[{""set_select"":{""selector"":""#world-stage-map-view"",""value"":""focus-areas""},""reduce_motion"":true,""filters"":""All types / All relations"",""note"":""Selecting scene starts an inspection hold; reduced motion avoids timed scene change during check.""},{""set_select"":{""selector"":""#world-stage-map-view"",""value"":""focus-areas""},""reduce_motion"":true,""filters"":""All types / All relations"",""note"":""Selecting scene starts an inspection hold; reduced motion avoids timed scene change during check.""}]",world-stage-source-record,"[""/"",""/world-stage""]",1,Observed route-link graph plus recorded disclosure/fixture prerequisite,Leading-edge photoresist development and Yokkaichi site materials,"Inspect the source, disagreement or supporting record identified here",semantic-dom-only,2 assertions: passed,DOM text/link check; visual composition covered by representative family only,Parent route structural check; not individual source/prose visual verification,verification.json#coverage,,,,KEEP rendered record; external source verification not inferred,B
"[{""route"":""/world-stage"",""state"":{""scene"":""focus-areas""},""locator"":""source SRC55""},{""route"":""/zh/world-stage"",""state"":{""scene"":""focus-areas""},""locator"":""source SRC55""}]",world-stage-source:SRC55,research/world-stage/source-ledger.json,rendered public reference; see exposure/state,as listed in exposures,source date 2023-08-08,"[{""set_select"":{""selector"":""#world-stage-map-view"",""value"":""focus-areas""},""reduce_motion"":true,""filters"":""All types / All relations"",""note"":""Selecting scene starts an inspection hold; reduced motion avoids timed scene change during check.""},{""set_select"":{""selector"":""#world-stage-map-view"",""value"":""focus-areas""},""reduce_motion"":true,""filters"":""All types / All relations"",""note"":""Selecting scene starts an inspection hold; reduced motion avoids timed scene change during check.""}]",world-stage-source-record,"[""/"",""/world-stage""]",1,Observed route-link graph plus recorded disclosure/fixture prerequisite,New photoresist manufacturing building at Koriyama Plant,"Inspect the source, disagreement or supporting record identified here",semantic-dom-only,2 assertions: passed,DOM text/link check; visual composition covered by representative family only,Parent route structural check; not individual source/prose visual verification,verification.json#coverage,,,,KEEP rendered record; external source verification not inferred,B
