ensemble,form,perturbation_scope,transition_type,from,to,changed,count,share_within_ensemble_form_scope_type
boundaryFocused,core,answer,family,constructivist,constructivist,false,343,0.103469
boundaryFocused,core,answer,family,constructivist,criticalPoliticalEconomy,true,172,0.051885
boundaryFocused,core,answer,family,constructivist,institutionalist,true,24,0.00724
boundaryFocused,core,answer,family,constructivist,realist,true,36,0.01086
boundaryFocused,core,answer,family,criticalPoliticalEconomy,constructivist,true,27,0.008145
boundaryFocused,core,answer,family,criticalPoliticalEconomy,criticalPoliticalEconomy,false,481,0.145098
boundaryFocused,core,answer,family,criticalPoliticalEconomy,institutionalist,true,17,0.005128
boundaryFocused,core,answer,family,criticalPoliticalEconomy,realist,true,93,0.028054
boundaryFocused,core,answer,family,institutionalist,constructivist,true,77,0.023228
boundaryFocused,core,answer,family,institutionalist,criticalPoliticalEconomy,true,136,0.041026
boundaryFocused,core,answer,family,institutionalist,institutionalist,false,351,0.105882
boundaryFocused,core,answer,family,institutionalist,realist,true,17,0.005128
boundaryFocused,core,answer,family,realist,constructivist,true,126,0.038009
boundaryFocused,core,answer,family,realist,criticalPoliticalEconomy,true,183,0.055204
boundaryFocused,core,answer,family,realist,institutionalist,true,138,0.041629
boundaryFocused,core,answer,family,realist,realist,false,1094,0.330015
boundaryFocused,core,answer,full-archetype,M/S-,M-,true,24,0.00724
boundaryFocused,core,answer,full-archetype,M/S-,M/S-,false,122,0.036802
boundaryFocused,core,answer,full-archetype,M/S-,M/S+,true,9,0.002715
boundaryFocused,core,answer,full-archetype,M/S-,P-,true,3,0.000905
boundaryFocused,core,answer,full-archetype,M/S-,P/M-,true,1,0.000302
boundaryFocused,core,answer,full-archetype,M/S-,P/M+,true,1,0.000302
boundaryFocused,core,answer,full-archetype,M/S-,P/R-,true,1,0.000302
boundaryFocused,core,answer,full-archetype,M/S-,P/S-,true,11,0.003318
boundaryFocused,core,answer,full-archetype,M/S-,R-,true,1,0.000302
boundaryFocused,core,answer,full-archetype,M/S-,R/M-,true,11,0.003318
boundaryFocused,core,answer,full-archetype,M/S-,R/S-,true,8,0.002413
boundaryFocused,core,answer,full-archetype,M/S-,S-,true,15,0.004525
boundaryFocused,core,answer,full-archetype,M/S+,M/S-,true,4,0.001207
boundaryFocused,core,answer,full-archetype,M/S+,M/S+,false,122,0.036802
boundaryFocused,core,answer,full-archetype,M/S+,M+,true,24,0.00724
boundaryFocused,core,answer,full-archetype,M/S+,P/M+,true,13,0.003922
boundaryFocused,core,answer,full-archetype,M/S+,P/S+,true,16,0.004827
boundaryFocused,core,answer,full-archetype,M/S+,P+,true,2,0.000603
boundaryFocused,core,answer,full-archetype,M/S+,R/M+,true,10,0.003017
boundaryFocused,core,answer,full-archetype,M/S+,R/S+,true,8,0.002413
boundaryFocused,core,answer,full-archetype,M/S+,S+,true,16,0.004827
boundaryFocused,core,answer,full-archetype,M+,M+,false,57,0.017195
boundaryFocused,core,answer,full-archetype,M+,R/M-,true,2,0.000603
boundaryFocused,core,answer,full-archetype,M+,R/M+,true,39,0.011765
boundaryFocused,core,answer,full-archetype,M+,R+,true,6,0.00181
boundaryFocused,core,answer,full-archetype,P/M-,M-,true,18,0.00543
boundaryFocused,core,answer,full-archetype,P/M-,P-,true,17,0.005128
boundaryFocused,core,answer,full-archetype,P/M-,P/M-,false,64,0.019306
boundaryFocused,core,answer,full-archetype,P/M-,P/M+,true,4,0.001207
boundaryFocused,core,answer,full-archetype,P/M+,M-,true,1,0.000302
boundaryFocused,core,answer,full-archetype,P/M+,M+,true,23,0.006938
boundaryFocused,core,answer,full-archetype,P/M+,P/M-,true,2,0.000603
boundaryFocused,core,answer,full-archetype,P/M+,P/M+,false,88,0.026546
boundaryFocused,core,answer,full-archetype,P/M+,P/R+,true,1,0.000302
boundaryFocused,core,answer,full-archetype,P/M+,P/S+,true,1,0.000302
boundaryFocused,core,answer,full-archetype,P/M+,P+,true,28,0.008446
boundaryFocused,core,answer,full-archetype,P/M+,R/M+,true,7,0.002112
boundaryFocused,core,answer,full-archetype,P/M+,R/S+,true,1,0.000302
boundaryFocused,core,answer,full-archetype,P/M+,R+,true,2,0.000603
boundaryFocused,core,answer,full-archetype,P/R-,P-,true,31,0.009351
boundaryFocused,core,answer,full-archetype,P/R-,P/R-,false,124,0.037406
boundaryFocused,core,answer,full-archetype,P/R-,P/R+,true,4,0.001207
boundaryFocused,core,answer,full-archetype,P/R-,P/S-,true,4,0.001207
boundaryFocused,core,answer,full-archetype,P/R-,P+,true,6,0.00181
boundaryFocused,core,answer,full-archetype,P/R-,R-,true,38,0.011463
boundaryFocused,core,answer,full-archetype,P/R-,R/M-,true,1,0.000302
boundaryFocused,core,answer,full-archetype,P/R+,P/R-,true,1,0.000302
boundaryFocused,core,answer,full-archetype,P/R+,P/R+,false,30,0.00905
boundaryFocused,core,answer,full-archetype,P/R+,P/S+,true,1,0.000302
boundaryFocused,core,answer,full-archetype,P/R+,P+,true,10,0.003017
boundaryFocused,core,answer,full-archetype,P/R+,R-,true,2,0.000603
boundaryFocused,core,answer,full-archetype,P/R+,R/S+,true,2,0.000603
boundaryFocused,core,answer,full-archetype,P/R+,R+,true,5,0.001508
boundaryFocused,core,answer,full-archetype,P/S-,M/S-,true,1,0.000302
boundaryFocused,core,answer,full-archetype,P/S-,P-,true,5,0.001508
boundaryFocused,core,answer,full-archetype,P/S-,P/R-,true,1,0.000302
boundaryFocused,core,answer,full-archetype,P/S-,P/S-,false,37,0.011161
boundaryFocused,core,answer,full-archetype,P/S-,P/S+,true,2,0.000603
boundaryFocused,core,answer,full-archetype,P/S-,R-,true,1,0.000302
boundaryFocused,core,answer,full-archetype,P/S-,R/S-,true,1,0.000302
boundaryFocused,core,answer,full-archetype,P/S-,S-,true,4,0.001207
boundaryFocused,core,answer,full-archetype,P/S+,M/S+,true,15,0.004525
boundaryFocused,core,answer,full-archetype,P/S+,M+,true,5,0.001508
boundaryFocused,core,answer,full-archetype,P/S+,P/M+,true,14,0.004223
boundaryFocused,core,answer,full-archetype,P/S+,P/R+,true,1,0.000302
boundaryFocused,core,answer,full-archetype,P/S+,P/S-,true,8,0.002413
boundaryFocused,core,answer,full-archetype,P/S+,P/S+,false,252,0.076018
boundaryFocused,core,answer,full-archetype,P/S+,P+,true,54,0.01629
boundaryFocused,core,answer,full-archetype,P/S+,R+,true,1,0.000302
boundaryFocused,core,answer,full-archetype,P/S+,S-,true,3,0.000905
boundaryFocused,core,answer,full-archetype,P/S+,S+,true,55,0.016591
boundaryFocused,core,answer,full-archetype,P+,M/S+,true,1,0.000302
boundaryFocused,core,answer,full-archetype,P+,M+,true,12,0.00362
boundaryFocused,core,answer,full-archetype,P+,P-,true,31,0.009351
boundaryFocused,core,answer,full-archetype,P+,P/M+,true,30,0.00905
boundaryFocused,core,answer,full-archetype,P+,P/R-,true,1,0.000302
boundaryFocused,core,answer,full-archetype,P+,P/R+,true,21,0.006335
boundaryFocused,core,answer,full-archetype,P+,P/S-,true,4,0.001207
boundaryFocused,core,answer,full-archetype,P+,P/S+,true,85,0.025641
boundaryFocused,core,answer,full-archetype,P+,P+,false,512,0.154449
boundaryFocused,core,answer,full-archetype,P+,R/M+,true,1,0.000302
boundaryFocused,core,answer,full-archetype,P+,R/S+,true,1,0.000302
boundaryFocused,core,answer,full-archetype,P+,R+,true,5,0.001508
boundaryFocused,core,answer,full-archetype,P+,S+,true,9,0.002715
boundaryFocused,core,answer,full-archetype,R-,M-,true,3,0.000905
boundaryFocused,core,answer,full-archetype,R-,M/S-,true,1,0.000302
boundaryFocused,core,answer,full-archetype,R-,P/R-,true,4,0.001207
boundaryFocused,core,answer,full-archetype,R-,P/S-,true,1,0.000302
boundaryFocused,core,answer,full-archetype,R-,R-,false,22,0.006637
boundaryFocused,core,answer,full-archetype,R-,R/M-,true,19,0.005732
boundaryFocused,core,answer,full-archetype,R-,R/S-,true,1,0.000302
boundaryFocused,core,answer,full-archetype,R-,S-,true,1,0.000302
boundaryFocused,core,answer,full-archetype,R/M-,M-,true,15,0.004525
boundaryFocused,core,answer,full-archetype,R/M-,R-,true,15,0.004525
boundaryFocused,core,answer,full-archetype,R/M-,R/M-,false,70,0.021116
boundaryFocused,core,answer,full-archetype,R/M-,R/M+,true,4,0.001207
boundaryFocused,core,answer,full-archetype,R/S-,M-,true,5,0.001508
boundaryFocused,core,answer,full-archetype,R/S-,M/S-,true,9,0.002715
boundaryFocused,core,answer,full-archetype,R/S-,M/S+,true,4,0.001207
boundaryFocused,core,answer,full-archetype,R/S-,P-,true,2,0.000603
boundaryFocused,core,answer,full-archetype,R/S-,P/M-,true,2,0.000603
boundaryFocused,core,answer,full-archetype,R/S-,P/S-,true,2,0.000603
boundaryFocused,core,answer,full-archetype,R/S-,P/S+,true,2,0.000603
boundaryFocused,core,answer,full-archetype,R/S-,R-,true,9,0.002715
boundaryFocused,core,answer,full-archetype,R/S-,R/M-,true,23,0.006938
boundaryFocused,core,answer,full-archetype,R/S-,R/S-,false,90,0.027149
boundaryFocused,core,answer,full-archetype,R/S-,R/S+,true,4,0.001207
boundaryFocused,core,answer,full-archetype,R/S-,S-,true,7,0.002112
boundaryFocused,core,answer,full-archetype,R/S+,M/S+,true,1,0.000302
boundaryFocused,core,answer,full-archetype,R/S+,M+,true,1,0.000302
boundaryFocused,core,answer,full-archetype,R/S+,P/R+,true,4,0.001207
boundaryFocused,core,answer,full-archetype,R/S+,P/S+,true,4,0.001207
boundaryFocused,core,answer,full-archetype,R/S+,P+,true,2,0.000603
boundaryFocused,core,answer,full-archetype,R/S+,R/S+,false,121,0.036501
boundaryFocused,core,answer,full-archetype,R/S+,R+,true,12,0.00362
boundaryFocused,core,answer,full-archetype,R/S+,S+,true,14,0.004223
boundaryFocused,core,answer,full-archetype,R+,M+,true,1,0.000302
boundaryFocused,core,answer,full-archetype,R+,P/R+,true,1,0.000302
boundaryFocused,core,answer,full-archetype,R+,R-,true,8,0.002413
boundaryFocused,core,answer,full-archetype,R+,R/M+,true,28,0.008446
boundaryFocused,core,answer,full-archetype,R+,R/S+,true,17,0.005128
boundaryFocused,core,answer,full-archetype,R+,R+,false,49,0.014781
boundaryFocused,core,answer,full-archetype,R+,S+,true,3,0.000905
boundaryFocused,core,answer,full-archetype,S-,M-,true,2,0.000603
boundaryFocused,core,answer,full-archetype,S-,M/S-,true,6,0.00181
boundaryFocused,core,answer,full-archetype,S-,P-,true,4,0.001207
boundaryFocused,core,answer,full-archetype,S-,P/M-,true,1,0.000302
boundaryFocused,core,answer,full-archetype,S-,P/R-,true,2,0.000603
boundaryFocused,core,answer,full-archetype,S-,P/S-,true,59,0.017798
boundaryFocused,core,answer,full-archetype,S-,P/S+,true,6,0.00181
boundaryFocused,core,answer,full-archetype,S-,R/S-,true,6,0.00181
boundaryFocused,core,answer,full-archetype,S-,S-,false,71,0.021418
boundaryFocused,core,answer,full-archetype,S+,M/S+,true,46,0.013876
boundaryFocused,core,answer,full-archetype,S+,M+,true,2,0.000603
boundaryFocused,core,answer,full-archetype,S+,P/M+,true,2,0.000603
boundaryFocused,core,answer,full-archetype,S+,P/R+,true,1,0.000302
boundaryFocused,core,answer,full-archetype,S+,P/S+,true,52,0.015686
boundaryFocused,core,answer,full-archetype,S+,P+,true,8,0.002413
boundaryFocused,core,answer,full-archetype,S+,R/M+,true,1,0.000302
boundaryFocused,core,answer,full-archetype,S+,R/S-,true,5,0.001508
boundaryFocused,core,answer,full-archetype,S+,R/S+,true,35,0.010558
boundaryFocused,core,answer,full-archetype,S+,R+,true,7,0.002112
boundaryFocused,core,answer,full-archetype,S+,S-,true,6,0.00181
boundaryFocused,core,answer,full-archetype,S+,S+,false,197,0.059427
boundaryFocused,core,answer,posture,-,-,false,996,0.300452
boundaryFocused,core,answer,posture,-,+,true,46,0.013876
boundaryFocused,core,answer,posture,+,-,true,78,0.023529
boundaryFocused,core,answer,posture,+,+,false,2195,0.662142
boundaryFocused,core,answer,routing,blend,blend,false,1344,0.40543
boundaryFocused,core,answer,routing,blend,pure,true,476,0.14359
boundaryFocused,core,answer,routing,pure,blend,true,479,0.144495
boundaryFocused,core,answer,routing,pure,pure,false,1016,0.306486
boundaryFocused,core,posture-dimension,family,constructivist,constructivist,false,22,0.171875
boundaryFocused,core,posture-dimension,family,criticalPoliticalEconomy,criticalPoliticalEconomy,false,24,0.1875
boundaryFocused,core,posture-dimension,family,institutionalist,criticalPoliticalEconomy,true,3,0.023438
boundaryFocused,core,posture-dimension,family,institutionalist,institutionalist,false,19,0.148438
boundaryFocused,core,posture-dimension,family,realist,criticalPoliticalEconomy,true,1,0.007813
boundaryFocused,core,posture-dimension,family,realist,institutionalist,true,2,0.015625
boundaryFocused,core,posture-dimension,family,realist,realist,false,57,0.445313
boundaryFocused,core,posture-dimension,full-archetype,M/S-,M/S-,false,8,0.0625
boundaryFocused,core,posture-dimension,full-archetype,M/S+,M/S-,true,1,0.007813
boundaryFocused,core,posture-dimension,full-archetype,M/S+,M/S+,false,7,0.054688
boundaryFocused,core,posture-dimension,full-archetype,M+,M+,false,4,0.03125
boundaryFocused,core,posture-dimension,full-archetype,P/M-,P/M-,false,4,0.03125
boundaryFocused,core,posture-dimension,full-archetype,P/M+,P/M-,true,1,0.007813
boundaryFocused,core,posture-dimension,full-archetype,P/M+,P/M+,false,5,0.039063
boundaryFocused,core,posture-dimension,full-archetype,P/R-,P/R-,false,8,0.0625
boundaryFocused,core,posture-dimension,full-archetype,P/R+,P/R-,true,1,0.007813
boundaryFocused,core,posture-dimension,full-archetype,P/R+,P/R+,false,1,0.007813
boundaryFocused,core,posture-dimension,full-archetype,P/S-,P/S-,false,2,0.015625
boundaryFocused,core,posture-dimension,full-archetype,P/S+,P/S-,true,2,0.015625
boundaryFocused,core,posture-dimension,full-archetype,P/S+,P/S+,false,14,0.109375
boundaryFocused,core,posture-dimension,full-archetype,P+,P-,true,10,0.078125
boundaryFocused,core,posture-dimension,full-archetype,P+,P/M+,true,1,0.007813
boundaryFocused,core,posture-dimension,full-archetype,P+,P/S+,true,1,0.007813
boundaryFocused,core,posture-dimension,full-archetype,P+,P+,false,16,0.125
boundaryFocused,core,posture-dimension,full-archetype,R-,R-,false,2,0.015625
boundaryFocused,core,posture-dimension,full-archetype,R/M-,R/M-,false,4,0.03125
boundaryFocused,core,posture-dimension,full-archetype,R/S-,R/S-,false,6,0.046875
boundaryFocused,core,posture-dimension,full-archetype,R/S+,R/S+,false,6,0.046875
boundaryFocused,core,posture-dimension,full-archetype,R+,R-,true,2,0.015625
boundaryFocused,core,posture-dimension,full-archetype,R+,R+,false,2,0.015625
boundaryFocused,core,posture-dimension,full-archetype,S-,P/S-,true,2,0.015625
boundaryFocused,core,posture-dimension,full-archetype,S-,S-,false,4,0.03125
boundaryFocused,core,posture-dimension,full-archetype,S+,S-,true,3,0.023438
boundaryFocused,core,posture-dimension,full-archetype,S+,S+,false,11,0.085938
boundaryFocused,core,posture-dimension,posture,-,-,false,40,0.3125
boundaryFocused,core,posture-dimension,posture,+,-,true,20,0.15625
boundaryFocused,core,posture-dimension,posture,+,+,false,68,0.53125
boundaryFocused,core,posture-dimension,routing,blend,blend,false,70,0.546875
boundaryFocused,core,posture-dimension,routing,pure,blend,true,4,0.03125
boundaryFocused,core,posture-dimension,routing,pure,pure,false,54,0.421875
boundaryFocused,fullExtended,answer,family,constructivist,constructivist,false,916,0.082709
boundaryFocused,fullExtended,answer,family,constructivist,criticalPoliticalEconomy,true,172,0.01553
boundaryFocused,fullExtended,answer,family,constructivist,institutionalist,true,229,0.020677
boundaryFocused,fullExtended,answer,family,constructivist,realist,true,82,0.007404
boundaryFocused,fullExtended,answer,family,criticalPoliticalEconomy,constructivist,true,64,0.005779
boundaryFocused,fullExtended,answer,family,criticalPoliticalEconomy,criticalPoliticalEconomy,false,1393,0.125779
boundaryFocused,fullExtended,answer,family,criticalPoliticalEconomy,institutionalist,true,72,0.006501
boundaryFocused,fullExtended,answer,family,criticalPoliticalEconomy,realist,true,36,0.003251
boundaryFocused,fullExtended,answer,family,institutionalist,constructivist,true,684,0.061761
boundaryFocused,fullExtended,answer,family,institutionalist,criticalPoliticalEconomy,true,23,0.002077
boundaryFocused,fullExtended,answer,family,institutionalist,institutionalist,false,1596,0.144108
boundaryFocused,fullExtended,answer,family,institutionalist,realist,true,114,0.010293
boundaryFocused,fullExtended,answer,family,realist,constructivist,true,418,0.037743
boundaryFocused,fullExtended,answer,family,realist,criticalPoliticalEconomy,true,430,0.038826
boundaryFocused,fullExtended,answer,family,realist,institutionalist,true,396,0.035756
boundaryFocused,fullExtended,answer,family,realist,realist,false,4450,0.401806
boundaryFocused,fullExtended,answer,full-archetype,M/S-,M-,true,14,0.001264
boundaryFocused,fullExtended,answer,full-archetype,M/S-,M/S-,false,227,0.020497
boundaryFocused,fullExtended,answer,full-archetype,M/S-,M/S+,true,17,0.001535
boundaryFocused,fullExtended,answer,full-archetype,M/S-,M+,true,1,0.00009
boundaryFocused,fullExtended,answer,full-archetype,M/S-,R-,true,5,0.000451
boundaryFocused,fullExtended,answer,full-archetype,M/S-,R/M-,true,33,0.00298
boundaryFocused,fullExtended,answer,full-archetype,M/S-,R/S-,true,20,0.001806
boundaryFocused,fullExtended,answer,full-archetype,M/S-,S-,true,28,0.002528
boundaryFocused,fullExtended,answer,full-archetype,M/S-,S+,true,4,0.000361
boundaryFocused,fullExtended,answer,full-archetype,M/S+,M/S+,false,145,0.013093
boundaryFocused,fullExtended,answer,full-archetype,M/S+,M+,true,11,0.000993
boundaryFocused,fullExtended,answer,full-archetype,M/S+,P/S+,true,5,0.000451
boundaryFocused,fullExtended,answer,full-archetype,M/S+,R/M+,true,8,0.000722
boundaryFocused,fullExtended,answer,full-archetype,M/S+,R/S+,true,1,0.00009
boundaryFocused,fullExtended,answer,full-archetype,M/S+,S+,true,10,0.000903
boundaryFocused,fullExtended,answer,full-archetype,M+,M+,false,332,0.029977
boundaryFocused,fullExtended,answer,full-archetype,M+,P/M+,true,12,0.001084
boundaryFocused,fullExtended,answer,full-archetype,M+,P+,true,2,0.000181
boundaryFocused,fullExtended,answer,full-archetype,P-,M-,true,7,0.000632
boundaryFocused,fullExtended,answer,full-archetype,P-,P-,false,483,0.043612
boundaryFocused,fullExtended,answer,full-archetype,P-,P/M-,true,60,0.005418
boundaryFocused,fullExtended,answer,full-archetype,P-,P/R-,true,272,0.02456
boundaryFocused,fullExtended,answer,full-archetype,P-,P/S-,true,11,0.000993
boundaryFocused,fullExtended,answer,full-archetype,P-,P+,true,4,0.000361
boundaryFocused,fullExtended,answer,full-archetype,P-,R-,true,26,0.002348
boundaryFocused,fullExtended,answer,full-archetype,P-,R/M-,true,2,0.000181
boundaryFocused,fullExtended,answer,full-archetype,P/M-,M-,true,57,0.005147
boundaryFocused,fullExtended,answer,full-archetype,P/M-,M/S-,true,25,0.002257
boundaryFocused,fullExtended,answer,full-archetype,P/M-,M/S+,true,1,0.00009
boundaryFocused,fullExtended,answer,full-archetype,P/M-,P-,true,58,0.005237
boundaryFocused,fullExtended,answer,full-archetype,P/M-,P/M-,false,477,0.04307
boundaryFocused,fullExtended,answer,full-archetype,P/M-,P/M+,true,14,0.001264
boundaryFocused,fullExtended,answer,full-archetype,P/M-,P/R-,true,1,0.00009
boundaryFocused,fullExtended,answer,full-archetype,P/M-,P/S-,true,41,0.003702
boundaryFocused,fullExtended,answer,full-archetype,P/M-,P/S+,true,3,0.000271
boundaryFocused,fullExtended,answer,full-archetype,P/M-,P+,true,9,0.000813
boundaryFocused,fullExtended,answer,full-archetype,P/M-,R/M-,true,9,0.000813
boundaryFocused,fullExtended,answer,full-archetype,P/M-,S-,true,2,0.000181
boundaryFocused,fullExtended,answer,full-archetype,P/M+,M-,true,1,0.00009
boundaryFocused,fullExtended,answer,full-archetype,P/M+,M+,true,34,0.00307
boundaryFocused,fullExtended,answer,full-archetype,P/M+,P/M+,false,269,0.024289
boundaryFocused,fullExtended,answer,full-archetype,P/M+,P+,true,36,0.003251
boundaryFocused,fullExtended,answer,full-archetype,P/R-,M-,true,2,0.000181
boundaryFocused,fullExtended,answer,full-archetype,P/R-,P-,true,69,0.00623
boundaryFocused,fullExtended,answer,full-archetype,P/R-,P/M-,true,2,0.000181
boundaryFocused,fullExtended,answer,full-archetype,P/R-,P/R-,false,531,0.047946
boundaryFocused,fullExtended,answer,full-archetype,P/R-,P/R+,true,6,0.000542
boundaryFocused,fullExtended,answer,full-archetype,P/R-,P/S-,true,9,0.000813
boundaryFocused,fullExtended,answer,full-archetype,P/R-,P+,true,4,0.000361
boundaryFocused,fullExtended,answer,full-archetype,P/R-,R-,true,59,0.005327
boundaryFocused,fullExtended,answer,full-archetype,P/R-,R/M-,true,2,0.000181
boundaryFocused,fullExtended,answer,full-archetype,P/R-,R/S-,true,4,0.000361
boundaryFocused,fullExtended,answer,full-archetype,P/R+,P/R-,true,19,0.001716
boundaryFocused,fullExtended,answer,full-archetype,P/R+,P/R+,false,120,0.010835
boundaryFocused,fullExtended,answer,full-archetype,P/R+,P+,true,20,0.001806
boundaryFocused,fullExtended,answer,full-archetype,P/R+,R-,true,6,0.000542
boundaryFocused,fullExtended,answer,full-archetype,P/R+,R+,true,12,0.001084
boundaryFocused,fullExtended,answer,full-archetype,P/S-,M-,true,2,0.000181
boundaryFocused,fullExtended,answer,full-archetype,P/S-,M/S-,true,6,0.000542
boundaryFocused,fullExtended,answer,full-archetype,P/S-,P-,true,50,0.004515
boundaryFocused,fullExtended,answer,full-archetype,P/S-,P/M-,true,4,0.000361
boundaryFocused,fullExtended,answer,full-archetype,P/S-,P/R-,true,9,0.000813
boundaryFocused,fullExtended,answer,full-archetype,P/S-,P/S-,false,700,0.063205
boundaryFocused,fullExtended,answer,full-archetype,P/S-,P/S+,true,17,0.001535
boundaryFocused,fullExtended,answer,full-archetype,P/S-,P+,true,6,0.000542
boundaryFocused,fullExtended,answer,full-archetype,P/S-,R-,true,1,0.00009
boundaryFocused,fullExtended,answer,full-archetype,P/S-,R/M-,true,4,0.000361
boundaryFocused,fullExtended,answer,full-archetype,P/S-,R/S-,true,7,0.000632
boundaryFocused,fullExtended,answer,full-archetype,P/S-,S-,true,61,0.005508
boundaryFocused,fullExtended,answer,full-archetype,P/S-,S+,true,1,0.00009
boundaryFocused,fullExtended,answer,full-archetype,P/S+,P/S+,false,113,0.010203
boundaryFocused,fullExtended,answer,full-archetype,P/S+,P+,true,7,0.000632
boundaryFocused,fullExtended,answer,full-archetype,P/S+,S+,true,55,0.004966
boundaryFocused,fullExtended,answer,full-archetype,P+,M/S-,true,2,0.000181
boundaryFocused,fullExtended,answer,full-archetype,P+,M/S+,true,9,0.000813
boundaryFocused,fullExtended,answer,full-archetype,P+,M+,true,9,0.000813
boundaryFocused,fullExtended,answer,full-archetype,P+,P-,true,7,0.000632
boundaryFocused,fullExtended,answer,full-archetype,P+,P/M+,true,41,0.003702
boundaryFocused,fullExtended,answer,full-archetype,P+,P/R-,true,5,0.000451
boundaryFocused,fullExtended,answer,full-archetype,P+,P/R+,true,61,0.005508
boundaryFocused,fullExtended,answer,full-archetype,P+,P/S-,true,16,0.001445
boundaryFocused,fullExtended,answer,full-archetype,P+,P/S+,true,173,0.015621
boundaryFocused,fullExtended,answer,full-archetype,P+,P+,false,2069,0.186817
boundaryFocused,fullExtended,answer,full-archetype,P+,R-,true,2,0.000181
boundaryFocused,fullExtended,answer,full-archetype,P+,R+,true,13,0.001174
boundaryFocused,fullExtended,answer,full-archetype,R-,M-,true,1,0.00009
boundaryFocused,fullExtended,answer,full-archetype,R-,M/S-,true,3,0.000271
boundaryFocused,fullExtended,answer,full-archetype,R-,P/R-,true,1,0.00009
boundaryFocused,fullExtended,answer,full-archetype,R-,P/S+,true,3,0.000271
boundaryFocused,fullExtended,answer,full-archetype,R-,R-,false,178,0.016072
boundaryFocused,fullExtended,answer,full-archetype,R-,R/M-,true,90,0.008126
boundaryFocused,fullExtended,answer,full-archetype,R-,R/M+,true,4,0.000361
boundaryFocused,fullExtended,answer,full-archetype,R-,R/S-,true,48,0.004334
boundaryFocused,fullExtended,answer,full-archetype,R-,R/S+,true,10,0.000903
boundaryFocused,fullExtended,answer,full-archetype,R-,R+,true,7,0.000632
boundaryFocused,fullExtended,answer,full-archetype,R-,S-,true,1,0.00009
boundaryFocused,fullExtended,answer,full-archetype,R-,S+,true,1,0.00009
boundaryFocused,fullExtended,answer,full-archetype,R/M-,M-,true,74,0.006682
boundaryFocused,fullExtended,answer,full-archetype,R/M-,M/S-,true,28,0.002528
boundaryFocused,fullExtended,answer,full-archetype,R/M-,P-,true,3,0.000271
boundaryFocused,fullExtended,answer,full-archetype,R/M-,P/M-,true,7,0.000632
boundaryFocused,fullExtended,answer,full-archetype,R/M-,P/R-,true,3,0.000271
boundaryFocused,fullExtended,answer,full-archetype,R/M-,R-,true,89,0.008036
boundaryFocused,fullExtended,answer,full-archetype,R/M-,R/M-,false,1478,0.133454
boundaryFocused,fullExtended,answer,full-archetype,R/M-,R/M+,true,14,0.001264
boundaryFocused,fullExtended,answer,full-archetype,R/M-,R/S-,true,29,0.002619
boundaryFocused,fullExtended,answer,full-archetype,R/M-,S-,true,4,0.000361
boundaryFocused,fullExtended,answer,full-archetype,R/M-,S+,true,1,0.00009
boundaryFocused,fullExtended,answer,full-archetype,R/M+,M/S+,true,3,0.000271
boundaryFocused,fullExtended,answer,full-archetype,R/M+,M+,true,13,0.001174
boundaryFocused,fullExtended,answer,full-archetype,R/M+,P/M+,true,19,0.001716
boundaryFocused,fullExtended,answer,full-archetype,R/M+,P/R+,true,20,0.001806
boundaryFocused,fullExtended,answer,full-archetype,R/M+,P/S+,true,4,0.000361
boundaryFocused,fullExtended,answer,full-archetype,R/M+,P+,true,4,0.000361
boundaryFocused,fullExtended,answer,full-archetype,R/M+,R/M-,true,7,0.000632
boundaryFocused,fullExtended,answer,full-archetype,R/M+,R/M+,false,422,0.038104
boundaryFocused,fullExtended,answer,full-archetype,R/M+,R/S+,true,1,0.00009
boundaryFocused,fullExtended,answer,full-archetype,R/M+,R+,true,22,0.001986
boundaryFocused,fullExtended,answer,full-archetype,R+,M/S+,true,1,0.00009
boundaryFocused,fullExtended,answer,full-archetype,R+,M+,true,3,0.000271
boundaryFocused,fullExtended,answer,full-archetype,R+,P/R+,true,6,0.000542
boundaryFocused,fullExtended,answer,full-archetype,R+,R/M+,true,57,0.005147
boundaryFocused,fullExtended,answer,full-archetype,R+,R/S+,true,2,0.000181
boundaryFocused,fullExtended,answer,full-archetype,R+,R+,false,105,0.009481
boundaryFocused,fullExtended,answer,full-archetype,S-,M/S-,true,1,0.00009
boundaryFocused,fullExtended,answer,full-archetype,S-,P/S-,true,11,0.000993
boundaryFocused,fullExtended,answer,full-archetype,S-,P/S+,true,2,0.000181
boundaryFocused,fullExtended,answer,full-archetype,S-,R-,true,13,0.001174
boundaryFocused,fullExtended,answer,full-archetype,S-,R/S-,true,208,0.018781
boundaryFocused,fullExtended,answer,full-archetype,S-,S-,false,287,0.025914
boundaryFocused,fullExtended,answer,full-archetype,S+,M/S-,true,1,0.00009
boundaryFocused,fullExtended,answer,full-archetype,S+,M/S+,true,38,0.003431
boundaryFocused,fullExtended,answer,full-archetype,S+,M+,true,2,0.000181
boundaryFocused,fullExtended,answer,full-archetype,S+,P/M+,true,1,0.00009
boundaryFocused,fullExtended,answer,full-archetype,S+,P/S+,true,79,0.007133
boundaryFocused,fullExtended,answer,full-archetype,S+,S+,false,574,0.051828
boundaryFocused,fullExtended,answer,posture,-,-,false,5937,0.536072
boundaryFocused,fullExtended,answer,posture,-,+,true,129,0.011648
boundaryFocused,fullExtended,answer,posture,+,-,true,66,0.005959
boundaryFocused,fullExtended,answer,posture,+,+,false,4943,0.446321
boundaryFocused,fullExtended,answer,routing,blend,blend,false,4884,0.440993
boundaryFocused,fullExtended,answer,routing,blend,pure,true,835,0.075395
boundaryFocused,fullExtended,answer,routing,pure,blend,true,1230,0.111061
boundaryFocused,fullExtended,answer,routing,pure,pure,false,4126,0.372551
boundaryFocused,fullExtended,posture-dimension,family,constructivist,constructivist,false,13,0.101563
boundaryFocused,fullExtended,posture-dimension,family,constructivist,criticalPoliticalEconomy,true,1,0.007813
boundaryFocused,fullExtended,posture-dimension,family,constructivist,institutionalist,true,2,0.015625
boundaryFocused,fullExtended,posture-dimension,family,criticalPoliticalEconomy,constructivist,true,1,0.007813
boundaryFocused,fullExtended,posture-dimension,family,criticalPoliticalEconomy,criticalPoliticalEconomy,false,17,0.132813
boundaryFocused,fullExtended,posture-dimension,family,institutionalist,constructivist,true,5,0.039063
boundaryFocused,fullExtended,posture-dimension,family,institutionalist,institutionalist,false,22,0.171875
boundaryFocused,fullExtended,posture-dimension,family,institutionalist,realist,true,1,0.007813
boundaryFocused,fullExtended,posture-dimension,family,realist,constructivist,true,5,0.039063
boundaryFocused,fullExtended,posture-dimension,family,realist,criticalPoliticalEconomy,true,2,0.015625
boundaryFocused,fullExtended,posture-dimension,family,realist,institutionalist,true,4,0.03125
boundaryFocused,fullExtended,posture-dimension,family,realist,realist,false,55,0.429688
boundaryFocused,fullExtended,posture-dimension,full-archetype,M/S-,M/S-,false,4,0.03125
boundaryFocused,fullExtended,posture-dimension,full-archetype,M/S+,M/S+,false,2,0.015625
boundaryFocused,fullExtended,posture-dimension,full-archetype,M+,M+,false,4,0.03125
boundaryFocused,fullExtended,posture-dimension,full-archetype,P-,P-,false,6,0.046875
boundaryFocused,fullExtended,posture-dimension,full-archetype,P-,P/R-,true,4,0.03125
boundaryFocused,fullExtended,posture-dimension,full-archetype,P/M-,P/M-,false,8,0.0625
boundaryFocused,fullExtended,posture-dimension,full-archetype,P/M+,P/M+,false,4,0.03125
boundaryFocused,fullExtended,posture-dimension,full-archetype,P/R-,P/R-,false,8,0.0625
boundaryFocused,fullExtended,posture-dimension,full-archetype,P/R+,P/R+,false,2,0.015625
boundaryFocused,fullExtended,posture-dimension,full-archetype,P/S-,P/S-,false,10,0.078125
boundaryFocused,fullExtended,posture-dimension,full-archetype,P/S+,P/S+,false,2,0.015625
boundaryFocused,fullExtended,posture-dimension,full-archetype,P+,P/R+,true,1,0.007813
boundaryFocused,fullExtended,posture-dimension,full-archetype,P+,P/S+,true,3,0.023438
boundaryFocused,fullExtended,posture-dimension,full-archetype,P+,P+,false,24,0.1875
boundaryFocused,fullExtended,posture-dimension,full-archetype,R-,R-,false,2,0.015625
boundaryFocused,fullExtended,posture-dimension,full-archetype,R-,R/M-,true,1,0.007813
boundaryFocused,fullExtended,posture-dimension,full-archetype,R-,R/S-,true,1,0.007813
boundaryFocused,fullExtended,posture-dimension,full-archetype,R/M-,R/M-,false,20,0.15625
boundaryFocused,fullExtended,posture-dimension,full-archetype,R/M+,R/M+,false,6,0.046875
boundaryFocused,fullExtended,posture-dimension,full-archetype,R+,R/M+,true,1,0.007813
boundaryFocused,fullExtended,posture-dimension,full-archetype,R+,R+,false,1,0.007813
boundaryFocused,fullExtended,posture-dimension,full-archetype,S-,R/S-,true,2,0.015625
boundaryFocused,fullExtended,posture-dimension,full-archetype,S-,S-,false,4,0.03125
boundaryFocused,fullExtended,posture-dimension,full-archetype,S+,S+,false,8,0.0625
boundaryFocused,fullExtended,posture-dimension,posture,-,-,false,70,0.546875
boundaryFocused,fullExtended,posture-dimension,posture,+,+,false,58,0.453125
boundaryFocused,fullExtended,posture-dimension,routing,blend,blend,false,66,0.515625
boundaryFocused,fullExtended,posture-dimension,routing,pure,blend,true,13,0.101563
boundaryFocused,fullExtended,posture-dimension,routing,pure,pure,false,49,0.382813
boundaryFocused,targeted:constructivist|criticalPoliticalEconomy,answer,family,constructivist,constructivist,false,1408,0.327062
boundaryFocused,targeted:constructivist|criticalPoliticalEconomy,answer,family,constructivist,criticalPoliticalEconomy,true,443,0.102904
boundaryFocused,targeted:constructivist|criticalPoliticalEconomy,answer,family,constructivist,institutionalist,true,180,0.041812
boundaryFocused,targeted:constructivist|criticalPoliticalEconomy,answer,family,constructivist,realist,true,121,0.028107
boundaryFocused,targeted:constructivist|criticalPoliticalEconomy,answer,family,criticalPoliticalEconomy,constructivist,true,382,0.088734
boundaryFocused,targeted:constructivist|criticalPoliticalEconomy,answer,family,criticalPoliticalEconomy,criticalPoliticalEconomy,false,960,0.222997
boundaryFocused,targeted:constructivist|criticalPoliticalEconomy,answer,family,criticalPoliticalEconomy,institutionalist,true,10,0.002323
boundaryFocused,targeted:constructivist|criticalPoliticalEconomy,answer,family,criticalPoliticalEconomy,realist,true,61,0.01417
boundaryFocused,targeted:constructivist|criticalPoliticalEconomy,answer,family,institutionalist,constructivist,true,64,0.014866
boundaryFocused,targeted:constructivist|criticalPoliticalEconomy,answer,family,institutionalist,criticalPoliticalEconomy,true,32,0.007433
boundaryFocused,targeted:constructivist|criticalPoliticalEconomy,answer,family,institutionalist,institutionalist,false,109,0.025319
boundaryFocused,targeted:constructivist|criticalPoliticalEconomy,answer,family,realist,constructivist,true,197,0.045761
boundaryFocused,targeted:constructivist|criticalPoliticalEconomy,answer,family,realist,criticalPoliticalEconomy,true,69,0.016028
boundaryFocused,targeted:constructivist|criticalPoliticalEconomy,answer,family,realist,institutionalist,true,4,0.000929
boundaryFocused,targeted:constructivist|criticalPoliticalEconomy,answer,family,realist,realist,false,265,0.061556
boundaryFocused,targeted:constructivist|criticalPoliticalEconomy,answer,full-archetype,M/S-,M-,true,248,0.057607
boundaryFocused,targeted:constructivist|criticalPoliticalEconomy,answer,full-archetype,M/S-,M/S-,false,348,0.080836
boundaryFocused,targeted:constructivist|criticalPoliticalEconomy,answer,full-archetype,M/S-,M/S+,true,17,0.003949
boundaryFocused,targeted:constructivist|criticalPoliticalEconomy,answer,full-archetype,M/S-,M+,true,9,0.002091
boundaryFocused,targeted:constructivist|criticalPoliticalEconomy,answer,full-archetype,M/S-,P-,true,5,0.001161
boundaryFocused,targeted:constructivist|criticalPoliticalEconomy,answer,full-archetype,M/S-,P/M-,true,2,0.000465
boundaryFocused,targeted:constructivist|criticalPoliticalEconomy,answer,full-archetype,M/S-,P/S-,true,4,0.000929
boundaryFocused,targeted:constructivist|criticalPoliticalEconomy,answer,full-archetype,M/S-,R-,true,4,0.000929
boundaryFocused,targeted:constructivist|criticalPoliticalEconomy,answer,full-archetype,M/S-,R/M-,true,24,0.005575
boundaryFocused,targeted:constructivist|criticalPoliticalEconomy,answer,full-archetype,M/S-,R/S-,true,9,0.002091
boundaryFocused,targeted:constructivist|criticalPoliticalEconomy,answer,full-archetype,M/S-,S-,true,270,0.062718
boundaryFocused,targeted:constructivist|criticalPoliticalEconomy,answer,full-archetype,M/S-,S+,true,5,0.001161
boundaryFocused,targeted:constructivist|criticalPoliticalEconomy,answer,full-archetype,M/S+,M-,true,6,0.001394
boundaryFocused,targeted:constructivist|criticalPoliticalEconomy,answer,full-archetype,M/S+,M/S-,true,21,0.004878
boundaryFocused,targeted:constructivist|criticalPoliticalEconomy,answer,full-archetype,M/S+,M/S+,false,194,0.045064
boundaryFocused,targeted:constructivist|criticalPoliticalEconomy,answer,full-archetype,M/S+,M+,true,203,0.047154
boundaryFocused,targeted:constructivist|criticalPoliticalEconomy,answer,full-archetype,M/S+,P/M+,true,11,0.002555
boundaryFocused,targeted:constructivist|criticalPoliticalEconomy,answer,full-archetype,M/S+,P/S+,true,16,0.003717
boundaryFocused,targeted:constructivist|criticalPoliticalEconomy,answer,full-archetype,M/S+,P+,true,7,0.001626
boundaryFocused,targeted:constructivist|criticalPoliticalEconomy,answer,full-archetype,M/S+,R-,true,1,0.000232
boundaryFocused,targeted:constructivist|criticalPoliticalEconomy,answer,full-archetype,M/S+,R/M-,true,1,0.000232
boundaryFocused,targeted:constructivist|criticalPoliticalEconomy,answer,full-archetype,M/S+,R/M+,true,15,0.003484
boundaryFocused,targeted:constructivist|criticalPoliticalEconomy,answer,full-archetype,M/S+,R/S-,true,2,0.000465
boundaryFocused,targeted:constructivist|criticalPoliticalEconomy,answer,full-archetype,M/S+,R/S+,true,19,0.004413
boundaryFocused,targeted:constructivist|criticalPoliticalEconomy,answer,full-archetype,M/S+,R+,true,5,0.001161
boundaryFocused,targeted:constructivist|criticalPoliticalEconomy,answer,full-archetype,M/S+,S-,true,14,0.003252
boundaryFocused,targeted:constructivist|criticalPoliticalEconomy,answer,full-archetype,M/S+,S+,true,163,0.037863
boundaryFocused,targeted:constructivist|criticalPoliticalEconomy,answer,full-archetype,M+,M-,true,4,0.000929
boundaryFocused,targeted:constructivist|criticalPoliticalEconomy,answer,full-archetype,M+,M/S+,true,31,0.007201
boundaryFocused,targeted:constructivist|criticalPoliticalEconomy,answer,full-archetype,M+,M+,false,425,0.098722
boundaryFocused,targeted:constructivist|criticalPoliticalEconomy,answer,full-archetype,M+,P/M+,true,7,0.001626
boundaryFocused,targeted:constructivist|criticalPoliticalEconomy,answer,full-archetype,M+,P+,true,9,0.002091
boundaryFocused,targeted:constructivist|criticalPoliticalEconomy,answer,full-archetype,M+,R/M+,true,31,0.007201
boundaryFocused,targeted:constructivist|criticalPoliticalEconomy,answer,full-archetype,M+,R+,true,7,0.001626
boundaryFocused,targeted:constructivist|criticalPoliticalEconomy,answer,full-archetype,M+,S+,true,21,0.004878
boundaryFocused,targeted:constructivist|criticalPoliticalEconomy,answer,full-archetype,P/M-,M-,true,79,0.018351
boundaryFocused,targeted:constructivist|criticalPoliticalEconomy,answer,full-archetype,P/M-,M/S-,true,19,0.004413
boundaryFocused,targeted:constructivist|criticalPoliticalEconomy,answer,full-archetype,P/M-,P-,true,84,0.019512
boundaryFocused,targeted:constructivist|criticalPoliticalEconomy,answer,full-archetype,P/M-,P/M-,false,174,0.040418
boundaryFocused,targeted:constructivist|criticalPoliticalEconomy,answer,full-archetype,P/M-,P/S-,true,29,0.006736
boundaryFocused,targeted:constructivist|criticalPoliticalEconomy,answer,full-archetype,P/M-,P+,true,3,0.000697
boundaryFocused,targeted:constructivist|criticalPoliticalEconomy,answer,full-archetype,P/M-,R-,true,2,0.000465
boundaryFocused,targeted:constructivist|criticalPoliticalEconomy,answer,full-archetype,P/M-,R/M-,true,2,0.000465
boundaryFocused,targeted:constructivist|criticalPoliticalEconomy,answer,full-archetype,P/M-,S-,true,13,0.00302
boundaryFocused,targeted:constructivist|criticalPoliticalEconomy,answer,full-archetype,P/M+,M-,true,2,0.000465
boundaryFocused,targeted:constructivist|criticalPoliticalEconomy,answer,full-archetype,P/M+,M/S-,true,2,0.000465
boundaryFocused,targeted:constructivist|criticalPoliticalEconomy,answer,full-archetype,P/M+,M/S+,true,3,0.000697
boundaryFocused,targeted:constructivist|criticalPoliticalEconomy,answer,full-archetype,P/M+,M+,true,53,0.012311
boundaryFocused,targeted:constructivist|criticalPoliticalEconomy,answer,full-archetype,P/M+,P/M+,false,133,0.030894
boundaryFocused,targeted:constructivist|criticalPoliticalEconomy,answer,full-archetype,P/M+,P/S+,true,8,0.001858
boundaryFocused,targeted:constructivist|criticalPoliticalEconomy,answer,full-archetype,P/M+,P+,true,51,0.011847
boundaryFocused,targeted:constructivist|criticalPoliticalEconomy,answer,full-archetype,P/M+,R/M+,true,1,0.000232
boundaryFocused,targeted:constructivist|criticalPoliticalEconomy,answer,full-archetype,P/M+,R+,true,1,0.000232
boundaryFocused,targeted:constructivist|criticalPoliticalEconomy,answer,full-archetype,P/M+,S-,true,1,0.000232
boundaryFocused,targeted:constructivist|criticalPoliticalEconomy,answer,full-archetype,P/M+,S+,true,6,0.001394
boundaryFocused,targeted:constructivist|criticalPoliticalEconomy,answer,full-archetype,P/S-,M-,true,6,0.001394
boundaryFocused,targeted:constructivist|criticalPoliticalEconomy,answer,full-archetype,P/S-,M/S-,true,9,0.002091
boundaryFocused,targeted:constructivist|criticalPoliticalEconomy,answer,full-archetype,P/S-,P-,true,6,0.001394
boundaryFocused,targeted:constructivist|criticalPoliticalEconomy,answer,full-archetype,P/S-,P/M-,true,5,0.001161
boundaryFocused,targeted:constructivist|criticalPoliticalEconomy,answer,full-archetype,P/S-,P/S-,false,16,0.003717
boundaryFocused,targeted:constructivist|criticalPoliticalEconomy,answer,full-archetype,P/S-,S-,true,22,0.00511
boundaryFocused,targeted:constructivist|criticalPoliticalEconomy,answer,full-archetype,P/S+,M/S-,true,1,0.000232
boundaryFocused,targeted:constructivist|criticalPoliticalEconomy,answer,full-archetype,P/S+,M/S+,true,4,0.000929
boundaryFocused,targeted:constructivist|criticalPoliticalEconomy,answer,full-archetype,P/S+,M+,true,1,0.000232
boundaryFocused,targeted:constructivist|criticalPoliticalEconomy,answer,full-archetype,P/S+,P/M+,true,3,0.000697
boundaryFocused,targeted:constructivist|criticalPoliticalEconomy,answer,full-archetype,P/S+,P/S-,true,1,0.000232
boundaryFocused,targeted:constructivist|criticalPoliticalEconomy,answer,full-archetype,P/S+,P/S+,false,29,0.006736
boundaryFocused,targeted:constructivist|criticalPoliticalEconomy,answer,full-archetype,P/S+,P+,true,15,0.003484
boundaryFocused,targeted:constructivist|criticalPoliticalEconomy,answer,full-archetype,P/S+,R/M+,true,1,0.000232
boundaryFocused,targeted:constructivist|criticalPoliticalEconomy,answer,full-archetype,P/S+,S-,true,2,0.000465
boundaryFocused,targeted:constructivist|criticalPoliticalEconomy,answer,full-archetype,P/S+,S+,true,13,0.00302
boundaryFocused,targeted:constructivist|criticalPoliticalEconomy,answer,full-archetype,R/M-,M-,true,55,0.012776
boundaryFocused,targeted:constructivist|criticalPoliticalEconomy,answer,full-archetype,R/M-,M/S-,true,13,0.00302
boundaryFocused,targeted:constructivist|criticalPoliticalEconomy,answer,full-archetype,R/M-,M+,true,2,0.000465
boundaryFocused,targeted:constructivist|criticalPoliticalEconomy,answer,full-archetype,R/M-,P-,true,2,0.000465
boundaryFocused,targeted:constructivist|criticalPoliticalEconomy,answer,full-archetype,R/M-,P/R-,true,2,0.000465
boundaryFocused,targeted:constructivist|criticalPoliticalEconomy,answer,full-archetype,R/M-,P+,true,1,0.000232
boundaryFocused,targeted:constructivist|criticalPoliticalEconomy,answer,full-archetype,R/M-,R-,true,51,0.011847
boundaryFocused,targeted:constructivist|criticalPoliticalEconomy,answer,full-archetype,R/M-,R/M-,false,182,0.042276
boundaryFocused,targeted:constructivist|criticalPoliticalEconomy,answer,full-archetype,R/M-,R/M+,true,11,0.002555
boundaryFocused,targeted:constructivist|criticalPoliticalEconomy,answer,full-archetype,R/M-,R/S-,true,6,0.001394
boundaryFocused,targeted:constructivist|criticalPoliticalEconomy,answer,full-archetype,R/M-,R+,true,1,0.000232
boundaryFocused,targeted:constructivist|criticalPoliticalEconomy,answer,full-archetype,R/M-,S-,true,13,0.00302
boundaryFocused,targeted:constructivist|criticalPoliticalEconomy,answer,full-archetype,R/M+,M-,true,1,0.000232
boundaryFocused,targeted:constructivist|criticalPoliticalEconomy,answer,full-archetype,R/M+,M/S+,true,3,0.000697
boundaryFocused,targeted:constructivist|criticalPoliticalEconomy,answer,full-archetype,R/M+,M+,true,67,0.015563
boundaryFocused,targeted:constructivist|criticalPoliticalEconomy,answer,full-archetype,R/M+,P/M+,true,2,0.000465
boundaryFocused,targeted:constructivist|criticalPoliticalEconomy,answer,full-archetype,R/M+,P+,true,2,0.000465
boundaryFocused,targeted:constructivist|criticalPoliticalEconomy,answer,full-archetype,R/M+,R-,true,2,0.000465
boundaryFocused,targeted:constructivist|criticalPoliticalEconomy,answer,full-archetype,R/M+,R/M-,true,4,0.000929
boundaryFocused,targeted:constructivist|criticalPoliticalEconomy,answer,full-archetype,R/M+,R/M+,false,91,0.021138
boundaryFocused,targeted:constructivist|criticalPoliticalEconomy,answer,full-archetype,R/M+,R+,true,25,0.005807
boundaryFocused,targeted:constructivist|criticalPoliticalEconomy,answer,full-archetype,R/M+,S+,true,1,0.000232
boundaryFocused,targeted:constructivist|criticalPoliticalEconomy,answer,full-archetype,R/S+,M/S-,true,1,0.000232
boundaryFocused,targeted:constructivist|criticalPoliticalEconomy,answer,full-archetype,R/S+,M/S+,true,1,0.000232
boundaryFocused,targeted:constructivist|criticalPoliticalEconomy,answer,full-archetype,R/S+,M+,true,3,0.000697
boundaryFocused,targeted:constructivist|criticalPoliticalEconomy,answer,full-archetype,R/S+,R-,true,4,0.000929
boundaryFocused,targeted:constructivist|criticalPoliticalEconomy,answer,full-archetype,R/S+,R/M+,true,3,0.000697
boundaryFocused,targeted:constructivist|criticalPoliticalEconomy,answer,full-archetype,R/S+,R/S-,true,2,0.000465
boundaryFocused,targeted:constructivist|criticalPoliticalEconomy,answer,full-archetype,R/S+,R/S+,false,34,0.007898
boundaryFocused,targeted:constructivist|criticalPoliticalEconomy,answer,full-archetype,R/S+,R+,true,9,0.002091
boundaryFocused,targeted:constructivist|criticalPoliticalEconomy,answer,full-archetype,R/S+,S+,true,12,0.002787
boundaryFocused,targeted:constructivist|criticalPoliticalEconomy,answer,full-archetype,S-,M-,true,26,0.006039
boundaryFocused,targeted:constructivist|criticalPoliticalEconomy,answer,full-archetype,S-,M/S-,true,60,0.013937
boundaryFocused,targeted:constructivist|criticalPoliticalEconomy,answer,full-archetype,S-,M/S+,true,2,0.000465
boundaryFocused,targeted:constructivist|criticalPoliticalEconomy,answer,full-archetype,S-,M+,true,2,0.000465
boundaryFocused,targeted:constructivist|criticalPoliticalEconomy,answer,full-archetype,S-,P-,true,6,0.001394
boundaryFocused,targeted:constructivist|criticalPoliticalEconomy,answer,full-archetype,S-,P/M-,true,2,0.000465
boundaryFocused,targeted:constructivist|criticalPoliticalEconomy,answer,full-archetype,S-,P/M+,true,1,0.000232
boundaryFocused,targeted:constructivist|criticalPoliticalEconomy,answer,full-archetype,S-,P/S-,true,33,0.007666
boundaryFocused,targeted:constructivist|criticalPoliticalEconomy,answer,full-archetype,S-,R-,true,1,0.000232
boundaryFocused,targeted:constructivist|criticalPoliticalEconomy,answer,full-archetype,S-,R/M-,true,5,0.001161
boundaryFocused,targeted:constructivist|criticalPoliticalEconomy,answer,full-archetype,S-,R/S-,true,3,0.000697
boundaryFocused,targeted:constructivist|criticalPoliticalEconomy,answer,full-archetype,S-,S-,false,128,0.029733
boundaryFocused,targeted:constructivist|criticalPoliticalEconomy,answer,full-archetype,S+,M/S-,true,3,0.000697
boundaryFocused,targeted:constructivist|criticalPoliticalEconomy,answer,full-archetype,S+,M/S+,true,86,0.019977
boundaryFocused,targeted:constructivist|criticalPoliticalEconomy,answer,full-archetype,S+,M+,true,37,0.008595
boundaryFocused,targeted:constructivist|criticalPoliticalEconomy,answer,full-archetype,S+,P/M+,true,2,0.000465
boundaryFocused,targeted:constructivist|criticalPoliticalEconomy,answer,full-archetype,S+,P/S+,true,14,0.003252
boundaryFocused,targeted:constructivist|criticalPoliticalEconomy,answer,full-archetype,S+,P+,true,6,0.001394
boundaryFocused,targeted:constructivist|criticalPoliticalEconomy,answer,full-archetype,S+,R/M+,true,2,0.000465
boundaryFocused,targeted:constructivist|criticalPoliticalEconomy,answer,full-archetype,S+,R+,true,1,0.000232
boundaryFocused,targeted:constructivist|criticalPoliticalEconomy,answer,full-archetype,S+,S-,true,9,0.002091
boundaryFocused,targeted:constructivist|criticalPoliticalEconomy,answer,full-archetype,S+,S+,false,312,0.072474
boundaryFocused,targeted:constructivist|criticalPoliticalEconomy,answer,posture,-,-,false,1968,0.457143
boundaryFocused,targeted:constructivist|criticalPoliticalEconomy,answer,posture,-,+,true,54,0.012544
boundaryFocused,targeted:constructivist|criticalPoliticalEconomy,answer,posture,+,-,true,84,0.019512
boundaryFocused,targeted:constructivist|criticalPoliticalEconomy,answer,posture,+,+,false,2199,0.510801
boundaryFocused,targeted:constructivist|criticalPoliticalEconomy,answer,routing,blend,blend,false,1478,0.343322
boundaryFocused,targeted:constructivist|criticalPoliticalEconomy,answer,routing,blend,pure,true,1551,0.360279
boundaryFocused,targeted:constructivist|criticalPoliticalEconomy,answer,routing,pure,blend,true,282,0.065505
boundaryFocused,targeted:constructivist|criticalPoliticalEconomy,answer,routing,pure,pure,false,994,0.230894
boundaryFocused,targeted:constructivist|criticalPoliticalEconomy,posture-dimension,family,constructivist,constructivist,false,63,0.492188
boundaryFocused,targeted:constructivist|criticalPoliticalEconomy,posture-dimension,family,constructivist,realist,true,1,0.007813
boundaryFocused,targeted:constructivist|criticalPoliticalEconomy,posture-dimension,family,criticalPoliticalEconomy,criticalPoliticalEconomy,false,42,0.328125
boundaryFocused,targeted:constructivist|criticalPoliticalEconomy,posture-dimension,family,institutionalist,constructivist,true,1,0.007813
boundaryFocused,targeted:constructivist|criticalPoliticalEconomy,posture-dimension,family,institutionalist,institutionalist,false,5,0.039063
boundaryFocused,targeted:constructivist|criticalPoliticalEconomy,posture-dimension,family,realist,constructivist,true,1,0.007813
boundaryFocused,targeted:constructivist|criticalPoliticalEconomy,posture-dimension,family,realist,criticalPoliticalEconomy,true,1,0.007813
boundaryFocused,targeted:constructivist|criticalPoliticalEconomy,posture-dimension,family,realist,realist,false,14,0.109375
boundaryFocused,targeted:constructivist|criticalPoliticalEconomy,posture-dimension,full-archetype,M/S-,M/S-,false,28,0.21875
boundaryFocused,targeted:constructivist|criticalPoliticalEconomy,posture-dimension,full-archetype,M/S+,M/S-,true,2,0.015625
boundaryFocused,targeted:constructivist|criticalPoliticalEconomy,posture-dimension,full-archetype,M/S+,M/S+,false,17,0.132813
boundaryFocused,targeted:constructivist|criticalPoliticalEconomy,posture-dimension,full-archetype,M/S+,S+,true,1,0.007813
boundaryFocused,targeted:constructivist|criticalPoliticalEconomy,posture-dimension,full-archetype,M+,M+,false,15,0.117188
boundaryFocused,targeted:constructivist|criticalPoliticalEconomy,posture-dimension,full-archetype,M+,R/M+,true,1,0.007813
boundaryFocused,targeted:constructivist|criticalPoliticalEconomy,posture-dimension,full-archetype,P/M-,P-,true,1,0.007813
boundaryFocused,targeted:constructivist|criticalPoliticalEconomy,posture-dimension,full-archetype,P/M-,P/M-,false,11,0.085938
boundaryFocused,targeted:constructivist|criticalPoliticalEconomy,posture-dimension,full-archetype,P/M+,P/M+,false,8,0.0625
boundaryFocused,targeted:constructivist|criticalPoliticalEconomy,posture-dimension,full-archetype,P/S-,P/S-,false,1,0.007813
boundaryFocused,targeted:constructivist|criticalPoliticalEconomy,posture-dimension,full-archetype,P/S-,S-,true,1,0.007813
boundaryFocused,targeted:constructivist|criticalPoliticalEconomy,posture-dimension,full-archetype,P/S+,P/S+,false,2,0.015625
boundaryFocused,targeted:constructivist|criticalPoliticalEconomy,posture-dimension,full-archetype,R/M-,R/M-,false,10,0.078125
boundaryFocused,targeted:constructivist|criticalPoliticalEconomy,posture-dimension,full-archetype,R/M+,R/M+,false,6,0.046875
boundaryFocused,targeted:constructivist|criticalPoliticalEconomy,posture-dimension,full-archetype,R/S+,R/S+,false,2,0.015625
boundaryFocused,targeted:constructivist|criticalPoliticalEconomy,posture-dimension,full-archetype,S-,S-,false,8,0.0625
boundaryFocused,targeted:constructivist|criticalPoliticalEconomy,posture-dimension,full-archetype,S+,S-,true,1,0.007813
boundaryFocused,targeted:constructivist|criticalPoliticalEconomy,posture-dimension,full-archetype,S+,S+,false,13,0.101563
boundaryFocused,targeted:constructivist|criticalPoliticalEconomy,posture-dimension,posture,-,-,false,60,0.46875
boundaryFocused,targeted:constructivist|criticalPoliticalEconomy,posture-dimension,posture,+,-,true,3,0.023438
boundaryFocused,targeted:constructivist|criticalPoliticalEconomy,posture-dimension,posture,+,+,false,65,0.507813
boundaryFocused,targeted:constructivist|criticalPoliticalEconomy,posture-dimension,routing,blend,blend,false,87,0.679688
boundaryFocused,targeted:constructivist|criticalPoliticalEconomy,posture-dimension,routing,blend,pure,true,3,0.023438
boundaryFocused,targeted:constructivist|criticalPoliticalEconomy,posture-dimension,routing,pure,blend,true,1,0.007813
boundaryFocused,targeted:constructivist|criticalPoliticalEconomy,posture-dimension,routing,pure,pure,false,37,0.289063
boundaryFocused,targeted:institutionalist|constructivist,answer,family,constructivist,constructivist,false,1229,0.285349
boundaryFocused,targeted:institutionalist|constructivist,answer,family,constructivist,criticalPoliticalEconomy,true,172,0.039935
boundaryFocused,targeted:institutionalist|constructivist,answer,family,constructivist,institutionalist,true,419,0.097283
boundaryFocused,targeted:institutionalist|constructivist,answer,family,constructivist,realist,true,59,0.013699
boundaryFocused,targeted:institutionalist|constructivist,answer,family,criticalPoliticalEconomy,constructivist,true,98,0.022754
boundaryFocused,targeted:institutionalist|constructivist,answer,family,criticalPoliticalEconomy,criticalPoliticalEconomy,false,274,0.063617
boundaryFocused,targeted:institutionalist|constructivist,answer,family,criticalPoliticalEconomy,institutionalist,true,53,0.012306
boundaryFocused,targeted:institutionalist|constructivist,answer,family,criticalPoliticalEconomy,realist,true,42,0.009752
boundaryFocused,targeted:institutionalist|constructivist,answer,family,institutionalist,constructivist,true,351,0.081495
boundaryFocused,targeted:institutionalist|constructivist,answer,family,institutionalist,criticalPoliticalEconomy,true,70,0.016253
boundaryFocused,targeted:institutionalist|constructivist,answer,family,institutionalist,institutionalist,false,826,0.191781
boundaryFocused,targeted:institutionalist|constructivist,answer,family,institutionalist,realist,true,34,0.007894
boundaryFocused,targeted:institutionalist|constructivist,answer,family,realist,constructivist,true,49,0.011377
boundaryFocused,targeted:institutionalist|constructivist,answer,family,realist,criticalPoliticalEconomy,true,63,0.014627
boundaryFocused,targeted:institutionalist|constructivist,answer,family,realist,institutionalist,true,63,0.014627
boundaryFocused,targeted:institutionalist|constructivist,answer,family,realist,realist,false,505,0.117251
boundaryFocused,targeted:institutionalist|constructivist,answer,full-archetype,M-,M-,false,203,0.047133
boundaryFocused,targeted:institutionalist|constructivist,answer,full-archetype,M-,M/S-,true,32,0.00743
boundaryFocused,targeted:institutionalist|constructivist,answer,full-archetype,M-,M+,true,10,0.002322
boundaryFocused,targeted:institutionalist|constructivist,answer,full-archetype,M-,P+,true,1,0.000232
boundaryFocused,targeted:institutionalist|constructivist,answer,full-archetype,M-,R-,true,36,0.008358
boundaryFocused,targeted:institutionalist|constructivist,answer,full-archetype,M-,R/M-,true,91,0.021128
boundaryFocused,targeted:institutionalist|constructivist,answer,full-archetype,M-,R/S-,true,4,0.000929
boundaryFocused,targeted:institutionalist|constructivist,answer,full-archetype,M-,R+,true,1,0.000232
boundaryFocused,targeted:institutionalist|constructivist,answer,full-archetype,M-,S-,true,21,0.004876
boundaryFocused,targeted:institutionalist|constructivist,answer,full-archetype,M-,S+,true,1,0.000232
boundaryFocused,targeted:institutionalist|constructivist,answer,full-archetype,M/S-,M-,true,21,0.004876
boundaryFocused,targeted:institutionalist|constructivist,answer,full-archetype,M/S-,M/S-,false,24,0.005572
boundaryFocused,targeted:institutionalist|constructivist,answer,full-archetype,M/S-,R-,true,1,0.000232
boundaryFocused,targeted:institutionalist|constructivist,answer,full-archetype,M/S-,R/S-,true,1,0.000232
boundaryFocused,targeted:institutionalist|constructivist,answer,full-archetype,M/S-,S-,true,21,0.004876
boundaryFocused,targeted:institutionalist|constructivist,answer,full-archetype,M/S+,M-,true,1,0.000232
boundaryFocused,targeted:institutionalist|constructivist,answer,full-archetype,M/S+,M/S-,true,5,0.001161
boundaryFocused,targeted:institutionalist|constructivist,answer,full-archetype,M/S+,M/S+,false,39,0.009055
boundaryFocused,targeted:institutionalist|constructivist,answer,full-archetype,M/S+,M+,true,25,0.005805
boundaryFocused,targeted:institutionalist|constructivist,answer,full-archetype,M/S+,P/M+,true,2,0.000464
boundaryFocused,targeted:institutionalist|constructivist,answer,full-archetype,M/S+,P/S+,true,3,0.000697
boundaryFocused,targeted:institutionalist|constructivist,answer,full-archetype,M/S+,P+,true,2,0.000464
boundaryFocused,targeted:institutionalist|constructivist,answer,full-archetype,M/S+,R-,true,1,0.000232
boundaryFocused,targeted:institutionalist|constructivist,answer,full-archetype,M/S+,R/M-,true,2,0.000464
boundaryFocused,targeted:institutionalist|constructivist,answer,full-archetype,M/S+,R/M+,true,4,0.000929
boundaryFocused,targeted:institutionalist|constructivist,answer,full-archetype,M/S+,R/S+,true,2,0.000464
boundaryFocused,targeted:institutionalist|constructivist,answer,full-archetype,M/S+,R+,true,2,0.000464
boundaryFocused,targeted:institutionalist|constructivist,answer,full-archetype,M/S+,S-,true,1,0.000232
boundaryFocused,targeted:institutionalist|constructivist,answer,full-archetype,M/S+,S+,true,47,0.010912
boundaryFocused,targeted:institutionalist|constructivist,answer,full-archetype,M+,M-,true,1,0.000232
boundaryFocused,targeted:institutionalist|constructivist,answer,full-archetype,M+,M/S+,true,7,0.001625
boundaryFocused,targeted:institutionalist|constructivist,answer,full-archetype,M+,M+,false,251,0.058277
boundaryFocused,targeted:institutionalist|constructivist,answer,full-archetype,M+,P/M+,true,2,0.000464
boundaryFocused,targeted:institutionalist|constructivist,answer,full-archetype,M+,P/R+,true,1,0.000232
boundaryFocused,targeted:institutionalist|constructivist,answer,full-archetype,M+,P+,true,8,0.001857
boundaryFocused,targeted:institutionalist|constructivist,answer,full-archetype,M+,R-,true,1,0.000232
boundaryFocused,targeted:institutionalist|constructivist,answer,full-archetype,M+,R/M-,true,6,0.001393
boundaryFocused,targeted:institutionalist|constructivist,answer,full-archetype,M+,R/M+,true,44,0.010216
boundaryFocused,targeted:institutionalist|constructivist,answer,full-archetype,M+,R+,true,12,0.002786
boundaryFocused,targeted:institutionalist|constructivist,answer,full-archetype,M+,S+,true,3,0.000697
boundaryFocused,targeted:institutionalist|constructivist,answer,full-archetype,P-,M-,true,11,0.002554
boundaryFocused,targeted:institutionalist|constructivist,answer,full-archetype,P-,P-,false,29,0.006733
boundaryFocused,targeted:institutionalist|constructivist,answer,full-archetype,P-,P/M-,true,18,0.004179
boundaryFocused,targeted:institutionalist|constructivist,answer,full-archetype,P-,P+,true,7,0.001625
boundaryFocused,targeted:institutionalist|constructivist,answer,full-archetype,P-,R/M-,true,2,0.000464
boundaryFocused,targeted:institutionalist|constructivist,answer,full-archetype,P/M-,M-,true,52,0.012073
boundaryFocused,targeted:institutionalist|constructivist,answer,full-archetype,P/M-,M/S-,true,4,0.000929
boundaryFocused,targeted:institutionalist|constructivist,answer,full-archetype,P/M-,P-,true,24,0.005572
boundaryFocused,targeted:institutionalist|constructivist,answer,full-archetype,P/M-,P/M-,false,44,0.010216
boundaryFocused,targeted:institutionalist|constructivist,answer,full-archetype,P/M-,P/M+,true,1,0.000232
boundaryFocused,targeted:institutionalist|constructivist,answer,full-archetype,P/M-,P/S-,true,1,0.000232
boundaryFocused,targeted:institutionalist|constructivist,answer,full-archetype,P/M-,R/M-,true,2,0.000464
boundaryFocused,targeted:institutionalist|constructivist,answer,full-archetype,P/M-,S-,true,6,0.001393
boundaryFocused,targeted:institutionalist|constructivist,answer,full-archetype,P/R+,M+,true,12,0.002786
boundaryFocused,targeted:institutionalist|constructivist,answer,full-archetype,P/R+,P/M+,true,11,0.002554
boundaryFocused,targeted:institutionalist|constructivist,answer,full-archetype,P/R+,P/R+,false,34,0.007894
boundaryFocused,targeted:institutionalist|constructivist,answer,full-archetype,P/R+,P+,true,37,0.008591
boundaryFocused,targeted:institutionalist|constructivist,answer,full-archetype,P/R+,R/M+,true,17,0.003947
boundaryFocused,targeted:institutionalist|constructivist,answer,full-archetype,P/R+,R+,true,27,0.006269
boundaryFocused,targeted:institutionalist|constructivist,answer,full-archetype,P/S-,M-,true,2,0.000464
boundaryFocused,targeted:institutionalist|constructivist,answer,full-archetype,P/S-,M/S-,true,7,0.001625
boundaryFocused,targeted:institutionalist|constructivist,answer,full-archetype,P/S-,P-,true,44,0.010216
boundaryFocused,targeted:institutionalist|constructivist,answer,full-archetype,P/S-,P/R-,true,1,0.000232
boundaryFocused,targeted:institutionalist|constructivist,answer,full-archetype,P/S-,P/S-,false,43,0.009984
boundaryFocused,targeted:institutionalist|constructivist,answer,full-archetype,P/S-,P+,true,3,0.000697
boundaryFocused,targeted:institutionalist|constructivist,answer,full-archetype,P/S-,R-,true,6,0.001393
boundaryFocused,targeted:institutionalist|constructivist,answer,full-archetype,P/S-,R/M-,true,2,0.000464
boundaryFocused,targeted:institutionalist|constructivist,answer,full-archetype,P/S-,S-,true,23,0.00534
boundaryFocused,targeted:institutionalist|constructivist,answer,full-archetype,P/S+,M/S-,true,1,0.000232
boundaryFocused,targeted:institutionalist|constructivist,answer,full-archetype,P/S+,M/S+,true,1,0.000232
boundaryFocused,targeted:institutionalist|constructivist,answer,full-archetype,P/S+,P/S-,true,1,0.000232
boundaryFocused,targeted:institutionalist|constructivist,answer,full-archetype,P/S+,P/S+,false,29,0.006733
boundaryFocused,targeted:institutionalist|constructivist,answer,full-archetype,P/S+,P+,true,20,0.004644
boundaryFocused,targeted:institutionalist|constructivist,answer,full-archetype,P/S+,R/S-,true,1,0.000232
boundaryFocused,targeted:institutionalist|constructivist,answer,full-archetype,P/S+,S-,true,1,0.000232
boundaryFocused,targeted:institutionalist|constructivist,answer,full-archetype,P/S+,S+,true,15,0.003483
boundaryFocused,targeted:institutionalist|constructivist,answer,full-archetype,P+,M+,true,9,0.00209
boundaryFocused,targeted:institutionalist|constructivist,answer,full-archetype,P+,P-,true,2,0.000464
boundaryFocused,targeted:institutionalist|constructivist,answer,full-archetype,P+,P/M+,true,7,0.001625
boundaryFocused,targeted:institutionalist|constructivist,answer,full-archetype,P+,P/R+,true,3,0.000697
boundaryFocused,targeted:institutionalist|constructivist,answer,full-archetype,P+,P/S+,true,4,0.000929
boundaryFocused,targeted:institutionalist|constructivist,answer,full-archetype,P+,P+,false,304,0.070583
boundaryFocused,targeted:institutionalist|constructivist,answer,full-archetype,P+,R/M+,true,2,0.000464
boundaryFocused,targeted:institutionalist|constructivist,answer,full-archetype,P+,R+,true,6,0.001393
boundaryFocused,targeted:institutionalist|constructivist,answer,full-archetype,P+,S+,true,2,0.000464
boundaryFocused,targeted:institutionalist|constructivist,answer,full-archetype,R/M-,M-,true,253,0.058742
boundaryFocused,targeted:institutionalist|constructivist,answer,full-archetype,R/M-,M/S-,true,15,0.003483
boundaryFocused,targeted:institutionalist|constructivist,answer,full-archetype,R/M-,M+,true,15,0.003483
boundaryFocused,targeted:institutionalist|constructivist,answer,full-archetype,R/M-,P-,true,11,0.002554
boundaryFocused,targeted:institutionalist|constructivist,answer,full-archetype,R/M-,P/M-,true,2,0.000464
boundaryFocused,targeted:institutionalist|constructivist,answer,full-archetype,R/M-,P/R-,true,2,0.000464
boundaryFocused,targeted:institutionalist|constructivist,answer,full-archetype,R/M-,P/S-,true,2,0.000464
boundaryFocused,targeted:institutionalist|constructivist,answer,full-archetype,R/M-,P+,true,1,0.000232
boundaryFocused,targeted:institutionalist|constructivist,answer,full-archetype,R/M-,R-,true,222,0.051544
boundaryFocused,targeted:institutionalist|constructivist,answer,full-archetype,R/M-,R/M-,false,569,0.132111
boundaryFocused,targeted:institutionalist|constructivist,answer,full-archetype,R/M-,R/M+,true,14,0.003251
boundaryFocused,targeted:institutionalist|constructivist,answer,full-archetype,R/M-,R/S-,true,6,0.001393
boundaryFocused,targeted:institutionalist|constructivist,answer,full-archetype,R/M-,R+,true,4,0.000929
boundaryFocused,targeted:institutionalist|constructivist,answer,full-archetype,R/M-,S-,true,21,0.004876
boundaryFocused,targeted:institutionalist|constructivist,answer,full-archetype,R/M+,M-,true,5,0.001161
boundaryFocused,targeted:institutionalist|constructivist,answer,full-archetype,R/M+,M/S+,true,19,0.004411
boundaryFocused,targeted:institutionalist|constructivist,answer,full-archetype,R/M+,M+,true,104,0.024147
boundaryFocused,targeted:institutionalist|constructivist,answer,full-archetype,R/M+,P/M+,true,1,0.000232
boundaryFocused,targeted:institutionalist|constructivist,answer,full-archetype,R/M+,P/R+,true,1,0.000232
boundaryFocused,targeted:institutionalist|constructivist,answer,full-archetype,R/M+,P/S+,true,2,0.000464
boundaryFocused,targeted:institutionalist|constructivist,answer,full-archetype,R/M+,P+,true,6,0.001393
boundaryFocused,targeted:institutionalist|constructivist,answer,full-archetype,R/M+,R-,true,2,0.000464
boundaryFocused,targeted:institutionalist|constructivist,answer,full-archetype,R/M+,R/M-,true,11,0.002554
boundaryFocused,targeted:institutionalist|constructivist,answer,full-archetype,R/M+,R/M+,false,220,0.05108
boundaryFocused,targeted:institutionalist|constructivist,answer,full-archetype,R/M+,R/S-,true,3,0.000697
boundaryFocused,targeted:institutionalist|constructivist,answer,full-archetype,R/M+,R/S+,true,37,0.008591
boundaryFocused,targeted:institutionalist|constructivist,answer,full-archetype,R/M+,R+,true,90,0.020896
boundaryFocused,targeted:institutionalist|constructivist,answer,full-archetype,R/M+,S+,true,42,0.009752
boundaryFocused,targeted:institutionalist|constructivist,answer,full-archetype,R/S-,M-,true,25,0.005805
boundaryFocused,targeted:institutionalist|constructivist,answer,full-archetype,R/S-,M/S-,true,14,0.003251
boundaryFocused,targeted:institutionalist|constructivist,answer,full-archetype,R/S-,P-,true,7,0.001625
boundaryFocused,targeted:institutionalist|constructivist,answer,full-archetype,R/S-,P/M-,true,3,0.000697
boundaryFocused,targeted:institutionalist|constructivist,answer,full-archetype,R/S-,P/R-,true,2,0.000464
boundaryFocused,targeted:institutionalist|constructivist,answer,full-archetype,R/S-,P/S+,true,2,0.000464
boundaryFocused,targeted:institutionalist|constructivist,answer,full-archetype,R/S-,R-,true,38,0.008823
boundaryFocused,targeted:institutionalist|constructivist,answer,full-archetype,R/S-,R/M-,true,44,0.010216
boundaryFocused,targeted:institutionalist|constructivist,answer,full-archetype,R/S-,R/S-,false,81,0.018807
boundaryFocused,targeted:institutionalist|constructivist,answer,full-archetype,R/S-,S-,true,54,0.012538
boundaryFocused,targeted:institutionalist|constructivist,answer,full-archetype,R/S-,S+,true,1,0.000232
boundaryFocused,targeted:institutionalist|constructivist,answer,full-archetype,R+,M/S+,true,1,0.000232
boundaryFocused,targeted:institutionalist|constructivist,answer,full-archetype,R+,M+,true,20,0.004644
boundaryFocused,targeted:institutionalist|constructivist,answer,full-archetype,R+,P/M+,true,3,0.000697
boundaryFocused,targeted:institutionalist|constructivist,answer,full-archetype,R+,P/R+,true,6,0.001393
boundaryFocused,targeted:institutionalist|constructivist,answer,full-archetype,R+,P+,true,11,0.002554
boundaryFocused,targeted:institutionalist|constructivist,answer,full-archetype,R+,R-,true,2,0.000464
boundaryFocused,targeted:institutionalist|constructivist,answer,full-archetype,R+,R/M+,true,48,0.011145
boundaryFocused,targeted:institutionalist|constructivist,answer,full-archetype,R+,R/S+,true,1,0.000232
boundaryFocused,targeted:institutionalist|constructivist,answer,full-archetype,R+,R+,false,312,0.07244
boundaryFocused,targeted:institutionalist|constructivist,answer,full-archetype,S+,M/S+,true,26,0.006037
boundaryFocused,targeted:institutionalist|constructivist,answer,full-archetype,S+,M+,true,12,0.002786
boundaryFocused,targeted:institutionalist|constructivist,answer,full-archetype,S+,P/S+,true,1,0.000232
boundaryFocused,targeted:institutionalist|constructivist,answer,full-archetype,S+,R/M+,true,2,0.000464
boundaryFocused,targeted:institutionalist|constructivist,answer,full-archetype,S+,R+,true,1,0.000232
boundaryFocused,targeted:institutionalist|constructivist,answer,full-archetype,S+,S-,true,1,0.000232
boundaryFocused,targeted:institutionalist|constructivist,answer,full-archetype,S+,S+,false,91,0.021128
boundaryFocused,targeted:institutionalist|constructivist,answer,posture,-,-,false,2147,0.498491
boundaryFocused,targeted:institutionalist|constructivist,answer,posture,-,+,true,61,0.014163
boundaryFocused,targeted:institutionalist|constructivist,answer,posture,+,-,true,48,0.011145
boundaryFocused,targeted:institutionalist|constructivist,answer,posture,+,+,false,2051,0.476202
boundaryFocused,targeted:institutionalist|constructivist,answer,routing,blend,blend,false,1332,0.309264
boundaryFocused,targeted:institutionalist|constructivist,answer,routing,blend,pure,true,1295,0.300673
boundaryFocused,targeted:institutionalist|constructivist,answer,routing,pure,blend,true,311,0.072208
boundaryFocused,targeted:institutionalist|constructivist,answer,routing,pure,pure,false,1369,0.317855
boundaryFocused,targeted:institutionalist|constructivist,posture-dimension,family,constructivist,constructivist,false,54,0.421875
boundaryFocused,targeted:institutionalist|constructivist,posture-dimension,family,constructivist,institutionalist,true,2,0.015625
boundaryFocused,targeted:institutionalist|constructivist,posture-dimension,family,criticalPoliticalEconomy,criticalPoliticalEconomy,false,14,0.109375
boundaryFocused,targeted:institutionalist|constructivist,posture-dimension,family,institutionalist,criticalPoliticalEconomy,true,1,0.007813
boundaryFocused,targeted:institutionalist|constructivist,posture-dimension,family,institutionalist,institutionalist,false,37,0.289063
boundaryFocused,targeted:institutionalist|constructivist,posture-dimension,family,realist,realist,false,20,0.15625
boundaryFocused,targeted:institutionalist|constructivist,posture-dimension,full-archetype,M-,M-,false,12,0.09375
boundaryFocused,targeted:institutionalist|constructivist,posture-dimension,full-archetype,M/S-,M/S-,false,2,0.015625
boundaryFocused,targeted:institutionalist|constructivist,posture-dimension,full-archetype,M/S+,M/S-,true,1,0.007813
boundaryFocused,targeted:institutionalist|constructivist,posture-dimension,full-archetype,M/S+,M/S+,false,2,0.015625
boundaryFocused,targeted:institutionalist|constructivist,posture-dimension,full-archetype,M/S+,S+,true,1,0.007813
boundaryFocused,targeted:institutionalist|constructivist,posture-dimension,full-archetype,M+,M+,false,10,0.078125
boundaryFocused,targeted:institutionalist|constructivist,posture-dimension,full-archetype,P-,P-,false,1,0.007813
boundaryFocused,targeted:institutionalist|constructivist,posture-dimension,full-archetype,P-,P/M-,true,1,0.007813
boundaryFocused,targeted:institutionalist|constructivist,posture-dimension,full-archetype,P/M-,M-,true,1,0.007813
boundaryFocused,targeted:institutionalist|constructivist,posture-dimension,full-archetype,P/M-,P/M-,false,3,0.023438
boundaryFocused,targeted:institutionalist|constructivist,posture-dimension,full-archetype,P/R+,P/R+,false,4,0.03125
boundaryFocused,targeted:institutionalist|constructivist,posture-dimension,full-archetype,P/S-,P/S-,false,4,0.03125
boundaryFocused,targeted:institutionalist|constructivist,posture-dimension,full-archetype,P/S+,P/S+,false,2,0.015625
boundaryFocused,targeted:institutionalist|constructivist,posture-dimension,full-archetype,P+,P+,false,10,0.078125
boundaryFocused,targeted:institutionalist|constructivist,posture-dimension,full-archetype,R/M-,R/M-,false,34,0.265625
boundaryFocused,targeted:institutionalist|constructivist,posture-dimension,full-archetype,R/M+,M/S+,true,1,0.007813
boundaryFocused,targeted:institutionalist|constructivist,posture-dimension,full-archetype,R/M+,M+,true,1,0.007813
boundaryFocused,targeted:institutionalist|constructivist,posture-dimension,full-archetype,R/M+,R/M+,false,14,0.109375
boundaryFocused,targeted:institutionalist|constructivist,posture-dimension,full-archetype,R/S-,R/S-,false,8,0.0625
boundaryFocused,targeted:institutionalist|constructivist,posture-dimension,full-archetype,R+,R+,false,12,0.09375
boundaryFocused,targeted:institutionalist|constructivist,posture-dimension,full-archetype,S+,S+,false,4,0.03125
boundaryFocused,targeted:institutionalist|constructivist,posture-dimension,posture,-,-,false,66,0.515625
boundaryFocused,targeted:institutionalist|constructivist,posture-dimension,posture,+,-,true,1,0.007813
boundaryFocused,targeted:institutionalist|constructivist,posture-dimension,posture,+,+,false,61,0.476563
boundaryFocused,targeted:institutionalist|constructivist,posture-dimension,routing,blend,blend,false,75,0.585938
boundaryFocused,targeted:institutionalist|constructivist,posture-dimension,routing,blend,pure,true,3,0.023438
boundaryFocused,targeted:institutionalist|constructivist,posture-dimension,routing,pure,blend,true,1,0.007813
boundaryFocused,targeted:institutionalist|constructivist,posture-dimension,routing,pure,pure,false,49,0.382813
boundaryFocused,targeted:institutionalist|criticalPoliticalEconomy,answer,family,constructivist,constructivist,false,168,0.039006
boundaryFocused,targeted:institutionalist|criticalPoliticalEconomy,answer,family,constructivist,criticalPoliticalEconomy,true,63,0.014627
boundaryFocused,targeted:institutionalist|criticalPoliticalEconomy,answer,family,constructivist,institutionalist,true,36,0.008358
boundaryFocused,targeted:institutionalist|criticalPoliticalEconomy,answer,family,criticalPoliticalEconomy,constructivist,true,49,0.011377
boundaryFocused,targeted:institutionalist|criticalPoliticalEconomy,answer,family,criticalPoliticalEconomy,criticalPoliticalEconomy,false,695,0.161365
boundaryFocused,targeted:institutionalist|criticalPoliticalEconomy,answer,family,criticalPoliticalEconomy,institutionalist,true,260,0.060367
boundaryFocused,targeted:institutionalist|criticalPoliticalEconomy,answer,family,criticalPoliticalEconomy,realist,true,68,0.015788
boundaryFocused,targeted:institutionalist|criticalPoliticalEconomy,answer,family,institutionalist,constructivist,true,103,0.023915
boundaryFocused,targeted:institutionalist|criticalPoliticalEconomy,answer,family,institutionalist,criticalPoliticalEconomy,true,426,0.098909
boundaryFocused,targeted:institutionalist|criticalPoliticalEconomy,answer,family,institutionalist,institutionalist,false,1267,0.294172
boundaryFocused,targeted:institutionalist|criticalPoliticalEconomy,answer,family,institutionalist,realist,true,88,0.020432
boundaryFocused,targeted:institutionalist|criticalPoliticalEconomy,answer,family,realist,constructivist,true,30,0.006965
boundaryFocused,targeted:institutionalist|criticalPoliticalEconomy,answer,family,realist,criticalPoliticalEconomy,true,204,0.047365
boundaryFocused,targeted:institutionalist|criticalPoliticalEconomy,answer,family,realist,institutionalist,true,181,0.042025
boundaryFocused,targeted:institutionalist|criticalPoliticalEconomy,answer,family,realist,realist,false,669,0.155329
boundaryFocused,targeted:institutionalist|criticalPoliticalEconomy,answer,full-archetype,M/S-,M-,true,30,0.006965
boundaryFocused,targeted:institutionalist|criticalPoliticalEconomy,answer,full-archetype,M/S-,M/S-,false,68,0.015788
boundaryFocused,targeted:institutionalist|criticalPoliticalEconomy,answer,full-archetype,M/S-,R-,true,1,0.000232
boundaryFocused,targeted:institutionalist|criticalPoliticalEconomy,answer,full-archetype,M/S-,R/M-,true,5,0.001161
boundaryFocused,targeted:institutionalist|criticalPoliticalEconomy,answer,full-archetype,M/S-,R/S-,true,1,0.000232
boundaryFocused,targeted:institutionalist|criticalPoliticalEconomy,answer,full-archetype,M/S-,S-,true,31,0.007198
boundaryFocused,targeted:institutionalist|criticalPoliticalEconomy,answer,full-archetype,M+,M-,true,1,0.000232
boundaryFocused,targeted:institutionalist|criticalPoliticalEconomy,answer,full-archetype,M+,M/S+,true,5,0.001161
boundaryFocused,targeted:institutionalist|criticalPoliticalEconomy,answer,full-archetype,M+,M+,false,51,0.011841
boundaryFocused,targeted:institutionalist|criticalPoliticalEconomy,answer,full-archetype,M+,R/M+,true,5,0.001161
boundaryFocused,targeted:institutionalist|criticalPoliticalEconomy,answer,full-archetype,M+,R/S+,true,1,0.000232
boundaryFocused,targeted:institutionalist|criticalPoliticalEconomy,answer,full-archetype,M+,R+,true,1,0.000232
boundaryFocused,targeted:institutionalist|criticalPoliticalEconomy,answer,full-archetype,M+,S+,true,1,0.000232
boundaryFocused,targeted:institutionalist|criticalPoliticalEconomy,answer,full-archetype,P-,P-,false,36,0.008358
boundaryFocused,targeted:institutionalist|criticalPoliticalEconomy,answer,full-archetype,P-,P/R-,true,2,0.000464
boundaryFocused,targeted:institutionalist|criticalPoliticalEconomy,answer,full-archetype,P-,P/S-,true,19,0.004411
boundaryFocused,targeted:institutionalist|criticalPoliticalEconomy,answer,full-archetype,P-,R/M-,true,1,0.000232
boundaryFocused,targeted:institutionalist|criticalPoliticalEconomy,answer,full-archetype,P-,R/S-,true,2,0.000464
boundaryFocused,targeted:institutionalist|criticalPoliticalEconomy,answer,full-archetype,P-,S-,true,9,0.00209
boundaryFocused,targeted:institutionalist|criticalPoliticalEconomy,answer,full-archetype,P/R-,M-,true,2,0.000464
boundaryFocused,targeted:institutionalist|criticalPoliticalEconomy,answer,full-archetype,P/R-,P-,true,62,0.014395
boundaryFocused,targeted:institutionalist|criticalPoliticalEconomy,answer,full-archetype,P/R-,P/R-,false,74,0.017181
boundaryFocused,targeted:institutionalist|criticalPoliticalEconomy,answer,full-archetype,P/R-,P/R+,true,1,0.000232
boundaryFocused,targeted:institutionalist|criticalPoliticalEconomy,answer,full-archetype,P/R-,P/S-,true,12,0.002786
boundaryFocused,targeted:institutionalist|criticalPoliticalEconomy,answer,full-archetype,P/R-,R-,true,34,0.007894
boundaryFocused,targeted:institutionalist|criticalPoliticalEconomy,answer,full-archetype,P/R-,R/M-,true,1,0.000232
boundaryFocused,targeted:institutionalist|criticalPoliticalEconomy,answer,full-archetype,P/R-,R/S-,true,14,0.003251
boundaryFocused,targeted:institutionalist|criticalPoliticalEconomy,answer,full-archetype,P/R-,S-,true,3,0.000697
boundaryFocused,targeted:institutionalist|criticalPoliticalEconomy,answer,full-archetype,P/R+,M+,true,2,0.000464
boundaryFocused,targeted:institutionalist|criticalPoliticalEconomy,answer,full-archetype,P/R+,P/M+,true,4,0.000929
boundaryFocused,targeted:institutionalist|criticalPoliticalEconomy,answer,full-archetype,P/R+,P/R+,false,66,0.015324
boundaryFocused,targeted:institutionalist|criticalPoliticalEconomy,answer,full-archetype,P/R+,P/S+,true,13,0.003018
boundaryFocused,targeted:institutionalist|criticalPoliticalEconomy,answer,full-archetype,P/R+,P+,true,51,0.011841
boundaryFocused,targeted:institutionalist|criticalPoliticalEconomy,answer,full-archetype,P/R+,R-,true,5,0.001161
boundaryFocused,targeted:institutionalist|criticalPoliticalEconomy,answer,full-archetype,P/R+,R/M+,true,3,0.000697
boundaryFocused,targeted:institutionalist|criticalPoliticalEconomy,answer,full-archetype,P/R+,R/S-,true,2,0.000464
boundaryFocused,targeted:institutionalist|criticalPoliticalEconomy,answer,full-archetype,P/R+,R/S+,true,18,0.004179
boundaryFocused,targeted:institutionalist|criticalPoliticalEconomy,answer,full-archetype,P/R+,R+,true,29,0.006733
boundaryFocused,targeted:institutionalist|criticalPoliticalEconomy,answer,full-archetype,P/R+,S-,true,3,0.000697
boundaryFocused,targeted:institutionalist|criticalPoliticalEconomy,answer,full-archetype,P/R+,S+,true,4,0.000929
boundaryFocused,targeted:institutionalist|criticalPoliticalEconomy,answer,full-archetype,P/S-,P-,true,30,0.006965
boundaryFocused,targeted:institutionalist|criticalPoliticalEconomy,answer,full-archetype,P/S-,P/R-,true,15,0.003483
boundaryFocused,targeted:institutionalist|criticalPoliticalEconomy,answer,full-archetype,P/S-,P/S-,false,47,0.010912
boundaryFocused,targeted:institutionalist|criticalPoliticalEconomy,answer,full-archetype,P/S-,P+,true,3,0.000697
boundaryFocused,targeted:institutionalist|criticalPoliticalEconomy,answer,full-archetype,P/S-,R-,true,7,0.001625
boundaryFocused,targeted:institutionalist|criticalPoliticalEconomy,answer,full-archetype,P/S-,R/S-,true,17,0.003947
boundaryFocused,targeted:institutionalist|criticalPoliticalEconomy,answer,full-archetype,P/S-,S-,true,15,0.003483
boundaryFocused,targeted:institutionalist|criticalPoliticalEconomy,answer,full-archetype,P/S+,P/R+,true,16,0.003715
boundaryFocused,targeted:institutionalist|criticalPoliticalEconomy,answer,full-archetype,P/S+,P/S-,true,3,0.000697
boundaryFocused,targeted:institutionalist|criticalPoliticalEconomy,answer,full-archetype,P/S+,P/S+,false,110,0.02554
boundaryFocused,targeted:institutionalist|criticalPoliticalEconomy,answer,full-archetype,P/S+,P+,true,61,0.014163
boundaryFocused,targeted:institutionalist|criticalPoliticalEconomy,answer,full-archetype,P/S+,R/M+,true,1,0.000232
boundaryFocused,targeted:institutionalist|criticalPoliticalEconomy,answer,full-archetype,P/S+,R/S-,true,3,0.000697
boundaryFocused,targeted:institutionalist|criticalPoliticalEconomy,answer,full-archetype,P/S+,R/S+,true,15,0.003483
boundaryFocused,targeted:institutionalist|criticalPoliticalEconomy,answer,full-archetype,P/S+,R+,true,10,0.002322
boundaryFocused,targeted:institutionalist|criticalPoliticalEconomy,answer,full-archetype,P/S+,S-,true,5,0.001161
boundaryFocused,targeted:institutionalist|criticalPoliticalEconomy,answer,full-archetype,P/S+,S+,true,47,0.010912
boundaryFocused,targeted:institutionalist|criticalPoliticalEconomy,answer,full-archetype,P+,M/S+,true,1,0.000232
boundaryFocused,targeted:institutionalist|criticalPoliticalEconomy,answer,full-archetype,P+,M+,true,12,0.002786
boundaryFocused,targeted:institutionalist|criticalPoliticalEconomy,answer,full-archetype,P+,P/M-,true,1,0.000232
boundaryFocused,targeted:institutionalist|criticalPoliticalEconomy,answer,full-archetype,P+,P/M+,true,17,0.003947
boundaryFocused,targeted:institutionalist|criticalPoliticalEconomy,answer,full-archetype,P+,P/R+,true,34,0.007894
boundaryFocused,targeted:institutionalist|criticalPoliticalEconomy,answer,full-archetype,P+,P/S-,true,1,0.000232
boundaryFocused,targeted:institutionalist|criticalPoliticalEconomy,answer,full-archetype,P+,P/S+,true,24,0.005572
boundaryFocused,targeted:institutionalist|criticalPoliticalEconomy,answer,full-archetype,P+,P+,false,223,0.051776
boundaryFocused,targeted:institutionalist|criticalPoliticalEconomy,answer,full-archetype,P+,R/M+,true,1,0.000232
boundaryFocused,targeted:institutionalist|criticalPoliticalEconomy,answer,full-archetype,P+,R/S+,true,3,0.000697
boundaryFocused,targeted:institutionalist|criticalPoliticalEconomy,answer,full-archetype,P+,R+,true,14,0.003251
boundaryFocused,targeted:institutionalist|criticalPoliticalEconomy,answer,full-archetype,P+,S+,true,9,0.00209
boundaryFocused,targeted:institutionalist|criticalPoliticalEconomy,answer,full-archetype,R-,M-,true,4,0.000929
boundaryFocused,targeted:institutionalist|criticalPoliticalEconomy,answer,full-archetype,R-,P-,true,8,0.001857
boundaryFocused,targeted:institutionalist|criticalPoliticalEconomy,answer,full-archetype,R-,P/R-,true,22,0.005108
boundaryFocused,targeted:institutionalist|criticalPoliticalEconomy,answer,full-archetype,R-,P/R+,true,1,0.000232
boundaryFocused,targeted:institutionalist|criticalPoliticalEconomy,answer,full-archetype,R-,P/S-,true,2,0.000464
boundaryFocused,targeted:institutionalist|criticalPoliticalEconomy,answer,full-archetype,R-,R-,false,128,0.029719
boundaryFocused,targeted:institutionalist|criticalPoliticalEconomy,answer,full-archetype,R-,R/M-,true,28,0.006501
boundaryFocused,targeted:institutionalist|criticalPoliticalEconomy,answer,full-archetype,R-,R/S-,true,56,0.013002
boundaryFocused,targeted:institutionalist|criticalPoliticalEconomy,answer,full-archetype,R-,R/S+,true,3,0.000697
boundaryFocused,targeted:institutionalist|criticalPoliticalEconomy,answer,full-archetype,R-,R+,true,2,0.000464
boundaryFocused,targeted:institutionalist|criticalPoliticalEconomy,answer,full-archetype,R-,S-,true,18,0.004179
boundaryFocused,targeted:institutionalist|criticalPoliticalEconomy,answer,full-archetype,R/M-,M-,true,33,0.007662
boundaryFocused,targeted:institutionalist|criticalPoliticalEconomy,answer,full-archetype,R/M-,M/S-,true,6,0.001393
boundaryFocused,targeted:institutionalist|criticalPoliticalEconomy,answer,full-archetype,R/M-,P-,true,2,0.000464
boundaryFocused,targeted:institutionalist|criticalPoliticalEconomy,answer,full-archetype,R/M-,P/R-,true,1,0.000232
boundaryFocused,targeted:institutionalist|criticalPoliticalEconomy,answer,full-archetype,R/M-,R-,true,37,0.008591
boundaryFocused,targeted:institutionalist|criticalPoliticalEconomy,answer,full-archetype,R/M-,R/M-,false,105,0.024379
boundaryFocused,targeted:institutionalist|criticalPoliticalEconomy,answer,full-archetype,R/M-,R/M+,true,6,0.001393
boundaryFocused,targeted:institutionalist|criticalPoliticalEconomy,answer,full-archetype,R/M-,R/S-,true,2,0.000464
boundaryFocused,targeted:institutionalist|criticalPoliticalEconomy,answer,full-archetype,R/M-,S-,true,5,0.001161
boundaryFocused,targeted:institutionalist|criticalPoliticalEconomy,answer,full-archetype,R/M+,M/S+,true,5,0.001161
boundaryFocused,targeted:institutionalist|criticalPoliticalEconomy,answer,full-archetype,R/M+,M+,true,4,0.000929
boundaryFocused,targeted:institutionalist|criticalPoliticalEconomy,answer,full-archetype,R/M+,P/M+,true,1,0.000232
boundaryFocused,targeted:institutionalist|criticalPoliticalEconomy,answer,full-archetype,R/M+,P/S+,true,1,0.000232
boundaryFocused,targeted:institutionalist|criticalPoliticalEconomy,answer,full-archetype,R/M+,R-,true,2,0.000464
boundaryFocused,targeted:institutionalist|criticalPoliticalEconomy,answer,full-archetype,R/M+,R/M+,false,28,0.006501
boundaryFocused,targeted:institutionalist|criticalPoliticalEconomy,answer,full-archetype,R/M+,R/S+,true,14,0.003251
boundaryFocused,targeted:institutionalist|criticalPoliticalEconomy,answer,full-archetype,R/M+,R+,true,8,0.001857
boundaryFocused,targeted:institutionalist|criticalPoliticalEconomy,answer,full-archetype,R/M+,S+,true,4,0.000929
boundaryFocused,targeted:institutionalist|criticalPoliticalEconomy,answer,full-archetype,R/S-,M-,true,2,0.000464
boundaryFocused,targeted:institutionalist|criticalPoliticalEconomy,answer,full-archetype,R/S-,M/S-,true,13,0.003018
boundaryFocused,targeted:institutionalist|criticalPoliticalEconomy,answer,full-archetype,R/S-,P-,true,18,0.004179
boundaryFocused,targeted:institutionalist|criticalPoliticalEconomy,answer,full-archetype,R/S-,P/M-,true,1,0.000232
boundaryFocused,targeted:institutionalist|criticalPoliticalEconomy,answer,full-archetype,R/S-,P/R-,true,31,0.007198
boundaryFocused,targeted:institutionalist|criticalPoliticalEconomy,answer,full-archetype,R/S-,P/R+,true,1,0.000232
boundaryFocused,targeted:institutionalist|criticalPoliticalEconomy,answer,full-archetype,R/S-,P/S-,true,18,0.004179
boundaryFocused,targeted:institutionalist|criticalPoliticalEconomy,answer,full-archetype,R/S-,P/S+,true,2,0.000464
boundaryFocused,targeted:institutionalist|criticalPoliticalEconomy,answer,full-archetype,R/S-,P+,true,1,0.000232
boundaryFocused,targeted:institutionalist|criticalPoliticalEconomy,answer,full-archetype,R/S-,R-,true,189,0.043882
boundaryFocused,targeted:institutionalist|criticalPoliticalEconomy,answer,full-archetype,R/S-,R/M-,true,13,0.003018
boundaryFocused,targeted:institutionalist|criticalPoliticalEconomy,answer,full-archetype,R/S-,R/S-,false,474,0.110053
boundaryFocused,targeted:institutionalist|criticalPoliticalEconomy,answer,full-archetype,R/S-,R/S+,true,7,0.001625
boundaryFocused,targeted:institutionalist|criticalPoliticalEconomy,answer,full-archetype,R/S-,R+,true,3,0.000697
boundaryFocused,targeted:institutionalist|criticalPoliticalEconomy,answer,full-archetype,R/S-,S-,true,170,0.039471
boundaryFocused,targeted:institutionalist|criticalPoliticalEconomy,answer,full-archetype,R/S-,S+,true,5,0.001161
boundaryFocused,targeted:institutionalist|criticalPoliticalEconomy,answer,full-archetype,R/S+,M/S+,true,9,0.00209
boundaryFocused,targeted:institutionalist|criticalPoliticalEconomy,answer,full-archetype,R/S+,M+,true,10,0.002322
boundaryFocused,targeted:institutionalist|criticalPoliticalEconomy,answer,full-archetype,R/S+,P/R+,true,3,0.000697
boundaryFocused,targeted:institutionalist|criticalPoliticalEconomy,answer,full-archetype,R/S+,P/S+,true,11,0.002554
boundaryFocused,targeted:institutionalist|criticalPoliticalEconomy,answer,full-archetype,R/S+,P+,true,5,0.001161
boundaryFocused,targeted:institutionalist|criticalPoliticalEconomy,answer,full-archetype,R/S+,R-,true,5,0.001161
boundaryFocused,targeted:institutionalist|criticalPoliticalEconomy,answer,full-archetype,R/S+,R/M+,true,18,0.004179
boundaryFocused,targeted:institutionalist|criticalPoliticalEconomy,answer,full-archetype,R/S+,R/S-,true,16,0.003715
boundaryFocused,targeted:institutionalist|criticalPoliticalEconomy,answer,full-archetype,R/S+,R/S+,false,262,0.060831
boundaryFocused,targeted:institutionalist|criticalPoliticalEconomy,answer,full-archetype,R/S+,R+,true,108,0.025075
boundaryFocused,targeted:institutionalist|criticalPoliticalEconomy,answer,full-archetype,R/S+,S-,true,4,0.000929
boundaryFocused,targeted:institutionalist|criticalPoliticalEconomy,answer,full-archetype,R/S+,S+,true,87,0.0202
boundaryFocused,targeted:institutionalist|criticalPoliticalEconomy,answer,full-archetype,R+,M/S+,true,2,0.000464
boundaryFocused,targeted:institutionalist|criticalPoliticalEconomy,answer,full-archetype,R+,M+,true,6,0.001393
boundaryFocused,targeted:institutionalist|criticalPoliticalEconomy,answer,full-archetype,R+,P/R+,true,9,0.00209
boundaryFocused,targeted:institutionalist|criticalPoliticalEconomy,answer,full-archetype,R+,P/S+,true,3,0.000697
boundaryFocused,targeted:institutionalist|criticalPoliticalEconomy,answer,full-archetype,R+,P+,true,7,0.001625
boundaryFocused,targeted:institutionalist|criticalPoliticalEconomy,answer,full-archetype,R+,R-,true,2,0.000464
boundaryFocused,targeted:institutionalist|criticalPoliticalEconomy,answer,full-archetype,R+,R/M+,true,4,0.000929
boundaryFocused,targeted:institutionalist|criticalPoliticalEconomy,answer,full-archetype,R+,R/S+,true,18,0.004179
boundaryFocused,targeted:institutionalist|criticalPoliticalEconomy,answer,full-archetype,R+,R+,false,346,0.080334
boundaryFocused,targeted:institutionalist|criticalPoliticalEconomy,answer,full-archetype,R+,S+,true,5,0.001161
boundaryFocused,targeted:institutionalist|criticalPoliticalEconomy,answer,full-archetype,S-,M-,true,12,0.002786
boundaryFocused,targeted:institutionalist|criticalPoliticalEconomy,answer,full-archetype,S-,M/S-,true,30,0.006965
boundaryFocused,targeted:institutionalist|criticalPoliticalEconomy,answer,full-archetype,S-,M/S+,true,6,0.001393
boundaryFocused,targeted:institutionalist|criticalPoliticalEconomy,answer,full-archetype,S-,M+,true,2,0.000464
boundaryFocused,targeted:institutionalist|criticalPoliticalEconomy,answer,full-archetype,S-,P-,true,9,0.00209
boundaryFocused,targeted:institutionalist|criticalPoliticalEconomy,answer,full-archetype,S-,P/S-,true,22,0.005108
boundaryFocused,targeted:institutionalist|criticalPoliticalEconomy,answer,full-archetype,S-,R-,true,9,0.00209
boundaryFocused,targeted:institutionalist|criticalPoliticalEconomy,answer,full-archetype,S-,R/M-,true,6,0.001393
boundaryFocused,targeted:institutionalist|criticalPoliticalEconomy,answer,full-archetype,S-,R/M+,true,1,0.000232
boundaryFocused,targeted:institutionalist|criticalPoliticalEconomy,answer,full-archetype,S-,R/S-,true,31,0.007198
boundaryFocused,targeted:institutionalist|criticalPoliticalEconomy,answer,full-archetype,S-,S-,false,133,0.03088
boundaryFocused,targeted:institutionalist|criticalPoliticalEconomy,answer,full-archetype,S-,S+,true,3,0.000697
boundaryFocused,targeted:institutionalist|criticalPoliticalEconomy,answer,full-archetype,S+,M/S+,true,4,0.000929
boundaryFocused,targeted:institutionalist|criticalPoliticalEconomy,answer,full-archetype,S+,P/S+,true,2,0.000464
boundaryFocused,targeted:institutionalist|criticalPoliticalEconomy,answer,full-archetype,S+,P+,true,1,0.000232
boundaryFocused,targeted:institutionalist|criticalPoliticalEconomy,answer,full-archetype,S+,R/S+,true,21,0.004876
boundaryFocused,targeted:institutionalist|criticalPoliticalEconomy,answer,full-archetype,S+,R+,true,6,0.001393
boundaryFocused,targeted:institutionalist|criticalPoliticalEconomy,answer,full-archetype,S+,S-,true,2,0.000464
boundaryFocused,targeted:institutionalist|criticalPoliticalEconomy,answer,full-archetype,S+,S+,false,165,0.03831
boundaryFocused,targeted:institutionalist|criticalPoliticalEconomy,answer,posture,-,-,false,2176,0.505224
boundaryFocused,targeted:institutionalist|criticalPoliticalEconomy,answer,posture,-,+,true,47,0.010912
boundaryFocused,targeted:institutionalist|criticalPoliticalEconomy,answer,posture,+,-,true,55,0.01277
boundaryFocused,targeted:institutionalist|criticalPoliticalEconomy,answer,posture,+,+,false,2029,0.471094
boundaryFocused,targeted:institutionalist|criticalPoliticalEconomy,answer,routing,blend,blend,false,1557,0.361505
boundaryFocused,targeted:institutionalist|criticalPoliticalEconomy,answer,routing,blend,pure,true,1137,0.263989
boundaryFocused,targeted:institutionalist|criticalPoliticalEconomy,answer,routing,pure,blend,true,388,0.090086
boundaryFocused,targeted:institutionalist|criticalPoliticalEconomy,answer,routing,pure,pure,false,1225,0.284421
boundaryFocused,targeted:institutionalist|criticalPoliticalEconomy,posture-dimension,family,constructivist,constructivist,false,7,0.054688
boundaryFocused,targeted:institutionalist|criticalPoliticalEconomy,posture-dimension,family,constructivist,institutionalist,true,1,0.007813
boundaryFocused,targeted:institutionalist|criticalPoliticalEconomy,posture-dimension,family,criticalPoliticalEconomy,criticalPoliticalEconomy,false,32,0.25
boundaryFocused,targeted:institutionalist|criticalPoliticalEconomy,posture-dimension,family,institutionalist,criticalPoliticalEconomy,true,2,0.015625
boundaryFocused,targeted:institutionalist|criticalPoliticalEconomy,posture-dimension,family,institutionalist,institutionalist,false,54,0.421875
boundaryFocused,targeted:institutionalist|criticalPoliticalEconomy,posture-dimension,family,realist,institutionalist,true,2,0.015625
boundaryFocused,targeted:institutionalist|criticalPoliticalEconomy,posture-dimension,family,realist,realist,false,30,0.234375
boundaryFocused,targeted:institutionalist|criticalPoliticalEconomy,posture-dimension,full-archetype,M/S-,M/S-,false,4,0.03125
boundaryFocused,targeted:institutionalist|criticalPoliticalEconomy,posture-dimension,full-archetype,M+,M+,false,2,0.015625
boundaryFocused,targeted:institutionalist|criticalPoliticalEconomy,posture-dimension,full-archetype,P-,P-,false,1,0.007813
boundaryFocused,targeted:institutionalist|criticalPoliticalEconomy,posture-dimension,full-archetype,P-,P/S-,true,1,0.007813
boundaryFocused,targeted:institutionalist|criticalPoliticalEconomy,posture-dimension,full-archetype,P/R-,P-,true,1,0.007813
boundaryFocused,targeted:institutionalist|criticalPoliticalEconomy,posture-dimension,full-archetype,P/R-,P/R-,false,5,0.039063
boundaryFocused,targeted:institutionalist|criticalPoliticalEconomy,posture-dimension,full-archetype,P/R+,P/R+,false,6,0.046875
boundaryFocused,targeted:institutionalist|criticalPoliticalEconomy,posture-dimension,full-archetype,P/S-,P/S-,false,4,0.03125
boundaryFocused,targeted:institutionalist|criticalPoliticalEconomy,posture-dimension,full-archetype,P/S+,P/S+,false,8,0.0625
boundaryFocused,targeted:institutionalist|criticalPoliticalEconomy,posture-dimension,full-archetype,P+,P+,false,10,0.078125
boundaryFocused,targeted:institutionalist|criticalPoliticalEconomy,posture-dimension,full-archetype,R-,R-,false,8,0.0625
boundaryFocused,targeted:institutionalist|criticalPoliticalEconomy,posture-dimension,full-archetype,R/M-,R/M-,false,6,0.046875
boundaryFocused,targeted:institutionalist|criticalPoliticalEconomy,posture-dimension,full-archetype,R/M+,R/M+,false,2,0.015625
boundaryFocused,targeted:institutionalist|criticalPoliticalEconomy,posture-dimension,full-archetype,R/S-,R/S-,false,27,0.210938
boundaryFocused,targeted:institutionalist|criticalPoliticalEconomy,posture-dimension,full-archetype,R/S-,S-,true,1,0.007813
boundaryFocused,targeted:institutionalist|criticalPoliticalEconomy,posture-dimension,full-archetype,R/S+,R/S+,false,16,0.125
boundaryFocused,targeted:institutionalist|criticalPoliticalEconomy,posture-dimension,full-archetype,R+,R+,false,12,0.09375
boundaryFocused,targeted:institutionalist|criticalPoliticalEconomy,posture-dimension,full-archetype,S-,P/S-,true,1,0.007813
boundaryFocused,targeted:institutionalist|criticalPoliticalEconomy,posture-dimension,full-archetype,S-,S-,false,7,0.054688
boundaryFocused,targeted:institutionalist|criticalPoliticalEconomy,posture-dimension,full-archetype,S+,S+,false,6,0.046875
boundaryFocused,targeted:institutionalist|criticalPoliticalEconomy,posture-dimension,posture,-,-,false,66,0.515625
boundaryFocused,targeted:institutionalist|criticalPoliticalEconomy,posture-dimension,posture,+,+,false,62,0.484375
boundaryFocused,targeted:institutionalist|criticalPoliticalEconomy,posture-dimension,routing,blend,blend,false,78,0.609375
boundaryFocused,targeted:institutionalist|criticalPoliticalEconomy,posture-dimension,routing,blend,pure,true,2,0.015625
boundaryFocused,targeted:institutionalist|criticalPoliticalEconomy,posture-dimension,routing,pure,blend,true,2,0.015625
boundaryFocused,targeted:institutionalist|criticalPoliticalEconomy,posture-dimension,routing,pure,pure,false,46,0.359375
boundaryFocused,targeted:realist|constructivist,answer,family,constructivist,constructivist,false,1227,0.285681
boundaryFocused,targeted:realist|constructivist,answer,family,constructivist,criticalPoliticalEconomy,true,126,0.029336
boundaryFocused,targeted:realist|constructivist,answer,family,constructivist,institutionalist,true,65,0.015134
boundaryFocused,targeted:realist|constructivist,answer,family,constructivist,realist,true,455,0.105937
boundaryFocused,targeted:realist|constructivist,answer,family,criticalPoliticalEconomy,constructivist,true,18,0.004191
boundaryFocused,targeted:realist|constructivist,answer,family,criticalPoliticalEconomy,criticalPoliticalEconomy,false,148,0.034459
boundaryFocused,targeted:realist|constructivist,answer,family,criticalPoliticalEconomy,institutionalist,true,20,0.004657
boundaryFocused,targeted:realist|constructivist,answer,family,criticalPoliticalEconomy,realist,true,81,0.018859
boundaryFocused,targeted:realist|constructivist,answer,family,institutionalist,constructivist,true,29,0.006752
boundaryFocused,targeted:realist|constructivist,answer,family,institutionalist,institutionalist,false,165,0.038417
boundaryFocused,targeted:realist|constructivist,answer,family,institutionalist,realist,true,7,0.00163
boundaryFocused,targeted:realist|constructivist,answer,family,realist,constructivist,true,472,0.109895
boundaryFocused,targeted:realist|constructivist,answer,family,realist,criticalPoliticalEconomy,true,127,0.029569
boundaryFocused,targeted:realist|constructivist,answer,family,realist,institutionalist,true,93,0.021653
boundaryFocused,targeted:realist|constructivist,answer,family,realist,realist,false,1262,0.29383
boundaryFocused,targeted:realist|constructivist,answer,full-archetype,M-,M-,false,178,0.041444
boundaryFocused,targeted:realist|constructivist,answer,full-archetype,M-,M/S-,true,15,0.003492
boundaryFocused,targeted:realist|constructivist,answer,full-archetype,M-,M+,true,4,0.000931
boundaryFocused,targeted:realist|constructivist,answer,full-archetype,M-,P-,true,25,0.005821
boundaryFocused,targeted:realist|constructivist,answer,full-archetype,M-,P/M-,true,89,0.020722
boundaryFocused,targeted:realist|constructivist,answer,full-archetype,M-,P/M+,true,6,0.001397
boundaryFocused,targeted:realist|constructivist,answer,full-archetype,M-,P/R-,true,2,0.000466
boundaryFocused,targeted:realist|constructivist,answer,full-archetype,M-,P/S-,true,4,0.000931
boundaryFocused,targeted:realist|constructivist,answer,full-archetype,M-,R/M-,true,6,0.001397
boundaryFocused,targeted:realist|constructivist,answer,full-archetype,M/S-,M-,true,15,0.003492
boundaryFocused,targeted:realist|constructivist,answer,full-archetype,M/S-,M/S-,false,59,0.013737
boundaryFocused,targeted:realist|constructivist,answer,full-archetype,M/S-,P-,true,8,0.001863
boundaryFocused,targeted:realist|constructivist,answer,full-archetype,M/S-,P/M-,true,19,0.004424
boundaryFocused,targeted:realist|constructivist,answer,full-archetype,M/S-,P/M+,true,2,0.000466
boundaryFocused,targeted:realist|constructivist,answer,full-archetype,M/S-,P/S-,true,22,0.005122
boundaryFocused,targeted:realist|constructivist,answer,full-archetype,M/S-,P+,true,1,0.000233
boundaryFocused,targeted:realist|constructivist,answer,full-archetype,M/S-,R/M-,true,1,0.000233
boundaryFocused,targeted:realist|constructivist,answer,full-archetype,M/S-,S-,true,6,0.001397
boundaryFocused,targeted:realist|constructivist,answer,full-archetype,M/S+,M-,true,1,0.000233
boundaryFocused,targeted:realist|constructivist,answer,full-archetype,M/S+,M/S-,true,6,0.001397
boundaryFocused,targeted:realist|constructivist,answer,full-archetype,M/S+,M/S+,false,69,0.016065
boundaryFocused,targeted:realist|constructivist,answer,full-archetype,M/S+,M+,true,41,0.009546
boundaryFocused,targeted:realist|constructivist,answer,full-archetype,M/S+,P/M+,true,1,0.000233
boundaryFocused,targeted:realist|constructivist,answer,full-archetype,M/S+,P/S+,true,7,0.00163
boundaryFocused,targeted:realist|constructivist,answer,full-archetype,M/S+,P+,true,1,0.000233
boundaryFocused,targeted:realist|constructivist,answer,full-archetype,M/S+,S-,true,1,0.000233
boundaryFocused,targeted:realist|constructivist,answer,full-archetype,M/S+,S+,true,9,0.002095
boundaryFocused,targeted:realist|constructivist,answer,full-archetype,M+,M-,true,12,0.002794
boundaryFocused,targeted:realist|constructivist,answer,full-archetype,M+,M/S+,true,30,0.006985
boundaryFocused,targeted:realist|constructivist,answer,full-archetype,M+,M+,false,149,0.034692
boundaryFocused,targeted:realist|constructivist,answer,full-archetype,M+,P/M+,true,23,0.005355
boundaryFocused,targeted:realist|constructivist,answer,full-archetype,M+,P/R+,true,1,0.000233
boundaryFocused,targeted:realist|constructivist,answer,full-archetype,M+,P+,true,8,0.001863
boundaryFocused,targeted:realist|constructivist,answer,full-archetype,M+,R/M-,true,2,0.000466
boundaryFocused,targeted:realist|constructivist,answer,full-archetype,M+,R/M+,true,34,0.007916
boundaryFocused,targeted:realist|constructivist,answer,full-archetype,M+,R+,true,1,0.000233
boundaryFocused,targeted:realist|constructivist,answer,full-archetype,M+,S+,true,7,0.00163
boundaryFocused,targeted:realist|constructivist,answer,full-archetype,P-,M-,true,11,0.002561
boundaryFocused,targeted:realist|constructivist,answer,full-archetype,P-,P-,false,179,0.041676
boundaryFocused,targeted:realist|constructivist,answer,full-archetype,P-,P/M-,true,60,0.01397
boundaryFocused,targeted:realist|constructivist,answer,full-archetype,P-,P/R-,true,6,0.001397
boundaryFocused,targeted:realist|constructivist,answer,full-archetype,P-,P+,true,11,0.002561
boundaryFocused,targeted:realist|constructivist,answer,full-archetype,P-,R/M-,true,1,0.000233
boundaryFocused,targeted:realist|constructivist,answer,full-archetype,P/M-,M-,true,232,0.054016
boundaryFocused,targeted:realist|constructivist,answer,full-archetype,P/M-,M/S-,true,25,0.005821
boundaryFocused,targeted:realist|constructivist,answer,full-archetype,P/M-,M+,true,2,0.000466
boundaryFocused,targeted:realist|constructivist,answer,full-archetype,P/M-,P-,true,232,0.054016
boundaryFocused,targeted:realist|constructivist,answer,full-archetype,P/M-,P/M-,false,652,0.151804
boundaryFocused,targeted:realist|constructivist,answer,full-archetype,P/M-,P/M+,true,28,0.006519
boundaryFocused,targeted:realist|constructivist,answer,full-archetype,P/M-,P/R-,true,29,0.006752
boundaryFocused,targeted:realist|constructivist,answer,full-archetype,P/M-,P/S-,true,37,0.008615
boundaryFocused,targeted:realist|constructivist,answer,full-archetype,P/M-,P+,true,7,0.00163
boundaryFocused,targeted:realist|constructivist,answer,full-archetype,P/M-,R-,true,6,0.001397
boundaryFocused,targeted:realist|constructivist,answer,full-archetype,P/M-,R/M-,true,87,0.020256
boundaryFocused,targeted:realist|constructivist,answer,full-archetype,P/M-,R/M+,true,1,0.000233
boundaryFocused,targeted:realist|constructivist,answer,full-archetype,P/M-,R/S-,true,3,0.000698
boundaryFocused,targeted:realist|constructivist,answer,full-archetype,P/M-,S-,true,5,0.001164
boundaryFocused,targeted:realist|constructivist,answer,full-archetype,P/M+,M-,true,15,0.003492
boundaryFocused,targeted:realist|constructivist,answer,full-archetype,P/M+,M+,true,120,0.027939
boundaryFocused,targeted:realist|constructivist,answer,full-archetype,P/M+,P/M-,true,21,0.004889
boundaryFocused,targeted:realist|constructivist,answer,full-archetype,P/M+,P/M+,false,289,0.067288
boundaryFocused,targeted:realist|constructivist,answer,full-archetype,P/M+,P/R+,true,1,0.000233
boundaryFocused,targeted:realist|constructivist,answer,full-archetype,P/M+,P/S+,true,4,0.000931
boundaryFocused,targeted:realist|constructivist,answer,full-archetype,P/M+,P+,true,86,0.020023
boundaryFocused,targeted:realist|constructivist,answer,full-archetype,P/M+,R/M-,true,2,0.000466
boundaryFocused,targeted:realist|constructivist,answer,full-archetype,P/M+,R/M+,true,4,0.000931
boundaryFocused,targeted:realist|constructivist,answer,full-archetype,P/M+,R/S+,true,2,0.000466
boundaryFocused,targeted:realist|constructivist,answer,full-archetype,P/M+,R+,true,1,0.000233
boundaryFocused,targeted:realist|constructivist,answer,full-archetype,P/R+,M+,true,3,0.000698
boundaryFocused,targeted:realist|constructivist,answer,full-archetype,P/R+,P-,true,3,0.000698
boundaryFocused,targeted:realist|constructivist,answer,full-archetype,P/R+,P/M+,true,5,0.001164
boundaryFocused,targeted:realist|constructivist,answer,full-archetype,P/R+,P/R-,true,3,0.000698
boundaryFocused,targeted:realist|constructivist,answer,full-archetype,P/R+,P/R+,false,73,0.016997
boundaryFocused,targeted:realist|constructivist,answer,full-archetype,P/R+,P/S+,true,2,0.000466
boundaryFocused,targeted:realist|constructivist,answer,full-archetype,P/R+,P+,true,22,0.005122
boundaryFocused,targeted:realist|constructivist,answer,full-archetype,P/R+,R-,true,1,0.000233
boundaryFocused,targeted:realist|constructivist,answer,full-archetype,P/R+,R/M-,true,1,0.000233
boundaryFocused,targeted:realist|constructivist,answer,full-archetype,P/R+,R/M+,true,10,0.002328
boundaryFocused,targeted:realist|constructivist,answer,full-archetype,P/R+,R+,true,14,0.00326
boundaryFocused,targeted:realist|constructivist,answer,full-archetype,P/S-,M-,true,11,0.002561
boundaryFocused,targeted:realist|constructivist,answer,full-archetype,P/S-,M/S-,true,21,0.004889
boundaryFocused,targeted:realist|constructivist,answer,full-archetype,P/S-,P-,true,59,0.013737
boundaryFocused,targeted:realist|constructivist,answer,full-archetype,P/S-,P/M-,true,16,0.003725
boundaryFocused,targeted:realist|constructivist,answer,full-archetype,P/S-,P/R-,true,5,0.001164
boundaryFocused,targeted:realist|constructivist,answer,full-archetype,P/S-,P/S-,false,159,0.03702
boundaryFocused,targeted:realist|constructivist,answer,full-archetype,P/S-,P/S+,true,7,0.00163
boundaryFocused,targeted:realist|constructivist,answer,full-archetype,P/S-,P+,true,5,0.001164
boundaryFocused,targeted:realist|constructivist,answer,full-archetype,P/S-,R-,true,2,0.000466
boundaryFocused,targeted:realist|constructivist,answer,full-archetype,P/S-,R/M-,true,5,0.001164
boundaryFocused,targeted:realist|constructivist,answer,full-archetype,P/S-,R/S-,true,12,0.002794
boundaryFocused,targeted:realist|constructivist,answer,full-archetype,P/S-,S-,true,31,0.007218
boundaryFocused,targeted:realist|constructivist,answer,full-archetype,P/S+,M-,true,1,0.000233
boundaryFocused,targeted:realist|constructivist,answer,full-archetype,P/S+,M/S-,true,2,0.000466
boundaryFocused,targeted:realist|constructivist,answer,full-archetype,P/S+,M/S+,true,9,0.002095
boundaryFocused,targeted:realist|constructivist,answer,full-archetype,P/S+,M+,true,5,0.001164
boundaryFocused,targeted:realist|constructivist,answer,full-archetype,P/S+,P/M+,true,18,0.004191
boundaryFocused,targeted:realist|constructivist,answer,full-archetype,P/S+,P/R+,true,1,0.000233
boundaryFocused,targeted:realist|constructivist,answer,full-archetype,P/S+,P/S-,true,18,0.004191
boundaryFocused,targeted:realist|constructivist,answer,full-archetype,P/S+,P/S+,false,87,0.020256
boundaryFocused,targeted:realist|constructivist,answer,full-archetype,P/S+,P+,true,32,0.007451
boundaryFocused,targeted:realist|constructivist,answer,full-archetype,P/S+,S+,true,25,0.005821
boundaryFocused,targeted:realist|constructivist,answer,full-archetype,P+,M-,true,4,0.000931
boundaryFocused,targeted:realist|constructivist,answer,full-archetype,P+,M+,true,11,0.002561
boundaryFocused,targeted:realist|constructivist,answer,full-archetype,P+,P-,true,20,0.004657
boundaryFocused,targeted:realist|constructivist,answer,full-archetype,P+,P/M-,true,6,0.001397
boundaryFocused,targeted:realist|constructivist,answer,full-archetype,P+,P/M+,true,16,0.003725
boundaryFocused,targeted:realist|constructivist,answer,full-archetype,P+,P/S-,true,1,0.000233
boundaryFocused,targeted:realist|constructivist,answer,full-archetype,P+,P/S+,true,4,0.000931
boundaryFocused,targeted:realist|constructivist,answer,full-archetype,P+,P+,false,204,0.047497
boundaryFocused,targeted:realist|constructivist,answer,full-archetype,R-,M-,true,3,0.000698
boundaryFocused,targeted:realist|constructivist,answer,full-archetype,R-,P-,true,1,0.000233
boundaryFocused,targeted:realist|constructivist,answer,full-archetype,R-,P/R-,true,2,0.000466
boundaryFocused,targeted:realist|constructivist,answer,full-archetype,R-,R-,false,34,0.007916
boundaryFocused,targeted:realist|constructivist,answer,full-archetype,R-,R/M-,true,27,0.006286
boundaryFocused,targeted:realist|constructivist,answer,full-archetype,R/M-,M-,true,5,0.001164
boundaryFocused,targeted:realist|constructivist,answer,full-archetype,R/M-,R-,true,28,0.006519
boundaryFocused,targeted:realist|constructivist,answer,full-archetype,R/M-,R/M-,false,33,0.007683
boundaryFocused,targeted:realist|constructivist,answer,full-archetype,R/M+,M-,true,1,0.000233
boundaryFocused,targeted:realist|constructivist,answer,full-archetype,R/M+,M+,true,8,0.001863
boundaryFocused,targeted:realist|constructivist,answer,full-archetype,R/M+,P/M+,true,1,0.000233
boundaryFocused,targeted:realist|constructivist,answer,full-archetype,R/M+,R/M-,true,5,0.001164
boundaryFocused,targeted:realist|constructivist,answer,full-archetype,R/M+,R/M+,false,43,0.010012
boundaryFocused,targeted:realist|constructivist,answer,full-archetype,R/M+,R+,true,9,0.002095
boundaryFocused,targeted:realist|constructivist,answer,full-archetype,R+,M+,true,1,0.000233
boundaryFocused,targeted:realist|constructivist,answer,full-archetype,R+,P/M+,true,3,0.000698
boundaryFocused,targeted:realist|constructivist,answer,full-archetype,R+,P/R+,true,3,0.000698
boundaryFocused,targeted:realist|constructivist,answer,full-archetype,R+,P+,true,1,0.000233
boundaryFocused,targeted:realist|constructivist,answer,full-archetype,R+,R-,true,6,0.001397
boundaryFocused,targeted:realist|constructivist,answer,full-archetype,R+,R/M-,true,1,0.000233
boundaryFocused,targeted:realist|constructivist,answer,full-archetype,R+,R/M+,true,10,0.002328
boundaryFocused,targeted:realist|constructivist,answer,full-archetype,R+,R+,false,43,0.010012
boundaryFocused,targeted:realist|constructivist,answer,full-archetype,S-,M-,true,1,0.000233
boundaryFocused,targeted:realist|constructivist,answer,full-archetype,S-,M/S-,true,7,0.00163
boundaryFocused,targeted:realist|constructivist,answer,full-archetype,S-,P/S-,true,4,0.000931
boundaryFocused,targeted:realist|constructivist,answer,full-archetype,S-,R-,true,4,0.000931
boundaryFocused,targeted:realist|constructivist,answer,full-archetype,S-,R/M-,true,2,0.000466
boundaryFocused,targeted:realist|constructivist,answer,full-archetype,S-,R/S-,true,20,0.004657
boundaryFocused,targeted:realist|constructivist,answer,full-archetype,S-,S-,false,31,0.007218
boundaryFocused,targeted:realist|constructivist,answer,posture,-,-,false,2537,0.590687
boundaryFocused,targeted:realist|constructivist,answer,posture,-,+,true,74,0.017229
boundaryFocused,targeted:realist|constructivist,answer,posture,+,-,true,133,0.030966
boundaryFocused,targeted:realist|constructivist,answer,posture,+,+,false,1551,0.361118
boundaryFocused,targeted:realist|constructivist,answer,routing,blend,blend,false,1907,0.444005
boundaryFocused,targeted:realist|constructivist,answer,routing,blend,pure,true,1054,0.245402
boundaryFocused,targeted:realist|constructivist,answer,routing,pure,blend,true,385,0.089639
boundaryFocused,targeted:realist|constructivist,answer,routing,pure,pure,false,949,0.220955
boundaryFocused,targeted:realist|constructivist,posture-dimension,family,constructivist,constructivist,false,55,0.429688
boundaryFocused,targeted:realist|constructivist,posture-dimension,family,constructivist,realist,true,1,0.007813
boundaryFocused,targeted:realist|constructivist,posture-dimension,family,criticalPoliticalEconomy,criticalPoliticalEconomy,false,8,0.0625
boundaryFocused,targeted:realist|constructivist,posture-dimension,family,institutionalist,institutionalist,false,6,0.046875
boundaryFocused,targeted:realist|constructivist,posture-dimension,family,realist,constructivist,true,3,0.023438
boundaryFocused,targeted:realist|constructivist,posture-dimension,family,realist,institutionalist,true,1,0.007813
boundaryFocused,targeted:realist|constructivist,posture-dimension,family,realist,realist,false,54,0.421875
boundaryFocused,targeted:realist|constructivist,posture-dimension,full-archetype,M-,M-,false,7,0.054688
boundaryFocused,targeted:realist|constructivist,posture-dimension,full-archetype,M-,M+,true,1,0.007813
boundaryFocused,targeted:realist|constructivist,posture-dimension,full-archetype,M-,P/M-,true,2,0.015625
boundaryFocused,targeted:realist|constructivist,posture-dimension,full-archetype,M/S-,M/S-,false,4,0.03125
boundaryFocused,targeted:realist|constructivist,posture-dimension,full-archetype,M/S+,M/S+,false,4,0.03125
boundaryFocused,targeted:realist|constructivist,posture-dimension,full-archetype,M+,M+,false,7,0.054688
boundaryFocused,targeted:realist|constructivist,posture-dimension,full-archetype,M+,P/M+,true,1,0.007813
boundaryFocused,targeted:realist|constructivist,posture-dimension,full-archetype,P-,P-,false,6,0.046875
boundaryFocused,targeted:realist|constructivist,posture-dimension,full-archetype,P-,P/M-,true,1,0.007813
boundaryFocused,targeted:realist|constructivist,posture-dimension,full-archetype,P-,P+,true,1,0.007813
boundaryFocused,targeted:realist|constructivist,posture-dimension,full-archetype,P/M-,P/M-,false,38,0.296875
boundaryFocused,targeted:realist|constructivist,posture-dimension,full-archetype,P/M-,P/M+,true,2,0.015625
boundaryFocused,targeted:realist|constructivist,posture-dimension,full-archetype,P/M+,P/M-,true,1,0.007813
boundaryFocused,targeted:realist|constructivist,posture-dimension,full-archetype,P/M+,P/M+,false,15,0.117188
boundaryFocused,targeted:realist|constructivist,posture-dimension,full-archetype,P/R+,P/R+,false,4,0.03125
boundaryFocused,targeted:realist|constructivist,posture-dimension,full-archetype,P/S-,P/S-,false,10,0.078125
boundaryFocused,targeted:realist|constructivist,posture-dimension,full-archetype,P/S+,P/S+,false,6,0.046875
boundaryFocused,targeted:realist|constructivist,posture-dimension,full-archetype,P+,P-,true,3,0.023438
boundaryFocused,targeted:realist|constructivist,posture-dimension,full-archetype,P+,P+,false,5,0.039063
boundaryFocused,targeted:realist|constructivist,posture-dimension,full-archetype,R-,R-,false,2,0.015625
boundaryFocused,targeted:realist|constructivist,posture-dimension,full-archetype,R/M-,R/M-,false,2,0.015625
boundaryFocused,targeted:realist|constructivist,posture-dimension,full-archetype,R/M+,R/M+,false,2,0.015625
boundaryFocused,targeted:realist|constructivist,posture-dimension,full-archetype,R+,R+,false,2,0.015625
boundaryFocused,targeted:realist|constructivist,posture-dimension,full-archetype,S-,S-,false,2,0.015625
boundaryFocused,targeted:realist|constructivist,posture-dimension,posture,-,-,false,74,0.578125
boundaryFocused,targeted:realist|constructivist,posture-dimension,posture,-,+,true,4,0.03125
boundaryFocused,targeted:realist|constructivist,posture-dimension,posture,+,-,true,4,0.03125
boundaryFocused,targeted:realist|constructivist,posture-dimension,posture,+,+,false,46,0.359375
boundaryFocused,targeted:realist|constructivist,posture-dimension,routing,blend,blend,false,88,0.6875
boundaryFocused,targeted:realist|constructivist,posture-dimension,routing,pure,blend,true,4,0.03125
boundaryFocused,targeted:realist|constructivist,posture-dimension,routing,pure,pure,false,36,0.28125
boundaryFocused,targeted:realist|criticalPoliticalEconomy,answer,family,constructivist,constructivist,false,232,0.053866
boundaryFocused,targeted:realist|criticalPoliticalEconomy,answer,family,constructivist,criticalPoliticalEconomy,true,84,0.019503
boundaryFocused,targeted:realist|criticalPoliticalEconomy,answer,family,constructivist,institutionalist,true,16,0.003715
boundaryFocused,targeted:realist|criticalPoliticalEconomy,answer,family,constructivist,realist,true,72,0.016717
boundaryFocused,targeted:realist|criticalPoliticalEconomy,answer,family,criticalPoliticalEconomy,constructivist,true,97,0.022521
boundaryFocused,targeted:realist|criticalPoliticalEconomy,answer,family,criticalPoliticalEconomy,criticalPoliticalEconomy,false,993,0.230555
boundaryFocused,targeted:realist|criticalPoliticalEconomy,answer,family,criticalPoliticalEconomy,institutionalist,true,53,0.012306
boundaryFocused,targeted:realist|criticalPoliticalEconomy,answer,family,criticalPoliticalEconomy,realist,true,409,0.094962
boundaryFocused,targeted:realist|criticalPoliticalEconomy,answer,family,institutionalist,constructivist,true,8,0.001857
boundaryFocused,targeted:realist|criticalPoliticalEconomy,answer,family,institutionalist,criticalPoliticalEconomy,true,65,0.015092
boundaryFocused,targeted:realist|criticalPoliticalEconomy,answer,family,institutionalist,institutionalist,false,113,0.026236
boundaryFocused,targeted:realist|criticalPoliticalEconomy,answer,family,institutionalist,realist,true,14,0.003251
boundaryFocused,targeted:realist|criticalPoliticalEconomy,answer,family,realist,constructivist,true,52,0.012073
boundaryFocused,targeted:realist|criticalPoliticalEconomy,answer,family,realist,criticalPoliticalEconomy,true,648,0.150453
boundaryFocused,targeted:realist|criticalPoliticalEconomy,answer,family,realist,institutionalist,true,43,0.009984
boundaryFocused,targeted:realist|criticalPoliticalEconomy,answer,family,realist,realist,false,1408,0.32691
boundaryFocused,targeted:realist|criticalPoliticalEconomy,answer,full-archetype,M-,M-,false,33,0.007662
boundaryFocused,targeted:realist|criticalPoliticalEconomy,answer,full-archetype,M-,M/S-,true,19,0.004411
boundaryFocused,targeted:realist|criticalPoliticalEconomy,answer,full-archetype,M-,P-,true,1,0.000232
boundaryFocused,targeted:realist|criticalPoliticalEconomy,answer,full-archetype,M-,P/S-,true,1,0.000232
boundaryFocused,targeted:realist|criticalPoliticalEconomy,answer,full-archetype,M-,P/S+,true,1,0.000232
boundaryFocused,targeted:realist|criticalPoliticalEconomy,answer,full-archetype,M-,R/S-,true,1,0.000232
boundaryFocused,targeted:realist|criticalPoliticalEconomy,answer,full-archetype,M-,S-,true,9,0.00209
boundaryFocused,targeted:realist|criticalPoliticalEconomy,answer,full-archetype,M/S-,M-,true,74,0.017181
boundaryFocused,targeted:realist|criticalPoliticalEconomy,answer,full-archetype,M/S-,M/S-,false,102,0.023682
boundaryFocused,targeted:realist|criticalPoliticalEconomy,answer,full-archetype,M/S-,P-,true,4,0.000929
boundaryFocused,targeted:realist|criticalPoliticalEconomy,answer,full-archetype,M/S-,P/M-,true,3,0.000697
boundaryFocused,targeted:realist|criticalPoliticalEconomy,answer,full-archetype,M/S-,P/S-,true,11,0.002554
boundaryFocused,targeted:realist|criticalPoliticalEconomy,answer,full-archetype,M/S-,P+,true,1,0.000232
boundaryFocused,targeted:realist|criticalPoliticalEconomy,answer,full-archetype,M/S-,R-,true,3,0.000697
boundaryFocused,targeted:realist|criticalPoliticalEconomy,answer,full-archetype,M/S-,R/M-,true,5,0.001161
boundaryFocused,targeted:realist|criticalPoliticalEconomy,answer,full-archetype,M/S-,R/S-,true,4,0.000929
boundaryFocused,targeted:realist|criticalPoliticalEconomy,answer,full-archetype,M/S-,S-,true,62,0.014395
boundaryFocused,targeted:realist|criticalPoliticalEconomy,answer,full-archetype,P-,P-,false,31,0.007198
boundaryFocused,targeted:realist|criticalPoliticalEconomy,answer,full-archetype,P-,P/S-,true,27,0.006269
boundaryFocused,targeted:realist|criticalPoliticalEconomy,answer,full-archetype,P-,P+,true,8,0.001857
boundaryFocused,targeted:realist|criticalPoliticalEconomy,answer,full-archetype,P-,S-,true,3,0.000697
boundaryFocused,targeted:realist|criticalPoliticalEconomy,answer,full-archetype,P/M-,M-,true,12,0.002786
boundaryFocused,targeted:realist|criticalPoliticalEconomy,answer,full-archetype,P/M-,M/S-,true,4,0.000929
boundaryFocused,targeted:realist|criticalPoliticalEconomy,answer,full-archetype,P/M-,P-,true,10,0.002322
boundaryFocused,targeted:realist|criticalPoliticalEconomy,answer,full-archetype,P/M-,P/M-,false,21,0.004876
boundaryFocused,targeted:realist|criticalPoliticalEconomy,answer,full-archetype,P/M-,P/M+,true,1,0.000232
boundaryFocused,targeted:realist|criticalPoliticalEconomy,answer,full-archetype,P/M-,P/S-,true,9,0.00209
boundaryFocused,targeted:realist|criticalPoliticalEconomy,answer,full-archetype,P/M-,P+,true,2,0.000464
boundaryFocused,targeted:realist|criticalPoliticalEconomy,answer,full-archetype,P/M-,R-,true,1,0.000232
boundaryFocused,targeted:realist|criticalPoliticalEconomy,answer,full-archetype,P/M-,S-,true,6,0.001393
boundaryFocused,targeted:realist|criticalPoliticalEconomy,answer,full-archetype,P/M+,M/S+,true,1,0.000232
boundaryFocused,targeted:realist|criticalPoliticalEconomy,answer,full-archetype,P/M+,M+,true,12,0.002786
boundaryFocused,targeted:realist|criticalPoliticalEconomy,answer,full-archetype,P/M+,P/M+,false,36,0.008358
boundaryFocused,targeted:realist|criticalPoliticalEconomy,answer,full-archetype,P/M+,P/S+,true,2,0.000464
boundaryFocused,targeted:realist|criticalPoliticalEconomy,answer,full-archetype,P/M+,P+,true,13,0.003018
boundaryFocused,targeted:realist|criticalPoliticalEconomy,answer,full-archetype,P/M+,S+,true,4,0.000929
boundaryFocused,targeted:realist|criticalPoliticalEconomy,answer,full-archetype,P/S-,M-,true,21,0.004876
boundaryFocused,targeted:realist|criticalPoliticalEconomy,answer,full-archetype,P/S-,M/S-,true,36,0.008358
boundaryFocused,targeted:realist|criticalPoliticalEconomy,answer,full-archetype,P/S-,P-,true,298,0.06919
boundaryFocused,targeted:realist|criticalPoliticalEconomy,answer,full-archetype,P/S-,P/M-,true,26,0.006037
boundaryFocused,targeted:realist|criticalPoliticalEconomy,answer,full-archetype,P/S-,P/R-,true,11,0.002554
boundaryFocused,targeted:realist|criticalPoliticalEconomy,answer,full-archetype,P/S-,P/S-,false,672,0.156025
boundaryFocused,targeted:realist|criticalPoliticalEconomy,answer,full-archetype,P/S-,P/S+,true,14,0.003251
boundaryFocused,targeted:realist|criticalPoliticalEconomy,answer,full-archetype,P/S-,P+,true,13,0.003018
boundaryFocused,targeted:realist|criticalPoliticalEconomy,answer,full-archetype,P/S-,R-,true,15,0.003483
boundaryFocused,targeted:realist|criticalPoliticalEconomy,answer,full-archetype,P/S-,R/M-,true,3,0.000697
boundaryFocused,targeted:realist|criticalPoliticalEconomy,answer,full-archetype,P/S-,R/S-,true,6,0.001393
boundaryFocused,targeted:realist|criticalPoliticalEconomy,answer,full-archetype,P/S-,S-,true,377,0.087532
boundaryFocused,targeted:realist|criticalPoliticalEconomy,answer,full-archetype,P/S+,M/S+,true,10,0.002322
boundaryFocused,targeted:realist|criticalPoliticalEconomy,answer,full-archetype,P/S+,M+,true,3,0.000697
boundaryFocused,targeted:realist|criticalPoliticalEconomy,answer,full-archetype,P/S+,P-,true,1,0.000232
boundaryFocused,targeted:realist|criticalPoliticalEconomy,answer,full-archetype,P/S+,P/M+,true,1,0.000232
boundaryFocused,targeted:realist|criticalPoliticalEconomy,answer,full-archetype,P/S+,P/R+,true,6,0.001393
boundaryFocused,targeted:realist|criticalPoliticalEconomy,answer,full-archetype,P/S+,P/S-,true,15,0.003483
boundaryFocused,targeted:realist|criticalPoliticalEconomy,answer,full-archetype,P/S+,P/S+,false,360,0.083585
boundaryFocused,targeted:realist|criticalPoliticalEconomy,answer,full-archetype,P/S+,P+,true,239,0.055491
boundaryFocused,targeted:realist|criticalPoliticalEconomy,answer,full-archetype,P/S+,R/S+,true,1,0.000232
boundaryFocused,targeted:realist|criticalPoliticalEconomy,answer,full-archetype,P/S+,R+,true,8,0.001857
boundaryFocused,targeted:realist|criticalPoliticalEconomy,answer,full-archetype,P/S+,S-,true,36,0.008358
boundaryFocused,targeted:realist|criticalPoliticalEconomy,answer,full-archetype,P/S+,S+,true,189,0.043882
boundaryFocused,targeted:realist|criticalPoliticalEconomy,answer,full-archetype,P+,M/S+,true,2,0.000464
boundaryFocused,targeted:realist|criticalPoliticalEconomy,answer,full-archetype,P+,M+,true,7,0.001625
boundaryFocused,targeted:realist|criticalPoliticalEconomy,answer,full-archetype,P+,P-,true,23,0.00534
boundaryFocused,targeted:realist|criticalPoliticalEconomy,answer,full-archetype,P+,P/M+,true,5,0.001161
boundaryFocused,targeted:realist|criticalPoliticalEconomy,answer,full-archetype,P+,P/R-,true,1,0.000232
boundaryFocused,targeted:realist|criticalPoliticalEconomy,answer,full-archetype,P+,P/R+,true,21,0.004876
boundaryFocused,targeted:realist|criticalPoliticalEconomy,answer,full-archetype,P+,P/S-,true,8,0.001857
boundaryFocused,targeted:realist|criticalPoliticalEconomy,answer,full-archetype,P+,P/S+,true,76,0.017646
boundaryFocused,targeted:realist|criticalPoliticalEconomy,answer,full-archetype,P+,P+,false,492,0.114233
boundaryFocused,targeted:realist|criticalPoliticalEconomy,answer,full-archetype,P+,R-,true,5,0.001161
boundaryFocused,targeted:realist|criticalPoliticalEconomy,answer,full-archetype,P+,R/M+,true,4,0.000929
boundaryFocused,targeted:realist|criticalPoliticalEconomy,answer,full-archetype,P+,R+,true,6,0.001393
boundaryFocused,targeted:realist|criticalPoliticalEconomy,answer,full-archetype,P+,S-,true,3,0.000697
boundaryFocused,targeted:realist|criticalPoliticalEconomy,answer,full-archetype,P+,S+,true,18,0.004179
boundaryFocused,targeted:realist|criticalPoliticalEconomy,answer,full-archetype,R/M+,M+,true,12,0.002786
boundaryFocused,targeted:realist|criticalPoliticalEconomy,answer,full-archetype,R/M+,P/M-,true,1,0.000232
boundaryFocused,targeted:realist|criticalPoliticalEconomy,answer,full-archetype,R/M+,P/M+,true,16,0.003715
boundaryFocused,targeted:realist|criticalPoliticalEconomy,answer,full-archetype,R/M+,P/R+,true,2,0.000464
boundaryFocused,targeted:realist|criticalPoliticalEconomy,answer,full-archetype,R/M+,P+,true,10,0.002322
boundaryFocused,targeted:realist|criticalPoliticalEconomy,answer,full-archetype,R/M+,R/M-,true,7,0.001625
boundaryFocused,targeted:realist|criticalPoliticalEconomy,answer,full-archetype,R/M+,R/M+,false,16,0.003715
boundaryFocused,targeted:realist|criticalPoliticalEconomy,answer,full-archetype,R/M+,R+,true,5,0.001161
boundaryFocused,targeted:realist|criticalPoliticalEconomy,answer,full-archetype,R/S-,M/S-,true,3,0.000697
boundaryFocused,targeted:realist|criticalPoliticalEconomy,answer,full-archetype,R/S-,P-,true,7,0.001625
boundaryFocused,targeted:realist|criticalPoliticalEconomy,answer,full-archetype,R/S-,P/R-,true,3,0.000697
boundaryFocused,targeted:realist|criticalPoliticalEconomy,answer,full-archetype,R/S-,P/S-,true,6,0.001393
boundaryFocused,targeted:realist|criticalPoliticalEconomy,answer,full-archetype,R/S-,P/S+,true,1,0.000232
boundaryFocused,targeted:realist|criticalPoliticalEconomy,answer,full-archetype,R/S-,P+,true,1,0.000232
boundaryFocused,targeted:realist|criticalPoliticalEconomy,answer,full-archetype,R/S-,R-,true,48,0.011145
boundaryFocused,targeted:realist|criticalPoliticalEconomy,answer,full-archetype,R/S-,R/M-,true,13,0.003018
boundaryFocused,targeted:realist|criticalPoliticalEconomy,answer,full-archetype,R/S-,R/S-,false,85,0.019735
boundaryFocused,targeted:realist|criticalPoliticalEconomy,answer,full-archetype,R/S-,R/S+,true,4,0.000929
boundaryFocused,targeted:realist|criticalPoliticalEconomy,answer,full-archetype,R/S-,S-,true,28,0.006501
boundaryFocused,targeted:realist|criticalPoliticalEconomy,answer,full-archetype,R/S-,S+,true,1,0.000232
boundaryFocused,targeted:realist|criticalPoliticalEconomy,answer,full-archetype,R/S+,M/S+,true,2,0.000464
boundaryFocused,targeted:realist|criticalPoliticalEconomy,answer,full-archetype,R/S+,M+,true,2,0.000464
boundaryFocused,targeted:realist|criticalPoliticalEconomy,answer,full-archetype,R/S+,P/M+,true,1,0.000232
boundaryFocused,targeted:realist|criticalPoliticalEconomy,answer,full-archetype,R/S+,P/S+,true,8,0.001857
boundaryFocused,targeted:realist|criticalPoliticalEconomy,answer,full-archetype,R/S+,P+,true,3,0.000697
boundaryFocused,targeted:realist|criticalPoliticalEconomy,answer,full-archetype,R/S+,R/M+,true,2,0.000464
boundaryFocused,targeted:realist|criticalPoliticalEconomy,answer,full-archetype,R/S+,R/S-,true,2,0.000464
boundaryFocused,targeted:realist|criticalPoliticalEconomy,answer,full-archetype,R/S+,R/S+,false,27,0.006269
boundaryFocused,targeted:realist|criticalPoliticalEconomy,answer,full-archetype,R/S+,R+,true,5,0.001161
boundaryFocused,targeted:realist|criticalPoliticalEconomy,answer,full-archetype,R/S+,S+,true,16,0.003715
boundaryFocused,targeted:realist|criticalPoliticalEconomy,answer,full-archetype,S-,M-,true,2,0.000464
boundaryFocused,targeted:realist|criticalPoliticalEconomy,answer,full-archetype,S-,M/S-,true,1,0.000232
boundaryFocused,targeted:realist|criticalPoliticalEconomy,answer,full-archetype,S-,P-,true,16,0.003715
boundaryFocused,targeted:realist|criticalPoliticalEconomy,answer,full-archetype,S-,P/M-,true,3,0.000697
boundaryFocused,targeted:realist|criticalPoliticalEconomy,answer,full-archetype,S-,P/S-,true,61,0.014163
boundaryFocused,targeted:realist|criticalPoliticalEconomy,answer,full-archetype,S-,P/S+,true,2,0.000464
boundaryFocused,targeted:realist|criticalPoliticalEconomy,answer,full-archetype,S-,P+,true,2,0.000464
boundaryFocused,targeted:realist|criticalPoliticalEconomy,answer,full-archetype,S-,R-,true,11,0.002554
boundaryFocused,targeted:realist|criticalPoliticalEconomy,answer,full-archetype,S-,R/M-,true,1,0.000232
boundaryFocused,targeted:realist|criticalPoliticalEconomy,answer,full-archetype,S-,R/S-,true,16,0.003715
boundaryFocused,targeted:realist|criticalPoliticalEconomy,answer,full-archetype,S-,S-,false,83,0.019271
boundaryFocused,targeted:realist|criticalPoliticalEconomy,answer,full-archetype,S+,M/S+,true,3,0.000697
boundaryFocused,targeted:realist|criticalPoliticalEconomy,answer,full-archetype,S+,M+,true,1,0.000232
boundaryFocused,targeted:realist|criticalPoliticalEconomy,answer,full-archetype,S+,P/R+,true,1,0.000232
boundaryFocused,targeted:realist|criticalPoliticalEconomy,answer,full-archetype,S+,P/S+,true,22,0.005108
boundaryFocused,targeted:realist|criticalPoliticalEconomy,answer,full-archetype,S+,P+,true,3,0.000697
boundaryFocused,targeted:realist|criticalPoliticalEconomy,answer,full-archetype,S+,R/S-,true,1,0.000232
boundaryFocused,targeted:realist|criticalPoliticalEconomy,answer,full-archetype,S+,R/S+,true,3,0.000697
boundaryFocused,targeted:realist|criticalPoliticalEconomy,answer,full-archetype,S+,R+,true,4,0.000929
boundaryFocused,targeted:realist|criticalPoliticalEconomy,answer,full-archetype,S+,S-,true,11,0.002554
boundaryFocused,targeted:realist|criticalPoliticalEconomy,answer,full-archetype,S+,S+,false,154,0.035756
boundaryFocused,targeted:realist|criticalPoliticalEconomy,answer,posture,-,-,false,2308,0.535872
boundaryFocused,targeted:realist|criticalPoliticalEconomy,answer,posture,-,+,true,51,0.011841
boundaryFocused,targeted:realist|criticalPoliticalEconomy,answer,posture,+,-,true,114,0.026469
boundaryFocused,targeted:realist|criticalPoliticalEconomy,answer,posture,+,+,false,1834,0.425818
boundaryFocused,targeted:realist|criticalPoliticalEconomy,answer,routing,blend,blend,false,1559,0.361969
boundaryFocused,targeted:realist|criticalPoliticalEconomy,answer,routing,blend,pure,true,1542,0.358022
boundaryFocused,targeted:realist|criticalPoliticalEconomy,answer,routing,pure,blend,true,280,0.06501
boundaryFocused,targeted:realist|criticalPoliticalEconomy,answer,routing,pure,pure,false,926,0.214999
boundaryFocused,targeted:realist|criticalPoliticalEconomy,posture-dimension,family,constructivist,constructivist,false,12,0.09375
boundaryFocused,targeted:realist|criticalPoliticalEconomy,posture-dimension,family,criticalPoliticalEconomy,criticalPoliticalEconomy,false,45,0.351563
boundaryFocused,targeted:realist|criticalPoliticalEconomy,posture-dimension,family,criticalPoliticalEconomy,realist,true,1,0.007813
boundaryFocused,targeted:realist|criticalPoliticalEconomy,posture-dimension,family,institutionalist,institutionalist,false,6,0.046875
boundaryFocused,targeted:realist|criticalPoliticalEconomy,posture-dimension,family,realist,criticalPoliticalEconomy,true,2,0.015625
boundaryFocused,targeted:realist|criticalPoliticalEconomy,posture-dimension,family,realist,realist,false,62,0.484375
boundaryFocused,targeted:realist|criticalPoliticalEconomy,posture-dimension,full-archetype,M-,M-,false,2,0.015625
boundaryFocused,targeted:realist|criticalPoliticalEconomy,posture-dimension,full-archetype,M/S-,M/S-,false,8,0.0625
boundaryFocused,targeted:realist|criticalPoliticalEconomy,posture-dimension,full-archetype,P-,P-,false,1,0.007813
boundaryFocused,targeted:realist|criticalPoliticalEconomy,posture-dimension,full-archetype,P-,P/S-,true,1,0.007813
boundaryFocused,targeted:realist|criticalPoliticalEconomy,posture-dimension,full-archetype,P/M-,P/M-,false,2,0.015625
boundaryFocused,targeted:realist|criticalPoliticalEconomy,posture-dimension,full-archetype,P/M+,P/M+,false,2,0.015625
boundaryFocused,targeted:realist|criticalPoliticalEconomy,posture-dimension,full-archetype,P/S-,M/S-,true,1,0.007813
boundaryFocused,targeted:realist|criticalPoliticalEconomy,posture-dimension,full-archetype,P/S-,P/S-,false,42,0.328125
boundaryFocused,targeted:realist|criticalPoliticalEconomy,posture-dimension,full-archetype,P/S-,S-,true,1,0.007813
boundaryFocused,targeted:realist|criticalPoliticalEconomy,posture-dimension,full-archetype,P/S+,P/S+,false,23,0.179688
boundaryFocused,targeted:realist|criticalPoliticalEconomy,posture-dimension,full-archetype,P/S+,P+,true,2,0.015625
boundaryFocused,targeted:realist|criticalPoliticalEconomy,posture-dimension,full-archetype,P/S+,S+,true,1,0.007813
boundaryFocused,targeted:realist|criticalPoliticalEconomy,posture-dimension,full-archetype,P+,P/S+,true,1,0.007813
boundaryFocused,targeted:realist|criticalPoliticalEconomy,posture-dimension,full-archetype,P+,P+,false,19,0.148438
boundaryFocused,targeted:realist|criticalPoliticalEconomy,posture-dimension,full-archetype,R/M+,R/M+,false,2,0.015625
boundaryFocused,targeted:realist|criticalPoliticalEconomy,posture-dimension,full-archetype,R/S-,R/S-,false,6,0.046875
boundaryFocused,targeted:realist|criticalPoliticalEconomy,posture-dimension,full-archetype,R/S+,R/S+,false,2,0.015625
boundaryFocused,targeted:realist|criticalPoliticalEconomy,posture-dimension,full-archetype,S-,P/S-,true,1,0.007813
boundaryFocused,targeted:realist|criticalPoliticalEconomy,posture-dimension,full-archetype,S-,R/S-,true,1,0.007813
boundaryFocused,targeted:realist|criticalPoliticalEconomy,posture-dimension,full-archetype,S-,S-,false,4,0.03125
boundaryFocused,targeted:realist|criticalPoliticalEconomy,posture-dimension,full-archetype,S+,S+,false,6,0.046875
boundaryFocused,targeted:realist|criticalPoliticalEconomy,posture-dimension,posture,-,-,false,70,0.546875
boundaryFocused,targeted:realist|criticalPoliticalEconomy,posture-dimension,posture,+,+,false,58,0.453125
boundaryFocused,targeted:realist|criticalPoliticalEconomy,posture-dimension,routing,blend,blend,false,88,0.6875
boundaryFocused,targeted:realist|criticalPoliticalEconomy,posture-dimension,routing,blend,pure,true,4,0.03125
boundaryFocused,targeted:realist|criticalPoliticalEconomy,posture-dimension,routing,pure,blend,true,4,0.03125
boundaryFocused,targeted:realist|criticalPoliticalEconomy,posture-dimension,routing,pure,pure,false,32,0.25
boundaryFocused,targeted:realist|institutionalist,answer,family,constructivist,constructivist,false,369,0.085516
boundaryFocused,targeted:realist|institutionalist,answer,family,constructivist,criticalPoliticalEconomy,true,16,0.003708
boundaryFocused,targeted:realist|institutionalist,answer,family,constructivist,institutionalist,true,124,0.028737
boundaryFocused,targeted:realist|institutionalist,answer,family,constructivist,realist,true,91,0.021089
boundaryFocused,targeted:realist|institutionalist,answer,family,criticalPoliticalEconomy,constructivist,true,36,0.008343
boundaryFocused,targeted:realist|institutionalist,answer,family,criticalPoliticalEconomy,criticalPoliticalEconomy,false,217,0.05029
boundaryFocused,targeted:realist|institutionalist,answer,family,criticalPoliticalEconomy,institutionalist,true,57,0.01321
boundaryFocused,targeted:realist|institutionalist,answer,family,criticalPoliticalEconomy,realist,true,28,0.006489
boundaryFocused,targeted:realist|institutionalist,answer,family,institutionalist,constructivist,true,130,0.030127
boundaryFocused,targeted:realist|institutionalist,answer,family,institutionalist,criticalPoliticalEconomy,true,58,0.013441
boundaryFocused,targeted:realist|institutionalist,answer,family,institutionalist,institutionalist,false,1130,0.261877
boundaryFocused,targeted:realist|institutionalist,answer,family,institutionalist,realist,true,434,0.100579
boundaryFocused,targeted:realist|institutionalist,answer,family,realist,constructivist,true,61,0.014137
boundaryFocused,targeted:realist|institutionalist,answer,family,realist,criticalPoliticalEconomy,true,127,0.029432
boundaryFocused,targeted:realist|institutionalist,answer,family,realist,institutionalist,true,276,0.063963
boundaryFocused,targeted:realist|institutionalist,answer,family,realist,realist,false,1161,0.269061
boundaryFocused,targeted:realist|institutionalist,answer,full-archetype,M/S-,M-,true,10,0.002317
boundaryFocused,targeted:realist|institutionalist,answer,full-archetype,M/S-,M/S-,false,30,0.006952
boundaryFocused,targeted:realist|institutionalist,answer,full-archetype,M/S-,M/S+,true,2,0.000463
boundaryFocused,targeted:realist|institutionalist,answer,full-archetype,M/S-,P-,true,2,0.000463
boundaryFocused,targeted:realist|institutionalist,answer,full-archetype,M/S-,P/S-,true,3,0.000695
boundaryFocused,targeted:realist|institutionalist,answer,full-archetype,M/S-,R/M-,true,2,0.000463
boundaryFocused,targeted:realist|institutionalist,answer,full-archetype,M/S-,R/S-,true,1,0.000232
boundaryFocused,targeted:realist|institutionalist,answer,full-archetype,M/S-,S-,true,16,0.003708
boundaryFocused,targeted:realist|institutionalist,answer,full-archetype,M/S-,S+,true,1,0.000232
boundaryFocused,targeted:realist|institutionalist,answer,full-archetype,M+,M-,true,7,0.001622
boundaryFocused,targeted:realist|institutionalist,answer,full-archetype,M+,M+,false,44,0.010197
boundaryFocused,targeted:realist|institutionalist,answer,full-archetype,M+,P/M+,true,1,0.000232
boundaryFocused,targeted:realist|institutionalist,answer,full-archetype,M+,P/R+,true,2,0.000463
boundaryFocused,targeted:realist|institutionalist,answer,full-archetype,M+,P+,true,2,0.000463
boundaryFocused,targeted:realist|institutionalist,answer,full-archetype,M+,R/M+,true,7,0.001622
boundaryFocused,targeted:realist|institutionalist,answer,full-archetype,M+,R+,true,2,0.000463
boundaryFocused,targeted:realist|institutionalist,answer,full-archetype,P-,P-,false,220,0.050985
boundaryFocused,targeted:realist|institutionalist,answer,full-archetype,P-,P/R-,true,22,0.005098
boundaryFocused,targeted:realist|institutionalist,answer,full-archetype,P-,P/S-,true,5,0.001159
boundaryFocused,targeted:realist|institutionalist,answer,full-archetype,P-,P+,true,12,0.002781
boundaryFocused,targeted:realist|institutionalist,answer,full-archetype,P-,R-,true,12,0.002781
boundaryFocused,targeted:realist|institutionalist,answer,full-archetype,P-,R/M-,true,1,0.000232
boundaryFocused,targeted:realist|institutionalist,answer,full-archetype,P-,R/S-,true,1,0.000232
boundaryFocused,targeted:realist|institutionalist,answer,full-archetype,P-,S-,true,1,0.000232
boundaryFocused,targeted:realist|institutionalist,answer,full-archetype,P/M-,M-,true,46,0.01066
boundaryFocused,targeted:realist|institutionalist,answer,full-archetype,P/M-,M/S-,true,13,0.003013
boundaryFocused,targeted:realist|institutionalist,answer,full-archetype,P/M-,P-,true,30,0.006952
boundaryFocused,targeted:realist|institutionalist,answer,full-archetype,P/M-,P/M-,false,66,0.015295
boundaryFocused,targeted:realist|institutionalist,answer,full-archetype,P/M-,P/M+,true,1,0.000232
boundaryFocused,targeted:realist|institutionalist,answer,full-archetype,P/M-,P/R-,true,8,0.001854
boundaryFocused,targeted:realist|institutionalist,answer,full-archetype,P/M-,P/S-,true,9,0.002086
boundaryFocused,targeted:realist|institutionalist,answer,full-archetype,P/M-,P+,true,2,0.000463
boundaryFocused,targeted:realist|institutionalist,answer,full-archetype,P/M-,R-,true,6,0.00139
boundaryFocused,targeted:realist|institutionalist,answer,full-archetype,P/M-,R/M-,true,14,0.003244
boundaryFocused,targeted:realist|institutionalist,answer,full-archetype,P/M-,S-,true,4,0.000927
boundaryFocused,targeted:realist|institutionalist,answer,full-archetype,P/M+,M-,true,2,0.000463
boundaryFocused,targeted:realist|institutionalist,answer,full-archetype,P/M+,M+,true,26,0.006025
boundaryFocused,targeted:realist|institutionalist,answer,full-archetype,P/M+,P/M+,false,29,0.006721
boundaryFocused,targeted:realist|institutionalist,answer,full-archetype,P/M+,P/R+,true,1,0.000232
boundaryFocused,targeted:realist|institutionalist,answer,full-archetype,P/M+,P/S+,true,1,0.000232
boundaryFocused,targeted:realist|institutionalist,answer,full-archetype,P/M+,P+,true,9,0.002086
boundaryFocused,targeted:realist|institutionalist,answer,full-archetype,P/M+,R/M+,true,2,0.000463
boundaryFocused,targeted:realist|institutionalist,answer,full-archetype,P/R-,M-,true,24,0.005562
boundaryFocused,targeted:realist|institutionalist,answer,full-archetype,P/R-,M/S-,true,7,0.001622
boundaryFocused,targeted:realist|institutionalist,answer,full-archetype,P/R-,P-,true,209,0.048436
boundaryFocused,targeted:realist|institutionalist,answer,full-archetype,P/R-,P/M-,true,6,0.00139
boundaryFocused,targeted:realist|institutionalist,answer,full-archetype,P/R-,P/R-,false,358,0.082966
boundaryFocused,targeted:realist|institutionalist,answer,full-archetype,P/R-,P/R+,true,4,0.000927
boundaryFocused,targeted:realist|institutionalist,answer,full-archetype,P/R-,P/S-,true,36,0.008343
boundaryFocused,targeted:realist|institutionalist,answer,full-archetype,P/R-,P+,true,6,0.00139
boundaryFocused,targeted:realist|institutionalist,answer,full-archetype,P/R-,R-,true,180,0.041715
boundaryFocused,targeted:realist|institutionalist,answer,full-archetype,P/R-,R/M-,true,19,0.004403
boundaryFocused,targeted:realist|institutionalist,answer,full-archetype,P/R-,R/S-,true,25,0.005794
boundaryFocused,targeted:realist|institutionalist,answer,full-archetype,P/R-,S-,true,5,0.001159
boundaryFocused,targeted:realist|institutionalist,answer,full-archetype,P/R+,M+,true,17,0.00394
boundaryFocused,targeted:realist|institutionalist,answer,full-archetype,P/R+,P/M+,true,15,0.003476
boundaryFocused,targeted:realist|institutionalist,answer,full-archetype,P/R+,P/R-,true,14,0.003244
boundaryFocused,targeted:realist|institutionalist,answer,full-archetype,P/R+,P/R+,false,246,0.05701
boundaryFocused,targeted:realist|institutionalist,answer,full-archetype,P/R+,P/S+,true,3,0.000695
boundaryFocused,targeted:realist|institutionalist,answer,full-archetype,P/R+,P+,true,143,0.03314
boundaryFocused,targeted:realist|institutionalist,answer,full-archetype,P/R+,R-,true,23,0.00533
boundaryFocused,targeted:realist|institutionalist,answer,full-archetype,P/R+,R/M-,true,1,0.000232
boundaryFocused,targeted:realist|institutionalist,answer,full-archetype,P/R+,R/M+,true,40,0.00927
boundaryFocused,targeted:realist|institutionalist,answer,full-archetype,P/R+,R/S+,true,1,0.000232
boundaryFocused,targeted:realist|institutionalist,answer,full-archetype,P/R+,R+,true,100,0.023175
boundaryFocused,targeted:realist|institutionalist,answer,full-archetype,P/R+,S+,true,1,0.000232
boundaryFocused,targeted:realist|institutionalist,answer,full-archetype,P/S-,M-,true,1,0.000232
boundaryFocused,targeted:realist|institutionalist,answer,full-archetype,P/S-,P-,true,9,0.002086
boundaryFocused,targeted:realist|institutionalist,answer,full-archetype,P/S-,P/R-,true,2,0.000463
boundaryFocused,targeted:realist|institutionalist,answer,full-archetype,P/S-,P/S-,false,35,0.008111
boundaryFocused,targeted:realist|institutionalist,answer,full-archetype,P/S-,R-,true,6,0.00139
boundaryFocused,targeted:realist|institutionalist,answer,full-archetype,P/S-,R/S-,true,6,0.00139
boundaryFocused,targeted:realist|institutionalist,answer,full-archetype,P/S-,S-,true,8,0.001854
boundaryFocused,targeted:realist|institutionalist,answer,full-archetype,P/S+,M/S+,true,2,0.000463
boundaryFocused,targeted:realist|institutionalist,answer,full-archetype,P/S+,M+,true,3,0.000695
boundaryFocused,targeted:realist|institutionalist,answer,full-archetype,P/S+,P/M+,true,1,0.000232
boundaryFocused,targeted:realist|institutionalist,answer,full-archetype,P/S+,P/R+,true,7,0.001622
boundaryFocused,targeted:realist|institutionalist,answer,full-archetype,P/S+,P/S+,false,54,0.012514
boundaryFocused,targeted:realist|institutionalist,answer,full-archetype,P/S+,P+,true,30,0.006952
boundaryFocused,targeted:realist|institutionalist,answer,full-archetype,P/S+,R/M+,true,2,0.000463
boundaryFocused,targeted:realist|institutionalist,answer,full-archetype,P/S+,R/S+,true,14,0.003244
boundaryFocused,targeted:realist|institutionalist,answer,full-archetype,P/S+,R+,true,6,0.00139
boundaryFocused,targeted:realist|institutionalist,answer,full-archetype,P/S+,S+,true,10,0.002317
boundaryFocused,targeted:realist|institutionalist,answer,full-archetype,P+,M-,true,2,0.000463
boundaryFocused,targeted:realist|institutionalist,answer,full-archetype,P+,M/S+,true,1,0.000232
boundaryFocused,targeted:realist|institutionalist,answer,full-archetype,P+,M+,true,9,0.002086
boundaryFocused,targeted:realist|institutionalist,answer,full-archetype,P+,P-,true,31,0.007184
boundaryFocused,targeted:realist|institutionalist,answer,full-archetype,P+,P/M-,true,4,0.000927
boundaryFocused,targeted:realist|institutionalist,answer,full-archetype,P+,P/M+,true,12,0.002781
boundaryFocused,targeted:realist|institutionalist,answer,full-archetype,P+,P/R-,true,2,0.000463
boundaryFocused,targeted:realist|institutionalist,answer,full-archetype,P+,P/R+,true,5,0.001159
boundaryFocused,targeted:realist|institutionalist,answer,full-archetype,P+,P/S-,true,3,0.000695
boundaryFocused,targeted:realist|institutionalist,answer,full-archetype,P+,P/S+,true,36,0.008343
boundaryFocused,targeted:realist|institutionalist,answer,full-archetype,P+,P+,false,354,0.082039
boundaryFocused,targeted:realist|institutionalist,answer,full-archetype,P+,R/M-,true,1,0.000232
boundaryFocused,targeted:realist|institutionalist,answer,full-archetype,P+,R/M+,true,3,0.000695
boundaryFocused,targeted:realist|institutionalist,answer,full-archetype,P+,R/S+,true,1,0.000232
boundaryFocused,targeted:realist|institutionalist,answer,full-archetype,P+,R+,true,5,0.001159
boundaryFocused,targeted:realist|institutionalist,answer,full-archetype,P+,S+,true,10,0.002317
boundaryFocused,targeted:realist|institutionalist,answer,full-archetype,R-,M-,true,4,0.000927
boundaryFocused,targeted:realist|institutionalist,answer,full-archetype,R-,M/S-,true,2,0.000463
boundaryFocused,targeted:realist|institutionalist,answer,full-archetype,R-,P-,true,17,0.00394
boundaryFocused,targeted:realist|institutionalist,answer,full-archetype,R-,P/R-,true,48,0.011124
boundaryFocused,targeted:realist|institutionalist,answer,full-archetype,R-,P/R+,true,1,0.000232
boundaryFocused,targeted:realist|institutionalist,answer,full-archetype,R-,P/S-,true,3,0.000695
boundaryFocused,targeted:realist|institutionalist,answer,full-archetype,R-,P+,true,2,0.000463
boundaryFocused,targeted:realist|institutionalist,answer,full-archetype,R-,R-,false,194,0.044959
boundaryFocused,targeted:realist|institutionalist,answer,full-archetype,R-,R/M-,true,49,0.011356
boundaryFocused,targeted:realist|institutionalist,answer,full-archetype,R-,R/M+,true,2,0.000463
boundaryFocused,targeted:realist|institutionalist,answer,full-archetype,R-,R/S-,true,4,0.000927
boundaryFocused,targeted:realist|institutionalist,answer,full-archetype,R-,R/S+,true,1,0.000232
boundaryFocused,targeted:realist|institutionalist,answer,full-archetype,R-,R+,true,8,0.001854
boundaryFocused,targeted:realist|institutionalist,answer,full-archetype,R/M-,M-,true,46,0.01066
boundaryFocused,targeted:realist|institutionalist,answer,full-archetype,R/M-,M/S-,true,1,0.000232
boundaryFocused,targeted:realist|institutionalist,answer,full-archetype,R/M-,M+,true,3,0.000695
boundaryFocused,targeted:realist|institutionalist,answer,full-archetype,R/M-,P-,true,3,0.000695
boundaryFocused,targeted:realist|institutionalist,answer,full-archetype,R/M-,P/R-,true,1,0.000232
boundaryFocused,targeted:realist|institutionalist,answer,full-archetype,R/M-,P/S-,true,1,0.000232
boundaryFocused,targeted:realist|institutionalist,answer,full-archetype,R/M-,R-,true,54,0.012514
boundaryFocused,targeted:realist|institutionalist,answer,full-archetype,R/M-,R/M-,false,216,0.050058
boundaryFocused,targeted:realist|institutionalist,answer,full-archetype,R/M-,R/M+,true,4,0.000927
boundaryFocused,targeted:realist|institutionalist,answer,full-archetype,R/M-,R/S-,true,3,0.000695
boundaryFocused,targeted:realist|institutionalist,answer,full-archetype,R/M-,R+,true,2,0.000463
boundaryFocused,targeted:realist|institutionalist,answer,full-archetype,R/M+,M+,true,11,0.002549
boundaryFocused,targeted:realist|institutionalist,answer,full-archetype,R/M+,P/R+,true,3,0.000695
boundaryFocused,targeted:realist|institutionalist,answer,full-archetype,R/M+,P+,true,2,0.000463
boundaryFocused,targeted:realist|institutionalist,answer,full-archetype,R/M+,R/M-,true,4,0.000927
boundaryFocused,targeted:realist|institutionalist,answer,full-archetype,R/M+,R/M+,false,41,0.009502
boundaryFocused,targeted:realist|institutionalist,answer,full-archetype,R/M+,R+,true,6,0.00139
boundaryFocused,targeted:realist|institutionalist,answer,full-archetype,R/S-,M/S-,true,1,0.000232
boundaryFocused,targeted:realist|institutionalist,answer,full-archetype,R/S-,P-,true,3,0.000695
boundaryFocused,targeted:realist|institutionalist,answer,full-archetype,R/S-,P/R-,true,2,0.000463
boundaryFocused,targeted:realist|institutionalist,answer,full-archetype,R/S-,P/S-,true,7,0.001622
boundaryFocused,targeted:realist|institutionalist,answer,full-archetype,R/S-,P/S+,true,2,0.000463
boundaryFocused,targeted:realist|institutionalist,answer,full-archetype,R/S-,R-,true,10,0.002317
boundaryFocused,targeted:realist|institutionalist,answer,full-archetype,R/S-,R/S-,false,30,0.006952
boundaryFocused,targeted:realist|institutionalist,answer,full-archetype,R/S-,S-,true,10,0.002317
boundaryFocused,targeted:realist|institutionalist,answer,full-archetype,R/S+,M/S+,true,1,0.000232
boundaryFocused,targeted:realist|institutionalist,answer,full-archetype,R/S+,M+,true,7,0.001622
boundaryFocused,targeted:realist|institutionalist,answer,full-archetype,R/S+,P/R+,true,2,0.000463
boundaryFocused,targeted:realist|institutionalist,answer,full-archetype,R/S+,P/S+,true,8,0.001854
boundaryFocused,targeted:realist|institutionalist,answer,full-archetype,R/S+,P+,true,11,0.002549
boundaryFocused,targeted:realist|institutionalist,answer,full-archetype,R/S+,R-,true,2,0.000463
boundaryFocused,targeted:realist|institutionalist,answer,full-archetype,R/S+,R/M-,true,1,0.000232
boundaryFocused,targeted:realist|institutionalist,answer,full-archetype,R/S+,R/M+,true,18,0.004171
boundaryFocused,targeted:realist|institutionalist,answer,full-archetype,R/S+,R/S-,true,6,0.00139
boundaryFocused,targeted:realist|institutionalist,answer,full-archetype,R/S+,R/S+,false,132,0.030591
boundaryFocused,targeted:realist|institutionalist,answer,full-archetype,R/S+,R+,true,33,0.007648
boundaryFocused,targeted:realist|institutionalist,answer,full-archetype,R/S+,S+,true,52,0.012051
boundaryFocused,targeted:realist|institutionalist,answer,full-archetype,R+,M+,true,5,0.001159
boundaryFocused,targeted:realist|institutionalist,answer,full-archetype,R+,P/R-,true,1,0.000232
boundaryFocused,targeted:realist|institutionalist,answer,full-archetype,R+,P/R+,true,70,0.016222
boundaryFocused,targeted:realist|institutionalist,answer,full-archetype,R+,P+,true,28,0.006489
boundaryFocused,targeted:realist|institutionalist,answer,full-archetype,R+,R-,true,27,0.006257
boundaryFocused,targeted:realist|institutionalist,answer,full-archetype,R+,R/M+,true,23,0.00533
boundaryFocused,targeted:realist|institutionalist,answer,full-archetype,R+,R+,false,186,0.043105
boundaryFocused,targeted:realist|institutionalist,answer,full-archetype,S-,M-,true,4,0.000927
boundaryFocused,targeted:realist|institutionalist,answer,full-archetype,S-,M/S-,true,15,0.003476
boundaryFocused,targeted:realist|institutionalist,answer,full-archetype,S-,P-,true,4,0.000927
boundaryFocused,targeted:realist|institutionalist,answer,full-archetype,S-,P/M-,true,1,0.000232
boundaryFocused,targeted:realist|institutionalist,answer,full-archetype,S-,P/R-,true,2,0.000463
boundaryFocused,targeted:realist|institutionalist,answer,full-archetype,S-,P/S-,true,10,0.002317
boundaryFocused,targeted:realist|institutionalist,answer,full-archetype,S-,R-,true,2,0.000463
boundaryFocused,targeted:realist|institutionalist,answer,full-archetype,S-,R/M-,true,2,0.000463
boundaryFocused,targeted:realist|institutionalist,answer,full-archetype,S-,R/S-,true,1,0.000232
boundaryFocused,targeted:realist|institutionalist,answer,full-archetype,S-,S-,false,27,0.006257
boundaryFocused,targeted:realist|institutionalist,answer,posture,-,-,false,2235,0.517961
boundaryFocused,targeted:realist|institutionalist,answer,posture,-,+,true,53,0.012283
boundaryFocused,targeted:realist|institutionalist,answer,posture,+,-,true,131,0.030359
boundaryFocused,targeted:realist|institutionalist,answer,posture,+,+,false,1896,0.439397
boundaryFocused,targeted:realist|institutionalist,answer,routing,blend,blend,false,1564,0.362457
boundaryFocused,targeted:realist|institutionalist,answer,routing,blend,pure,true,1190,0.275782
boundaryFocused,targeted:realist|institutionalist,answer,routing,pure,blend,true,342,0.079258
boundaryFocused,targeted:realist|institutionalist,answer,routing,pure,pure,false,1219,0.282503
boundaryFocused,targeted:realist|institutionalist,posture-dimension,family,constructivist,constructivist,false,18,0.140625
boundaryFocused,targeted:realist|institutionalist,posture-dimension,family,criticalPoliticalEconomy,criticalPoliticalEconomy,false,10,0.078125
boundaryFocused,targeted:realist|institutionalist,posture-dimension,family,institutionalist,institutionalist,false,50,0.390625
boundaryFocused,targeted:realist|institutionalist,posture-dimension,family,institutionalist,realist,true,2,0.015625
boundaryFocused,targeted:realist|institutionalist,posture-dimension,family,realist,institutionalist,true,1,0.007813
boundaryFocused,targeted:realist|institutionalist,posture-dimension,family,realist,realist,false,47,0.367188
boundaryFocused,targeted:realist|institutionalist,posture-dimension,full-archetype,M/S-,M/S-,false,2,0.015625
boundaryFocused,targeted:realist|institutionalist,posture-dimension,full-archetype,M+,M+,false,2,0.015625
boundaryFocused,targeted:realist|institutionalist,posture-dimension,full-archetype,P-,P-,false,8,0.0625
boundaryFocused,targeted:realist|institutionalist,posture-dimension,full-archetype,P/M-,M-,true,1,0.007813
boundaryFocused,targeted:realist|institutionalist,posture-dimension,full-archetype,P/M-,P/M-,false,5,0.039063
boundaryFocused,targeted:realist|institutionalist,posture-dimension,full-archetype,P/M+,P/M+,false,2,0.015625
boundaryFocused,targeted:realist|institutionalist,posture-dimension,full-archetype,P/R-,P-,true,1,0.007813
boundaryFocused,targeted:realist|institutionalist,posture-dimension,full-archetype,P/R-,P/R-,false,25,0.195313
boundaryFocused,targeted:realist|institutionalist,posture-dimension,full-archetype,P/R+,P/R+,false,18,0.140625
boundaryFocused,targeted:realist|institutionalist,posture-dimension,full-archetype,P/S-,P/S-,false,2,0.015625
boundaryFocused,targeted:realist|institutionalist,posture-dimension,full-archetype,P/S+,P/S+,false,4,0.03125
boundaryFocused,targeted:realist|institutionalist,posture-dimension,full-archetype,P+,P-,true,2,0.015625
boundaryFocused,targeted:realist|institutionalist,posture-dimension,full-archetype,P+,P+,false,12,0.09375
boundaryFocused,targeted:realist|institutionalist,posture-dimension,full-archetype,R-,P/R-,true,1,0.007813
boundaryFocused,targeted:realist|institutionalist,posture-dimension,full-archetype,R-,R-,false,8,0.0625
boundaryFocused,targeted:realist|institutionalist,posture-dimension,full-archetype,R-,R+,true,1,0.007813
boundaryFocused,targeted:realist|institutionalist,posture-dimension,full-archetype,R/M-,R/M-,false,10,0.078125
boundaryFocused,targeted:realist|institutionalist,posture-dimension,full-archetype,R/M+,R/M+,false,2,0.015625
boundaryFocused,targeted:realist|institutionalist,posture-dimension,full-archetype,R/S-,R/S-,false,2,0.015625
boundaryFocused,targeted:realist|institutionalist,posture-dimension,full-archetype,R/S+,R/S+,false,8,0.0625
boundaryFocused,targeted:realist|institutionalist,posture-dimension,full-archetype,R+,P/R+,true,1,0.007813
boundaryFocused,targeted:realist|institutionalist,posture-dimension,full-archetype,R+,R-,true,2,0.015625
boundaryFocused,targeted:realist|institutionalist,posture-dimension,full-archetype,R+,R+,false,7,0.054688
boundaryFocused,targeted:realist|institutionalist,posture-dimension,full-archetype,S-,S-,false,2,0.015625
boundaryFocused,targeted:realist|institutionalist,posture-dimension,posture,-,-,false,67,0.523438
boundaryFocused,targeted:realist|institutionalist,posture-dimension,posture,-,+,true,1,0.007813
boundaryFocused,targeted:realist|institutionalist,posture-dimension,posture,+,-,true,4,0.03125
boundaryFocused,targeted:realist|institutionalist,posture-dimension,posture,+,+,false,56,0.4375
boundaryFocused,targeted:realist|institutionalist,posture-dimension,routing,blend,blend,false,80,0.625
boundaryFocused,targeted:realist|institutionalist,posture-dimension,routing,blend,pure,true,2,0.015625
boundaryFocused,targeted:realist|institutionalist,posture-dimension,routing,pure,blend,true,2,0.015625
boundaryFocused,targeted:realist|institutionalist,posture-dimension,routing,pure,pure,false,44,0.34375
calibratedSynthetic,core,answer,family,constructivist,constructivist,false,3447,0.261196
calibratedSynthetic,core,answer,family,constructivist,institutionalist,true,23,0.001743
calibratedSynthetic,core,answer,family,constructivist,realist,true,2,0.000152
calibratedSynthetic,core,answer,family,criticalPoliticalEconomy,criticalPoliticalEconomy,false,3293,0.249526
calibratedSynthetic,core,answer,family,institutionalist,constructivist,true,82,0.006214
calibratedSynthetic,core,answer,family,institutionalist,criticalPoliticalEconomy,true,17,0.001288
calibratedSynthetic,core,answer,family,institutionalist,institutionalist,false,3032,0.229749
calibratedSynthetic,core,answer,family,realist,realist,false,3301,0.250133
calibratedSynthetic,core,answer,full-archetype,M-,M-,false,2747,0.208153
calibratedSynthetic,core,answer,full-archetype,M-,M/S-,true,1,0.000076
calibratedSynthetic,core,answer,full-archetype,M-,M+,true,66,0.005001
calibratedSynthetic,core,answer,full-archetype,M-,R-,true,8,0.000606
calibratedSynthetic,core,answer,full-archetype,M-,R/M-,true,41,0.003107
calibratedSynthetic,core,answer,full-archetype,M+,M-,true,22,0.001667
calibratedSynthetic,core,answer,full-archetype,M+,M/S+,true,15,0.001137
calibratedSynthetic,core,answer,full-archetype,M+,M+,false,494,0.037433
calibratedSynthetic,core,answer,full-archetype,M+,P/M+,true,6,0.000455
calibratedSynthetic,core,answer,full-archetype,M+,P+,true,2,0.000152
calibratedSynthetic,core,answer,full-archetype,M+,R/M+,true,13,0.000985
calibratedSynthetic,core,answer,full-archetype,M+,R+,true,1,0.000076
calibratedSynthetic,core,answer,full-archetype,P-,P-,false,102,0.007729
calibratedSynthetic,core,answer,full-archetype,P-,P+,true,8,0.000606
calibratedSynthetic,core,answer,full-archetype,P+,P-,true,10,0.000758
calibratedSynthetic,core,answer,full-archetype,P+,P+,false,3181,0.24104
calibratedSynthetic,core,answer,full-archetype,R-,M-,true,1,0.000076
calibratedSynthetic,core,answer,full-archetype,R-,R-,false,2219,0.168144
calibratedSynthetic,core,answer,full-archetype,R-,R/M-,true,107,0.008108
calibratedSynthetic,core,answer,full-archetype,R-,R/S-,true,21,0.001591
calibratedSynthetic,core,answer,full-archetype,R-,R+,true,14,0.001061
calibratedSynthetic,core,answer,full-archetype,R/M-,M-,true,27,0.002046
calibratedSynthetic,core,answer,full-archetype,R/M-,M/S-,true,1,0.000076
calibratedSynthetic,core,answer,full-archetype,R/M-,R-,true,77,0.005835
calibratedSynthetic,core,answer,full-archetype,R/M-,R/M-,false,377,0.028567
calibratedSynthetic,core,answer,full-archetype,R/M-,R/M+,true,4,0.000303
calibratedSynthetic,core,answer,full-archetype,R/M-,R/S-,true,8,0.000606
calibratedSynthetic,core,answer,full-archetype,R/M-,S-,true,1,0.000076
calibratedSynthetic,core,answer,full-archetype,R/S-,R-,true,17,0.001288
calibratedSynthetic,core,answer,full-archetype,R/S-,R/S-,false,35,0.002652
calibratedSynthetic,core,answer,full-archetype,R/S-,S-,true,3,0.000227
calibratedSynthetic,core,answer,full-archetype,R+,R-,true,6,0.000455
calibratedSynthetic,core,answer,full-archetype,R+,R/M+,true,2,0.000152
calibratedSynthetic,core,answer,full-archetype,R+,R/S+,true,5,0.000379
calibratedSynthetic,core,answer,full-archetype,R+,R+,false,262,0.019853
calibratedSynthetic,core,answer,full-archetype,S-,S-,false,1775,0.1345
calibratedSynthetic,core,answer,full-archetype,S-,S+,true,88,0.006668
calibratedSynthetic,core,answer,full-archetype,S+,M/S+,true,1,0.000076
calibratedSynthetic,core,answer,full-archetype,S+,S-,true,40,0.003031
calibratedSynthetic,core,answer,full-archetype,S+,S+,false,1389,0.105251
calibratedSynthetic,core,answer,posture,-,-,false,7568,0.573464
calibratedSynthetic,core,answer,posture,-,+,true,180,0.013639
calibratedSynthetic,core,answer,posture,+,-,true,78,0.00591
calibratedSynthetic,core,answer,posture,+,+,false,5371,0.406986
calibratedSynthetic,core,answer,routing,blend,blend,false,425,0.032204
calibratedSynthetic,core,answer,routing,blend,pure,true,125,0.009472
calibratedSynthetic,core,answer,routing,pure,blend,true,212,0.016064
calibratedSynthetic,core,answer,routing,pure,pure,false,12435,0.94226
calibratedSynthetic,core,posture-dimension,family,constructivist,constructivist,false,126,0.2625
calibratedSynthetic,core,posture-dimension,family,criticalPoliticalEconomy,criticalPoliticalEconomy,false,120,0.25
calibratedSynthetic,core,posture-dimension,family,institutionalist,institutionalist,false,114,0.2375
calibratedSynthetic,core,posture-dimension,family,realist,realist,false,120,0.25
calibratedSynthetic,core,posture-dimension,full-archetype,M-,M-,false,104,0.216667
calibratedSynthetic,core,posture-dimension,full-archetype,M+,M-,true,9,0.01875
calibratedSynthetic,core,posture-dimension,full-archetype,M+,M+,false,11,0.022917
calibratedSynthetic,core,posture-dimension,full-archetype,P-,P-,false,4,0.008333
calibratedSynthetic,core,posture-dimension,full-archetype,P+,P-,true,5,0.010417
calibratedSynthetic,core,posture-dimension,full-archetype,P+,P+,false,111,0.23125
calibratedSynthetic,core,posture-dimension,full-archetype,R-,R-,false,86,0.179167
calibratedSynthetic,core,posture-dimension,full-archetype,R/M-,R/M-,false,18,0.0375
calibratedSynthetic,core,posture-dimension,full-archetype,R/S-,R/S-,false,2,0.004167
calibratedSynthetic,core,posture-dimension,full-archetype,R+,R-,true,3,0.00625
calibratedSynthetic,core,posture-dimension,full-archetype,R+,R+,false,7,0.014583
calibratedSynthetic,core,posture-dimension,full-archetype,S-,S-,false,68,0.141667
calibratedSynthetic,core,posture-dimension,full-archetype,S+,S-,true,18,0.0375
calibratedSynthetic,core,posture-dimension,full-archetype,S+,S+,false,34,0.070833
calibratedSynthetic,core,posture-dimension,posture,-,-,false,282,0.5875
calibratedSynthetic,core,posture-dimension,posture,+,-,true,35,0.072917
calibratedSynthetic,core,posture-dimension,posture,+,+,false,163,0.339583
calibratedSynthetic,core,posture-dimension,routing,blend,blend,false,20,0.041667
calibratedSynthetic,core,posture-dimension,routing,pure,pure,false,460,0.958333
calibratedSynthetic,fullExtended,answer,family,constructivist,constructivist,false,7352,0.250887
calibratedSynthetic,fullExtended,answer,family,constructivist,institutionalist,true,2,0.000068
calibratedSynthetic,fullExtended,answer,family,criticalPoliticalEconomy,criticalPoliticalEconomy,false,7308,0.249386
calibratedSynthetic,fullExtended,answer,family,institutionalist,constructivist,true,43,0.001467
calibratedSynthetic,fullExtended,answer,family,institutionalist,institutionalist,false,7289,0.248737
calibratedSynthetic,fullExtended,answer,family,realist,realist,false,7310,0.249454
calibratedSynthetic,fullExtended,answer,full-archetype,M-,M-,false,7335,0.250307
calibratedSynthetic,fullExtended,answer,full-archetype,M-,M+,true,11,0.000375
calibratedSynthetic,fullExtended,answer,full-archetype,M-,R/M-,true,8,0.000273
calibratedSynthetic,fullExtended,answer,full-archetype,P+,P+,false,7310,0.249454
calibratedSynthetic,fullExtended,answer,full-archetype,R-,R-,false,7146,0.243857
calibratedSynthetic,fullExtended,answer,full-archetype,R/M-,M-,true,1,0.000034
calibratedSynthetic,fullExtended,answer,full-archetype,R/M-,R-,true,6,0.000205
calibratedSynthetic,fullExtended,answer,full-archetype,R/M-,R/M-,false,179,0.006108
calibratedSynthetic,fullExtended,answer,full-archetype,S-,S-,false,5944,0.202839
calibratedSynthetic,fullExtended,answer,full-archetype,S-,S+,true,83,0.002832
calibratedSynthetic,fullExtended,answer,full-archetype,S+,S-,true,83,0.002832
calibratedSynthetic,fullExtended,answer,full-archetype,S+,S+,false,1198,0.040882
calibratedSynthetic,fullExtended,answer,posture,-,-,false,20619,0.703624
calibratedSynthetic,fullExtended,answer,posture,-,+,true,94,0.003208
calibratedSynthetic,fullExtended,answer,posture,+,-,true,83,0.002832
calibratedSynthetic,fullExtended,answer,posture,+,+,false,8508,0.290336
calibratedSynthetic,fullExtended,answer,routing,blend,blend,false,179,0.006108
calibratedSynthetic,fullExtended,answer,routing,blend,pure,true,7,0.000239
calibratedSynthetic,fullExtended,answer,routing,pure,blend,true,8,0.000273
calibratedSynthetic,fullExtended,answer,routing,pure,pure,false,29110,0.99338
calibratedSynthetic,fullExtended,posture-dimension,family,constructivist,constructivist,false,80,0.25
calibratedSynthetic,fullExtended,posture-dimension,family,criticalPoliticalEconomy,criticalPoliticalEconomy,false,80,0.25
calibratedSynthetic,fullExtended,posture-dimension,family,institutionalist,institutionalist,false,80,0.25
calibratedSynthetic,fullExtended,posture-dimension,family,realist,realist,false,80,0.25
calibratedSynthetic,fullExtended,posture-dimension,full-archetype,M-,M-,false,80,0.25
calibratedSynthetic,fullExtended,posture-dimension,full-archetype,P+,P+,false,80,0.25
calibratedSynthetic,fullExtended,posture-dimension,full-archetype,R-,R-,false,78,0.24375
calibratedSynthetic,fullExtended,posture-dimension,full-archetype,R/M-,R/M-,false,2,0.00625
calibratedSynthetic,fullExtended,posture-dimension,full-archetype,S-,S-,false,65,0.203125
calibratedSynthetic,fullExtended,posture-dimension,full-archetype,S-,S+,true,1,0.003125
calibratedSynthetic,fullExtended,posture-dimension,full-archetype,S+,S+,false,14,0.04375
calibratedSynthetic,fullExtended,posture-dimension,posture,-,-,false,225,0.703125
calibratedSynthetic,fullExtended,posture-dimension,posture,-,+,true,1,0.003125
calibratedSynthetic,fullExtended,posture-dimension,posture,+,+,false,94,0.29375
calibratedSynthetic,fullExtended,posture-dimension,routing,blend,blend,false,2,0.00625
calibratedSynthetic,fullExtended,posture-dimension,routing,pure,pure,false,318,0.99375
calibratedSynthetic,targeted:constructivist|criticalPoliticalEconomy,answer,family,constructivist,constructivist,false,2096,0.249732
calibratedSynthetic,targeted:constructivist|criticalPoliticalEconomy,answer,family,constructivist,criticalPoliticalEconomy,true,2,0.000238
calibratedSynthetic,targeted:constructivist|criticalPoliticalEconomy,answer,family,constructivist,institutionalist,true,2,0.000238
calibratedSynthetic,targeted:constructivist|criticalPoliticalEconomy,answer,family,criticalPoliticalEconomy,criticalPoliticalEconomy,false,2090,0.249017
calibratedSynthetic,targeted:constructivist|criticalPoliticalEconomy,answer,family,institutionalist,constructivist,true,48,0.005719
calibratedSynthetic,targeted:constructivist|criticalPoliticalEconomy,answer,family,institutionalist,institutionalist,false,2049,0.244132
calibratedSynthetic,targeted:constructivist|criticalPoliticalEconomy,answer,family,realist,realist,false,2106,0.250923
calibratedSynthetic,targeted:constructivist|criticalPoliticalEconomy,answer,full-archetype,M-,M-,false,1932,0.230192
calibratedSynthetic,targeted:constructivist|criticalPoliticalEconomy,answer,full-archetype,M-,M/S-,true,4,0.000477
calibratedSynthetic,targeted:constructivist|criticalPoliticalEconomy,answer,full-archetype,M-,M+,true,21,0.002502
calibratedSynthetic,targeted:constructivist|criticalPoliticalEconomy,answer,full-archetype,M-,R-,true,2,0.000238
calibratedSynthetic,targeted:constructivist|criticalPoliticalEconomy,answer,full-archetype,M+,M-,true,20,0.002383
calibratedSynthetic,targeted:constructivist|criticalPoliticalEconomy,answer,full-archetype,M+,M+,false,121,0.014417
calibratedSynthetic,targeted:constructivist|criticalPoliticalEconomy,answer,full-archetype,P-,P-,false,63,0.007506
calibratedSynthetic,targeted:constructivist|criticalPoliticalEconomy,answer,full-archetype,P-,P+,true,7,0.000834
calibratedSynthetic,targeted:constructivist|criticalPoliticalEconomy,answer,full-archetype,P+,P-,true,11,0.001311
calibratedSynthetic,targeted:constructivist|criticalPoliticalEconomy,answer,full-archetype,P+,P/S+,true,1,0.000119
calibratedSynthetic,targeted:constructivist|criticalPoliticalEconomy,answer,full-archetype,P+,P+,false,2024,0.241153
calibratedSynthetic,targeted:constructivist|criticalPoliticalEconomy,answer,full-archetype,R-,M-,true,2,0.000238
calibratedSynthetic,targeted:constructivist|criticalPoliticalEconomy,answer,full-archetype,R-,R-,false,1863,0.221971
calibratedSynthetic,targeted:constructivist|criticalPoliticalEconomy,answer,full-archetype,R-,R/M-,true,14,0.001668
calibratedSynthetic,targeted:constructivist|criticalPoliticalEconomy,answer,full-archetype,R-,R+,true,5,0.000596
calibratedSynthetic,targeted:constructivist|criticalPoliticalEconomy,answer,full-archetype,R/M-,M-,true,16,0.001906
calibratedSynthetic,targeted:constructivist|criticalPoliticalEconomy,answer,full-archetype,R/M-,R-,true,25,0.002979
calibratedSynthetic,targeted:constructivist|criticalPoliticalEconomy,answer,full-archetype,R/M-,R/M-,false,101,0.012034
calibratedSynthetic,targeted:constructivist|criticalPoliticalEconomy,answer,full-archetype,R+,R-,true,4,0.000477
calibratedSynthetic,targeted:constructivist|criticalPoliticalEconomy,answer,full-archetype,R+,R+,false,67,0.007983
calibratedSynthetic,targeted:constructivist|criticalPoliticalEconomy,answer,full-archetype,S-,S-,false,2064,0.245919
calibratedSynthetic,targeted:constructivist|criticalPoliticalEconomy,answer,full-archetype,S-,S+,true,26,0.003098
calibratedSynthetic,targeted:constructivist|criticalPoliticalEconomy,answer,posture,-,-,false,6086,0.725128
calibratedSynthetic,targeted:constructivist|criticalPoliticalEconomy,answer,posture,-,+,true,59,0.00703
calibratedSynthetic,targeted:constructivist|criticalPoliticalEconomy,answer,posture,+,-,true,35,0.00417
calibratedSynthetic,targeted:constructivist|criticalPoliticalEconomy,answer,posture,+,+,false,2213,0.263672
calibratedSynthetic,targeted:constructivist|criticalPoliticalEconomy,answer,routing,blend,blend,false,101,0.012034
calibratedSynthetic,targeted:constructivist|criticalPoliticalEconomy,answer,routing,blend,pure,true,41,0.004885
calibratedSynthetic,targeted:constructivist|criticalPoliticalEconomy,answer,routing,pure,blend,true,19,0.002264
calibratedSynthetic,targeted:constructivist|criticalPoliticalEconomy,answer,routing,pure,pure,false,8232,0.980817
calibratedSynthetic,targeted:constructivist|criticalPoliticalEconomy,posture-dimension,family,constructivist,constructivist,false,60,0.25
calibratedSynthetic,targeted:constructivist|criticalPoliticalEconomy,posture-dimension,family,criticalPoliticalEconomy,criticalPoliticalEconomy,false,60,0.25
calibratedSynthetic,targeted:constructivist|criticalPoliticalEconomy,posture-dimension,family,institutionalist,institutionalist,false,60,0.25
calibratedSynthetic,targeted:constructivist|criticalPoliticalEconomy,posture-dimension,family,realist,realist,false,60,0.25
calibratedSynthetic,targeted:constructivist|criticalPoliticalEconomy,posture-dimension,full-archetype,M-,M-,false,55,0.229167
calibratedSynthetic,targeted:constructivist|criticalPoliticalEconomy,posture-dimension,full-archetype,M-,M+,true,1,0.004167
calibratedSynthetic,targeted:constructivist|criticalPoliticalEconomy,posture-dimension,full-archetype,M+,M+,false,4,0.016667
calibratedSynthetic,targeted:constructivist|criticalPoliticalEconomy,posture-dimension,full-archetype,P-,P-,false,2,0.008333
calibratedSynthetic,targeted:constructivist|criticalPoliticalEconomy,posture-dimension,full-archetype,P+,P+,false,58,0.241667
calibratedSynthetic,targeted:constructivist|criticalPoliticalEconomy,posture-dimension,full-archetype,R-,R-,false,54,0.225
calibratedSynthetic,targeted:constructivist|criticalPoliticalEconomy,posture-dimension,full-archetype,R/M-,R/M-,false,4,0.016667
calibratedSynthetic,targeted:constructivist|criticalPoliticalEconomy,posture-dimension,full-archetype,R+,R+,false,2,0.008333
calibratedSynthetic,targeted:constructivist|criticalPoliticalEconomy,posture-dimension,full-archetype,S-,S-,false,60,0.25
calibratedSynthetic,targeted:constructivist|criticalPoliticalEconomy,posture-dimension,posture,-,-,false,175,0.729167
calibratedSynthetic,targeted:constructivist|criticalPoliticalEconomy,posture-dimension,posture,-,+,true,1,0.004167
calibratedSynthetic,targeted:constructivist|criticalPoliticalEconomy,posture-dimension,posture,+,+,false,64,0.266667
calibratedSynthetic,targeted:constructivist|criticalPoliticalEconomy,posture-dimension,routing,blend,blend,false,4,0.016667
calibratedSynthetic,targeted:constructivist|criticalPoliticalEconomy,posture-dimension,routing,pure,pure,false,236,0.983333
calibratedSynthetic,targeted:institutionalist|constructivist,answer,family,constructivist,constructivist,false,2093,0.249315
calibratedSynthetic,targeted:institutionalist|constructivist,answer,family,constructivist,institutionalist,true,16,0.001906
calibratedSynthetic,targeted:institutionalist|constructivist,answer,family,criticalPoliticalEconomy,criticalPoliticalEconomy,false,2091,0.249077
calibratedSynthetic,targeted:institutionalist|constructivist,answer,family,institutionalist,constructivist,true,20,0.002382
calibratedSynthetic,targeted:institutionalist|constructivist,answer,family,institutionalist,institutionalist,false,2080,0.247767
calibratedSynthetic,targeted:institutionalist|constructivist,answer,family,realist,realist,false,2095,0.249553
calibratedSynthetic,targeted:institutionalist|constructivist,answer,full-archetype,M-,M-,false,2075,0.247171
calibratedSynthetic,targeted:institutionalist|constructivist,answer,full-archetype,M-,M+,true,8,0.000953
calibratedSynthetic,targeted:institutionalist|constructivist,answer,full-archetype,M-,R-,true,6,0.000715
calibratedSynthetic,targeted:institutionalist|constructivist,answer,full-archetype,M-,R/M-,true,20,0.002382
calibratedSynthetic,targeted:institutionalist|constructivist,answer,full-archetype,P+,P-,true,27,0.003216
calibratedSynthetic,targeted:institutionalist|constructivist,answer,full-archetype,P+,P+,false,2068,0.246337
calibratedSynthetic,targeted:institutionalist|constructivist,answer,full-archetype,R-,M-,true,7,0.000834
calibratedSynthetic,targeted:institutionalist|constructivist,answer,full-archetype,R-,R-,false,2049,0.244074
calibratedSynthetic,targeted:institutionalist|constructivist,answer,full-archetype,R-,R/M-,true,44,0.005241
calibratedSynthetic,targeted:institutionalist|constructivist,answer,full-archetype,S-,S-,false,1328,0.158189
calibratedSynthetic,targeted:institutionalist|constructivist,answer,full-archetype,S-,S+,true,63,0.007504
calibratedSynthetic,targeted:institutionalist|constructivist,answer,full-archetype,S+,S-,true,90,0.010721
calibratedSynthetic,targeted:institutionalist|constructivist,answer,full-archetype,S+,S+,false,610,0.072662
calibratedSynthetic,targeted:institutionalist|constructivist,answer,posture,-,-,false,5529,0.658606
calibratedSynthetic,targeted:institutionalist|constructivist,answer,posture,-,+,true,71,0.008457
calibratedSynthetic,targeted:institutionalist|constructivist,answer,posture,+,-,true,117,0.013937
calibratedSynthetic,targeted:institutionalist|constructivist,answer,posture,+,+,false,2678,0.318999
calibratedSynthetic,targeted:institutionalist|constructivist,answer,routing,pure,blend,true,64,0.007624
calibratedSynthetic,targeted:institutionalist|constructivist,answer,routing,pure,pure,false,8331,0.992376
calibratedSynthetic,targeted:institutionalist|constructivist,posture-dimension,family,constructivist,constructivist,false,60,0.25
calibratedSynthetic,targeted:institutionalist|constructivist,posture-dimension,family,criticalPoliticalEconomy,criticalPoliticalEconomy,false,60,0.25
calibratedSynthetic,targeted:institutionalist|constructivist,posture-dimension,family,institutionalist,institutionalist,false,60,0.25
calibratedSynthetic,targeted:institutionalist|constructivist,posture-dimension,family,realist,realist,false,60,0.25
calibratedSynthetic,targeted:institutionalist|constructivist,posture-dimension,full-archetype,M-,M-,false,60,0.25
calibratedSynthetic,targeted:institutionalist|constructivist,posture-dimension,full-archetype,P+,P+,false,60,0.25
calibratedSynthetic,targeted:institutionalist|constructivist,posture-dimension,full-archetype,R-,R-,false,60,0.25
calibratedSynthetic,targeted:institutionalist|constructivist,posture-dimension,full-archetype,S-,S-,false,40,0.166667
calibratedSynthetic,targeted:institutionalist|constructivist,posture-dimension,full-archetype,S+,S+,false,20,0.083333
calibratedSynthetic,targeted:institutionalist|constructivist,posture-dimension,posture,-,-,false,160,0.666667
calibratedSynthetic,targeted:institutionalist|constructivist,posture-dimension,posture,+,+,false,80,0.333333
calibratedSynthetic,targeted:institutionalist|constructivist,posture-dimension,routing,pure,pure,false,240,1
calibratedSynthetic,targeted:institutionalist|criticalPoliticalEconomy,answer,family,constructivist,constructivist,false,2097,0.250239
calibratedSynthetic,targeted:institutionalist|criticalPoliticalEconomy,answer,family,constructivist,criticalPoliticalEconomy,true,1,0.000119
calibratedSynthetic,targeted:institutionalist|criticalPoliticalEconomy,answer,family,criticalPoliticalEconomy,criticalPoliticalEconomy,false,2083,0.248568
calibratedSynthetic,targeted:institutionalist|criticalPoliticalEconomy,answer,family,institutionalist,constructivist,true,16,0.001909
calibratedSynthetic,targeted:institutionalist|criticalPoliticalEconomy,answer,family,institutionalist,institutionalist,false,2082,0.248449
calibratedSynthetic,targeted:institutionalist|criticalPoliticalEconomy,answer,family,realist,realist,false,2101,0.250716
calibratedSynthetic,targeted:institutionalist|criticalPoliticalEconomy,answer,full-archetype,M-,M-,false,1719,0.205131
calibratedSynthetic,targeted:institutionalist|criticalPoliticalEconomy,answer,full-archetype,M-,M/S-,true,2,0.000239
calibratedSynthetic,targeted:institutionalist|criticalPoliticalEconomy,answer,full-archetype,M-,M+,true,23,0.002745
calibratedSynthetic,targeted:institutionalist|criticalPoliticalEconomy,answer,full-archetype,M-,R/M-,true,2,0.000239
calibratedSynthetic,targeted:institutionalist|criticalPoliticalEconomy,answer,full-archetype,M+,M-,true,19,0.002267
calibratedSynthetic,targeted:institutionalist|criticalPoliticalEconomy,answer,full-archetype,M+,M+,false,333,0.039737
calibratedSynthetic,targeted:institutionalist|criticalPoliticalEconomy,answer,full-archetype,P+,P-,true,7,0.000835
calibratedSynthetic,targeted:institutionalist|criticalPoliticalEconomy,answer,full-archetype,P+,P+,false,2094,0.249881
calibratedSynthetic,targeted:institutionalist|criticalPoliticalEconomy,answer,full-archetype,R-,M-,true,2,0.000239
calibratedSynthetic,targeted:institutionalist|criticalPoliticalEconomy,answer,full-archetype,R-,R-,false,2017,0.240692
calibratedSynthetic,targeted:institutionalist|criticalPoliticalEconomy,answer,full-archetype,R-,R/M-,true,10,0.001193
calibratedSynthetic,targeted:institutionalist|criticalPoliticalEconomy,answer,full-archetype,R/M-,M-,true,8,0.000955
calibratedSynthetic,targeted:institutionalist|criticalPoliticalEconomy,answer,full-archetype,R/M-,R-,true,22,0.002625
calibratedSynthetic,targeted:institutionalist|criticalPoliticalEconomy,answer,full-archetype,R/M-,R/M-,false,39,0.004654
calibratedSynthetic,targeted:institutionalist|criticalPoliticalEconomy,answer,full-archetype,S-,S-,false,2054,0.245107
calibratedSynthetic,targeted:institutionalist|criticalPoliticalEconomy,answer,full-archetype,S-,S+,true,29,0.003461
calibratedSynthetic,targeted:institutionalist|criticalPoliticalEconomy,answer,posture,-,-,false,5875,0.701074
calibratedSynthetic,targeted:institutionalist|criticalPoliticalEconomy,answer,posture,-,+,true,52,0.006205
calibratedSynthetic,targeted:institutionalist|criticalPoliticalEconomy,answer,posture,+,-,true,26,0.003103
calibratedSynthetic,targeted:institutionalist|criticalPoliticalEconomy,answer,posture,+,+,false,2427,0.289618
calibratedSynthetic,targeted:institutionalist|criticalPoliticalEconomy,answer,routing,blend,blend,false,39,0.004654
calibratedSynthetic,targeted:institutionalist|criticalPoliticalEconomy,answer,routing,blend,pure,true,30,0.00358
calibratedSynthetic,targeted:institutionalist|criticalPoliticalEconomy,answer,routing,pure,blend,true,14,0.001671
calibratedSynthetic,targeted:institutionalist|criticalPoliticalEconomy,answer,routing,pure,pure,false,8297,0.990095
calibratedSynthetic,targeted:institutionalist|criticalPoliticalEconomy,posture-dimension,family,constructivist,constructivist,false,60,0.25
calibratedSynthetic,targeted:institutionalist|criticalPoliticalEconomy,posture-dimension,family,criticalPoliticalEconomy,criticalPoliticalEconomy,false,60,0.25
calibratedSynthetic,targeted:institutionalist|criticalPoliticalEconomy,posture-dimension,family,institutionalist,institutionalist,false,60,0.25
calibratedSynthetic,targeted:institutionalist|criticalPoliticalEconomy,posture-dimension,family,realist,realist,false,60,0.25
calibratedSynthetic,targeted:institutionalist|criticalPoliticalEconomy,posture-dimension,full-archetype,M-,M-,false,50,0.208333
calibratedSynthetic,targeted:institutionalist|criticalPoliticalEconomy,posture-dimension,full-archetype,M+,M-,true,1,0.004167
calibratedSynthetic,targeted:institutionalist|criticalPoliticalEconomy,posture-dimension,full-archetype,M+,M+,false,9,0.0375
calibratedSynthetic,targeted:institutionalist|criticalPoliticalEconomy,posture-dimension,full-archetype,P+,P+,false,60,0.25
calibratedSynthetic,targeted:institutionalist|criticalPoliticalEconomy,posture-dimension,full-archetype,R-,R-,false,58,0.241667
calibratedSynthetic,targeted:institutionalist|criticalPoliticalEconomy,posture-dimension,full-archetype,R/M-,R/M-,false,2,0.008333
calibratedSynthetic,targeted:institutionalist|criticalPoliticalEconomy,posture-dimension,full-archetype,S-,S-,false,59,0.245833
calibratedSynthetic,targeted:institutionalist|criticalPoliticalEconomy,posture-dimension,full-archetype,S-,S+,true,1,0.004167
calibratedSynthetic,targeted:institutionalist|criticalPoliticalEconomy,posture-dimension,posture,-,-,false,169,0.704167
calibratedSynthetic,targeted:institutionalist|criticalPoliticalEconomy,posture-dimension,posture,-,+,true,1,0.004167
calibratedSynthetic,targeted:institutionalist|criticalPoliticalEconomy,posture-dimension,posture,+,-,true,1,0.004167
calibratedSynthetic,targeted:institutionalist|criticalPoliticalEconomy,posture-dimension,posture,+,+,false,69,0.2875
calibratedSynthetic,targeted:institutionalist|criticalPoliticalEconomy,posture-dimension,routing,blend,blend,false,2,0.008333
calibratedSynthetic,targeted:institutionalist|criticalPoliticalEconomy,posture-dimension,routing,pure,pure,false,238,0.991667
calibratedSynthetic,targeted:realist|constructivist,answer,family,constructivist,constructivist,false,2169,0.257969
calibratedSynthetic,targeted:realist|constructivist,answer,family,constructivist,institutionalist,true,8,0.000951
calibratedSynthetic,targeted:realist|constructivist,answer,family,criticalPoliticalEconomy,constructivist,true,2,0.000238
calibratedSynthetic,targeted:realist|constructivist,answer,family,criticalPoliticalEconomy,criticalPoliticalEconomy,false,2101,0.249881
calibratedSynthetic,targeted:realist|constructivist,answer,family,institutionalist,constructivist,true,3,0.000357
calibratedSynthetic,targeted:realist|constructivist,answer,family,institutionalist,institutionalist,false,2019,0.240128
calibratedSynthetic,targeted:realist|constructivist,answer,family,realist,realist,false,2106,0.250476
calibratedSynthetic,targeted:realist|constructivist,answer,full-archetype,M-,M-,false,2092,0.248811
calibratedSynthetic,targeted:realist|constructivist,answer,full-archetype,M-,M+,true,5,0.000595
calibratedSynthetic,targeted:realist|constructivist,answer,full-archetype,M-,R-,true,1,0.000119
calibratedSynthetic,targeted:realist|constructivist,answer,full-archetype,M-,R/M-,true,8,0.000951
calibratedSynthetic,targeted:realist|constructivist,answer,full-archetype,P-,P-,false,69,0.008206
calibratedSynthetic,targeted:realist|constructivist,answer,full-archetype,P-,P+,true,2,0.000238
calibratedSynthetic,targeted:realist|constructivist,answer,full-archetype,P+,P-,true,54,0.006422
calibratedSynthetic,targeted:realist|constructivist,answer,full-archetype,P+,P+,false,1981,0.235609
calibratedSynthetic,targeted:realist|constructivist,answer,full-archetype,R-,R-,false,2006,0.238582
calibratedSynthetic,targeted:realist|constructivist,answer,full-archetype,R-,R/M-,true,16,0.001903
calibratedSynthetic,targeted:realist|constructivist,answer,full-archetype,R/M-,M-,true,26,0.003092
calibratedSynthetic,targeted:realist|constructivist,answer,full-archetype,R/M-,R-,true,1,0.000119
calibratedSynthetic,targeted:realist|constructivist,answer,full-archetype,R/M-,R/M-,false,44,0.005233
calibratedSynthetic,targeted:realist|constructivist,answer,full-archetype,S-,M/S-,true,21,0.002498
calibratedSynthetic,targeted:realist|constructivist,answer,full-archetype,S-,M/S+,true,1,0.000119
calibratedSynthetic,targeted:realist|constructivist,answer,full-archetype,S-,S-,false,1929,0.229424
calibratedSynthetic,targeted:realist|constructivist,answer,full-archetype,S-,S+,true,12,0.001427
calibratedSynthetic,targeted:realist|constructivist,answer,full-archetype,S+,S-,true,8,0.000951
calibratedSynthetic,targeted:realist|constructivist,answer,full-archetype,S+,S+,false,132,0.015699
calibratedSynthetic,targeted:realist|constructivist,answer,posture,-,-,false,6213,0.738939
calibratedSynthetic,targeted:realist|constructivist,answer,posture,-,+,true,20,0.002379
calibratedSynthetic,targeted:realist|constructivist,answer,posture,+,-,true,62,0.007374
calibratedSynthetic,targeted:realist|constructivist,answer,posture,+,+,false,2113,0.251308
calibratedSynthetic,targeted:realist|constructivist,answer,routing,blend,blend,false,44,0.005233
calibratedSynthetic,targeted:realist|constructivist,answer,routing,blend,pure,true,27,0.003211
calibratedSynthetic,targeted:realist|constructivist,answer,routing,pure,blend,true,46,0.005471
calibratedSynthetic,targeted:realist|constructivist,answer,routing,pure,pure,false,8291,0.986085
calibratedSynthetic,targeted:realist|constructivist,posture-dimension,family,constructivist,constructivist,false,62,0.258333
calibratedSynthetic,targeted:realist|constructivist,posture-dimension,family,criticalPoliticalEconomy,criticalPoliticalEconomy,false,60,0.25
calibratedSynthetic,targeted:realist|constructivist,posture-dimension,family,institutionalist,institutionalist,false,58,0.241667
calibratedSynthetic,targeted:realist|constructivist,posture-dimension,family,realist,realist,false,60,0.25
calibratedSynthetic,targeted:realist|constructivist,posture-dimension,full-archetype,M-,M-,false,60,0.25
calibratedSynthetic,targeted:realist|constructivist,posture-dimension,full-archetype,P-,P-,false,2,0.008333
calibratedSynthetic,targeted:realist|constructivist,posture-dimension,full-archetype,P+,P+,false,58,0.241667
calibratedSynthetic,targeted:realist|constructivist,posture-dimension,full-archetype,R-,R-,false,58,0.241667
calibratedSynthetic,targeted:realist|constructivist,posture-dimension,full-archetype,R/M-,R/M-,false,2,0.008333
calibratedSynthetic,targeted:realist|constructivist,posture-dimension,full-archetype,S-,S-,false,56,0.233333
calibratedSynthetic,targeted:realist|constructivist,posture-dimension,full-archetype,S+,S-,true,1,0.004167
calibratedSynthetic,targeted:realist|constructivist,posture-dimension,full-archetype,S+,S+,false,3,0.0125
calibratedSynthetic,targeted:realist|constructivist,posture-dimension,posture,-,-,false,178,0.741667
calibratedSynthetic,targeted:realist|constructivist,posture-dimension,posture,+,-,true,1,0.004167
calibratedSynthetic,targeted:realist|constructivist,posture-dimension,posture,+,+,false,61,0.254167
calibratedSynthetic,targeted:realist|constructivist,posture-dimension,routing,blend,blend,false,2,0.008333
calibratedSynthetic,targeted:realist|constructivist,posture-dimension,routing,pure,pure,false,238,0.991667
calibratedSynthetic,targeted:realist|criticalPoliticalEconomy,answer,family,constructivist,constructivist,false,2102,0.25003
calibratedSynthetic,targeted:realist|criticalPoliticalEconomy,answer,family,constructivist,institutionalist,true,4,0.000476
calibratedSynthetic,targeted:realist|criticalPoliticalEconomy,answer,family,criticalPoliticalEconomy,criticalPoliticalEconomy,false,2090,0.248602
calibratedSynthetic,targeted:realist|criticalPoliticalEconomy,answer,family,institutionalist,constructivist,true,6,0.000714
calibratedSynthetic,targeted:realist|criticalPoliticalEconomy,answer,family,institutionalist,institutionalist,false,2099,0.249673
calibratedSynthetic,targeted:realist|criticalPoliticalEconomy,answer,family,realist,realist,false,2106,0.250506
calibratedSynthetic,targeted:realist|criticalPoliticalEconomy,answer,full-archetype,M-,M-,false,2092,0.24884
calibratedSynthetic,targeted:realist|criticalPoliticalEconomy,answer,full-archetype,M-,M+,true,4,0.000476
calibratedSynthetic,targeted:realist|criticalPoliticalEconomy,answer,full-archetype,M-,R-,true,1,0.000119
calibratedSynthetic,targeted:realist|criticalPoliticalEconomy,answer,full-archetype,M-,R/M-,true,9,0.001071
calibratedSynthetic,targeted:realist|criticalPoliticalEconomy,answer,full-archetype,P-,P-,false,130,0.015463
calibratedSynthetic,targeted:realist|criticalPoliticalEconomy,answer,full-archetype,P-,P+,true,9,0.001071
calibratedSynthetic,targeted:realist|criticalPoliticalEconomy,answer,full-archetype,P+,P-,true,12,0.001427
calibratedSynthetic,targeted:realist|criticalPoliticalEconomy,answer,full-archetype,P+,P+,false,1955,0.232544
calibratedSynthetic,targeted:realist|criticalPoliticalEconomy,answer,full-archetype,R-,M-,true,1,0.000119
calibratedSynthetic,targeted:realist|criticalPoliticalEconomy,answer,full-archetype,R-,R-,false,2077,0.247056
calibratedSynthetic,targeted:realist|criticalPoliticalEconomy,answer,full-archetype,R-,R/M-,true,25,0.002974
calibratedSynthetic,targeted:realist|criticalPoliticalEconomy,answer,full-archetype,R-,R+,true,2,0.000238
calibratedSynthetic,targeted:realist|criticalPoliticalEconomy,answer,full-archetype,S-,S-,false,2081,0.247532
calibratedSynthetic,targeted:realist|criticalPoliticalEconomy,answer,full-archetype,S-,S+,true,9,0.001071
calibratedSynthetic,targeted:realist|criticalPoliticalEconomy,answer,posture,-,-,false,6416,0.763174
calibratedSynthetic,targeted:realist|criticalPoliticalEconomy,answer,posture,-,+,true,24,0.002855
calibratedSynthetic,targeted:realist|criticalPoliticalEconomy,answer,posture,+,-,true,12,0.001427
calibratedSynthetic,targeted:realist|criticalPoliticalEconomy,answer,posture,+,+,false,1955,0.232544
calibratedSynthetic,targeted:realist|criticalPoliticalEconomy,answer,routing,pure,blend,true,34,0.004044
calibratedSynthetic,targeted:realist|criticalPoliticalEconomy,answer,routing,pure,pure,false,8373,0.995956
calibratedSynthetic,targeted:realist|criticalPoliticalEconomy,posture-dimension,family,constructivist,constructivist,false,60,0.25
calibratedSynthetic,targeted:realist|criticalPoliticalEconomy,posture-dimension,family,criticalPoliticalEconomy,criticalPoliticalEconomy,false,60,0.25
calibratedSynthetic,targeted:realist|criticalPoliticalEconomy,posture-dimension,family,institutionalist,institutionalist,false,60,0.25
calibratedSynthetic,targeted:realist|criticalPoliticalEconomy,posture-dimension,family,realist,realist,false,60,0.25
calibratedSynthetic,targeted:realist|criticalPoliticalEconomy,posture-dimension,full-archetype,M-,M-,false,60,0.25
calibratedSynthetic,targeted:realist|criticalPoliticalEconomy,posture-dimension,full-archetype,P-,P-,false,4,0.016667
calibratedSynthetic,targeted:realist|criticalPoliticalEconomy,posture-dimension,full-archetype,P+,P+,false,56,0.233333
calibratedSynthetic,targeted:realist|criticalPoliticalEconomy,posture-dimension,full-archetype,R-,R-,false,60,0.25
calibratedSynthetic,targeted:realist|criticalPoliticalEconomy,posture-dimension,full-archetype,S-,S-,false,60,0.25
calibratedSynthetic,targeted:realist|criticalPoliticalEconomy,posture-dimension,posture,-,-,false,184,0.766667
calibratedSynthetic,targeted:realist|criticalPoliticalEconomy,posture-dimension,posture,+,+,false,56,0.233333
calibratedSynthetic,targeted:realist|criticalPoliticalEconomy,posture-dimension,routing,pure,pure,false,240,1
calibratedSynthetic,targeted:realist|institutionalist,answer,family,constructivist,constructivist,false,2109,0.251012
calibratedSynthetic,targeted:realist|institutionalist,answer,family,constructivist,institutionalist,true,1,0.000119
calibratedSynthetic,targeted:realist|institutionalist,answer,family,criticalPoliticalEconomy,criticalPoliticalEconomy,false,2096,0.249464
calibratedSynthetic,targeted:realist|institutionalist,answer,family,institutionalist,constructivist,true,14,0.001666
calibratedSynthetic,targeted:realist|institutionalist,answer,family,institutionalist,institutionalist,false,2087,0.248393
calibratedSynthetic,targeted:realist|institutionalist,answer,family,realist,realist,false,2095,0.249345
calibratedSynthetic,targeted:realist|institutionalist,answer,full-archetype,M-,M-,false,2109,0.251012
calibratedSynthetic,targeted:realist|institutionalist,answer,full-archetype,M-,R/M-,true,1,0.000119
calibratedSynthetic,targeted:realist|institutionalist,answer,full-archetype,P-,P-,false,265,0.03154
calibratedSynthetic,targeted:realist|institutionalist,answer,full-archetype,P-,P+,true,16,0.001904
calibratedSynthetic,targeted:realist|institutionalist,answer,full-archetype,P+,P-,true,39,0.004642
calibratedSynthetic,targeted:realist|institutionalist,answer,full-archetype,P+,P+,false,1775,0.211259
calibratedSynthetic,targeted:realist|institutionalist,answer,full-archetype,R-,M-,true,2,0.000238
calibratedSynthetic,targeted:realist|institutionalist,answer,full-archetype,R-,R-,false,2062,0.245418
calibratedSynthetic,targeted:realist|institutionalist,answer,full-archetype,R-,R/M-,true,37,0.004404
calibratedSynthetic,targeted:realist|institutionalist,answer,full-archetype,S-,S-,false,2015,0.239824
calibratedSynthetic,targeted:realist|institutionalist,answer,full-archetype,S-,S+,true,10,0.00119
calibratedSynthetic,targeted:realist|institutionalist,answer,full-archetype,S+,S-,true,6,0.000714
calibratedSynthetic,targeted:realist|institutionalist,answer,full-archetype,S+,S+,false,65,0.007736
calibratedSynthetic,targeted:realist|institutionalist,answer,posture,-,-,false,6491,0.772554
calibratedSynthetic,targeted:realist|institutionalist,answer,posture,-,+,true,26,0.003095
calibratedSynthetic,targeted:realist|institutionalist,answer,posture,+,-,true,45,0.005356
calibratedSynthetic,targeted:realist|institutionalist,answer,posture,+,+,false,1840,0.218995
calibratedSynthetic,targeted:realist|institutionalist,answer,routing,pure,blend,true,38,0.004523
calibratedSynthetic,targeted:realist|institutionalist,answer,routing,pure,pure,false,8364,0.995477
calibratedSynthetic,targeted:realist|institutionalist,posture-dimension,family,constructivist,constructivist,false,60,0.25
calibratedSynthetic,targeted:realist|institutionalist,posture-dimension,family,criticalPoliticalEconomy,criticalPoliticalEconomy,false,60,0.25
calibratedSynthetic,targeted:realist|institutionalist,posture-dimension,family,institutionalist,institutionalist,false,60,0.25
calibratedSynthetic,targeted:realist|institutionalist,posture-dimension,family,realist,realist,false,60,0.25
calibratedSynthetic,targeted:realist|institutionalist,posture-dimension,full-archetype,M-,M-,false,60,0.25
calibratedSynthetic,targeted:realist|institutionalist,posture-dimension,full-archetype,P-,P-,false,8,0.033333
calibratedSynthetic,targeted:realist|institutionalist,posture-dimension,full-archetype,P+,P+,false,52,0.216667
calibratedSynthetic,targeted:realist|institutionalist,posture-dimension,full-archetype,R-,R-,false,60,0.25
calibratedSynthetic,targeted:realist|institutionalist,posture-dimension,full-archetype,S-,S-,false,58,0.241667
calibratedSynthetic,targeted:realist|institutionalist,posture-dimension,full-archetype,S+,S+,false,2,0.008333
calibratedSynthetic,targeted:realist|institutionalist,posture-dimension,posture,-,-,false,186,0.775
calibratedSynthetic,targeted:realist|institutionalist,posture-dimension,posture,+,+,false,54,0.225
calibratedSynthetic,targeted:realist|institutionalist,posture-dimension,routing,pure,pure,false,240,1
canonical,core,answer,family,constructivist,constructivist,false,224,0.25
canonical,core,answer,family,criticalPoliticalEconomy,criticalPoliticalEconomy,false,224,0.25
canonical,core,answer,family,institutionalist,constructivist,true,6,0.006696
canonical,core,answer,family,institutionalist,criticalPoliticalEconomy,true,2,0.002232
canonical,core,answer,family,institutionalist,institutionalist,false,216,0.241071
canonical,core,answer,family,realist,realist,false,224,0.25
canonical,core,answer,full-archetype,M-,M-,false,110,0.122768
canonical,core,answer,full-archetype,M-,R/M-,true,2,0.002232
canonical,core,answer,full-archetype,M+,M+,false,112,0.125
canonical,core,answer,full-archetype,P-,P-,false,112,0.125
canonical,core,answer,full-archetype,P+,P+,false,112,0.125
canonical,core,answer,full-archetype,R-,R-,false,106,0.118304
canonical,core,answer,full-archetype,R-,R/M-,true,4,0.004464
canonical,core,answer,full-archetype,R-,R/S-,true,2,0.002232
canonical,core,answer,full-archetype,R/M+,R/M+,false,34,0.037946
canonical,core,answer,full-archetype,R/M+,R+,true,22,0.024554
canonical,core,answer,full-archetype,R+,R/M+,true,2,0.002232
canonical,core,answer,full-archetype,R+,R/S+,true,4,0.004464
canonical,core,answer,full-archetype,R+,R+,false,50,0.055804
canonical,core,answer,full-archetype,S-,S-,false,112,0.125
canonical,core,answer,full-archetype,S+,S+,false,112,0.125
canonical,core,answer,posture,-,-,false,448,0.5
canonical,core,answer,posture,+,+,false,448,0.5
canonical,core,answer,routing,blend,blend,false,34,0.037946
canonical,core,answer,routing,blend,pure,true,22,0.024554
canonical,core,answer,routing,pure,blend,true,14,0.015625
canonical,core,answer,routing,pure,pure,false,826,0.921875
canonical,core,posture-dimension,family,constructivist,constructivist,false,8,0.25
canonical,core,posture-dimension,family,criticalPoliticalEconomy,criticalPoliticalEconomy,false,8,0.25
canonical,core,posture-dimension,family,institutionalist,institutionalist,false,8,0.25
canonical,core,posture-dimension,family,realist,realist,false,8,0.25
canonical,core,posture-dimension,full-archetype,M-,M-,false,4,0.125
canonical,core,posture-dimension,full-archetype,M+,M+,false,4,0.125
canonical,core,posture-dimension,full-archetype,P-,P-,false,4,0.125
canonical,core,posture-dimension,full-archetype,P+,P+,false,4,0.125
canonical,core,posture-dimension,full-archetype,R-,R-,false,4,0.125
canonical,core,posture-dimension,full-archetype,R/M+,R/M+,false,2,0.0625
canonical,core,posture-dimension,full-archetype,R+,R+,false,2,0.0625
canonical,core,posture-dimension,full-archetype,S-,S-,false,4,0.125
canonical,core,posture-dimension,full-archetype,S+,S+,false,4,0.125
canonical,core,posture-dimension,posture,-,-,false,16,0.5
canonical,core,posture-dimension,posture,+,+,false,16,0.5
canonical,core,posture-dimension,routing,blend,blend,false,2,0.0625
canonical,core,posture-dimension,routing,pure,pure,false,30,0.9375
canonical,fullExtended,answer,family,constructivist,constructivist,false,744,0.25
canonical,fullExtended,answer,family,criticalPoliticalEconomy,criticalPoliticalEconomy,false,744,0.25
canonical,fullExtended,answer,family,institutionalist,institutionalist,false,744,0.25
canonical,fullExtended,answer,family,realist,realist,false,744,0.25
canonical,fullExtended,answer,full-archetype,M-,M-,false,372,0.125
canonical,fullExtended,answer,full-archetype,M+,M+,false,372,0.125
canonical,fullExtended,answer,full-archetype,P-,P-,false,372,0.125
canonical,fullExtended,answer,full-archetype,P+,P+,false,372,0.125
canonical,fullExtended,answer,full-archetype,R-,R-,false,372,0.125
canonical,fullExtended,answer,full-archetype,R+,R+,false,372,0.125
canonical,fullExtended,answer,full-archetype,S-,S-,false,372,0.125
canonical,fullExtended,answer,full-archetype,S+,S+,false,372,0.125
canonical,fullExtended,answer,posture,-,-,false,1488,0.5
canonical,fullExtended,answer,posture,+,+,false,1488,0.5
canonical,fullExtended,answer,routing,pure,pure,false,2976,1
canonical,fullExtended,posture-dimension,family,constructivist,constructivist,false,8,0.25
canonical,fullExtended,posture-dimension,family,criticalPoliticalEconomy,criticalPoliticalEconomy,false,8,0.25
canonical,fullExtended,posture-dimension,family,institutionalist,institutionalist,false,8,0.25
canonical,fullExtended,posture-dimension,family,realist,realist,false,8,0.25
canonical,fullExtended,posture-dimension,full-archetype,M-,M-,false,4,0.125
canonical,fullExtended,posture-dimension,full-archetype,M+,M+,false,4,0.125
canonical,fullExtended,posture-dimension,full-archetype,P-,P-,false,4,0.125
canonical,fullExtended,posture-dimension,full-archetype,P+,P+,false,4,0.125
canonical,fullExtended,posture-dimension,full-archetype,R-,R-,false,4,0.125
canonical,fullExtended,posture-dimension,full-archetype,R+,R+,false,4,0.125
canonical,fullExtended,posture-dimension,full-archetype,S-,S-,false,4,0.125
canonical,fullExtended,posture-dimension,full-archetype,S+,S+,false,4,0.125
canonical,fullExtended,posture-dimension,posture,-,-,false,16,0.5
canonical,fullExtended,posture-dimension,posture,+,+,false,16,0.5
canonical,fullExtended,posture-dimension,routing,pure,pure,false,32,1
canonical,targeted:constructivist|criticalPoliticalEconomy,answer,family,constructivist,constructivist,false,284,0.25
canonical,targeted:constructivist|criticalPoliticalEconomy,answer,family,criticalPoliticalEconomy,criticalPoliticalEconomy,false,284,0.25
canonical,targeted:constructivist|criticalPoliticalEconomy,answer,family,institutionalist,constructivist,true,6,0.005282
canonical,targeted:constructivist|criticalPoliticalEconomy,answer,family,institutionalist,institutionalist,false,278,0.244718
canonical,targeted:constructivist|criticalPoliticalEconomy,answer,family,realist,realist,false,284,0.25
canonical,targeted:constructivist|criticalPoliticalEconomy,answer,full-archetype,M-,M-,false,142,0.125
canonical,targeted:constructivist|criticalPoliticalEconomy,answer,full-archetype,M+,M-,true,4,0.003521
canonical,targeted:constructivist|criticalPoliticalEconomy,answer,full-archetype,M+,M+,false,136,0.119718
canonical,targeted:constructivist|criticalPoliticalEconomy,answer,full-archetype,M+,R/M+,true,2,0.001761
canonical,targeted:constructivist|criticalPoliticalEconomy,answer,full-archetype,P-,P-,false,142,0.125
canonical,targeted:constructivist|criticalPoliticalEconomy,answer,full-archetype,P+,P-,true,7,0.006162
canonical,targeted:constructivist|criticalPoliticalEconomy,answer,full-archetype,P+,P+,false,135,0.118838
canonical,targeted:constructivist|criticalPoliticalEconomy,answer,full-archetype,R-,R-,false,142,0.125
canonical,targeted:constructivist|criticalPoliticalEconomy,answer,full-archetype,R+,R-,true,1,0.00088
canonical,targeted:constructivist|criticalPoliticalEconomy,answer,full-archetype,R+,R/M+,true,12,0.010563
canonical,targeted:constructivist|criticalPoliticalEconomy,answer,full-archetype,R+,R+,false,129,0.113556
canonical,targeted:constructivist|criticalPoliticalEconomy,answer,full-archetype,S-,S-,false,142,0.125
canonical,targeted:constructivist|criticalPoliticalEconomy,answer,full-archetype,S+,S-,true,2,0.001761
canonical,targeted:constructivist|criticalPoliticalEconomy,answer,full-archetype,S+,S+,false,140,0.123239
canonical,targeted:constructivist|criticalPoliticalEconomy,answer,posture,-,-,false,568,0.5
canonical,targeted:constructivist|criticalPoliticalEconomy,answer,posture,+,-,true,14,0.012324
canonical,targeted:constructivist|criticalPoliticalEconomy,answer,posture,+,+,false,554,0.487676
canonical,targeted:constructivist|criticalPoliticalEconomy,answer,routing,pure,blend,true,14,0.012324
canonical,targeted:constructivist|criticalPoliticalEconomy,answer,routing,pure,pure,false,1122,0.987676
canonical,targeted:constructivist|criticalPoliticalEconomy,posture-dimension,family,constructivist,constructivist,false,8,0.25
canonical,targeted:constructivist|criticalPoliticalEconomy,posture-dimension,family,criticalPoliticalEconomy,criticalPoliticalEconomy,false,8,0.25
canonical,targeted:constructivist|criticalPoliticalEconomy,posture-dimension,family,institutionalist,institutionalist,false,8,0.25
canonical,targeted:constructivist|criticalPoliticalEconomy,posture-dimension,family,realist,realist,false,8,0.25
canonical,targeted:constructivist|criticalPoliticalEconomy,posture-dimension,full-archetype,M-,M-,false,4,0.125
canonical,targeted:constructivist|criticalPoliticalEconomy,posture-dimension,full-archetype,M+,M+,false,4,0.125
canonical,targeted:constructivist|criticalPoliticalEconomy,posture-dimension,full-archetype,P-,P-,false,4,0.125
canonical,targeted:constructivist|criticalPoliticalEconomy,posture-dimension,full-archetype,P+,P+,false,4,0.125
canonical,targeted:constructivist|criticalPoliticalEconomy,posture-dimension,full-archetype,R-,R-,false,4,0.125
canonical,targeted:constructivist|criticalPoliticalEconomy,posture-dimension,full-archetype,R+,R+,false,4,0.125
canonical,targeted:constructivist|criticalPoliticalEconomy,posture-dimension,full-archetype,S-,S-,false,4,0.125
canonical,targeted:constructivist|criticalPoliticalEconomy,posture-dimension,full-archetype,S+,S+,false,4,0.125
canonical,targeted:constructivist|criticalPoliticalEconomy,posture-dimension,posture,-,-,false,16,0.5
canonical,targeted:constructivist|criticalPoliticalEconomy,posture-dimension,posture,+,+,false,16,0.5
canonical,targeted:constructivist|criticalPoliticalEconomy,posture-dimension,routing,pure,pure,false,32,1
canonical,targeted:institutionalist|constructivist,answer,family,constructivist,constructivist,false,280,0.246479
canonical,targeted:institutionalist|constructivist,answer,family,constructivist,institutionalist,true,4,0.003521
canonical,targeted:institutionalist|constructivist,answer,family,criticalPoliticalEconomy,criticalPoliticalEconomy,false,284,0.25
canonical,targeted:institutionalist|constructivist,answer,family,institutionalist,institutionalist,false,284,0.25
canonical,targeted:institutionalist|constructivist,answer,family,realist,realist,false,284,0.25
canonical,targeted:institutionalist|constructivist,answer,full-archetype,M-,M-,false,133,0.117077
canonical,targeted:institutionalist|constructivist,answer,full-archetype,M-,R-,true,2,0.001761
canonical,targeted:institutionalist|constructivist,answer,full-archetype,M-,R/M-,true,7,0.006162
canonical,targeted:institutionalist|constructivist,answer,full-archetype,M+,M-,true,9,0.007923
canonical,targeted:institutionalist|constructivist,answer,full-archetype,M+,M/S+,true,2,0.001761
canonical,targeted:institutionalist|constructivist,answer,full-archetype,M+,M+,false,131,0.115317
canonical,targeted:institutionalist|constructivist,answer,full-archetype,P-,P-,false,138,0.121479
canonical,targeted:institutionalist|constructivist,answer,full-archetype,P-,P+,true,4,0.003521
canonical,targeted:institutionalist|constructivist,answer,full-archetype,P+,P+,false,142,0.125
canonical,targeted:institutionalist|constructivist,answer,full-archetype,R-,R-,false,204,0.179577
canonical,targeted:institutionalist|constructivist,answer,full-archetype,R-,R+,true,9,0.007923
canonical,targeted:institutionalist|constructivist,answer,full-archetype,R+,R+,false,71,0.0625
canonical,targeted:institutionalist|constructivist,answer,full-archetype,S-,S-,false,142,0.125
canonical,targeted:institutionalist|constructivist,answer,full-archetype,S+,S+,false,142,0.125
canonical,targeted:institutionalist|constructivist,answer,posture,-,-,false,626,0.551056
canonical,targeted:institutionalist|constructivist,answer,posture,-,+,true,13,0.011444
canonical,targeted:institutionalist|constructivist,answer,posture,+,-,true,9,0.007923
canonical,targeted:institutionalist|constructivist,answer,posture,+,+,false,488,0.429577
canonical,targeted:institutionalist|constructivist,answer,routing,pure,blend,true,9,0.007923
canonical,targeted:institutionalist|constructivist,answer,routing,pure,pure,false,1127,0.992077
canonical,targeted:institutionalist|constructivist,posture-dimension,family,constructivist,constructivist,false,8,0.25
canonical,targeted:institutionalist|constructivist,posture-dimension,family,criticalPoliticalEconomy,criticalPoliticalEconomy,false,8,0.25
canonical,targeted:institutionalist|constructivist,posture-dimension,family,institutionalist,institutionalist,false,8,0.25
canonical,targeted:institutionalist|constructivist,posture-dimension,family,realist,realist,false,8,0.25
canonical,targeted:institutionalist|constructivist,posture-dimension,full-archetype,M-,M-,false,4,0.125
canonical,targeted:institutionalist|constructivist,posture-dimension,full-archetype,M+,M+,false,4,0.125
canonical,targeted:institutionalist|constructivist,posture-dimension,full-archetype,P-,P-,false,4,0.125
canonical,targeted:institutionalist|constructivist,posture-dimension,full-archetype,P+,P+,false,4,0.125
canonical,targeted:institutionalist|constructivist,posture-dimension,full-archetype,R-,R-,false,6,0.1875
canonical,targeted:institutionalist|constructivist,posture-dimension,full-archetype,R+,R+,false,2,0.0625
canonical,targeted:institutionalist|constructivist,posture-dimension,full-archetype,S-,S-,false,4,0.125
canonical,targeted:institutionalist|constructivist,posture-dimension,full-archetype,S+,S+,false,4,0.125
canonical,targeted:institutionalist|constructivist,posture-dimension,posture,-,-,false,18,0.5625
canonical,targeted:institutionalist|constructivist,posture-dimension,posture,+,+,false,14,0.4375
canonical,targeted:institutionalist|constructivist,posture-dimension,routing,pure,pure,false,32,1
canonical,targeted:institutionalist|criticalPoliticalEconomy,answer,family,constructivist,constructivist,false,284,0.25
canonical,targeted:institutionalist|criticalPoliticalEconomy,answer,family,criticalPoliticalEconomy,criticalPoliticalEconomy,false,284,0.25
canonical,targeted:institutionalist|criticalPoliticalEconomy,answer,family,institutionalist,constructivist,true,1,0.00088
canonical,targeted:institutionalist|criticalPoliticalEconomy,answer,family,institutionalist,institutionalist,false,283,0.24912
canonical,targeted:institutionalist|criticalPoliticalEconomy,answer,family,realist,realist,false,284,0.25
canonical,targeted:institutionalist|criticalPoliticalEconomy,answer,full-archetype,M-,M-,false,142,0.125
canonical,targeted:institutionalist|criticalPoliticalEconomy,answer,full-archetype,M+,M-,true,3,0.002641
canonical,targeted:institutionalist|criticalPoliticalEconomy,answer,full-archetype,M+,M/S+,true,1,0.00088
canonical,targeted:institutionalist|criticalPoliticalEconomy,answer,full-archetype,M+,M+,false,138,0.121479
canonical,targeted:institutionalist|criticalPoliticalEconomy,answer,full-archetype,P-,P-,false,142,0.125
canonical,targeted:institutionalist|criticalPoliticalEconomy,answer,full-archetype,P+,P-,true,4,0.003521
canonical,targeted:institutionalist|criticalPoliticalEconomy,answer,full-archetype,P+,P+,false,138,0.121479
canonical,targeted:institutionalist|criticalPoliticalEconomy,answer,full-archetype,R-,R-,false,142,0.125
canonical,targeted:institutionalist|criticalPoliticalEconomy,answer,full-archetype,R+,M+,true,1,0.00088
canonical,targeted:institutionalist|criticalPoliticalEconomy,answer,full-archetype,R+,R-,true,1,0.00088
canonical,targeted:institutionalist|criticalPoliticalEconomy,answer,full-archetype,R+,R+,false,140,0.123239
canonical,targeted:institutionalist|criticalPoliticalEconomy,answer,full-archetype,S-,S-,false,142,0.125
canonical,targeted:institutionalist|criticalPoliticalEconomy,answer,full-archetype,S+,S-,true,3,0.002641
canonical,targeted:institutionalist|criticalPoliticalEconomy,answer,full-archetype,S+,S+,false,139,0.122359
canonical,targeted:institutionalist|criticalPoliticalEconomy,answer,posture,-,-,false,568,0.5
canonical,targeted:institutionalist|criticalPoliticalEconomy,answer,posture,+,-,true,11,0.009683
canonical,targeted:institutionalist|criticalPoliticalEconomy,answer,posture,+,+,false,557,0.490317
canonical,targeted:institutionalist|criticalPoliticalEconomy,answer,routing,pure,blend,true,1,0.00088
canonical,targeted:institutionalist|criticalPoliticalEconomy,answer,routing,pure,pure,false,1135,0.99912
canonical,targeted:institutionalist|criticalPoliticalEconomy,posture-dimension,family,constructivist,constructivist,false,8,0.25
canonical,targeted:institutionalist|criticalPoliticalEconomy,posture-dimension,family,criticalPoliticalEconomy,criticalPoliticalEconomy,false,8,0.25
canonical,targeted:institutionalist|criticalPoliticalEconomy,posture-dimension,family,institutionalist,institutionalist,false,8,0.25
canonical,targeted:institutionalist|criticalPoliticalEconomy,posture-dimension,family,realist,realist,false,8,0.25
canonical,targeted:institutionalist|criticalPoliticalEconomy,posture-dimension,full-archetype,M-,M-,false,4,0.125
canonical,targeted:institutionalist|criticalPoliticalEconomy,posture-dimension,full-archetype,M+,M+,false,4,0.125
canonical,targeted:institutionalist|criticalPoliticalEconomy,posture-dimension,full-archetype,P-,P-,false,4,0.125
canonical,targeted:institutionalist|criticalPoliticalEconomy,posture-dimension,full-archetype,P+,P+,false,4,0.125
canonical,targeted:institutionalist|criticalPoliticalEconomy,posture-dimension,full-archetype,R-,R-,false,4,0.125
canonical,targeted:institutionalist|criticalPoliticalEconomy,posture-dimension,full-archetype,R+,R+,false,4,0.125
canonical,targeted:institutionalist|criticalPoliticalEconomy,posture-dimension,full-archetype,S-,S-,false,4,0.125
canonical,targeted:institutionalist|criticalPoliticalEconomy,posture-dimension,full-archetype,S+,S+,false,4,0.125
canonical,targeted:institutionalist|criticalPoliticalEconomy,posture-dimension,posture,-,-,false,16,0.5
canonical,targeted:institutionalist|criticalPoliticalEconomy,posture-dimension,posture,+,+,false,16,0.5
canonical,targeted:institutionalist|criticalPoliticalEconomy,posture-dimension,routing,pure,pure,false,32,1
canonical,targeted:realist|constructivist,answer,family,constructivist,constructivist,false,284,0.25
canonical,targeted:realist|constructivist,answer,family,criticalPoliticalEconomy,criticalPoliticalEconomy,false,284,0.25
canonical,targeted:realist|constructivist,answer,family,institutionalist,constructivist,true,1,0.00088
canonical,targeted:realist|constructivist,answer,family,institutionalist,institutionalist,false,283,0.24912
canonical,targeted:realist|constructivist,answer,family,realist,realist,false,284,0.25
canonical,targeted:realist|constructivist,answer,full-archetype,M-,M-,false,141,0.12412
canonical,targeted:realist|constructivist,answer,full-archetype,M-,R/M-,true,1,0.00088
canonical,targeted:realist|constructivist,answer,full-archetype,M+,M+,false,142,0.125
canonical,targeted:realist|constructivist,answer,full-archetype,P-,P-,false,142,0.125
canonical,targeted:realist|constructivist,answer,full-archetype,P+,P+,false,142,0.125
canonical,targeted:realist|constructivist,answer,full-archetype,R-,R-,false,142,0.125
canonical,targeted:realist|constructivist,answer,full-archetype,R+,R/M+,true,10,0.008803
canonical,targeted:realist|constructivist,answer,full-archetype,R+,R+,false,132,0.116197
canonical,targeted:realist|constructivist,answer,full-archetype,S-,S-,false,142,0.125
canonical,targeted:realist|constructivist,answer,full-archetype,S+,S+,false,142,0.125
canonical,targeted:realist|constructivist,answer,posture,-,-,false,568,0.5
canonical,targeted:realist|constructivist,answer,posture,+,+,false,568,0.5
canonical,targeted:realist|constructivist,answer,routing,pure,blend,true,11,0.009683
canonical,targeted:realist|constructivist,answer,routing,pure,pure,false,1125,0.990317
canonical,targeted:realist|constructivist,posture-dimension,family,constructivist,constructivist,false,8,0.25
canonical,targeted:realist|constructivist,posture-dimension,family,criticalPoliticalEconomy,criticalPoliticalEconomy,false,8,0.25
canonical,targeted:realist|constructivist,posture-dimension,family,institutionalist,institutionalist,false,8,0.25
canonical,targeted:realist|constructivist,posture-dimension,family,realist,realist,false,8,0.25
canonical,targeted:realist|constructivist,posture-dimension,full-archetype,M-,M-,false,4,0.125
canonical,targeted:realist|constructivist,posture-dimension,full-archetype,M+,M+,false,4,0.125
canonical,targeted:realist|constructivist,posture-dimension,full-archetype,P-,P-,false,4,0.125
canonical,targeted:realist|constructivist,posture-dimension,full-archetype,P+,P+,false,4,0.125
canonical,targeted:realist|constructivist,posture-dimension,full-archetype,R-,R-,false,4,0.125
canonical,targeted:realist|constructivist,posture-dimension,full-archetype,R+,R+,false,4,0.125
canonical,targeted:realist|constructivist,posture-dimension,full-archetype,S-,S-,false,4,0.125
canonical,targeted:realist|constructivist,posture-dimension,full-archetype,S+,S+,false,4,0.125
canonical,targeted:realist|constructivist,posture-dimension,posture,-,-,false,16,0.5
canonical,targeted:realist|constructivist,posture-dimension,posture,+,+,false,16,0.5
canonical,targeted:realist|constructivist,posture-dimension,routing,pure,pure,false,32,1
canonical,targeted:realist|criticalPoliticalEconomy,answer,family,constructivist,constructivist,false,283,0.24912
canonical,targeted:realist|criticalPoliticalEconomy,answer,family,constructivist,institutionalist,true,1,0.00088
canonical,targeted:realist|criticalPoliticalEconomy,answer,family,criticalPoliticalEconomy,criticalPoliticalEconomy,false,284,0.25
canonical,targeted:realist|criticalPoliticalEconomy,answer,family,institutionalist,institutionalist,false,284,0.25
canonical,targeted:realist|criticalPoliticalEconomy,answer,family,realist,realist,false,284,0.25
canonical,targeted:realist|criticalPoliticalEconomy,answer,full-archetype,M-,M-,false,139,0.122359
canonical,targeted:realist|criticalPoliticalEconomy,answer,full-archetype,M-,R/M-,true,3,0.002641
canonical,targeted:realist|criticalPoliticalEconomy,answer,full-archetype,M+,M-,true,3,0.002641
canonical,targeted:realist|criticalPoliticalEconomy,answer,full-archetype,M+,M+,false,139,0.122359
canonical,targeted:realist|criticalPoliticalEconomy,answer,full-archetype,P-,P-,false,142,0.125
canonical,targeted:realist|criticalPoliticalEconomy,answer,full-archetype,P+,P+,false,142,0.125
canonical,targeted:realist|criticalPoliticalEconomy,answer,full-archetype,R-,R-,false,142,0.125
canonical,targeted:realist|criticalPoliticalEconomy,answer,full-archetype,R+,R-,true,8,0.007042
canonical,targeted:realist|criticalPoliticalEconomy,answer,full-archetype,R+,R/M+,true,3,0.002641
canonical,targeted:realist|criticalPoliticalEconomy,answer,full-archetype,R+,R+,false,131,0.115317
canonical,targeted:realist|criticalPoliticalEconomy,answer,full-archetype,S-,S-,false,142,0.125
canonical,targeted:realist|criticalPoliticalEconomy,answer,full-archetype,S+,S-,true,4,0.003521
canonical,targeted:realist|criticalPoliticalEconomy,answer,full-archetype,S+,S+,false,138,0.121479
canonical,targeted:realist|criticalPoliticalEconomy,answer,posture,-,-,false,568,0.5
canonical,targeted:realist|criticalPoliticalEconomy,answer,posture,+,-,true,15,0.013204
canonical,targeted:realist|criticalPoliticalEconomy,answer,posture,+,+,false,553,0.486796
canonical,targeted:realist|criticalPoliticalEconomy,answer,routing,pure,blend,true,6,0.005282
canonical,targeted:realist|criticalPoliticalEconomy,answer,routing,pure,pure,false,1130,0.994718
canonical,targeted:realist|criticalPoliticalEconomy,posture-dimension,family,constructivist,constructivist,false,8,0.25
canonical,targeted:realist|criticalPoliticalEconomy,posture-dimension,family,criticalPoliticalEconomy,criticalPoliticalEconomy,false,8,0.25
canonical,targeted:realist|criticalPoliticalEconomy,posture-dimension,family,institutionalist,institutionalist,false,8,0.25
canonical,targeted:realist|criticalPoliticalEconomy,posture-dimension,family,realist,realist,false,8,0.25
canonical,targeted:realist|criticalPoliticalEconomy,posture-dimension,full-archetype,M-,M-,false,4,0.125
canonical,targeted:realist|criticalPoliticalEconomy,posture-dimension,full-archetype,M+,M+,false,4,0.125
canonical,targeted:realist|criticalPoliticalEconomy,posture-dimension,full-archetype,P-,P-,false,4,0.125
canonical,targeted:realist|criticalPoliticalEconomy,posture-dimension,full-archetype,P+,P+,false,4,0.125
canonical,targeted:realist|criticalPoliticalEconomy,posture-dimension,full-archetype,R-,R-,false,4,0.125
canonical,targeted:realist|criticalPoliticalEconomy,posture-dimension,full-archetype,R+,R+,false,4,0.125
canonical,targeted:realist|criticalPoliticalEconomy,posture-dimension,full-archetype,S-,S-,false,4,0.125
canonical,targeted:realist|criticalPoliticalEconomy,posture-dimension,full-archetype,S+,S+,false,4,0.125
canonical,targeted:realist|criticalPoliticalEconomy,posture-dimension,posture,-,-,false,16,0.5
canonical,targeted:realist|criticalPoliticalEconomy,posture-dimension,posture,+,+,false,16,0.5
canonical,targeted:realist|criticalPoliticalEconomy,posture-dimension,routing,pure,pure,false,32,1
canonical,targeted:realist|institutionalist,answer,family,constructivist,constructivist,false,284,0.25
canonical,targeted:realist|institutionalist,answer,family,criticalPoliticalEconomy,criticalPoliticalEconomy,false,284,0.25
canonical,targeted:realist|institutionalist,answer,family,institutionalist,institutionalist,false,284,0.25
canonical,targeted:realist|institutionalist,answer,family,realist,realist,false,284,0.25
canonical,targeted:realist|institutionalist,answer,full-archetype,M-,M-,false,142,0.125
canonical,targeted:realist|institutionalist,answer,full-archetype,M+,M+,false,142,0.125
canonical,targeted:realist|institutionalist,answer,full-archetype,P-,P-,false,142,0.125
canonical,targeted:realist|institutionalist,answer,full-archetype,P+,P+,false,142,0.125
canonical,targeted:realist|institutionalist,answer,full-archetype,R-,R-,false,142,0.125
canonical,targeted:realist|institutionalist,answer,full-archetype,R+,R-,true,12,0.010563
canonical,targeted:realist|institutionalist,answer,full-archetype,R+,R/M+,true,2,0.001761
canonical,targeted:realist|institutionalist,answer,full-archetype,R+,R+,false,128,0.112676
canonical,targeted:realist|institutionalist,answer,full-archetype,S-,S-,false,142,0.125
canonical,targeted:realist|institutionalist,answer,full-archetype,S+,M/S+,true,1,0.00088
canonical,targeted:realist|institutionalist,answer,full-archetype,S+,S-,true,4,0.003521
canonical,targeted:realist|institutionalist,answer,full-archetype,S+,S+,false,137,0.120599
canonical,targeted:realist|institutionalist,answer,posture,-,-,false,568,0.5
canonical,targeted:realist|institutionalist,answer,posture,+,-,true,16,0.014085
canonical,targeted:realist|institutionalist,answer,posture,+,+,false,552,0.485915
canonical,targeted:realist|institutionalist,answer,routing,pure,blend,true,3,0.002641
canonical,targeted:realist|institutionalist,answer,routing,pure,pure,false,1133,0.997359
canonical,targeted:realist|institutionalist,posture-dimension,family,constructivist,constructivist,false,8,0.25
canonical,targeted:realist|institutionalist,posture-dimension,family,criticalPoliticalEconomy,criticalPoliticalEconomy,false,8,0.25
canonical,targeted:realist|institutionalist,posture-dimension,family,institutionalist,institutionalist,false,8,0.25
canonical,targeted:realist|institutionalist,posture-dimension,family,realist,realist,false,8,0.25
canonical,targeted:realist|institutionalist,posture-dimension,full-archetype,M-,M-,false,4,0.125
canonical,targeted:realist|institutionalist,posture-dimension,full-archetype,M+,M+,false,4,0.125
canonical,targeted:realist|institutionalist,posture-dimension,full-archetype,P-,P-,false,4,0.125
canonical,targeted:realist|institutionalist,posture-dimension,full-archetype,P+,P+,false,4,0.125
canonical,targeted:realist|institutionalist,posture-dimension,full-archetype,R-,R-,false,4,0.125
canonical,targeted:realist|institutionalist,posture-dimension,full-archetype,R+,R+,false,4,0.125
canonical,targeted:realist|institutionalist,posture-dimension,full-archetype,S-,S-,false,4,0.125
canonical,targeted:realist|institutionalist,posture-dimension,full-archetype,S+,S+,false,4,0.125
canonical,targeted:realist|institutionalist,posture-dimension,posture,-,-,false,16,0.5
canonical,targeted:realist|institutionalist,posture-dimension,posture,+,+,false,16,0.5
canonical,targeted:realist|institutionalist,posture-dimension,routing,pure,pure,false,32,1
responseStyleStress,core,answer,family,constructivist,constructivist,false,200,0.16488
responseStyleStress,core,answer,family,constructivist,institutionalist,true,8,0.006595
responseStyleStress,core,answer,family,constructivist,realist,true,16,0.01319
responseStyleStress,core,answer,family,institutionalist,constructivist,true,2,0.001649
responseStyleStress,core,answer,family,institutionalist,criticalPoliticalEconomy,true,70,0.057708
responseStyleStress,core,answer,family,institutionalist,institutionalist,false,82,0.067601
responseStyleStress,core,answer,family,realist,constructivist,true,192,0.158285
responseStyleStress,core,answer,family,realist,criticalPoliticalEconomy,true,192,0.158285
responseStyleStress,core,answer,family,realist,institutionalist,true,118,0.097279
responseStyleStress,core,answer,family,realist,realist,false,333,0.274526
responseStyleStress,core,answer,full-archetype,P/R-,M-,true,4,0.003298
responseStyleStress,core,answer,full-archetype,P/R-,P-,true,4,0.003298
responseStyleStress,core,answer,full-archetype,P/R-,P/M-,true,36,0.029678
responseStyleStress,core,answer,full-archetype,P/R-,P/R-,false,72,0.059357
responseStyleStress,core,answer,full-archetype,P/R-,P/S-,true,20,0.016488
responseStyleStress,core,answer,full-archetype,P/R-,R/M-,true,36,0.029678
responseStyleStress,core,answer,full-archetype,P/R-,R/S-,true,24,0.019786
responseStyleStress,core,answer,full-archetype,P/R+,M+,true,44,0.036274
responseStyleStress,core,answer,full-archetype,P/R+,P/M+,true,92,0.075845
responseStyleStress,core,answer,full-archetype,P/R+,P/R-,true,1,0.000824
responseStyleStress,core,answer,full-archetype,P/R+,P/R+,false,116,0.095631
responseStyleStress,core,answer,full-archetype,P/R+,P/S+,true,52,0.042869
responseStyleStress,core,answer,full-archetype,P/R+,P+,true,71,0.058533
responseStyleStress,core,answer,full-archetype,P/R+,R-,true,6,0.004946
responseStyleStress,core,answer,full-archetype,P/R+,R/M+,true,84,0.06925
responseStyleStress,core,answer,full-archetype,P/R+,R/S-,true,24,0.019786
responseStyleStress,core,answer,full-archetype,P/R+,R/S+,true,92,0.075845
responseStyleStress,core,answer,full-archetype,P/R+,R+,true,33,0.027205
responseStyleStress,core,answer,full-archetype,P/R+,S+,true,24,0.019786
responseStyleStress,core,answer,full-archetype,R/M+,M/S+,true,16,0.01319
responseStyleStress,core,answer,full-archetype,R/M+,M+,true,32,0.026381
responseStyleStress,core,answer,full-archetype,R/M+,P/M+,true,16,0.01319
responseStyleStress,core,answer,full-archetype,R/M+,P/R+,true,8,0.006595
responseStyleStress,core,answer,full-archetype,R/M+,R/M+,false,152,0.125309
responseStyleStress,core,answer,full-archetype,R/S-,M-,true,1,0.000824
responseStyleStress,core,answer,full-archetype,R/S-,M/S-,true,2,0.001649
responseStyleStress,core,answer,full-archetype,R/S-,P/R-,true,1,0.000824
responseStyleStress,core,answer,full-archetype,R/S-,P/S-,true,1,0.000824
responseStyleStress,core,answer,full-archetype,R/S-,R-,true,16,0.01319
responseStyleStress,core,answer,full-archetype,R/S-,R/S-,false,119,0.098104
responseStyleStress,core,answer,full-archetype,R/S-,R/S+,true,2,0.001649
responseStyleStress,core,answer,full-archetype,R/S-,S-,true,12,0.009893
responseStyleStress,core,answer,posture,-,-,false,348,0.286892
responseStyleStress,core,answer,posture,-,+,true,2,0.001649
responseStyleStress,core,answer,posture,+,-,true,31,0.025556
responseStyleStress,core,answer,posture,+,+,false,832,0.685903
responseStyleStress,core,answer,routing,blend,blend,false,966,0.796373
responseStyleStress,core,answer,routing,blend,pure,true,247,0.203627
responseStyleStress,core,posture-dimension,family,constructivist,constructivist,false,8,0.166667
responseStyleStress,core,posture-dimension,family,institutionalist,institutionalist,false,6,0.125
responseStyleStress,core,posture-dimension,family,realist,realist,false,34,0.708333
responseStyleStress,core,posture-dimension,full-archetype,P/R-,P/R-,false,8,0.166667
responseStyleStress,core,posture-dimension,full-archetype,P/R+,P/R-,true,9,0.1875
responseStyleStress,core,posture-dimension,full-archetype,P/R+,P/R+,false,17,0.354167
responseStyleStress,core,posture-dimension,full-archetype,R/M+,R/M+,false,8,0.166667
responseStyleStress,core,posture-dimension,full-archetype,R/S-,R/S-,false,6,0.125
responseStyleStress,core,posture-dimension,posture,-,-,false,14,0.291667
responseStyleStress,core,posture-dimension,posture,+,-,true,9,0.1875
responseStyleStress,core,posture-dimension,posture,+,+,false,25,0.520833
responseStyleStress,core,posture-dimension,routing,blend,blend,false,48,1
responseStyleStress,fullExtended,answer,family,criticalPoliticalEconomy,constructivist,true,11,0.002719
responseStyleStress,fullExtended,answer,family,criticalPoliticalEconomy,criticalPoliticalEconomy,false,455,0.112485
responseStyleStress,fullExtended,answer,family,institutionalist,constructivist,true,6,0.001483
responseStyleStress,fullExtended,answer,family,institutionalist,criticalPoliticalEconomy,true,4,0.000989
responseStyleStress,fullExtended,answer,family,institutionalist,institutionalist,false,1014,0.25068
responseStyleStress,fullExtended,answer,family,realist,constructivist,true,116,0.028677
responseStyleStress,fullExtended,answer,family,realist,criticalPoliticalEconomy,true,313,0.077379
responseStyleStress,fullExtended,answer,family,realist,institutionalist,true,2,0.000494
responseStyleStress,fullExtended,answer,family,realist,realist,false,2124,0.525093
responseStyleStress,fullExtended,answer,full-archetype,P-,P-,false,586,0.14487
responseStyleStress,fullExtended,answer,full-archetype,P-,P+,true,66,0.016316
responseStyleStress,fullExtended,answer,full-archetype,P/M-,M-,true,16,0.003956
responseStyleStress,fullExtended,answer,full-archetype,P/M-,P-,true,14,0.003461
responseStyleStress,fullExtended,answer,full-archetype,P/M-,P/M-,false,136,0.033622
responseStyleStress,fullExtended,answer,full-archetype,P/M-,P/R-,true,1,0.000247
responseStyleStress,fullExtended,answer,full-archetype,P/M-,R/M-,true,2,0.000494
responseStyleStress,fullExtended,answer,full-archetype,P/S-,M/S-,true,7,0.001731
responseStyleStress,fullExtended,answer,full-archetype,P/S-,P-,true,33,0.008158
responseStyleStress,fullExtended,answer,full-archetype,P/S-,P/R-,true,1,0.000247
responseStyleStress,fullExtended,answer,full-archetype,P/S-,P/S-,false,438,0.108282
responseStyleStress,fullExtended,answer,full-archetype,P/S-,P/S+,true,1,0.000247
responseStyleStress,fullExtended,answer,full-archetype,P/S-,P+,true,1,0.000247
responseStyleStress,fullExtended,answer,full-archetype,P/S-,R/S-,true,5,0.001236
responseStyleStress,fullExtended,answer,full-archetype,P/S-,S-,true,38,0.009394
responseStyleStress,fullExtended,answer,full-archetype,P/S+,M/S+,true,22,0.005439
responseStyleStress,fullExtended,answer,full-archetype,P/S+,M+,true,16,0.003956
responseStyleStress,fullExtended,answer,full-archetype,P/S+,P/M+,true,30,0.007417
responseStyleStress,fullExtended,answer,full-archetype,P/S+,P/S+,false,158,0.039061
responseStyleStress,fullExtended,answer,full-archetype,P/S+,P+,true,28,0.006922
responseStyleStress,fullExtended,answer,full-archetype,P/S+,R/M+,true,2,0.000494
responseStyleStress,fullExtended,answer,full-archetype,P/S+,S+,true,24,0.005933
responseStyleStress,fullExtended,answer,full-archetype,P+,M+,true,2,0.000494
responseStyleStress,fullExtended,answer,full-archetype,P+,P/M+,true,6,0.001483
responseStyleStress,fullExtended,answer,full-archetype,P+,P/S+,true,8,0.001978
responseStyleStress,fullExtended,answer,full-archetype,P+,P+,false,914,0.225958
responseStyleStress,fullExtended,answer,full-archetype,R-,M-,true,3,0.000742
responseStyleStress,fullExtended,answer,full-archetype,R-,R-,false,982,0.242769
responseStyleStress,fullExtended,answer,full-archetype,R-,R/M-,true,15,0.003708
responseStyleStress,fullExtended,answer,full-archetype,R-,R/S-,true,21,0.005192
responseStyleStress,fullExtended,answer,full-archetype,R-,R+,true,3,0.000742
responseStyleStress,fullExtended,answer,full-archetype,S-,M-,true,1,0.000247
responseStyleStress,fullExtended,answer,full-archetype,S-,M/S-,true,75,0.018541
responseStyleStress,fullExtended,answer,full-archetype,S-,P/S-,true,1,0.000247
responseStyleStress,fullExtended,answer,full-archetype,S-,S-,false,389,0.096168
responseStyleStress,fullExtended,answer,posture,-,-,false,2764,0.683313
responseStyleStress,fullExtended,answer,posture,-,+,true,71,0.017553
responseStyleStress,fullExtended,answer,posture,+,+,false,1210,0.299135
responseStyleStress,fullExtended,answer,routing,blend,blend,false,803,0.198517
responseStyleStress,fullExtended,answer,routing,blend,pure,true,170,0.042027
responseStyleStress,fullExtended,answer,routing,pure,blend,true,126,0.03115
responseStyleStress,fullExtended,answer,routing,pure,pure,false,2946,0.728307
responseStyleStress,fullExtended,posture-dimension,family,criticalPoliticalEconomy,criticalPoliticalEconomy,false,6,0.125
responseStyleStress,fullExtended,posture-dimension,family,institutionalist,institutionalist,false,12,0.25
responseStyleStress,fullExtended,posture-dimension,family,realist,constructivist,true,1,0.020833
responseStyleStress,fullExtended,posture-dimension,family,realist,criticalPoliticalEconomy,true,2,0.041667
responseStyleStress,fullExtended,posture-dimension,family,realist,realist,false,27,0.5625
responseStyleStress,fullExtended,posture-dimension,full-archetype,P-,P-,false,6,0.125
responseStyleStress,fullExtended,posture-dimension,full-archetype,P-,P+,true,2,0.041667
responseStyleStress,fullExtended,posture-dimension,full-archetype,P/M-,P/M-,false,2,0.041667
responseStyleStress,fullExtended,posture-dimension,full-archetype,P/S-,P/S-,false,6,0.125
responseStyleStress,fullExtended,posture-dimension,full-archetype,P/S+,P/S+,false,4,0.083333
responseStyleStress,fullExtended,posture-dimension,full-archetype,P+,P+,false,10,0.208333
responseStyleStress,fullExtended,posture-dimension,full-archetype,R-,R-,false,12,0.25
responseStyleStress,fullExtended,posture-dimension,full-archetype,S-,S-,false,6,0.125
responseStyleStress,fullExtended,posture-dimension,posture,-,-,false,32,0.666667
responseStyleStress,fullExtended,posture-dimension,posture,-,+,true,2,0.041667
responseStyleStress,fullExtended,posture-dimension,posture,+,+,false,14,0.291667
responseStyleStress,fullExtended,posture-dimension,routing,blend,blend,false,12,0.25
responseStyleStress,fullExtended,posture-dimension,routing,pure,pure,false,36,0.75
responseStyleStress,targeted:constructivist|criticalPoliticalEconomy,answer,family,constructivist,constructivist,false,335,0.213376
responseStyleStress,targeted:constructivist|criticalPoliticalEconomy,answer,family,constructivist,criticalPoliticalEconomy,true,72,0.04586
responseStyleStress,targeted:constructivist|criticalPoliticalEconomy,answer,family,constructivist,institutionalist,true,34,0.021656
responseStyleStress,targeted:constructivist|criticalPoliticalEconomy,answer,family,constructivist,realist,true,99,0.063057
responseStyleStress,targeted:constructivist|criticalPoliticalEconomy,answer,family,criticalPoliticalEconomy,constructivist,true,39,0.024841
responseStyleStress,targeted:constructivist|criticalPoliticalEconomy,answer,family,criticalPoliticalEconomy,criticalPoliticalEconomy,false,145,0.092357
responseStyleStress,targeted:constructivist|criticalPoliticalEconomy,answer,family,criticalPoliticalEconomy,institutionalist,true,58,0.036943
responseStyleStress,targeted:constructivist|criticalPoliticalEconomy,answer,family,criticalPoliticalEconomy,realist,true,57,0.036306
responseStyleStress,targeted:constructivist|criticalPoliticalEconomy,answer,family,institutionalist,constructivist,true,49,0.03121
responseStyleStress,targeted:constructivist|criticalPoliticalEconomy,answer,family,institutionalist,institutionalist,false,72,0.04586
responseStyleStress,targeted:constructivist|criticalPoliticalEconomy,answer,family,institutionalist,realist,true,9,0.005732
responseStyleStress,targeted:constructivist|criticalPoliticalEconomy,answer,family,realist,constructivist,true,33,0.021019
responseStyleStress,targeted:constructivist|criticalPoliticalEconomy,answer,family,realist,criticalPoliticalEconomy,true,30,0.019108
responseStyleStress,targeted:constructivist|criticalPoliticalEconomy,answer,family,realist,institutionalist,true,60,0.038217
responseStyleStress,targeted:constructivist|criticalPoliticalEconomy,answer,family,realist,realist,false,478,0.304459
responseStyleStress,targeted:constructivist|criticalPoliticalEconomy,answer,full-archetype,M-,M-,false,123,0.078344
responseStyleStress,targeted:constructivist|criticalPoliticalEconomy,answer,full-archetype,M-,M/S-,true,6,0.003822
responseStyleStress,targeted:constructivist|criticalPoliticalEconomy,answer,full-archetype,M-,M+,true,1,0.000637
responseStyleStress,targeted:constructivist|criticalPoliticalEconomy,answer,full-archetype,M-,P-,true,18,0.011465
responseStyleStress,targeted:constructivist|criticalPoliticalEconomy,answer,full-archetype,M-,P/M-,true,22,0.014013
responseStyleStress,targeted:constructivist|criticalPoliticalEconomy,answer,full-archetype,M-,P/S-,true,2,0.001274
responseStyleStress,targeted:constructivist|criticalPoliticalEconomy,answer,full-archetype,M-,R-,true,2,0.001274
responseStyleStress,targeted:constructivist|criticalPoliticalEconomy,answer,full-archetype,M-,R/M-,true,7,0.004459
responseStyleStress,targeted:constructivist|criticalPoliticalEconomy,answer,full-archetype,M-,S-,true,4,0.002548
responseStyleStress,targeted:constructivist|criticalPoliticalEconomy,answer,full-archetype,M/S+,M-,true,4,0.002548
responseStyleStress,targeted:constructivist|criticalPoliticalEconomy,answer,full-archetype,M/S+,M/S-,true,5,0.003185
responseStyleStress,targeted:constructivist|criticalPoliticalEconomy,answer,full-archetype,M/S+,M/S+,false,24,0.015287
responseStyleStress,targeted:constructivist|criticalPoliticalEconomy,answer,full-archetype,M/S+,M+,true,10,0.006369
responseStyleStress,targeted:constructivist|criticalPoliticalEconomy,answer,full-archetype,M/S+,P/M+,true,9,0.005732
responseStyleStress,targeted:constructivist|criticalPoliticalEconomy,answer,full-archetype,M/S+,P/S+,true,4,0.002548
responseStyleStress,targeted:constructivist|criticalPoliticalEconomy,answer,full-archetype,M/S+,P+,true,5,0.003185
responseStyleStress,targeted:constructivist|criticalPoliticalEconomy,answer,full-archetype,M/S+,S-,true,1,0.000637
responseStyleStress,targeted:constructivist|criticalPoliticalEconomy,answer,full-archetype,M/S+,S+,true,9,0.005732
responseStyleStress,targeted:constructivist|criticalPoliticalEconomy,answer,full-archetype,P/M-,M-,true,22,0.014013
responseStyleStress,targeted:constructivist|criticalPoliticalEconomy,answer,full-archetype,P/M-,P-,true,22,0.014013
responseStyleStress,targeted:constructivist|criticalPoliticalEconomy,answer,full-archetype,P/M-,P/M-,false,74,0.047134
responseStyleStress,targeted:constructivist|criticalPoliticalEconomy,answer,full-archetype,P/M-,P/S-,true,8,0.005096
responseStyleStress,targeted:constructivist|criticalPoliticalEconomy,answer,full-archetype,P/M-,R/M-,true,16,0.010191
responseStyleStress,targeted:constructivist|criticalPoliticalEconomy,answer,full-archetype,P/R-,M-,true,7,0.004459
responseStyleStress,targeted:constructivist|criticalPoliticalEconomy,answer,full-archetype,P/R-,P-,true,14,0.008917
responseStyleStress,targeted:constructivist|criticalPoliticalEconomy,answer,full-archetype,P/R-,P/M-,true,3,0.001911
responseStyleStress,targeted:constructivist|criticalPoliticalEconomy,answer,full-archetype,P/R-,P/R-,false,20,0.012739
responseStyleStress,targeted:constructivist|criticalPoliticalEconomy,answer,full-archetype,P/R-,P/S-,true,7,0.004459
responseStyleStress,targeted:constructivist|criticalPoliticalEconomy,answer,full-archetype,P/R-,R-,true,11,0.007006
responseStyleStress,targeted:constructivist|criticalPoliticalEconomy,answer,full-archetype,P/R-,R/M-,true,4,0.002548
responseStyleStress,targeted:constructivist|criticalPoliticalEconomy,answer,full-archetype,P/S-,M-,true,9,0.005732
responseStyleStress,targeted:constructivist|criticalPoliticalEconomy,answer,full-archetype,P/S-,M/S-,true,7,0.004459
responseStyleStress,targeted:constructivist|criticalPoliticalEconomy,answer,full-archetype,P/S-,P-,true,47,0.029936
responseStyleStress,targeted:constructivist|criticalPoliticalEconomy,answer,full-archetype,P/S-,P/M-,true,10,0.006369
responseStyleStress,targeted:constructivist|criticalPoliticalEconomy,answer,full-archetype,P/S-,P/S-,false,46,0.029299
responseStyleStress,targeted:constructivist|criticalPoliticalEconomy,answer,full-archetype,P/S-,P/S+,true,2,0.001274
responseStyleStress,targeted:constructivist|criticalPoliticalEconomy,answer,full-archetype,P/S-,P+,true,11,0.007006
responseStyleStress,targeted:constructivist|criticalPoliticalEconomy,answer,full-archetype,P/S-,R-,true,4,0.002548
responseStyleStress,targeted:constructivist|criticalPoliticalEconomy,answer,full-archetype,P/S-,S-,true,44,0.028025
responseStyleStress,targeted:constructivist|criticalPoliticalEconomy,answer,full-archetype,P+,M+,true,16,0.010191
responseStyleStress,targeted:constructivist|criticalPoliticalEconomy,answer,full-archetype,P+,P-,true,11,0.007006
responseStyleStress,targeted:constructivist|criticalPoliticalEconomy,answer,full-archetype,P+,P/M-,true,1,0.000637
responseStyleStress,targeted:constructivist|criticalPoliticalEconomy,answer,full-archetype,P+,P/M+,true,20,0.012739
responseStyleStress,targeted:constructivist|criticalPoliticalEconomy,answer,full-archetype,P+,P/R-,true,4,0.002548
responseStyleStress,targeted:constructivist|criticalPoliticalEconomy,answer,full-archetype,P+,P/R+,true,39,0.024841
responseStyleStress,targeted:constructivist|criticalPoliticalEconomy,answer,full-archetype,P+,P+,false,355,0.226115
responseStyleStress,targeted:constructivist|criticalPoliticalEconomy,answer,full-archetype,P+,R/M+,true,1,0.000637
responseStyleStress,targeted:constructivist|criticalPoliticalEconomy,answer,full-archetype,P+,R+,true,22,0.014013
responseStyleStress,targeted:constructivist|criticalPoliticalEconomy,answer,full-archetype,R/M-,M-,true,48,0.030573
responseStyleStress,targeted:constructivist|criticalPoliticalEconomy,answer,full-archetype,R/M-,M/S-,true,28,0.017834
responseStyleStress,targeted:constructivist|criticalPoliticalEconomy,answer,full-archetype,R/M-,P-,true,4,0.002548
responseStyleStress,targeted:constructivist|criticalPoliticalEconomy,answer,full-archetype,R/M-,P/S-,true,2,0.001274
responseStyleStress,targeted:constructivist|criticalPoliticalEconomy,answer,full-archetype,R/M-,R-,true,20,0.012739
responseStyleStress,targeted:constructivist|criticalPoliticalEconomy,answer,full-archetype,R/M-,R/M-,false,64,0.040764
responseStyleStress,targeted:constructivist|criticalPoliticalEconomy,answer,full-archetype,R/M-,R/M+,true,2,0.001274
responseStyleStress,targeted:constructivist|criticalPoliticalEconomy,answer,full-archetype,R/M-,R/S-,true,20,0.012739
responseStyleStress,targeted:constructivist|criticalPoliticalEconomy,answer,full-archetype,R/M-,R+,true,1,0.000637
responseStyleStress,targeted:constructivist|criticalPoliticalEconomy,answer,full-archetype,R/M-,S-,true,18,0.011465
responseStyleStress,targeted:constructivist|criticalPoliticalEconomy,answer,full-archetype,R/M+,M+,true,13,0.00828
responseStyleStress,targeted:constructivist|criticalPoliticalEconomy,answer,full-archetype,R/M+,P/M+,true,3,0.001911
responseStyleStress,targeted:constructivist|criticalPoliticalEconomy,answer,full-archetype,R/M+,P/R+,true,4,0.002548
responseStyleStress,targeted:constructivist|criticalPoliticalEconomy,answer,full-archetype,R/M+,P+,true,4,0.002548
responseStyleStress,targeted:constructivist|criticalPoliticalEconomy,answer,full-archetype,R/M+,R-,true,1,0.000637
responseStyleStress,targeted:constructivist|criticalPoliticalEconomy,answer,full-archetype,R/M+,R/M+,false,23,0.01465
responseStyleStress,targeted:constructivist|criticalPoliticalEconomy,answer,full-archetype,R/M+,R+,true,17,0.010828
responseStyleStress,targeted:constructivist|criticalPoliticalEconomy,answer,full-archetype,R/S-,M-,true,7,0.004459
responseStyleStress,targeted:constructivist|criticalPoliticalEconomy,answer,full-archetype,R/S-,M/S-,true,19,0.012102
responseStyleStress,targeted:constructivist|criticalPoliticalEconomy,answer,full-archetype,R/S-,M+,true,1,0.000637
responseStyleStress,targeted:constructivist|criticalPoliticalEconomy,answer,full-archetype,R/S-,P-,true,4,0.002548
responseStyleStress,targeted:constructivist|criticalPoliticalEconomy,answer,full-archetype,R/S-,P/S-,true,4,0.002548
responseStyleStress,targeted:constructivist|criticalPoliticalEconomy,answer,full-archetype,R/S-,P/S+,true,1,0.000637
responseStyleStress,targeted:constructivist|criticalPoliticalEconomy,answer,full-archetype,R/S-,R-,true,22,0.014013
responseStyleStress,targeted:constructivist|criticalPoliticalEconomy,answer,full-archetype,R/S-,R/M-,true,16,0.010191
responseStyleStress,targeted:constructivist|criticalPoliticalEconomy,answer,full-archetype,R/S-,R/S-,false,58,0.036943
responseStyleStress,targeted:constructivist|criticalPoliticalEconomy,answer,full-archetype,R/S-,S-,true,48,0.030573
responseStyleStress,targeted:constructivist|criticalPoliticalEconomy,answer,full-archetype,R/S-,S+,true,5,0.003185
responseStyleStress,targeted:constructivist|criticalPoliticalEconomy,answer,posture,-,-,false,941,0.599363
responseStyleStress,targeted:constructivist|criticalPoliticalEconomy,answer,posture,-,+,true,24,0.015287
responseStyleStress,targeted:constructivist|criticalPoliticalEconomy,answer,posture,+,-,true,27,0.017197
responseStyleStress,targeted:constructivist|criticalPoliticalEconomy,answer,posture,+,+,false,578,0.368153
responseStyleStress,targeted:constructivist|criticalPoliticalEconomy,answer,routing,blend,blend,false,483,0.307643
responseStyleStress,targeted:constructivist|criticalPoliticalEconomy,answer,routing,blend,pure,true,433,0.275796
responseStyleStress,targeted:constructivist|criticalPoliticalEconomy,answer,routing,pure,blend,true,102,0.064968
responseStyleStress,targeted:constructivist|criticalPoliticalEconomy,answer,routing,pure,pure,false,552,0.351592
responseStyleStress,targeted:constructivist|criticalPoliticalEconomy,posture-dimension,family,constructivist,constructivist,false,16,0.333333
responseStyleStress,targeted:constructivist|criticalPoliticalEconomy,posture-dimension,family,criticalPoliticalEconomy,criticalPoliticalEconomy,false,8,0.166667
responseStyleStress,targeted:constructivist|criticalPoliticalEconomy,posture-dimension,family,criticalPoliticalEconomy,realist,true,2,0.041667
responseStyleStress,targeted:constructivist|criticalPoliticalEconomy,posture-dimension,family,institutionalist,institutionalist,false,4,0.083333
responseStyleStress,targeted:constructivist|criticalPoliticalEconomy,posture-dimension,family,realist,criticalPoliticalEconomy,true,1,0.020833
responseStyleStress,targeted:constructivist|criticalPoliticalEconomy,posture-dimension,family,realist,realist,false,17,0.354167
responseStyleStress,targeted:constructivist|criticalPoliticalEconomy,posture-dimension,full-archetype,M-,M-,false,6,0.125
responseStyleStress,targeted:constructivist|criticalPoliticalEconomy,posture-dimension,full-archetype,M/S+,M/S-,true,1,0.020833
responseStyleStress,targeted:constructivist|criticalPoliticalEconomy,posture-dimension,full-archetype,M/S+,M/S+,false,1,0.020833
responseStyleStress,targeted:constructivist|criticalPoliticalEconomy,posture-dimension,full-archetype,P/M-,P/M-,false,4,0.083333
responseStyleStress,targeted:constructivist|criticalPoliticalEconomy,posture-dimension,full-archetype,P/R-,P/R-,false,2,0.041667
responseStyleStress,targeted:constructivist|criticalPoliticalEconomy,posture-dimension,full-archetype,P/S-,P/S-,false,6,0.125
responseStyleStress,targeted:constructivist|criticalPoliticalEconomy,posture-dimension,full-archetype,P+,P+,false,14,0.291667
responseStyleStress,targeted:constructivist|criticalPoliticalEconomy,posture-dimension,full-archetype,R/M-,R/M-,false,6,0.125
responseStyleStress,targeted:constructivist|criticalPoliticalEconomy,posture-dimension,full-archetype,R/M+,R/M+,false,2,0.041667
responseStyleStress,targeted:constructivist|criticalPoliticalEconomy,posture-dimension,full-archetype,R/S-,R/S-,false,6,0.125
responseStyleStress,targeted:constructivist|criticalPoliticalEconomy,posture-dimension,posture,-,-,false,30,0.625
responseStyleStress,targeted:constructivist|criticalPoliticalEconomy,posture-dimension,posture,+,-,true,1,0.020833
responseStyleStress,targeted:constructivist|criticalPoliticalEconomy,posture-dimension,posture,+,+,false,17,0.354167
responseStyleStress,targeted:constructivist|criticalPoliticalEconomy,posture-dimension,routing,blend,blend,false,28,0.583333
responseStyleStress,targeted:constructivist|criticalPoliticalEconomy,posture-dimension,routing,pure,pure,false,20,0.416667
responseStyleStress,targeted:institutionalist|constructivist,answer,family,constructivist,constructivist,false,245,0.155556
responseStyleStress,targeted:institutionalist|constructivist,answer,family,constructivist,criticalPoliticalEconomy,true,105,0.066667
responseStyleStress,targeted:institutionalist|constructivist,answer,family,constructivist,institutionalist,true,11,0.006984
responseStyleStress,targeted:institutionalist|constructivist,answer,family,constructivist,realist,true,25,0.015873
responseStyleStress,targeted:institutionalist|constructivist,answer,family,criticalPoliticalEconomy,constructivist,true,4,0.00254
responseStyleStress,targeted:institutionalist|constructivist,answer,family,criticalPoliticalEconomy,criticalPoliticalEconomy,false,170,0.107937
responseStyleStress,targeted:institutionalist|constructivist,answer,family,criticalPoliticalEconomy,institutionalist,true,2,0.00127
responseStyleStress,targeted:institutionalist|constructivist,answer,family,criticalPoliticalEconomy,realist,true,9,0.005714
responseStyleStress,targeted:institutionalist|constructivist,answer,family,institutionalist,constructivist,true,29,0.018413
responseStyleStress,targeted:institutionalist|constructivist,answer,family,institutionalist,institutionalist,false,246,0.15619
responseStyleStress,targeted:institutionalist|constructivist,answer,family,institutionalist,realist,true,4,0.00254
responseStyleStress,targeted:institutionalist|constructivist,answer,family,realist,constructivist,true,4,0.00254
responseStyleStress,targeted:institutionalist|constructivist,answer,family,realist,criticalPoliticalEconomy,true,14,0.008889
responseStyleStress,targeted:institutionalist|constructivist,answer,family,realist,institutionalist,true,8,0.005079
responseStyleStress,targeted:institutionalist|constructivist,answer,family,realist,realist,false,699,0.44381
responseStyleStress,targeted:institutionalist|constructivist,answer,full-archetype,M-,M-,false,136,0.086349
responseStyleStress,targeted:institutionalist|constructivist,answer,full-archetype,M-,M/S-,true,17,0.010794
responseStyleStress,targeted:institutionalist|constructivist,answer,full-archetype,M-,P-,true,4,0.00254
responseStyleStress,targeted:institutionalist|constructivist,answer,full-archetype,M-,P/S-,true,2,0.00127
responseStyleStress,targeted:institutionalist|constructivist,answer,full-archetype,M-,R-,true,2,0.00127
responseStyleStress,targeted:institutionalist|constructivist,answer,full-archetype,M-,R/M-,true,4,0.00254
responseStyleStress,targeted:institutionalist|constructivist,answer,full-archetype,M-,S-,true,20,0.012698
responseStyleStress,targeted:institutionalist|constructivist,answer,full-archetype,M/S-,M-,true,37,0.023492
responseStyleStress,targeted:institutionalist|constructivist,answer,full-archetype,M/S-,M/S-,false,45,0.028571
responseStyleStress,targeted:institutionalist|constructivist,answer,full-archetype,M/S-,P-,true,3,0.001905
responseStyleStress,targeted:institutionalist|constructivist,answer,full-archetype,M/S-,P/M-,true,1,0.000635
responseStyleStress,targeted:institutionalist|constructivist,answer,full-archetype,M/S-,R-,true,3,0.001905
responseStyleStress,targeted:institutionalist|constructivist,answer,full-archetype,M/S-,R/M-,true,5,0.003175
responseStyleStress,targeted:institutionalist|constructivist,answer,full-archetype,M/S-,R/S-,true,3,0.001905
responseStyleStress,targeted:institutionalist|constructivist,answer,full-archetype,M/S-,S-,true,38,0.024127
responseStyleStress,targeted:institutionalist|constructivist,answer,full-archetype,M/S+,M/S+,false,16,0.010159
responseStyleStress,targeted:institutionalist|constructivist,answer,full-archetype,M/S+,M+,true,14,0.008889
responseStyleStress,targeted:institutionalist|constructivist,answer,full-archetype,M/S+,P/M+,true,9,0.005714
responseStyleStress,targeted:institutionalist|constructivist,answer,full-archetype,M/S+,P/S+,true,8,0.005079
responseStyleStress,targeted:institutionalist|constructivist,answer,full-archetype,M/S+,P+,true,9,0.005714
responseStyleStress,targeted:institutionalist|constructivist,answer,full-archetype,M/S+,S+,true,10,0.006349
responseStyleStress,targeted:institutionalist|constructivist,answer,full-archetype,P-,P-,false,234,0.148571
responseStyleStress,targeted:institutionalist|constructivist,answer,full-archetype,P-,P/S-,true,6,0.00381
responseStyleStress,targeted:institutionalist|constructivist,answer,full-archetype,P-,R-,true,6,0.00381
responseStyleStress,targeted:institutionalist|constructivist,answer,full-archetype,P-,R/M-,true,2,0.00127
responseStyleStress,targeted:institutionalist|constructivist,answer,full-archetype,P-,S-,true,8,0.005079
responseStyleStress,targeted:institutionalist|constructivist,answer,full-archetype,P+,M+,true,4,0.00254
responseStyleStress,targeted:institutionalist|constructivist,answer,full-archetype,P+,P/S+,true,4,0.00254
responseStyleStress,targeted:institutionalist|constructivist,answer,full-archetype,P+,P+,false,457,0.290159
responseStyleStress,targeted:institutionalist|constructivist,answer,full-archetype,P+,S+,true,4,0.00254
responseStyleStress,targeted:institutionalist|constructivist,answer,full-archetype,R-,M-,true,2,0.00127
responseStyleStress,targeted:institutionalist|constructivist,answer,full-archetype,R-,R-,false,209,0.132698
responseStyleStress,targeted:institutionalist|constructivist,answer,full-archetype,R-,R/M-,true,2,0.00127
responseStyleStress,targeted:institutionalist|constructivist,answer,full-archetype,R/M+,M+,true,14,0.008889
responseStyleStress,targeted:institutionalist|constructivist,answer,full-archetype,R/M+,P/M+,true,1,0.000635
responseStyleStress,targeted:institutionalist|constructivist,answer,full-archetype,R/M+,P+,true,3,0.001905
responseStyleStress,targeted:institutionalist|constructivist,answer,full-archetype,R/M+,R-,true,2,0.00127
responseStyleStress,targeted:institutionalist|constructivist,answer,full-archetype,R/M+,R/M-,true,2,0.00127
responseStyleStress,targeted:institutionalist|constructivist,answer,full-archetype,R/M+,R/M+,false,31,0.019683
responseStyleStress,targeted:institutionalist|constructivist,answer,full-archetype,R/M+,R+,true,13,0.008254
responseStyleStress,targeted:institutionalist|constructivist,answer,full-archetype,S+,M/S+,true,4,0.00254
responseStyleStress,targeted:institutionalist|constructivist,answer,full-archetype,S+,M+,true,4,0.00254
responseStyleStress,targeted:institutionalist|constructivist,answer,full-archetype,S+,P/M+,true,2,0.00127
responseStyleStress,targeted:institutionalist|constructivist,answer,full-archetype,S+,P/S+,true,13,0.008254
responseStyleStress,targeted:institutionalist|constructivist,answer,full-archetype,S+,P+,true,2,0.00127
responseStyleStress,targeted:institutionalist|constructivist,answer,full-archetype,S+,R/S+,true,2,0.00127
responseStyleStress,targeted:institutionalist|constructivist,answer,full-archetype,S+,S-,true,14,0.008889
responseStyleStress,targeted:institutionalist|constructivist,answer,full-archetype,S+,S+,false,144,0.091429
responseStyleStress,targeted:institutionalist|constructivist,answer,posture,-,-,false,789,0.500952
responseStyleStress,targeted:institutionalist|constructivist,answer,posture,+,-,true,18,0.011429
responseStyleStress,targeted:institutionalist|constructivist,answer,posture,+,+,false,768,0.487619
responseStyleStress,targeted:institutionalist|constructivist,answer,routing,blend,blend,false,121,0.076825
responseStyleStress,targeted:institutionalist|constructivist,answer,routing,blend,pure,true,146,0.092698
responseStyleStress,targeted:institutionalist|constructivist,answer,routing,pure,blend,true,58,0.036825
responseStyleStress,targeted:institutionalist|constructivist,answer,routing,pure,pure,false,1250,0.793651
responseStyleStress,targeted:institutionalist|constructivist,posture-dimension,family,constructivist,constructivist,false,12,0.25
responseStyleStress,targeted:institutionalist|constructivist,posture-dimension,family,criticalPoliticalEconomy,criticalPoliticalEconomy,false,6,0.125
responseStyleStress,targeted:institutionalist|constructivist,posture-dimension,family,institutionalist,constructivist,true,1,0.020833
responseStyleStress,targeted:institutionalist|constructivist,posture-dimension,family,institutionalist,institutionalist,false,7,0.145833
responseStyleStress,targeted:institutionalist|constructivist,posture-dimension,family,realist,realist,false,22,0.458333
responseStyleStress,targeted:institutionalist|constructivist,posture-dimension,full-archetype,M-,M-,false,6,0.125
responseStyleStress,targeted:institutionalist|constructivist,posture-dimension,full-archetype,M/S-,M/S-,false,4,0.083333
responseStyleStress,targeted:institutionalist|constructivist,posture-dimension,full-archetype,M/S+,M/S+,false,2,0.041667
responseStyleStress,targeted:institutionalist|constructivist,posture-dimension,full-archetype,P-,P-,false,8,0.166667
responseStyleStress,targeted:institutionalist|constructivist,posture-dimension,full-archetype,P+,P+,false,14,0.291667
responseStyleStress,targeted:institutionalist|constructivist,posture-dimension,full-archetype,R-,R-,false,6,0.125
responseStyleStress,targeted:institutionalist|constructivist,posture-dimension,full-archetype,R/M+,R/M+,false,2,0.041667
responseStyleStress,targeted:institutionalist|constructivist,posture-dimension,full-archetype,S+,S+,false,6,0.125
responseStyleStress,targeted:institutionalist|constructivist,posture-dimension,posture,-,-,false,24,0.5
responseStyleStress,targeted:institutionalist|constructivist,posture-dimension,posture,+,+,false,24,0.5
responseStyleStress,targeted:institutionalist|constructivist,posture-dimension,routing,blend,blend,false,8,0.166667
responseStyleStress,targeted:institutionalist|constructivist,posture-dimension,routing,pure,pure,false,40,0.833333
responseStyleStress,targeted:institutionalist|criticalPoliticalEconomy,answer,family,constructivist,constructivist,false,144,0.091429
responseStyleStress,targeted:institutionalist|criticalPoliticalEconomy,answer,family,constructivist,criticalPoliticalEconomy,true,21,0.013333
responseStyleStress,targeted:institutionalist|criticalPoliticalEconomy,answer,family,constructivist,institutionalist,true,13,0.008254
responseStyleStress,targeted:institutionalist|criticalPoliticalEconomy,answer,family,constructivist,realist,true,7,0.004444
responseStyleStress,targeted:institutionalist|criticalPoliticalEconomy,answer,family,institutionalist,constructivist,true,18,0.011429
responseStyleStress,targeted:institutionalist|criticalPoliticalEconomy,answer,family,institutionalist,criticalPoliticalEconomy,true,29,0.018413
responseStyleStress,targeted:institutionalist|criticalPoliticalEconomy,answer,family,institutionalist,institutionalist,false,235,0.149206
responseStyleStress,targeted:institutionalist|criticalPoliticalEconomy,answer,family,institutionalist,realist,true,1,0.000635
responseStyleStress,targeted:institutionalist|criticalPoliticalEconomy,answer,family,realist,constructivist,true,59,0.03746
responseStyleStress,targeted:institutionalist|criticalPoliticalEconomy,answer,family,realist,criticalPoliticalEconomy,true,121,0.076825
responseStyleStress,targeted:institutionalist|criticalPoliticalEconomy,answer,family,realist,institutionalist,true,52,0.033016
responseStyleStress,targeted:institutionalist|criticalPoliticalEconomy,answer,family,realist,realist,false,875,0.555556
responseStyleStress,targeted:institutionalist|criticalPoliticalEconomy,answer,full-archetype,M-,M-,false,114,0.072381
responseStyleStress,targeted:institutionalist|criticalPoliticalEconomy,answer,full-archetype,M-,M/S-,true,19,0.012063
responseStyleStress,targeted:institutionalist|criticalPoliticalEconomy,answer,full-archetype,M-,M+,true,13,0.008254
responseStyleStress,targeted:institutionalist|criticalPoliticalEconomy,answer,full-archetype,M-,P-,true,5,0.003175
responseStyleStress,targeted:institutionalist|criticalPoliticalEconomy,answer,full-archetype,M-,P/S-,true,2,0.00127
responseStyleStress,targeted:institutionalist|criticalPoliticalEconomy,answer,full-archetype,M-,R-,true,6,0.00381
responseStyleStress,targeted:institutionalist|criticalPoliticalEconomy,answer,full-archetype,M-,R/M-,true,11,0.006984
responseStyleStress,targeted:institutionalist|criticalPoliticalEconomy,answer,full-archetype,M-,R/M+,true,2,0.00127
responseStyleStress,targeted:institutionalist|criticalPoliticalEconomy,answer,full-archetype,M-,R/S-,true,5,0.003175
responseStyleStress,targeted:institutionalist|criticalPoliticalEconomy,answer,full-archetype,M-,S-,true,8,0.005079
responseStyleStress,targeted:institutionalist|criticalPoliticalEconomy,answer,full-archetype,P-,M/S-,true,4,0.00254
responseStyleStress,targeted:institutionalist|criticalPoliticalEconomy,answer,full-archetype,P-,P-,false,182,0.115556
responseStyleStress,targeted:institutionalist|criticalPoliticalEconomy,answer,full-archetype,P-,P/R-,true,2,0.00127
responseStyleStress,targeted:institutionalist|criticalPoliticalEconomy,answer,full-archetype,P-,P/S-,true,56,0.035556
responseStyleStress,targeted:institutionalist|criticalPoliticalEconomy,answer,full-archetype,P-,R-,true,2,0.00127
responseStyleStress,targeted:institutionalist|criticalPoliticalEconomy,answer,full-archetype,P-,R/M-,true,2,0.00127
responseStyleStress,targeted:institutionalist|criticalPoliticalEconomy,answer,full-archetype,P-,S-,true,8,0.005079
responseStyleStress,targeted:institutionalist|criticalPoliticalEconomy,answer,full-archetype,P/M+,M-,true,1,0.000635
responseStyleStress,targeted:institutionalist|criticalPoliticalEconomy,answer,full-archetype,P/M+,M+,true,6,0.00381
responseStyleStress,targeted:institutionalist|criticalPoliticalEconomy,answer,full-archetype,P/M+,P/M-,true,2,0.00127
responseStyleStress,targeted:institutionalist|criticalPoliticalEconomy,answer,full-archetype,P/M+,P/M+,false,23,0.014603
responseStyleStress,targeted:institutionalist|criticalPoliticalEconomy,answer,full-archetype,P/M+,P/R+,true,2,0.00127
responseStyleStress,targeted:institutionalist|criticalPoliticalEconomy,answer,full-archetype,P/M+,P+,true,15,0.009524
responseStyleStress,targeted:institutionalist|criticalPoliticalEconomy,answer,full-archetype,P/M+,R-,true,1,0.000635
responseStyleStress,targeted:institutionalist|criticalPoliticalEconomy,answer,full-archetype,P/M+,R/M-,true,6,0.00381
responseStyleStress,targeted:institutionalist|criticalPoliticalEconomy,answer,full-archetype,P/M+,R/M+,true,6,0.00381
responseStyleStress,targeted:institutionalist|criticalPoliticalEconomy,answer,full-archetype,P/M+,R+,true,3,0.001905
responseStyleStress,targeted:institutionalist|criticalPoliticalEconomy,answer,full-archetype,P/R-,P-,true,8,0.005079
responseStyleStress,targeted:institutionalist|criticalPoliticalEconomy,answer,full-archetype,P/R-,P/R-,false,26,0.016508
responseStyleStress,targeted:institutionalist|criticalPoliticalEconomy,answer,full-archetype,P/R-,P/R+,true,3,0.001905
responseStyleStress,targeted:institutionalist|criticalPoliticalEconomy,answer,full-archetype,P/R-,P/S-,true,10,0.006349
responseStyleStress,targeted:institutionalist|criticalPoliticalEconomy,answer,full-archetype,P/R-,P+,true,3,0.001905
responseStyleStress,targeted:institutionalist|criticalPoliticalEconomy,answer,full-archetype,P/R-,R-,true,12,0.007619
responseStyleStress,targeted:institutionalist|criticalPoliticalEconomy,answer,full-archetype,P/R-,R/S-,true,5,0.003175
responseStyleStress,targeted:institutionalist|criticalPoliticalEconomy,answer,full-archetype,P/R-,S-,true,1,0.000635
responseStyleStress,targeted:institutionalist|criticalPoliticalEconomy,answer,full-archetype,P/S-,M-,true,7,0.004444
responseStyleStress,targeted:institutionalist|criticalPoliticalEconomy,answer,full-archetype,P/S-,M/S-,true,7,0.004444
responseStyleStress,targeted:institutionalist|criticalPoliticalEconomy,answer,full-archetype,P/S-,P-,true,54,0.034286
responseStyleStress,targeted:institutionalist|criticalPoliticalEconomy,answer,full-archetype,P/S-,P/R-,true,2,0.00127
responseStyleStress,targeted:institutionalist|criticalPoliticalEconomy,answer,full-archetype,P/S-,P/S-,false,64,0.040635
responseStyleStress,targeted:institutionalist|criticalPoliticalEconomy,answer,full-archetype,P/S-,P/S+,true,4,0.00254
responseStyleStress,targeted:institutionalist|criticalPoliticalEconomy,answer,full-archetype,P/S-,P+,true,8,0.005079
responseStyleStress,targeted:institutionalist|criticalPoliticalEconomy,answer,full-archetype,P/S-,R-,true,2,0.00127
responseStyleStress,targeted:institutionalist|criticalPoliticalEconomy,answer,full-archetype,P/S-,S-,true,30,0.019048
responseStyleStress,targeted:institutionalist|criticalPoliticalEconomy,answer,full-archetype,P/S+,M-,true,1,0.000635
responseStyleStress,targeted:institutionalist|criticalPoliticalEconomy,answer,full-archetype,P/S+,M/S-,true,4,0.00254
responseStyleStress,targeted:institutionalist|criticalPoliticalEconomy,answer,full-archetype,P/S+,M/S+,true,4,0.00254
responseStyleStress,targeted:institutionalist|criticalPoliticalEconomy,answer,full-archetype,P/S+,M+,true,4,0.00254
responseStyleStress,targeted:institutionalist|criticalPoliticalEconomy,answer,full-archetype,P/S+,P/M-,true,2,0.00127
responseStyleStress,targeted:institutionalist|criticalPoliticalEconomy,answer,full-archetype,P/S+,P/M+,true,13,0.008254
responseStyleStress,targeted:institutionalist|criticalPoliticalEconomy,answer,full-archetype,P/S+,P/S-,true,1,0.000635
responseStyleStress,targeted:institutionalist|criticalPoliticalEconomy,answer,full-archetype,P/S+,P/S+,false,29,0.018413
responseStyleStress,targeted:institutionalist|criticalPoliticalEconomy,answer,full-archetype,P/S+,P+,true,7,0.004444
responseStyleStress,targeted:institutionalist|criticalPoliticalEconomy,answer,full-archetype,P/S+,S+,true,6,0.00381
responseStyleStress,targeted:institutionalist|criticalPoliticalEconomy,answer,full-archetype,P+,M+,true,5,0.003175
responseStyleStress,targeted:institutionalist|criticalPoliticalEconomy,answer,full-archetype,P+,P-,true,2,0.00127
responseStyleStress,targeted:institutionalist|criticalPoliticalEconomy,answer,full-archetype,P+,P/M+,true,10,0.006349
responseStyleStress,targeted:institutionalist|criticalPoliticalEconomy,answer,full-archetype,P+,P/R+,true,9,0.005714
responseStyleStress,targeted:institutionalist|criticalPoliticalEconomy,answer,full-archetype,P+,P+,false,442,0.280635
responseStyleStress,targeted:institutionalist|criticalPoliticalEconomy,answer,full-archetype,P+,R/M+,true,1,0.000635
responseStyleStress,targeted:institutionalist|criticalPoliticalEconomy,answer,full-archetype,R-,M-,true,5,0.003175
responseStyleStress,targeted:institutionalist|criticalPoliticalEconomy,answer,full-archetype,R-,P/R-,true,4,0.00254
responseStyleStress,targeted:institutionalist|criticalPoliticalEconomy,answer,full-archetype,R-,R-,false,188,0.119365
responseStyleStress,targeted:institutionalist|criticalPoliticalEconomy,answer,full-archetype,R-,R/M-,true,5,0.003175
responseStyleStress,targeted:institutionalist|criticalPoliticalEconomy,answer,full-archetype,R-,R/S-,true,2,0.00127
responseStyleStress,targeted:institutionalist|criticalPoliticalEconomy,answer,full-archetype,R-,R+,true,1,0.000635
responseStyleStress,targeted:institutionalist|criticalPoliticalEconomy,answer,full-archetype,R-,S-,true,8,0.005079
responseStyleStress,targeted:institutionalist|criticalPoliticalEconomy,answer,full-archetype,R/S-,M-,true,5,0.003175
responseStyleStress,targeted:institutionalist|criticalPoliticalEconomy,answer,full-archetype,R/S-,P-,true,1,0.000635
responseStyleStress,targeted:institutionalist|criticalPoliticalEconomy,answer,full-archetype,R/S-,R-,true,7,0.004444
responseStyleStress,targeted:institutionalist|criticalPoliticalEconomy,answer,full-archetype,R/S-,R/M-,true,10,0.006349
responseStyleStress,targeted:institutionalist|criticalPoliticalEconomy,answer,full-archetype,R/S-,R/M+,true,4,0.00254
responseStyleStress,targeted:institutionalist|criticalPoliticalEconomy,answer,full-archetype,R/S-,R/S-,false,29,0.018413
responseStyleStress,targeted:institutionalist|criticalPoliticalEconomy,answer,full-archetype,R/S-,R/S+,true,2,0.00127
responseStyleStress,targeted:institutionalist|criticalPoliticalEconomy,answer,full-archetype,R/S-,R+,true,2,0.00127
responseStyleStress,targeted:institutionalist|criticalPoliticalEconomy,answer,full-archetype,R/S-,S-,true,9,0.005714
responseStyleStress,targeted:institutionalist|criticalPoliticalEconomy,answer,full-archetype,R/S-,S+,true,1,0.000635
responseStyleStress,targeted:institutionalist|criticalPoliticalEconomy,answer,posture,-,-,false,927,0.588571
responseStyleStress,targeted:institutionalist|criticalPoliticalEconomy,answer,posture,-,+,true,43,0.027302
responseStyleStress,targeted:institutionalist|criticalPoliticalEconomy,answer,posture,+,-,true,20,0.012698
responseStyleStress,targeted:institutionalist|criticalPoliticalEconomy,answer,posture,+,+,false,585,0.371429
responseStyleStress,targeted:institutionalist|criticalPoliticalEconomy,answer,routing,blend,blend,false,258,0.16381
responseStyleStress,targeted:institutionalist|criticalPoliticalEconomy,answer,routing,blend,pure,true,194,0.123175
responseStyleStress,targeted:institutionalist|criticalPoliticalEconomy,answer,routing,pure,blend,true,134,0.085079
responseStyleStress,targeted:institutionalist|criticalPoliticalEconomy,answer,routing,pure,pure,false,989,0.627937
responseStyleStress,targeted:institutionalist|criticalPoliticalEconomy,posture-dimension,family,constructivist,constructivist,false,6,0.125
responseStyleStress,targeted:institutionalist|criticalPoliticalEconomy,posture-dimension,family,institutionalist,criticalPoliticalEconomy,true,1,0.020833
responseStyleStress,targeted:institutionalist|criticalPoliticalEconomy,posture-dimension,family,institutionalist,institutionalist,false,7,0.145833
responseStyleStress,targeted:institutionalist|criticalPoliticalEconomy,posture-dimension,family,realist,constructivist,true,1,0.020833
responseStyleStress,targeted:institutionalist|criticalPoliticalEconomy,posture-dimension,family,realist,criticalPoliticalEconomy,true,1,0.020833
responseStyleStress,targeted:institutionalist|criticalPoliticalEconomy,posture-dimension,family,realist,realist,false,32,0.666667
responseStyleStress,targeted:institutionalist|criticalPoliticalEconomy,posture-dimension,full-archetype,M-,M-,false,5,0.104167
responseStyleStress,targeted:institutionalist|criticalPoliticalEconomy,posture-dimension,full-archetype,M-,M+,true,1,0.020833
responseStyleStress,targeted:institutionalist|criticalPoliticalEconomy,posture-dimension,full-archetype,P-,P-,false,8,0.166667
responseStyleStress,targeted:institutionalist|criticalPoliticalEconomy,posture-dimension,full-archetype,P/M+,P/M-,true,1,0.020833
responseStyleStress,targeted:institutionalist|criticalPoliticalEconomy,posture-dimension,full-archetype,P/M+,P/M+,false,1,0.020833
responseStyleStress,targeted:institutionalist|criticalPoliticalEconomy,posture-dimension,full-archetype,P/R-,P/R-,false,2,0.041667
responseStyleStress,targeted:institutionalist|criticalPoliticalEconomy,posture-dimension,full-archetype,P/S-,P/S-,false,6,0.125
responseStyleStress,targeted:institutionalist|criticalPoliticalEconomy,posture-dimension,full-archetype,P/S+,P/S+,false,2,0.041667
responseStyleStress,targeted:institutionalist|criticalPoliticalEconomy,posture-dimension,full-archetype,P+,P+,false,14,0.291667
responseStyleStress,targeted:institutionalist|criticalPoliticalEconomy,posture-dimension,full-archetype,R-,R-,false,6,0.125
responseStyleStress,targeted:institutionalist|criticalPoliticalEconomy,posture-dimension,full-archetype,R/S-,R/S-,false,1,0.020833
responseStyleStress,targeted:institutionalist|criticalPoliticalEconomy,posture-dimension,full-archetype,R/S-,R/S+,true,1,0.020833
responseStyleStress,targeted:institutionalist|criticalPoliticalEconomy,posture-dimension,posture,-,-,false,28,0.583333
responseStyleStress,targeted:institutionalist|criticalPoliticalEconomy,posture-dimension,posture,-,+,true,2,0.041667
responseStyleStress,targeted:institutionalist|criticalPoliticalEconomy,posture-dimension,posture,+,-,true,1,0.020833
responseStyleStress,targeted:institutionalist|criticalPoliticalEconomy,posture-dimension,posture,+,+,false,17,0.354167
responseStyleStress,targeted:institutionalist|criticalPoliticalEconomy,posture-dimension,routing,blend,blend,false,14,0.291667
responseStyleStress,targeted:institutionalist|criticalPoliticalEconomy,posture-dimension,routing,pure,pure,false,34,0.708333
responseStyleStress,targeted:realist|constructivist,answer,family,constructivist,constructivist,false,146,0.092522
responseStyleStress,targeted:realist|constructivist,answer,family,constructivist,institutionalist,true,37,0.023447
responseStyleStress,targeted:realist|constructivist,answer,family,constructivist,realist,true,30,0.019011
responseStyleStress,targeted:realist|constructivist,answer,family,criticalPoliticalEconomy,constructivist,true,86,0.054499
responseStyleStress,targeted:realist|constructivist,answer,family,criticalPoliticalEconomy,criticalPoliticalEconomy,false,433,0.274398
responseStyleStress,targeted:realist|constructivist,answer,family,criticalPoliticalEconomy,institutionalist,true,20,0.012674
responseStyleStress,targeted:realist|constructivist,answer,family,criticalPoliticalEconomy,realist,true,115,0.072877
responseStyleStress,targeted:realist|constructivist,answer,family,institutionalist,constructivist,true,32,0.020279
responseStyleStress,targeted:realist|constructivist,answer,family,institutionalist,criticalPoliticalEconomy,true,4,0.002535
responseStyleStress,targeted:realist|constructivist,answer,family,institutionalist,institutionalist,false,192,0.121673
responseStyleStress,targeted:realist|constructivist,answer,family,institutionalist,realist,true,28,0.017744
responseStyleStress,targeted:realist|constructivist,answer,family,realist,constructivist,true,109,0.069075
responseStyleStress,targeted:realist|constructivist,answer,family,realist,criticalPoliticalEconomy,true,23,0.014575
responseStyleStress,targeted:realist|constructivist,answer,family,realist,institutionalist,true,47,0.029785
responseStyleStress,targeted:realist|constructivist,answer,family,realist,realist,false,276,0.174905
responseStyleStress,targeted:realist|constructivist,answer,full-archetype,M/S-,M-,true,1,0.000634
responseStyleStress,targeted:realist|constructivist,answer,full-archetype,M/S-,M/S-,false,41,0.025982
responseStyleStress,targeted:realist|constructivist,answer,full-archetype,M/S-,M/S+,true,2,0.001267
responseStyleStress,targeted:realist|constructivist,answer,full-archetype,M/S-,P/S-,true,3,0.001901
responseStyleStress,targeted:realist|constructivist,answer,full-archetype,M/S-,P/S+,true,1,0.000634
responseStyleStress,targeted:realist|constructivist,answer,full-archetype,M/S-,R-,true,1,0.000634
responseStyleStress,targeted:realist|constructivist,answer,full-archetype,M/S-,R/M-,true,2,0.001267
responseStyleStress,targeted:realist|constructivist,answer,full-archetype,M/S-,R/S-,true,4,0.002535
responseStyleStress,targeted:realist|constructivist,answer,full-archetype,M/S-,S-,true,15,0.009506
responseStyleStress,targeted:realist|constructivist,answer,full-archetype,M/S-,S+,true,1,0.000634
responseStyleStress,targeted:realist|constructivist,answer,full-archetype,M+,M-,true,4,0.002535
responseStyleStress,targeted:realist|constructivist,answer,full-archetype,M+,M+,false,38,0.024081
responseStyleStress,targeted:realist|constructivist,answer,full-archetype,M+,P/M+,true,8,0.00507
responseStyleStress,targeted:realist|constructivist,answer,full-archetype,M+,P/R+,true,1,0.000634
responseStyleStress,targeted:realist|constructivist,answer,full-archetype,M+,P+,true,3,0.001901
responseStyleStress,targeted:realist|constructivist,answer,full-archetype,M+,R/M-,true,3,0.001901
responseStyleStress,targeted:realist|constructivist,answer,full-archetype,M+,R/M+,true,14,0.008872
responseStyleStress,targeted:realist|constructivist,answer,full-archetype,P-,M-,true,10,0.006337
responseStyleStress,targeted:realist|constructivist,answer,full-archetype,P-,P-,false,92,0.058302
responseStyleStress,targeted:realist|constructivist,answer,full-archetype,P-,P/M-,true,9,0.005703
responseStyleStress,targeted:realist|constructivist,answer,full-archetype,P-,P/R-,true,44,0.027883
responseStyleStress,targeted:realist|constructivist,answer,full-archetype,P-,P/S-,true,4,0.002535
responseStyleStress,targeted:realist|constructivist,answer,full-archetype,P-,P+,true,5,0.003169
responseStyleStress,targeted:realist|constructivist,answer,full-archetype,P-,R-,true,9,0.005703
responseStyleStress,targeted:realist|constructivist,answer,full-archetype,P-,R/M-,true,8,0.00507
responseStyleStress,targeted:realist|constructivist,answer,full-archetype,P-,R/S-,true,4,0.002535
responseStyleStress,targeted:realist|constructivist,answer,full-archetype,P/M-,M-,true,24,0.015209
responseStyleStress,targeted:realist|constructivist,answer,full-archetype,P/M-,M/S-,true,4,0.002535
responseStyleStress,targeted:realist|constructivist,answer,full-archetype,P/M-,P-,true,24,0.015209
responseStyleStress,targeted:realist|constructivist,answer,full-archetype,P/M-,P/M-,false,69,0.043726
responseStyleStress,targeted:realist|constructivist,answer,full-archetype,P/M-,P/R-,true,1,0.000634
responseStyleStress,targeted:realist|constructivist,answer,full-archetype,P/M-,P/S-,true,10,0.006337
responseStyleStress,targeted:realist|constructivist,answer,full-archetype,P/M-,R/M-,true,1,0.000634
responseStyleStress,targeted:realist|constructivist,answer,full-archetype,P/M-,S-,true,2,0.001267
responseStyleStress,targeted:realist|constructivist,answer,full-archetype,P/M+,M-,true,1,0.000634
responseStyleStress,targeted:realist|constructivist,answer,full-archetype,P/M+,M+,true,12,0.007605
responseStyleStress,targeted:realist|constructivist,answer,full-archetype,P/M+,P/M-,true,2,0.001267
responseStyleStress,targeted:realist|constructivist,answer,full-archetype,P/M+,P/M+,false,37,0.023447
responseStyleStress,targeted:realist|constructivist,answer,full-archetype,P/M+,P+,true,15,0.009506
responseStyleStress,targeted:realist|constructivist,answer,full-archetype,P/R-,M-,true,1,0.000634
responseStyleStress,targeted:realist|constructivist,answer,full-archetype,P/R-,M/S-,true,1,0.000634
responseStyleStress,targeted:realist|constructivist,answer,full-archetype,P/R-,P-,true,5,0.003169
responseStyleStress,targeted:realist|constructivist,answer,full-archetype,P/R-,P/R-,false,21,0.013308
responseStyleStress,targeted:realist|constructivist,answer,full-archetype,P/R-,P/S-,true,13,0.008238
responseStyleStress,targeted:realist|constructivist,answer,full-archetype,P/R-,R-,true,8,0.00507
responseStyleStress,targeted:realist|constructivist,answer,full-archetype,P/R-,R/S-,true,14,0.008872
responseStyleStress,targeted:realist|constructivist,answer,full-archetype,P/R-,S-,true,5,0.003169
responseStyleStress,targeted:realist|constructivist,answer,full-archetype,P/S-,M-,true,4,0.002535
responseStyleStress,targeted:realist|constructivist,answer,full-archetype,P/S-,M/S-,true,48,0.030418
responseStyleStress,targeted:realist|constructivist,answer,full-archetype,P/S-,P-,true,10,0.006337
responseStyleStress,targeted:realist|constructivist,answer,full-archetype,P/S-,P/M-,true,46,0.029151
responseStyleStress,targeted:realist|constructivist,answer,full-archetype,P/S-,P/S-,false,126,0.079848
responseStyleStress,targeted:realist|constructivist,answer,full-archetype,P/S-,S-,true,22,0.013942
responseStyleStress,targeted:realist|constructivist,answer,full-archetype,R/M-,M-,true,10,0.006337
responseStyleStress,targeted:realist|constructivist,answer,full-archetype,R/M-,P-,true,10,0.006337
responseStyleStress,targeted:realist|constructivist,answer,full-archetype,R/M-,P/M-,true,42,0.026616
responseStyleStress,targeted:realist|constructivist,answer,full-archetype,R/M-,P/M+,true,8,0.00507
responseStyleStress,targeted:realist|constructivist,answer,full-archetype,R/M-,P/R-,true,10,0.006337
responseStyleStress,targeted:realist|constructivist,answer,full-archetype,R/M-,P/S-,true,2,0.001267
responseStyleStress,targeted:realist|constructivist,answer,full-archetype,R/M-,R-,true,2,0.001267
responseStyleStress,targeted:realist|constructivist,answer,full-archetype,R/M-,R/M-,false,58,0.036755
responseStyleStress,targeted:realist|constructivist,answer,full-archetype,R+,M/S+,true,4,0.002535
responseStyleStress,targeted:realist|constructivist,answer,full-archetype,R+,M+,true,16,0.010139
responseStyleStress,targeted:realist|constructivist,answer,full-archetype,R+,P/R+,true,24,0.015209
responseStyleStress,targeted:realist|constructivist,answer,full-archetype,R+,P/S+,true,2,0.001267
responseStyleStress,targeted:realist|constructivist,answer,full-archetype,R+,P+,true,6,0.003802
responseStyleStress,targeted:realist|constructivist,answer,full-archetype,R+,R-,true,8,0.00507
responseStyleStress,targeted:realist|constructivist,answer,full-archetype,R+,R/M+,true,58,0.036755
responseStyleStress,targeted:realist|constructivist,answer,full-archetype,R+,R+,false,138,0.087452
responseStyleStress,targeted:realist|constructivist,answer,full-archetype,S-,M-,true,12,0.007605
responseStyleStress,targeted:realist|constructivist,answer,full-archetype,S-,M/S-,true,66,0.041825
responseStyleStress,targeted:realist|constructivist,answer,full-archetype,S-,M/S+,true,4,0.002535
responseStyleStress,targeted:realist|constructivist,answer,full-archetype,S-,P-,true,6,0.003802
responseStyleStress,targeted:realist|constructivist,answer,full-archetype,S-,P/M-,true,2,0.001267
responseStyleStress,targeted:realist|constructivist,answer,full-archetype,S-,P/S-,true,19,0.012041
responseStyleStress,targeted:realist|constructivist,answer,full-archetype,S-,R-,true,4,0.002535
responseStyleStress,targeted:realist|constructivist,answer,full-archetype,S-,R/M-,true,2,0.001267
responseStyleStress,targeted:realist|constructivist,answer,full-archetype,S-,R/S-,true,40,0.025349
responseStyleStress,targeted:realist|constructivist,answer,full-archetype,S-,S-,false,163,0.103295
responseStyleStress,targeted:realist|constructivist,answer,full-archetype,S-,S+,true,9,0.005703
responseStyleStress,targeted:realist|constructivist,answer,posture,-,-,false,1154,0.731305
responseStyleStress,targeted:realist|constructivist,answer,posture,-,+,true,30,0.019011
responseStyleStress,targeted:realist|constructivist,answer,posture,+,-,true,18,0.011407
responseStyleStress,targeted:realist|constructivist,answer,posture,+,+,false,376,0.238276
responseStyleStress,targeted:realist|constructivist,answer,routing,blend,blend,false,566,0.358682
responseStyleStress,targeted:realist|constructivist,answer,routing,blend,pure,true,173,0.109632
responseStyleStress,targeted:realist|constructivist,answer,routing,pure,blend,true,316,0.200253
responseStyleStress,targeted:realist|constructivist,answer,routing,pure,pure,false,523,0.331432
responseStyleStress,targeted:realist|constructivist,posture-dimension,family,constructivist,constructivist,false,6,0.125
responseStyleStress,targeted:realist|constructivist,posture-dimension,family,criticalPoliticalEconomy,criticalPoliticalEconomy,false,20,0.416667
responseStyleStress,targeted:realist|constructivist,posture-dimension,family,institutionalist,institutionalist,false,8,0.166667
responseStyleStress,targeted:realist|constructivist,posture-dimension,family,realist,realist,false,14,0.291667
responseStyleStress,targeted:realist|constructivist,posture-dimension,full-archetype,M/S-,M/S-,false,2,0.041667
responseStyleStress,targeted:realist|constructivist,posture-dimension,full-archetype,M+,M+,false,2,0.041667
responseStyleStress,targeted:realist|constructivist,posture-dimension,full-archetype,P-,P-,false,6,0.125
responseStyleStress,targeted:realist|constructivist,posture-dimension,full-archetype,P/M-,P/M-,false,4,0.083333
responseStyleStress,targeted:realist|constructivist,posture-dimension,full-archetype,P/M+,P/M+,false,2,0.041667
responseStyleStress,targeted:realist|constructivist,posture-dimension,full-archetype,P/R-,P/R-,false,2,0.041667
responseStyleStress,targeted:realist|constructivist,posture-dimension,full-archetype,P/S-,P/S-,false,8,0.166667
responseStyleStress,targeted:realist|constructivist,posture-dimension,full-archetype,R/M-,R/M-,false,4,0.083333
responseStyleStress,targeted:realist|constructivist,posture-dimension,full-archetype,R+,R+,false,8,0.166667
responseStyleStress,targeted:realist|constructivist,posture-dimension,full-archetype,S-,S-,false,10,0.208333
responseStyleStress,targeted:realist|constructivist,posture-dimension,posture,-,-,false,36,0.75
responseStyleStress,targeted:realist|constructivist,posture-dimension,posture,+,+,false,12,0.25
responseStyleStress,targeted:realist|constructivist,posture-dimension,routing,blend,blend,false,22,0.458333
responseStyleStress,targeted:realist|constructivist,posture-dimension,routing,pure,pure,false,26,0.541667
responseStyleStress,targeted:realist|criticalPoliticalEconomy,answer,family,constructivist,constructivist,false,33,0.020913
responseStyleStress,targeted:realist|criticalPoliticalEconomy,answer,family,constructivist,criticalPoliticalEconomy,true,25,0.015843
responseStyleStress,targeted:realist|criticalPoliticalEconomy,answer,family,constructivist,institutionalist,true,8,0.00507
responseStyleStress,targeted:realist|criticalPoliticalEconomy,answer,family,constructivist,realist,true,2,0.001267
responseStyleStress,targeted:realist|criticalPoliticalEconomy,answer,family,criticalPoliticalEconomy,constructivist,true,35,0.02218
responseStyleStress,targeted:realist|criticalPoliticalEconomy,answer,family,criticalPoliticalEconomy,criticalPoliticalEconomy,false,365,0.231305
responseStyleStress,targeted:realist|criticalPoliticalEconomy,answer,family,criticalPoliticalEconomy,institutionalist,true,41,0.025982
responseStyleStress,targeted:realist|criticalPoliticalEconomy,answer,family,criticalPoliticalEconomy,realist,true,91,0.057668
responseStyleStress,targeted:realist|criticalPoliticalEconomy,answer,family,institutionalist,constructivist,true,33,0.020913
responseStyleStress,targeted:realist|criticalPoliticalEconomy,answer,family,institutionalist,criticalPoliticalEconomy,true,2,0.001267
responseStyleStress,targeted:realist|criticalPoliticalEconomy,answer,family,institutionalist,institutionalist,false,148,0.09379
responseStyleStress,targeted:realist|criticalPoliticalEconomy,answer,family,institutionalist,realist,true,2,0.001267
responseStyleStress,targeted:realist|criticalPoliticalEconomy,answer,family,realist,constructivist,true,77,0.048796
responseStyleStress,targeted:realist|criticalPoliticalEconomy,answer,family,realist,criticalPoliticalEconomy,true,14,0.008872
responseStyleStress,targeted:realist|criticalPoliticalEconomy,answer,family,realist,institutionalist,true,41,0.025982
responseStyleStress,targeted:realist|criticalPoliticalEconomy,answer,family,realist,realist,false,661,0.418885
responseStyleStress,targeted:realist|criticalPoliticalEconomy,answer,full-archetype,M/S-,M-,true,12,0.007605
responseStyleStress,targeted:realist|criticalPoliticalEconomy,answer,full-archetype,M/S-,M/S-,false,25,0.015843
responseStyleStress,targeted:realist|criticalPoliticalEconomy,answer,full-archetype,M/S-,P-,true,1,0.000634
responseStyleStress,targeted:realist|criticalPoliticalEconomy,answer,full-archetype,M/S-,P/S-,true,1,0.000634
responseStyleStress,targeted:realist|criticalPoliticalEconomy,answer,full-archetype,M/S-,R-,true,2,0.001267
responseStyleStress,targeted:realist|criticalPoliticalEconomy,answer,full-archetype,M/S-,R/M-,true,11,0.006971
responseStyleStress,targeted:realist|criticalPoliticalEconomy,answer,full-archetype,M/S-,R/S-,true,2,0.001267
responseStyleStress,targeted:realist|criticalPoliticalEconomy,answer,full-archetype,M/S-,S-,true,14,0.008872
responseStyleStress,targeted:realist|criticalPoliticalEconomy,answer,full-archetype,M/S+,M-,true,1,0.000634
responseStyleStress,targeted:realist|criticalPoliticalEconomy,answer,full-archetype,M/S+,M/S-,true,2,0.001267
responseStyleStress,targeted:realist|criticalPoliticalEconomy,answer,full-archetype,M/S+,M/S+,false,24,0.015209
responseStyleStress,targeted:realist|criticalPoliticalEconomy,answer,full-archetype,M/S+,M+,true,11,0.006971
responseStyleStress,targeted:realist|criticalPoliticalEconomy,answer,full-archetype,M/S+,R/M-,true,1,0.000634
responseStyleStress,targeted:realist|criticalPoliticalEconomy,answer,full-archetype,M/S+,R/M+,true,6,0.003802
responseStyleStress,targeted:realist|criticalPoliticalEconomy,answer,full-archetype,M/S+,R/S+,true,2,0.001267
responseStyleStress,targeted:realist|criticalPoliticalEconomy,answer,full-archetype,M/S+,R+,true,1,0.000634
responseStyleStress,targeted:realist|criticalPoliticalEconomy,answer,full-archetype,M/S+,S-,true,1,0.000634
responseStyleStress,targeted:realist|criticalPoliticalEconomy,answer,full-archetype,M/S+,S+,true,19,0.012041
responseStyleStress,targeted:realist|criticalPoliticalEconomy,answer,full-archetype,P-,M-,true,18,0.011407
responseStyleStress,targeted:realist|criticalPoliticalEconomy,answer,full-archetype,P-,M/S-,true,4,0.002535
responseStyleStress,targeted:realist|criticalPoliticalEconomy,answer,full-archetype,P-,P-,false,158,0.100127
responseStyleStress,targeted:realist|criticalPoliticalEconomy,answer,full-archetype,P-,P/M-,true,70,0.04436
responseStyleStress,targeted:realist|criticalPoliticalEconomy,answer,full-archetype,P-,P/R-,true,2,0.001267
responseStyleStress,targeted:realist|criticalPoliticalEconomy,answer,full-archetype,P-,P/S-,true,2,0.001267
responseStyleStress,targeted:realist|criticalPoliticalEconomy,answer,full-archetype,P-,R/M-,true,2,0.001267
responseStyleStress,targeted:realist|criticalPoliticalEconomy,answer,full-archetype,P/R-,P-,true,9,0.005703
responseStyleStress,targeted:realist|criticalPoliticalEconomy,answer,full-archetype,P/R-,P/R-,false,21,0.013308
responseStyleStress,targeted:realist|criticalPoliticalEconomy,answer,full-archetype,P/R-,P/S-,true,8,0.00507
responseStyleStress,targeted:realist|criticalPoliticalEconomy,answer,full-archetype,P/R-,R-,true,12,0.007605
responseStyleStress,targeted:realist|criticalPoliticalEconomy,answer,full-archetype,P/R-,R/S-,true,17,0.010773
responseStyleStress,targeted:realist|criticalPoliticalEconomy,answer,full-archetype,P/R-,S-,true,1,0.000634
responseStyleStress,targeted:realist|criticalPoliticalEconomy,answer,full-archetype,P/S+,M/S+,true,4,0.002535
responseStyleStress,targeted:realist|criticalPoliticalEconomy,answer,full-archetype,P/S+,M+,true,3,0.001901
responseStyleStress,targeted:realist|criticalPoliticalEconomy,answer,full-archetype,P/S+,P-,true,2,0.001267
responseStyleStress,targeted:realist|criticalPoliticalEconomy,answer,full-archetype,P/S+,P/M-,true,1,0.000634
responseStyleStress,targeted:realist|criticalPoliticalEconomy,answer,full-archetype,P/S+,P/M+,true,2,0.001267
responseStyleStress,targeted:realist|criticalPoliticalEconomy,answer,full-archetype,P/S+,P/S-,true,5,0.003169
responseStyleStress,targeted:realist|criticalPoliticalEconomy,answer,full-archetype,P/S+,P/S+,false,69,0.043726
responseStyleStress,targeted:realist|criticalPoliticalEconomy,answer,full-archetype,P/S+,P+,true,43,0.02725
responseStyleStress,targeted:realist|criticalPoliticalEconomy,answer,full-archetype,P/S+,S-,true,9,0.005703
responseStyleStress,targeted:realist|criticalPoliticalEconomy,answer,full-archetype,P/S+,S+,true,47,0.029785
responseStyleStress,targeted:realist|criticalPoliticalEconomy,answer,full-archetype,P+,M+,true,10,0.006337
responseStyleStress,targeted:realist|criticalPoliticalEconomy,answer,full-archetype,P+,P-,true,8,0.00507
responseStyleStress,targeted:realist|criticalPoliticalEconomy,answer,full-archetype,P+,P/M-,true,2,0.001267
responseStyleStress,targeted:realist|criticalPoliticalEconomy,answer,full-archetype,P+,P/M+,true,37,0.023447
responseStyleStress,targeted:realist|criticalPoliticalEconomy,answer,full-archetype,P+,P/R+,true,10,0.006337
responseStyleStress,targeted:realist|criticalPoliticalEconomy,answer,full-archetype,P+,P+,false,388,0.245881
responseStyleStress,targeted:realist|criticalPoliticalEconomy,answer,full-archetype,P+,R-,true,2,0.001267
responseStyleStress,targeted:realist|criticalPoliticalEconomy,answer,full-archetype,P+,R/M-,true,3,0.001901
responseStyleStress,targeted:realist|criticalPoliticalEconomy,answer,full-archetype,P+,R/M+,true,6,0.003802
responseStyleStress,targeted:realist|criticalPoliticalEconomy,answer,full-archetype,P+,R+,true,3,0.001901
responseStyleStress,targeted:realist|criticalPoliticalEconomy,answer,full-archetype,R-,M-,true,10,0.006337
responseStyleStress,targeted:realist|criticalPoliticalEconomy,answer,full-archetype,R-,M/S-,true,2,0.001267
responseStyleStress,targeted:realist|criticalPoliticalEconomy,answer,full-archetype,R-,P-,true,2,0.001267
responseStyleStress,targeted:realist|criticalPoliticalEconomy,answer,full-archetype,R-,R-,false,68,0.043093
responseStyleStress,targeted:realist|criticalPoliticalEconomy,answer,full-archetype,R-,R/M-,true,32,0.020279
responseStyleStress,targeted:realist|criticalPoliticalEconomy,answer,full-archetype,R/M-,M-,true,7,0.004436
responseStyleStress,targeted:realist|criticalPoliticalEconomy,answer,full-archetype,R/M-,R-,true,14,0.008872
responseStyleStress,targeted:realist|criticalPoliticalEconomy,answer,full-archetype,R/M-,R/M-,false,50,0.031686
responseStyleStress,targeted:realist|criticalPoliticalEconomy,answer,full-archetype,R/S+,P/S+,true,1,0.000634
responseStyleStress,targeted:realist|criticalPoliticalEconomy,answer,full-archetype,R/S+,R-,true,4,0.002535
responseStyleStress,targeted:realist|criticalPoliticalEconomy,answer,full-archetype,R/S+,R/S-,true,4,0.002535
responseStyleStress,targeted:realist|criticalPoliticalEconomy,answer,full-archetype,R/S+,R/S+,false,34,0.021546
responseStyleStress,targeted:realist|criticalPoliticalEconomy,answer,full-archetype,R/S+,R+,true,9,0.005703
responseStyleStress,targeted:realist|criticalPoliticalEconomy,answer,full-archetype,R/S+,S-,true,2,0.001267
responseStyleStress,targeted:realist|criticalPoliticalEconomy,answer,full-archetype,R/S+,S+,true,12,0.007605
responseStyleStress,targeted:realist|criticalPoliticalEconomy,answer,full-archetype,S-,M-,true,3,0.001901
responseStyleStress,targeted:realist|criticalPoliticalEconomy,answer,full-archetype,S-,P-,true,2,0.001267
responseStyleStress,targeted:realist|criticalPoliticalEconomy,answer,full-archetype,S-,P/S-,true,12,0.007605
responseStyleStress,targeted:realist|criticalPoliticalEconomy,answer,full-archetype,S-,P/S+,true,1,0.000634
responseStyleStress,targeted:realist|criticalPoliticalEconomy,answer,full-archetype,S-,R-,true,4,0.002535
responseStyleStress,targeted:realist|criticalPoliticalEconomy,answer,full-archetype,S-,R/S-,true,6,0.003802
responseStyleStress,targeted:realist|criticalPoliticalEconomy,answer,full-archetype,S-,R/S+,true,1,0.000634
responseStyleStress,targeted:realist|criticalPoliticalEconomy,answer,full-archetype,S-,S-,false,184,0.116603
responseStyleStress,targeted:realist|criticalPoliticalEconomy,answer,posture,-,-,false,788,0.499366
responseStyleStress,targeted:realist|criticalPoliticalEconomy,answer,posture,-,+,true,2,0.001267
responseStyleStress,targeted:realist|criticalPoliticalEconomy,answer,posture,+,-,true,47,0.029785
responseStyleStress,targeted:realist|criticalPoliticalEconomy,answer,posture,+,+,false,741,0.469582
responseStyleStress,targeted:realist|criticalPoliticalEconomy,answer,routing,blend,blend,false,290,0.183777
responseStyleStress,targeted:realist|criticalPoliticalEconomy,answer,routing,blend,pure,true,236,0.149556
responseStyleStress,targeted:realist|criticalPoliticalEconomy,answer,routing,pure,blend,true,192,0.121673
responseStyleStress,targeted:realist|criticalPoliticalEconomy,answer,routing,pure,pure,false,860,0.544994
responseStyleStress,targeted:realist|criticalPoliticalEconomy,posture-dimension,family,constructivist,constructivist,false,2,0.041667
responseStyleStress,targeted:realist|criticalPoliticalEconomy,posture-dimension,family,criticalPoliticalEconomy,constructivist,true,1,0.020833
responseStyleStress,targeted:realist|criticalPoliticalEconomy,posture-dimension,family,criticalPoliticalEconomy,criticalPoliticalEconomy,false,15,0.3125
responseStyleStress,targeted:realist|criticalPoliticalEconomy,posture-dimension,family,institutionalist,institutionalist,false,6,0.125
responseStyleStress,targeted:realist|criticalPoliticalEconomy,posture-dimension,family,realist,realist,false,24,0.5
responseStyleStress,targeted:realist|criticalPoliticalEconomy,posture-dimension,full-archetype,M/S-,M/S-,false,2,0.041667
responseStyleStress,targeted:realist|criticalPoliticalEconomy,posture-dimension,full-archetype,M/S+,M/S+,false,2,0.041667
responseStyleStress,targeted:realist|criticalPoliticalEconomy,posture-dimension,full-archetype,P-,P-,false,8,0.166667
responseStyleStress,targeted:realist|criticalPoliticalEconomy,posture-dimension,full-archetype,P/R-,P/R-,false,2,0.041667
responseStyleStress,targeted:realist|criticalPoliticalEconomy,posture-dimension,full-archetype,P/S+,P/S+,false,6,0.125
responseStyleStress,targeted:realist|criticalPoliticalEconomy,posture-dimension,full-archetype,P+,P+,false,14,0.291667
responseStyleStress,targeted:realist|criticalPoliticalEconomy,posture-dimension,full-archetype,R-,R-,false,4,0.083333
responseStyleStress,targeted:realist|criticalPoliticalEconomy,posture-dimension,full-archetype,R/M-,R/M-,false,2,0.041667
responseStyleStress,targeted:realist|criticalPoliticalEconomy,posture-dimension,full-archetype,R/S+,R/S+,false,2,0.041667
responseStyleStress,targeted:realist|criticalPoliticalEconomy,posture-dimension,full-archetype,S-,S-,false,6,0.125
responseStyleStress,targeted:realist|criticalPoliticalEconomy,posture-dimension,posture,-,-,false,24,0.5
responseStyleStress,targeted:realist|criticalPoliticalEconomy,posture-dimension,posture,+,+,false,24,0.5
responseStyleStress,targeted:realist|criticalPoliticalEconomy,posture-dimension,routing,blend,blend,false,16,0.333333
responseStyleStress,targeted:realist|criticalPoliticalEconomy,posture-dimension,routing,pure,pure,false,32,0.666667
responseStyleStress,targeted:realist|institutionalist,answer,family,constructivist,constructivist,false,309,0.195693
responseStyleStress,targeted:realist|institutionalist,answer,family,constructivist,criticalPoliticalEconomy,true,89,0.056365
responseStyleStress,targeted:realist|institutionalist,answer,family,constructivist,institutionalist,true,4,0.002533
responseStyleStress,targeted:realist|institutionalist,answer,family,constructivist,realist,true,39,0.024699
responseStyleStress,targeted:realist|institutionalist,answer,family,institutionalist,constructivist,true,93,0.058898
responseStyleStress,targeted:realist|institutionalist,answer,family,institutionalist,criticalPoliticalEconomy,true,7,0.004433
responseStyleStress,targeted:realist|institutionalist,answer,family,institutionalist,institutionalist,false,250,0.158328
responseStyleStress,targeted:realist|institutionalist,answer,family,institutionalist,realist,true,1,0.000633
responseStyleStress,targeted:realist|institutionalist,answer,family,realist,constructivist,true,22,0.013933
responseStyleStress,targeted:realist|institutionalist,answer,family,realist,criticalPoliticalEconomy,true,54,0.034199
responseStyleStress,targeted:realist|institutionalist,answer,family,realist,institutionalist,true,56,0.035465
responseStyleStress,targeted:realist|institutionalist,answer,family,realist,realist,false,655,0.41482
responseStyleStress,targeted:realist|institutionalist,answer,full-archetype,M-,M-,false,128,0.081064
responseStyleStress,targeted:realist|institutionalist,answer,full-archetype,M-,M/S-,true,49,0.031032
responseStyleStress,targeted:realist|institutionalist,answer,full-archetype,M-,M/S+,true,1,0.000633
responseStyleStress,targeted:realist|institutionalist,answer,full-archetype,M-,M+,true,3,0.0019
responseStyleStress,targeted:realist|institutionalist,answer,full-archetype,M-,P-,true,8,0.005066
responseStyleStress,targeted:realist|institutionalist,answer,full-archetype,M-,P/M-,true,11,0.006966
responseStyleStress,targeted:realist|institutionalist,answer,full-archetype,M-,P/S-,true,6,0.0038
responseStyleStress,targeted:realist|institutionalist,answer,full-archetype,M-,R/M-,true,3,0.0019
responseStyleStress,targeted:realist|institutionalist,answer,full-archetype,M-,S-,true,3,0.0019
responseStyleStress,targeted:realist|institutionalist,answer,full-archetype,M-,S+,true,1,0.000633
responseStyleStress,targeted:realist|institutionalist,answer,full-archetype,M/S-,M-,true,70,0.044332
responseStyleStress,targeted:realist|institutionalist,answer,full-archetype,M/S-,M/S-,false,70,0.044332
responseStyleStress,targeted:realist|institutionalist,answer,full-archetype,M/S-,M/S+,true,4,0.002533
responseStyleStress,targeted:realist|institutionalist,answer,full-archetype,M/S-,P-,true,10,0.006333
responseStyleStress,targeted:realist|institutionalist,answer,full-archetype,M/S-,P/M-,true,6,0.0038
responseStyleStress,targeted:realist|institutionalist,answer,full-archetype,M/S-,P/S-,true,22,0.013933
responseStyleStress,targeted:realist|institutionalist,answer,full-archetype,M/S-,R/M-,true,8,0.005066
responseStyleStress,targeted:realist|institutionalist,answer,full-archetype,M/S-,S-,true,36,0.022799
responseStyleStress,targeted:realist|institutionalist,answer,full-archetype,M/S-,S+,true,2,0.001267
responseStyleStress,targeted:realist|institutionalist,answer,full-archetype,P-,M-,true,11,0.006966
responseStyleStress,targeted:realist|institutionalist,answer,full-archetype,P-,M/S-,true,2,0.001267
responseStyleStress,targeted:realist|institutionalist,answer,full-archetype,P-,P-,false,217,0.137429
responseStyleStress,targeted:realist|institutionalist,answer,full-archetype,P-,P/M-,true,2,0.001267
responseStyleStress,targeted:realist|institutionalist,answer,full-archetype,P-,P/M+,true,1,0.000633
responseStyleStress,targeted:realist|institutionalist,answer,full-archetype,P-,P/R-,true,7,0.004433
responseStyleStress,targeted:realist|institutionalist,answer,full-archetype,P-,P/S-,true,42,0.026599
responseStyleStress,targeted:realist|institutionalist,answer,full-archetype,P-,P+,true,15,0.0095
responseStyleStress,targeted:realist|institutionalist,answer,full-archetype,P-,R-,true,7,0.004433
responseStyleStress,targeted:realist|institutionalist,answer,full-archetype,P-,R/M-,true,5,0.003167
responseStyleStress,targeted:realist|institutionalist,answer,full-archetype,P-,R/S-,true,10,0.006333
responseStyleStress,targeted:realist|institutionalist,answer,full-archetype,P-,S-,true,8,0.005066
responseStyleStress,targeted:realist|institutionalist,answer,full-archetype,P/R-,P-,true,18,0.0114
responseStyleStress,targeted:realist|institutionalist,answer,full-archetype,P/R-,P/R-,false,31,0.019633
responseStyleStress,targeted:realist|institutionalist,answer,full-archetype,P/R-,R-,true,17,0.010766
responseStyleStress,targeted:realist|institutionalist,answer,full-archetype,P/S-,M/S-,true,1,0.000633
responseStyleStress,targeted:realist|institutionalist,answer,full-archetype,P/S-,P-,true,15,0.0095
responseStyleStress,targeted:realist|institutionalist,answer,full-archetype,P/S-,P/R-,true,1,0.000633
responseStyleStress,targeted:realist|institutionalist,answer,full-archetype,P/S-,P/S-,false,34,0.021533
responseStyleStress,targeted:realist|institutionalist,answer,full-archetype,P/S-,P/S+,true,2,0.001267
responseStyleStress,targeted:realist|institutionalist,answer,full-archetype,P/S-,S-,true,14,0.008866
responseStyleStress,targeted:realist|institutionalist,answer,full-archetype,P+,M/S+,true,4,0.002533
responseStyleStress,targeted:realist|institutionalist,answer,full-archetype,P+,M+,true,1,0.000633
responseStyleStress,targeted:realist|institutionalist,answer,full-archetype,P+,P-,true,5,0.003167
responseStyleStress,targeted:realist|institutionalist,answer,full-archetype,P+,P/M-,true,1,0.000633
responseStyleStress,targeted:realist|institutionalist,answer,full-archetype,P+,P/S+,true,4,0.002533
responseStyleStress,targeted:realist|institutionalist,answer,full-archetype,P+,P+,false,308,0.19506
responseStyleStress,targeted:realist|institutionalist,answer,full-archetype,P+,S+,true,4,0.002533
responseStyleStress,targeted:realist|institutionalist,answer,full-archetype,R-,M-,true,8,0.005066
responseStyleStress,targeted:realist|institutionalist,answer,full-archetype,R-,R-,false,84,0.053198
responseStyleStress,targeted:realist|institutionalist,answer,full-archetype,R-,R/M-,true,42,0.026599
responseStyleStress,targeted:realist|institutionalist,answer,full-archetype,R-,R/S-,true,6,0.0038
responseStyleStress,targeted:realist|institutionalist,answer,full-archetype,R-,S-,true,2,0.001267
responseStyleStress,targeted:realist|institutionalist,answer,full-archetype,R/M-,M-,true,17,0.010766
responseStyleStress,targeted:realist|institutionalist,answer,full-archetype,R/M-,M/S-,true,1,0.000633
responseStyleStress,targeted:realist|institutionalist,answer,full-archetype,R/M-,M+,true,1,0.000633
responseStyleStress,targeted:realist|institutionalist,answer,full-archetype,R/M-,R-,true,20,0.012666
responseStyleStress,targeted:realist|institutionalist,answer,full-archetype,R/M-,R/M-,false,96,0.060798
responseStyleStress,targeted:realist|institutionalist,answer,full-archetype,R/M-,R/M+,true,5,0.003167
responseStyleStress,targeted:realist|institutionalist,answer,full-archetype,R/M-,R/S-,true,1,0.000633
responseStyleStress,targeted:realist|institutionalist,answer,full-archetype,R/M+,M+,true,11,0.006966
responseStyleStress,targeted:realist|institutionalist,answer,full-archetype,R/M+,P/R+,true,1,0.000633
responseStyleStress,targeted:realist|institutionalist,answer,full-archetype,R/M+,R/M+,false,47,0.029766
responseStyleStress,targeted:realist|institutionalist,answer,full-archetype,R/M+,R+,true,9,0.0057
responseStyleStress,targeted:realist|institutionalist,answer,posture,-,-,false,1149,0.727676
responseStyleStress,targeted:realist|institutionalist,answer,posture,-,+,true,35,0.022166
responseStyleStress,targeted:realist|institutionalist,answer,posture,+,-,true,6,0.0038
responseStyleStress,targeted:realist|institutionalist,answer,posture,+,+,false,389,0.246358
responseStyleStress,targeted:realist|institutionalist,answer,routing,blend,blend,false,330,0.208993
responseStyleStress,targeted:realist|institutionalist,answer,routing,blend,pure,true,240,0.151995
responseStyleStress,targeted:realist|institutionalist,answer,routing,pure,blend,true,196,0.124129
responseStyleStress,targeted:realist|institutionalist,answer,routing,pure,pure,false,813,0.514883
responseStyleStress,targeted:realist|institutionalist,posture-dimension,family,constructivist,constructivist,false,14,0.291667
responseStyleStress,targeted:realist|institutionalist,posture-dimension,family,institutionalist,constructivist,true,1,0.020833
responseStyleStress,targeted:realist|institutionalist,posture-dimension,family,institutionalist,institutionalist,false,9,0.1875
responseStyleStress,targeted:realist|institutionalist,posture-dimension,family,realist,criticalPoliticalEconomy,true,1,0.020833
responseStyleStress,targeted:realist|institutionalist,posture-dimension,family,realist,institutionalist,true,1,0.020833
responseStyleStress,targeted:realist|institutionalist,posture-dimension,family,realist,realist,false,22,0.458333
responseStyleStress,targeted:realist|institutionalist,posture-dimension,full-archetype,M-,M-,false,6,0.125
responseStyleStress,targeted:realist|institutionalist,posture-dimension,full-archetype,M/S-,M/S-,false,8,0.166667
responseStyleStress,targeted:realist|institutionalist,posture-dimension,full-archetype,P-,P-,false,10,0.208333
responseStyleStress,targeted:realist|institutionalist,posture-dimension,full-archetype,P/R-,P/R-,false,2,0.041667
responseStyleStress,targeted:realist|institutionalist,posture-dimension,full-archetype,P/S-,P/S-,false,2,0.041667
responseStyleStress,targeted:realist|institutionalist,posture-dimension,full-archetype,P+,P+,false,10,0.208333
responseStyleStress,targeted:realist|institutionalist,posture-dimension,full-archetype,R-,R-,false,4,0.083333
responseStyleStress,targeted:realist|institutionalist,posture-dimension,full-archetype,R/M-,R/M-,false,4,0.083333
responseStyleStress,targeted:realist|institutionalist,posture-dimension,full-archetype,R/M+,R/M+,false,2,0.041667
responseStyleStress,targeted:realist|institutionalist,posture-dimension,posture,-,-,false,36,0.75
responseStyleStress,targeted:realist|institutionalist,posture-dimension,posture,+,+,false,12,0.25
responseStyleStress,targeted:realist|institutionalist,posture-dimension,routing,blend,blend,false,18,0.375
responseStyleStress,targeted:realist|institutionalist,posture-dimension,routing,pure,pure,false,30,0.625
uniform,core,answer,family,constructivist,constructivist,false,3831,0.245734
uniform,core,answer,family,constructivist,criticalPoliticalEconomy,true,82,0.00526
uniform,core,answer,family,constructivist,institutionalist,true,173,0.011097
uniform,core,answer,family,constructivist,realist,true,93,0.005965
uniform,core,answer,family,criticalPoliticalEconomy,constructivist,true,75,0.004811
uniform,core,answer,family,criticalPoliticalEconomy,criticalPoliticalEconomy,false,2583,0.165683
uniform,core,answer,family,criticalPoliticalEconomy,institutionalist,true,102,0.006543
uniform,core,answer,family,criticalPoliticalEconomy,realist,true,141,0.009044
uniform,core,answer,family,institutionalist,constructivist,true,137,0.008788
uniform,core,answer,family,institutionalist,criticalPoliticalEconomy,true,118,0.007569
uniform,core,answer,family,institutionalist,institutionalist,false,3149,0.201988
uniform,core,answer,family,institutionalist,realist,true,90,0.005773
uniform,core,answer,family,realist,constructivist,true,177,0.011353
uniform,core,answer,family,realist,criticalPoliticalEconomy,true,207,0.013278
uniform,core,answer,family,realist,institutionalist,true,202,0.012957
uniform,core,answer,family,realist,realist,false,4430,0.284157
uniform,core,answer,full-archetype,M-,M-,false,1172,0.075176
uniform,core,answer,full-archetype,M-,M/S-,true,73,0.004682
uniform,core,answer,full-archetype,M-,M+,true,44,0.002822
uniform,core,answer,full-archetype,M-,P-,true,9,0.000577
uniform,core,answer,full-archetype,M-,P/M-,true,20,0.001283
uniform,core,answer,full-archetype,M-,P/S-,true,3,0.000192
uniform,core,answer,full-archetype,M-,R-,true,17,0.00109
uniform,core,answer,full-archetype,M-,R/M-,true,96,0.006158
uniform,core,answer,full-archetype,M-,R/S-,true,3,0.000192
uniform,core,answer,full-archetype,M-,S-,true,8,0.000513
uniform,core,answer,full-archetype,M/S-,M-,true,1,0.000064
uniform,core,answer,full-archetype,M/S-,M/S-,false,32,0.002053
uniform,core,answer,full-archetype,M/S-,M/S+,true,2,0.000128
uniform,core,answer,full-archetype,M/S-,S-,true,17,0.00109
uniform,core,answer,full-archetype,M/S+,M/S-,true,4,0.000257
uniform,core,answer,full-archetype,M/S+,M/S+,false,79,0.005067
uniform,core,answer,full-archetype,M/S+,M+,true,50,0.003207
uniform,core,answer,full-archetype,M/S+,P/M+,true,2,0.000128
uniform,core,answer,full-archetype,M/S+,P/S+,true,7,0.000449
uniform,core,answer,full-archetype,M/S+,P+,true,3,0.000192
uniform,core,answer,full-archetype,M/S+,R/M+,true,2,0.000128
uniform,core,answer,full-archetype,M/S+,S+,true,13,0.000834
uniform,core,answer,full-archetype,M+,M-,true,36,0.002309
uniform,core,answer,full-archetype,M+,M/S-,true,1,0.000064
uniform,core,answer,full-archetype,M+,M/S+,true,39,0.002502
uniform,core,answer,full-archetype,M+,M+,false,1870,0.119949
uniform,core,answer,full-archetype,M+,P/M+,true,73,0.004682
uniform,core,answer,full-archetype,M+,P/R+,true,5,0.000321
uniform,core,answer,full-archetype,M+,P/S+,true,8,0.000513
uniform,core,answer,full-archetype,M+,P+,true,31,0.001988
uniform,core,answer,full-archetype,M+,R/M-,true,3,0.000192
uniform,core,answer,full-archetype,M+,R/M+,true,71,0.004554
uniform,core,answer,full-archetype,M+,R/S+,true,3,0.000192
uniform,core,answer,full-archetype,M+,R+,true,12,0.00077
uniform,core,answer,full-archetype,M+,S+,true,7,0.000449
uniform,core,answer,full-archetype,P-,M-,true,6,0.000385
uniform,core,answer,full-archetype,P-,M/S-,true,2,0.000128
uniform,core,answer,full-archetype,P-,P-,false,909,0.058307
uniform,core,answer,full-archetype,P-,P/M-,true,11,0.000706
uniform,core,answer,full-archetype,P-,P/R-,true,53,0.0034
uniform,core,answer,full-archetype,P-,P/S-,true,48,0.003079
uniform,core,answer,full-archetype,P-,P+,true,40,0.002566
uniform,core,answer,full-archetype,P-,R-,true,9,0.000577
uniform,core,answer,full-archetype,P-,R/M-,true,4,0.000257
uniform,core,answer,full-archetype,P-,R/S-,true,2,0.000128
uniform,core,answer,full-archetype,P-,S-,true,7,0.000449
uniform,core,answer,full-archetype,P/M-,M-,true,3,0.000192
uniform,core,answer,full-archetype,P/M-,P-,true,18,0.001155
uniform,core,answer,full-archetype,P/M-,P/M-,false,24,0.001539
uniform,core,answer,full-archetype,P/M-,P/R-,true,2,0.000128
uniform,core,answer,full-archetype,P/M-,P+,true,4,0.000257
uniform,core,answer,full-archetype,P/M-,R/M-,true,1,0.000064
uniform,core,answer,full-archetype,P/M+,M/S+,true,1,0.000064
uniform,core,answer,full-archetype,P/M+,M+,true,26,0.001668
uniform,core,answer,full-archetype,P/M+,P/M-,true,10,0.000641
uniform,core,answer,full-archetype,P/M+,P/M+,false,154,0.009878
uniform,core,answer,full-archetype,P/M+,P/S+,true,5,0.000321
uniform,core,answer,full-archetype,P/M+,P+,true,67,0.004298
uniform,core,answer,full-archetype,P/M+,S+,true,1,0.000064
uniform,core,answer,full-archetype,P/R-,P-,true,4,0.000257
uniform,core,answer,full-archetype,P/R-,P/R-,false,47,0.003015
uniform,core,answer,full-archetype,P/R-,P/S-,true,4,0.000257
uniform,core,answer,full-archetype,P/R-,R-,true,33,0.002117
uniform,core,answer,full-archetype,P/R-,R/M-,true,1,0.000064
uniform,core,answer,full-archetype,P/R-,R/S-,true,14,0.000898
uniform,core,answer,full-archetype,P/R-,S-,true,2,0.000128
uniform,core,answer,full-archetype,P/R+,M+,true,2,0.000128
uniform,core,answer,full-archetype,P/R+,P/M+,true,8,0.000513
uniform,core,answer,full-archetype,P/R+,P/R-,true,10,0.000641
uniform,core,answer,full-archetype,P/R+,P/R+,false,249,0.015972
uniform,core,answer,full-archetype,P/R+,P/S+,true,10,0.000641
uniform,core,answer,full-archetype,P/R+,P+,true,88,0.005645
uniform,core,answer,full-archetype,P/R+,R-,true,4,0.000257
uniform,core,answer,full-archetype,P/R+,R/M+,true,7,0.000449
uniform,core,answer,full-archetype,P/R+,R/S+,true,5,0.000321
uniform,core,answer,full-archetype,P/R+,R+,true,85,0.005452
uniform,core,answer,full-archetype,P/R+,S+,true,4,0.000257
uniform,core,answer,full-archetype,P/S-,M-,true,6,0.000385
uniform,core,answer,full-archetype,P/S-,M/S-,true,12,0.00077
uniform,core,answer,full-archetype,P/S-,P-,true,25,0.001604
uniform,core,answer,full-archetype,P/S-,P/M-,true,24,0.001539
uniform,core,answer,full-archetype,P/S-,P/R-,true,2,0.000128
uniform,core,answer,full-archetype,P/S-,P/S-,false,109,0.006992
uniform,core,answer,full-archetype,P/S-,P/S+,true,5,0.000321
uniform,core,answer,full-archetype,P/S-,P+,true,5,0.000321
uniform,core,answer,full-archetype,P/S-,R-,true,2,0.000128
uniform,core,answer,full-archetype,P/S-,R/S-,true,1,0.000064
uniform,core,answer,full-archetype,P/S-,S-,true,18,0.001155
uniform,core,answer,full-archetype,P/S+,M/S-,true,1,0.000064
uniform,core,answer,full-archetype,P/S+,M/S+,true,5,0.000321
uniform,core,answer,full-archetype,P/S+,M+,true,4,0.000257
uniform,core,answer,full-archetype,P/S+,P/M+,true,16,0.001026
uniform,core,answer,full-archetype,P/S+,P/R+,true,12,0.00077
uniform,core,answer,full-archetype,P/S+,P/S-,true,15,0.000962
uniform,core,answer,full-archetype,P/S+,P/S+,false,294,0.018858
uniform,core,answer,full-archetype,P/S+,P+,true,80,0.005131
uniform,core,answer,full-archetype,P/S+,R/S-,true,1,0.000064
uniform,core,answer,full-archetype,P/S+,R/S+,true,9,0.000577
uniform,core,answer,full-archetype,P/S+,R+,true,2,0.000128
uniform,core,answer,full-archetype,P/S+,S-,true,6,0.000385
uniform,core,answer,full-archetype,P/S+,S+,true,75,0.004811
uniform,core,answer,full-archetype,P+,M/S+,true,4,0.000257
uniform,core,answer,full-archetype,P+,M+,true,23,0.001475
uniform,core,answer,full-archetype,P+,P-,true,41,0.00263
uniform,core,answer,full-archetype,P+,P/M+,true,75,0.004811
uniform,core,answer,full-archetype,P+,P/R-,true,8,0.000513
uniform,core,answer,full-archetype,P+,P/R+,true,75,0.004811
uniform,core,answer,full-archetype,P+,P/S-,true,5,0.000321
uniform,core,answer,full-archetype,P+,P/S+,true,121,0.007761
uniform,core,answer,full-archetype,P+,P+,false,2382,0.15279
uniform,core,answer,full-archetype,P+,R/M+,true,7,0.000449
uniform,core,answer,full-archetype,P+,R/S+,true,10,0.000641
uniform,core,answer,full-archetype,P+,R+,true,9,0.000577
uniform,core,answer,full-archetype,P+,S+,true,11,0.000706
uniform,core,answer,full-archetype,R-,M-,true,9,0.000577
uniform,core,answer,full-archetype,R-,M/S-,true,2,0.000128
uniform,core,answer,full-archetype,R-,P-,true,7,0.000449
uniform,core,answer,full-archetype,R-,P/R-,true,9,0.000577
uniform,core,answer,full-archetype,R-,R-,false,1167,0.074856
uniform,core,answer,full-archetype,R-,R/M-,true,50,0.003207
uniform,core,answer,full-archetype,R-,R/M+,true,2,0.000128
uniform,core,answer,full-archetype,R-,R/S-,true,45,0.002886
uniform,core,answer,full-archetype,R-,R/S+,true,4,0.000257
uniform,core,answer,full-archetype,R-,R+,true,52,0.003335
uniform,core,answer,full-archetype,R-,S-,true,9,0.000577
uniform,core,answer,full-archetype,R/M-,M-,true,60,0.003849
uniform,core,answer,full-archetype,R/M-,M/S-,true,1,0.000064
uniform,core,answer,full-archetype,R/M-,M+,true,4,0.000257
uniform,core,answer,full-archetype,R/M-,P-,true,1,0.000064
uniform,core,answer,full-archetype,R/M-,R-,true,53,0.0034
uniform,core,answer,full-archetype,R/M-,R/M-,false,229,0.014689
uniform,core,answer,full-archetype,R/M-,R/M+,true,12,0.00077
uniform,core,answer,full-archetype,R/M+,M/S+,true,3,0.000192
uniform,core,answer,full-archetype,R/M+,M+,true,66,0.004233
uniform,core,answer,full-archetype,R/M+,P/M+,true,2,0.000128
uniform,core,answer,full-archetype,R/M+,P/R+,true,3,0.000192
uniform,core,answer,full-archetype,R/M+,P+,true,2,0.000128
uniform,core,answer,full-archetype,R/M+,R-,true,2,0.000128
uniform,core,answer,full-archetype,R/M+,R/M-,true,14,0.000898
uniform,core,answer,full-archetype,R/M+,R/M+,false,263,0.01687
uniform,core,answer,full-archetype,R/M+,R/S+,true,4,0.000257
uniform,core,answer,full-archetype,R/M+,R+,true,56,0.003592
uniform,core,answer,full-archetype,R/M+,S+,true,1,0.000064
uniform,core,answer,full-archetype,R/S-,M-,true,11,0.000706
uniform,core,answer,full-archetype,R/S-,M/S-,true,31,0.001988
uniform,core,answer,full-archetype,R/S-,P-,true,2,0.000128
uniform,core,answer,full-archetype,R/S-,P/M-,true,1,0.000064
uniform,core,answer,full-archetype,R/S-,P/S-,true,7,0.000449
uniform,core,answer,full-archetype,R/S-,R-,true,35,0.002245
uniform,core,answer,full-archetype,R/S-,R/M-,true,43,0.002758
uniform,core,answer,full-archetype,R/S-,R/S-,false,247,0.015843
uniform,core,answer,full-archetype,R/S-,R/S+,true,13,0.000834
uniform,core,answer,full-archetype,R/S-,S-,true,68,0.004362
uniform,core,answer,full-archetype,R/S-,S+,true,1,0.000064
uniform,core,answer,full-archetype,R/S+,M/S+,true,2,0.000128
uniform,core,answer,full-archetype,R/S+,M+,true,5,0.000321
uniform,core,answer,full-archetype,R/S+,P/M+,true,2,0.000128
uniform,core,answer,full-archetype,R/S+,P/R+,true,7,0.000449
uniform,core,answer,full-archetype,R/S+,P/S+,true,8,0.000513
uniform,core,answer,full-archetype,R/S+,P+,true,2,0.000128
uniform,core,answer,full-archetype,R/S+,R/M+,true,10,0.000641
uniform,core,answer,full-archetype,R/S+,R/S-,true,7,0.000449
uniform,core,answer,full-archetype,R/S+,R/S+,false,90,0.005773
uniform,core,answer,full-archetype,R/S+,R+,true,14,0.000898
uniform,core,answer,full-archetype,R/S+,S+,true,14,0.000898
uniform,core,answer,full-archetype,R+,M/S+,true,1,0.000064
uniform,core,answer,full-archetype,R+,M+,true,10,0.000641
uniform,core,answer,full-archetype,R+,P/R+,true,66,0.004233
uniform,core,answer,full-archetype,R+,P/S+,true,5,0.000321
uniform,core,answer,full-archetype,R+,P+,true,10,0.000641
uniform,core,answer,full-archetype,R+,R-,true,42,0.002694
uniform,core,answer,full-archetype,R+,R/M+,true,53,0.0034
uniform,core,answer,full-archetype,R+,R/S+,true,55,0.003528
uniform,core,answer,full-archetype,R+,R+,false,1014,0.065042
uniform,core,answer,full-archetype,R+,S+,true,4,0.000257
uniform,core,answer,full-archetype,S-,M-,true,7,0.000449
uniform,core,answer,full-archetype,S-,M/S-,true,42,0.002694
uniform,core,answer,full-archetype,S-,P-,true,6,0.000385
uniform,core,answer,full-archetype,S-,P/M-,true,1,0.000064
uniform,core,answer,full-archetype,S-,P/S-,true,74,0.004747
uniform,core,answer,full-archetype,S-,P/S+,true,8,0.000513
uniform,core,answer,full-archetype,S-,R-,true,10,0.000641
uniform,core,answer,full-archetype,S-,R/S-,true,48,0.003079
uniform,core,answer,full-archetype,S-,S-,false,926,0.059397
uniform,core,answer,full-archetype,S-,S+,true,24,0.001539
uniform,core,answer,full-archetype,S+,M/S+,true,67,0.004298
uniform,core,answer,full-archetype,S+,M+,true,6,0.000385
uniform,core,answer,full-archetype,S+,P/M+,true,1,0.000064
uniform,core,answer,full-archetype,S+,P/S+,true,40,0.002566
uniform,core,answer,full-archetype,S+,P+,true,7,0.000449
uniform,core,answer,full-archetype,S+,R/M+,true,2,0.000128
uniform,core,answer,full-archetype,S+,R/S+,true,24,0.001539
uniform,core,answer,full-archetype,S+,R+,true,8,0.000513
uniform,core,answer,full-archetype,S+,S-,true,27,0.001732
uniform,core,answer,full-archetype,S+,S+,false,950,0.060936
uniform,core,answer,posture,-,-,false,6055,0.38839
uniform,core,answer,posture,-,+,true,220,0.014112
uniform,core,answer,posture,+,-,true,237,0.015202
uniform,core,answer,posture,+,+,false,9078,0.582296
uniform,core,answer,routing,blend,blend,false,2185,0.140154
uniform,core,answer,routing,blend,pure,true,1045,0.06703
uniform,core,answer,routing,pure,blend,true,1422,0.091212
uniform,core,answer,routing,pure,pure,false,10938,0.701604
uniform,core,posture-dimension,family,constructivist,constructivist,false,162,0.27
uniform,core,posture-dimension,family,criticalPoliticalEconomy,criticalPoliticalEconomy,false,112,0.186667
uniform,core,posture-dimension,family,institutionalist,institutionalist,false,134,0.223333
uniform,core,posture-dimension,family,realist,realist,false,192,0.32
uniform,core,posture-dimension,full-archetype,M-,M-,false,56,0.093333
uniform,core,posture-dimension,full-archetype,M/S-,M/S-,false,2,0.003333
uniform,core,posture-dimension,full-archetype,M/S+,M/S-,true,1,0.001667
uniform,core,posture-dimension,full-archetype,M/S+,M/S+,false,5,0.008333
uniform,core,posture-dimension,full-archetype,M+,M-,true,9,0.015
uniform,core,posture-dimension,full-archetype,M+,M+,false,75,0.125
uniform,core,posture-dimension,full-archetype,P-,P-,false,42,0.07
uniform,core,posture-dimension,full-archetype,P/M-,P/M-,false,2,0.003333
uniform,core,posture-dimension,full-archetype,P/M+,P/M-,true,2,0.003333
uniform,core,posture-dimension,full-archetype,P/M+,P/M+,false,8,0.013333
uniform,core,posture-dimension,full-archetype,P/R-,P/R-,false,4,0.006667
uniform,core,posture-dimension,full-archetype,P/R+,P/R-,true,3,0.005
uniform,core,posture-dimension,full-archetype,P/R+,P/R+,false,15,0.025
uniform,core,posture-dimension,full-archetype,P/S-,P/S-,false,8,0.013333
uniform,core,posture-dimension,full-archetype,P/S+,P/S-,true,5,0.008333
uniform,core,posture-dimension,full-archetype,P/S+,P/S+,false,15,0.025
uniform,core,posture-dimension,full-archetype,P+,P-,true,7,0.011667
uniform,core,posture-dimension,full-archetype,P+,P+,false,99,0.165
uniform,core,posture-dimension,full-archetype,R-,R-,false,52,0.086667
uniform,core,posture-dimension,full-archetype,R/M-,R/M-,false,14,0.023333
uniform,core,posture-dimension,full-archetype,R/M+,R/M-,true,4,0.006667
uniform,core,posture-dimension,full-archetype,R/M+,R/M+,false,12,0.02
uniform,core,posture-dimension,full-archetype,R/S-,R/S-,false,18,0.03
uniform,core,posture-dimension,full-archetype,R/S+,R/S-,true,2,0.003333
uniform,core,posture-dimension,full-archetype,R/S+,R/S+,false,4,0.006667
uniform,core,posture-dimension,full-archetype,R+,R-,true,7,0.011667
uniform,core,posture-dimension,full-archetype,R+,R+,false,41,0.068333
uniform,core,posture-dimension,full-archetype,S-,S-,false,44,0.073333
uniform,core,posture-dimension,full-archetype,S+,S-,true,4,0.006667
uniform,core,posture-dimension,full-archetype,S+,S+,false,40,0.066667
uniform,core,posture-dimension,posture,-,-,false,242,0.403333
uniform,core,posture-dimension,posture,+,-,true,44,0.073333
uniform,core,posture-dimension,posture,+,+,false,314,0.523333
uniform,core,posture-dimension,routing,blend,blend,false,124,0.206667
uniform,core,posture-dimension,routing,pure,pure,false,476,0.793333
uniform,fullExtended,answer,family,constructivist,constructivist,false,7072,0.255593
uniform,fullExtended,answer,family,constructivist,criticalPoliticalEconomy,true,121,0.004373
uniform,fullExtended,answer,family,constructivist,institutionalist,true,122,0.004409
uniform,fullExtended,answer,family,constructivist,realist,true,131,0.004735
uniform,fullExtended,answer,family,criticalPoliticalEconomy,constructivist,true,200,0.007228
uniform,fullExtended,answer,family,criticalPoliticalEconomy,criticalPoliticalEconomy,false,5641,0.203874
uniform,fullExtended,answer,family,criticalPoliticalEconomy,institutionalist,true,193,0.006975
uniform,fullExtended,answer,family,criticalPoliticalEconomy,realist,true,182,0.006578
uniform,fullExtended,answer,family,institutionalist,constructivist,true,238,0.008602
uniform,fullExtended,answer,family,institutionalist,criticalPoliticalEconomy,true,157,0.005674
uniform,fullExtended,answer,family,institutionalist,institutionalist,false,6131,0.221584
uniform,fullExtended,answer,family,institutionalist,realist,true,219,0.007915
uniform,fullExtended,answer,family,realist,constructivist,true,57,0.00206
uniform,fullExtended,answer,family,realist,criticalPoliticalEconomy,true,81,0.002927
uniform,fullExtended,answer,family,realist,institutionalist,true,174,0.006289
uniform,fullExtended,answer,family,realist,realist,false,6950,0.251184
uniform,fullExtended,answer,full-archetype,M-,M-,false,2931,0.105931
uniform,fullExtended,answer,full-archetype,M-,M/S-,true,65,0.002349
uniform,fullExtended,answer,full-archetype,M-,M/S+,true,3,0.000108
uniform,fullExtended,answer,full-archetype,M-,M+,true,38,0.001373
uniform,fullExtended,answer,full-archetype,M-,P-,true,4,0.000145
uniform,fullExtended,answer,full-archetype,M-,P/M-,true,17,0.000614
uniform,fullExtended,answer,full-archetype,M-,P+,true,1,0.000036
uniform,fullExtended,answer,full-archetype,M-,R/M-,true,54,0.001952
uniform,fullExtended,answer,full-archetype,M-,R/S-,true,3,0.000108
uniform,fullExtended,answer,full-archetype,M-,S-,true,1,0.000036
uniform,fullExtended,answer,full-archetype,M/S-,M-,true,188,0.006795
uniform,fullExtended,answer,full-archetype,M/S-,M/S-,false,699,0.025263
uniform,fullExtended,answer,full-archetype,M/S-,M/S+,true,10,0.000361
uniform,fullExtended,answer,full-archetype,M/S-,P-,true,1,0.000036
uniform,fullExtended,answer,full-archetype,M/S-,P/M-,true,14,0.000506
uniform,fullExtended,answer,full-archetype,M/S-,P/M+,true,1,0.000036
uniform,fullExtended,answer,full-archetype,M/S-,P/S-,true,28,0.001012
uniform,fullExtended,answer,full-archetype,M/S-,P/S+,true,4,0.000145
uniform,fullExtended,answer,full-archetype,M/S-,R/M-,true,7,0.000253
uniform,fullExtended,answer,full-archetype,M/S-,S-,true,85,0.003072
uniform,fullExtended,answer,full-archetype,M/S-,S+,true,6,0.000217
uniform,fullExtended,answer,full-archetype,M/S+,M-,true,3,0.000108
uniform,fullExtended,answer,full-archetype,M/S+,M/S-,true,42,0.001518
uniform,fullExtended,answer,full-archetype,M/S+,M/S+,false,293,0.010589
uniform,fullExtended,answer,full-archetype,M/S+,M+,true,19,0.000687
uniform,fullExtended,answer,full-archetype,M/S+,P/M+,true,2,0.000072
uniform,fullExtended,answer,full-archetype,M/S+,P/S+,true,22,0.000795
uniform,fullExtended,answer,full-archetype,M/S+,R/M-,true,2,0.000072
uniform,fullExtended,answer,full-archetype,M/S+,R/M+,true,5,0.000181
uniform,fullExtended,answer,full-archetype,M/S+,R/S-,true,14,0.000506
uniform,fullExtended,answer,full-archetype,M/S+,R/S+,true,23,0.000831
uniform,fullExtended,answer,full-archetype,M/S+,S-,true,2,0.000072
uniform,fullExtended,answer,full-archetype,M/S+,S+,true,97,0.003506
uniform,fullExtended,answer,full-archetype,M+,M-,true,109,0.003939
uniform,fullExtended,answer,full-archetype,M+,M/S+,true,83,0.003
uniform,fullExtended,answer,full-archetype,M+,M+,false,2434,0.087968
uniform,fullExtended,answer,full-archetype,M+,P/M-,true,2,0.000072
uniform,fullExtended,answer,full-archetype,M+,P/M+,true,83,0.003
uniform,fullExtended,answer,full-archetype,M+,P+,true,13,0.00047
uniform,fullExtended,answer,full-archetype,M+,R/M-,true,8,0.000289
uniform,fullExtended,answer,full-archetype,M+,R/M+,true,36,0.001301
uniform,fullExtended,answer,full-archetype,M+,S+,true,2,0.000072
uniform,fullExtended,answer,full-archetype,P-,M-,true,12,0.000434
uniform,fullExtended,answer,full-archetype,P-,P-,false,2845,0.102823
uniform,fullExtended,answer,full-archetype,P-,P/M-,true,43,0.001554
uniform,fullExtended,answer,full-archetype,P-,P/R-,true,131,0.004735
uniform,fullExtended,answer,full-archetype,P-,P/R+,true,3,0.000108
uniform,fullExtended,answer,full-archetype,P-,P/S-,true,81,0.002927
uniform,fullExtended,answer,full-archetype,P-,P+,true,131,0.004735
uniform,fullExtended,answer,full-archetype,P-,R-,true,17,0.000614
uniform,fullExtended,answer,full-archetype,P-,R/M-,true,4,0.000145
uniform,fullExtended,answer,full-archetype,P/M-,M-,true,99,0.003578
uniform,fullExtended,answer,full-archetype,P/M-,P-,true,18,0.000651
uniform,fullExtended,answer,full-archetype,P/M-,P/M-,false,223,0.00806
uniform,fullExtended,answer,full-archetype,P/M-,P+,true,1,0.000036
uniform,fullExtended,answer,full-archetype,P/R-,M-,true,3,0.000108
uniform,fullExtended,answer,full-archetype,P/R-,M/S-,true,1,0.000036
uniform,fullExtended,answer,full-archetype,P/R-,P-,true,100,0.003614
uniform,fullExtended,answer,full-archetype,P/R-,P/M-,true,4,0.000145
uniform,fullExtended,answer,full-archetype,P/R-,P/R-,false,717,0.025913
uniform,fullExtended,answer,full-archetype,P/R-,P/S-,true,12,0.000434
uniform,fullExtended,answer,full-archetype,P/R-,P+,true,3,0.000108
uniform,fullExtended,answer,full-archetype,P/R-,R-,true,157,0.005674
uniform,fullExtended,answer,full-archetype,P/R-,R/M-,true,29,0.001048
uniform,fullExtended,answer,full-archetype,P/R-,R/S-,true,14,0.000506
uniform,fullExtended,answer,full-archetype,P/S-,M/S-,true,3,0.000108
uniform,fullExtended,answer,full-archetype,P/S-,P-,true,37,0.001337
uniform,fullExtended,answer,full-archetype,P/S-,P/R-,true,3,0.000108
uniform,fullExtended,answer,full-archetype,P/S-,P/S-,false,595,0.021504
uniform,fullExtended,answer,full-archetype,P/S-,P/S+,true,2,0.000072
uniform,fullExtended,answer,full-archetype,P/S-,P+,true,3,0.000108
uniform,fullExtended,answer,full-archetype,P/S-,R-,true,2,0.000072
uniform,fullExtended,answer,full-archetype,P/S-,R/S-,true,16,0.000578
uniform,fullExtended,answer,full-archetype,P/S-,S-,true,197,0.00712
uniform,fullExtended,answer,full-archetype,P/S+,M/S+,true,11,0.000398
uniform,fullExtended,answer,full-archetype,P/S+,P/M+,true,1,0.000036
uniform,fullExtended,answer,full-archetype,P/S+,P/S+,false,247,0.008927
uniform,fullExtended,answer,full-archetype,P/S+,P+,true,11,0.000398
uniform,fullExtended,answer,full-archetype,P/S+,S+,true,79,0.002855
uniform,fullExtended,answer,full-archetype,P+,M-,true,2,0.000072
uniform,fullExtended,answer,full-archetype,P+,M+,true,9,0.000325
uniform,fullExtended,answer,full-archetype,P+,P-,true,49,0.001771
uniform,fullExtended,answer,full-archetype,P+,P/M-,true,8,0.000289
uniform,fullExtended,answer,full-archetype,P+,P/M+,true,60,0.002168
uniform,fullExtended,answer,full-archetype,P+,P/R-,true,3,0.000108
uniform,fullExtended,answer,full-archetype,P+,P/R+,true,40,0.001446
uniform,fullExtended,answer,full-archetype,P+,P/S-,true,4,0.000145
uniform,fullExtended,answer,full-archetype,P+,P/S+,true,133,0.004807
uniform,fullExtended,answer,full-archetype,P+,P+,false,3152,0.113918
uniform,fullExtended,answer,full-archetype,P+,R-,true,2,0.000072
uniform,fullExtended,answer,full-archetype,P+,R/M-,true,1,0.000036
uniform,fullExtended,answer,full-archetype,P+,R/M+,true,1,0.000036
uniform,fullExtended,answer,full-archetype,P+,R+,true,3,0.000108
uniform,fullExtended,answer,full-archetype,P+,S+,true,3,0.000108
uniform,fullExtended,answer,full-archetype,R-,M-,true,1,0.000036
uniform,fullExtended,answer,full-archetype,R-,P-,true,1,0.000036
uniform,fullExtended,answer,full-archetype,R-,P/R-,true,25,0.000904
uniform,fullExtended,answer,full-archetype,R-,P/R+,true,6,0.000217
uniform,fullExtended,answer,full-archetype,R-,R-,false,3458,0.124977
uniform,fullExtended,answer,full-archetype,R-,R/M-,true,53,0.001916
uniform,fullExtended,answer,full-archetype,R-,R/M+,true,1,0.000036
uniform,fullExtended,answer,full-archetype,R-,R/S-,true,48,0.001735
uniform,fullExtended,answer,full-archetype,R-,R+,true,39,0.00141
uniform,fullExtended,answer,full-archetype,R-,S-,true,2,0.000072
uniform,fullExtended,answer,full-archetype,R/M-,M-,true,106,0.003831
uniform,fullExtended,answer,full-archetype,R/M-,M/S-,true,13,0.00047
uniform,fullExtended,answer,full-archetype,R/M-,M+,true,1,0.000036
uniform,fullExtended,answer,full-archetype,R/M-,P-,true,7,0.000253
uniform,fullExtended,answer,full-archetype,R/M-,P/M-,true,12,0.000434
uniform,fullExtended,answer,full-archetype,R/M-,P/R-,true,19,0.000687
uniform,fullExtended,answer,full-archetype,R/M-,P/R+,true,2,0.000072
uniform,fullExtended,answer,full-archetype,R/M-,P/S-,true,3,0.000108
uniform,fullExtended,answer,full-archetype,R/M-,P+,true,3,0.000108
uniform,fullExtended,answer,full-archetype,R/M-,R-,true,83,0.003
uniform,fullExtended,answer,full-archetype,R/M-,R/M-,false,1087,0.039286
uniform,fullExtended,answer,full-archetype,R/M-,R/M+,true,27,0.000976
uniform,fullExtended,answer,full-archetype,R/M-,R/S-,true,19,0.000687
uniform,fullExtended,answer,full-archetype,R/M-,S-,true,3,0.000108
uniform,fullExtended,answer,full-archetype,R/S-,M/S-,true,1,0.000036
uniform,fullExtended,answer,full-archetype,R/S-,P-,true,1,0.000036
uniform,fullExtended,answer,full-archetype,R/S-,P/R-,true,2,0.000072
uniform,fullExtended,answer,full-archetype,R/S-,P/R+,true,3,0.000108
uniform,fullExtended,answer,full-archetype,R/S-,P/S-,true,4,0.000145
uniform,fullExtended,answer,full-archetype,R/S-,P/S+,true,7,0.000253
uniform,fullExtended,answer,full-archetype,R/S-,R-,true,65,0.002349
uniform,fullExtended,answer,full-archetype,R/S-,R/M-,true,1,0.000036
uniform,fullExtended,answer,full-archetype,R/S-,R/S-,false,547,0.019769
uniform,fullExtended,answer,full-archetype,R/S-,R/S+,true,16,0.000578
uniform,fullExtended,answer,full-archetype,R/S-,R+,true,2,0.000072
uniform,fullExtended,answer,full-archetype,R/S-,S-,true,51,0.001843
uniform,fullExtended,answer,full-archetype,R/S-,S+,true,5,0.000181
uniform,fullExtended,answer,full-archetype,R/S+,M/S+,true,1,0.000036
uniform,fullExtended,answer,full-archetype,R/S+,R-,true,5,0.000181
uniform,fullExtended,answer,full-archetype,R/S+,R/M+,true,5,0.000181
uniform,fullExtended,answer,full-archetype,R/S+,R/S-,true,2,0.000072
uniform,fullExtended,answer,full-archetype,R/S+,R/S+,false,260,0.009397
uniform,fullExtended,answer,full-archetype,R/S+,R+,true,54,0.001952
uniform,fullExtended,answer,full-archetype,R/S+,S+,true,25,0.000904
uniform,fullExtended,answer,full-archetype,R+,P/R+,true,29,0.001048
uniform,fullExtended,answer,full-archetype,R+,P+,true,1,0.000036
uniform,fullExtended,answer,full-archetype,R+,R-,true,101,0.00365
uniform,fullExtended,answer,full-archetype,R+,R/M+,true,4,0.000145
uniform,fullExtended,answer,full-archetype,R+,R/S+,true,6,0.000217
uniform,fullExtended,answer,full-archetype,R+,R+,false,884,0.031949
uniform,fullExtended,answer,full-archetype,S-,M-,true,2,0.000072
uniform,fullExtended,answer,full-archetype,S-,M/S-,true,81,0.002927
uniform,fullExtended,answer,full-archetype,S-,M/S+,true,4,0.000145
uniform,fullExtended,answer,full-archetype,S-,P/S-,true,55,0.001988
uniform,fullExtended,answer,full-archetype,S-,P/S+,true,11,0.000398
uniform,fullExtended,answer,full-archetype,S-,P+,true,2,0.000072
uniform,fullExtended,answer,full-archetype,S-,R/S-,true,7,0.000253
uniform,fullExtended,answer,full-archetype,S-,S-,false,2040,0.073729
uniform,fullExtended,answer,full-archetype,S-,S+,true,43,0.001554
uniform,fullExtended,answer,full-archetype,S+,M/S+,true,12,0.000434
uniform,fullExtended,answer,full-archetype,S+,P/R+,true,1,0.000036
uniform,fullExtended,answer,full-archetype,S+,P/S+,true,82,0.002964
uniform,fullExtended,answer,full-archetype,S+,P+,true,2,0.000072
uniform,fullExtended,answer,full-archetype,S+,R/M+,true,3,0.000108
uniform,fullExtended,answer,full-archetype,S+,R/S+,true,82,0.002964
uniform,fullExtended,answer,full-archetype,S+,R+,true,3,0.000108
uniform,fullExtended,answer,full-archetype,S+,S-,true,81,0.002927
uniform,fullExtended,answer,full-archetype,S+,S+,false,1278,0.046189
uniform,fullExtended,answer,posture,-,-,false,17257,0.623694
uniform,fullExtended,answer,posture,-,+,true,378,0.013661
uniform,fullExtended,answer,posture,+,-,true,440,0.015902
uniform,fullExtended,answer,posture,+,+,false,9594,0.346742
uniform,fullExtended,answer,routing,blend,blend,false,5075,0.183418
uniform,fullExtended,answer,routing,blend,pure,true,1522,0.055007
uniform,fullExtended,answer,routing,pure,blend,true,1376,0.049731
uniform,fullExtended,answer,routing,pure,pure,false,19696,0.711844
uniform,fullExtended,posture-dimension,family,constructivist,constructivist,false,86,0.26875
uniform,fullExtended,posture-dimension,family,criticalPoliticalEconomy,criticalPoliticalEconomy,false,72,0.225
uniform,fullExtended,posture-dimension,family,institutionalist,institutionalist,false,78,0.24375
uniform,fullExtended,posture-dimension,family,realist,realist,false,84,0.2625
uniform,fullExtended,posture-dimension,full-archetype,M-,M-,false,36,0.1125
uniform,fullExtended,posture-dimension,full-archetype,M/S-,M/S-,false,12,0.0375
uniform,fullExtended,posture-dimension,full-archetype,M/S+,M/S-,true,1,0.003125
uniform,fullExtended,posture-dimension,full-archetype,M/S+,M/S+,false,5,0.015625
uniform,fullExtended,posture-dimension,full-archetype,M+,M/S+,true,1,0.003125
uniform,fullExtended,posture-dimension,full-archetype,M+,M+,false,31,0.096875
uniform,fullExtended,posture-dimension,full-archetype,P-,P-,false,36,0.1125
uniform,fullExtended,posture-dimension,full-archetype,P-,P+,true,2,0.00625
uniform,fullExtended,posture-dimension,full-archetype,P/M-,P/M-,false,4,0.0125
uniform,fullExtended,posture-dimension,full-archetype,P/R-,P/R-,false,12,0.0375
uniform,fullExtended,posture-dimension,full-archetype,P/S-,P/S-,false,9,0.028125
uniform,fullExtended,posture-dimension,full-archetype,P/S-,S-,true,1,0.003125
uniform,fullExtended,posture-dimension,full-archetype,P/S+,P/S+,false,4,0.0125
uniform,fullExtended,posture-dimension,full-archetype,P+,P/S+,true,1,0.003125
uniform,fullExtended,posture-dimension,full-archetype,P+,P+,false,39,0.121875
uniform,fullExtended,posture-dimension,full-archetype,R-,R-,false,42,0.13125
uniform,fullExtended,posture-dimension,full-archetype,R/M-,R/M-,false,16,0.05
uniform,fullExtended,posture-dimension,full-archetype,R/S-,R/S-,false,7,0.021875
uniform,fullExtended,posture-dimension,full-archetype,R/S-,R/S+,true,1,0.003125
uniform,fullExtended,posture-dimension,full-archetype,R/S+,R/S+,false,4,0.0125
uniform,fullExtended,posture-dimension,full-archetype,R+,R+,false,12,0.0375
uniform,fullExtended,posture-dimension,full-archetype,S-,S-,false,26,0.08125
uniform,fullExtended,posture-dimension,full-archetype,S+,S+,false,18,0.05625
uniform,fullExtended,posture-dimension,posture,-,-,false,201,0.628125
uniform,fullExtended,posture-dimension,posture,-,+,true,3,0.009375
uniform,fullExtended,posture-dimension,posture,+,-,true,1,0.003125
uniform,fullExtended,posture-dimension,posture,+,+,false,115,0.359375
uniform,fullExtended,posture-dimension,routing,blend,blend,false,75,0.234375
uniform,fullExtended,posture-dimension,routing,blend,pure,true,1,0.003125
uniform,fullExtended,posture-dimension,routing,pure,blend,true,2,0.00625
uniform,fullExtended,posture-dimension,routing,pure,pure,false,242,0.75625
uniform,targeted:constructivist|criticalPoliticalEconomy,answer,family,constructivist,constructivist,false,3071,0.285648
uniform,targeted:constructivist|criticalPoliticalEconomy,answer,family,constructivist,criticalPoliticalEconomy,true,89,0.008278
uniform,targeted:constructivist|criticalPoliticalEconomy,answer,family,constructivist,institutionalist,true,141,0.013115
uniform,targeted:constructivist|criticalPoliticalEconomy,answer,family,constructivist,realist,true,134,0.012464
uniform,targeted:constructivist|criticalPoliticalEconomy,answer,family,criticalPoliticalEconomy,constructivist,true,43,0.004
uniform,targeted:constructivist|criticalPoliticalEconomy,answer,family,criticalPoliticalEconomy,criticalPoliticalEconomy,false,1706,0.158683
uniform,targeted:constructivist|criticalPoliticalEconomy,answer,family,criticalPoliticalEconomy,institutionalist,true,51,0.004744
uniform,targeted:constructivist|criticalPoliticalEconomy,answer,family,criticalPoliticalEconomy,realist,true,71,0.006604
uniform,targeted:constructivist|criticalPoliticalEconomy,answer,family,institutionalist,constructivist,true,86,0.007999
uniform,targeted:constructivist|criticalPoliticalEconomy,answer,family,institutionalist,criticalPoliticalEconomy,true,46,0.004279
uniform,targeted:constructivist|criticalPoliticalEconomy,answer,family,institutionalist,institutionalist,false,1609,0.14966
uniform,targeted:constructivist|criticalPoliticalEconomy,answer,family,institutionalist,realist,true,64,0.005953
uniform,targeted:constructivist|criticalPoliticalEconomy,answer,family,realist,constructivist,true,85,0.007906
uniform,targeted:constructivist|criticalPoliticalEconomy,answer,family,realist,criticalPoliticalEconomy,true,135,0.012557
uniform,targeted:constructivist|criticalPoliticalEconomy,answer,family,realist,institutionalist,true,89,0.008278
uniform,targeted:constructivist|criticalPoliticalEconomy,answer,family,realist,realist,false,3331,0.309832
uniform,targeted:constructivist|criticalPoliticalEconomy,answer,full-archetype,M-,M-,false,1847,0.171798
uniform,targeted:constructivist|criticalPoliticalEconomy,answer,full-archetype,M-,M/S-,true,30,0.00279
uniform,targeted:constructivist|criticalPoliticalEconomy,answer,full-archetype,M-,M+,true,25,0.002325
uniform,targeted:constructivist|criticalPoliticalEconomy,answer,full-archetype,M-,P-,true,5,0.000465
uniform,targeted:constructivist|criticalPoliticalEconomy,answer,full-archetype,M-,P/M-,true,16,0.001488
uniform,targeted:constructivist|criticalPoliticalEconomy,answer,full-archetype,M-,P/R-,true,2,0.000186
uniform,targeted:constructivist|criticalPoliticalEconomy,answer,full-archetype,M-,P/S-,true,2,0.000186
uniform,targeted:constructivist|criticalPoliticalEconomy,answer,full-archetype,M-,R-,true,21,0.001953
uniform,targeted:constructivist|criticalPoliticalEconomy,answer,full-archetype,M-,R/M-,true,58,0.005395
uniform,targeted:constructivist|criticalPoliticalEconomy,answer,full-archetype,M-,S-,true,6,0.000558
uniform,targeted:constructivist|criticalPoliticalEconomy,answer,full-archetype,M/S-,M-,true,27,0.002511
uniform,targeted:constructivist|criticalPoliticalEconomy,answer,full-archetype,M/S-,M/S-,false,25,0.002325
uniform,targeted:constructivist|criticalPoliticalEconomy,answer,full-archetype,M/S-,S-,true,13,0.001209
uniform,targeted:constructivist|criticalPoliticalEconomy,answer,full-archetype,M+,M-,true,39,0.003628
uniform,targeted:constructivist|criticalPoliticalEconomy,answer,full-archetype,M+,M/S-,true,2,0.000186
uniform,targeted:constructivist|criticalPoliticalEconomy,answer,full-archetype,M+,M/S+,true,23,0.002139
uniform,targeted:constructivist|criticalPoliticalEconomy,answer,full-archetype,M+,M+,false,629,0.058506
uniform,targeted:constructivist|criticalPoliticalEconomy,answer,full-archetype,M+,P/M+,true,59,0.005488
uniform,targeted:constructivist|criticalPoliticalEconomy,answer,full-archetype,M+,P/R+,true,1,0.000093
uniform,targeted:constructivist|criticalPoliticalEconomy,answer,full-archetype,M+,P/S+,true,5,0.000465
uniform,targeted:constructivist|criticalPoliticalEconomy,answer,full-archetype,M+,P+,true,22,0.002046
uniform,targeted:constructivist|criticalPoliticalEconomy,answer,full-archetype,M+,R/M-,true,1,0.000093
uniform,targeted:constructivist|criticalPoliticalEconomy,answer,full-archetype,M+,R/M+,true,6,0.000558
uniform,targeted:constructivist|criticalPoliticalEconomy,answer,full-archetype,M+,R+,true,3,0.000279
uniform,targeted:constructivist|criticalPoliticalEconomy,answer,full-archetype,M+,S-,true,5,0.000465
uniform,targeted:constructivist|criticalPoliticalEconomy,answer,full-archetype,M+,S+,true,21,0.001953
uniform,targeted:constructivist|criticalPoliticalEconomy,answer,full-archetype,P-,M-,true,15,0.001395
uniform,targeted:constructivist|criticalPoliticalEconomy,answer,full-archetype,P-,P-,false,1345,0.125105
uniform,targeted:constructivist|criticalPoliticalEconomy,answer,full-archetype,P-,P/M-,true,16,0.001488
uniform,targeted:constructivist|criticalPoliticalEconomy,answer,full-archetype,P-,P/R-,true,25,0.002325
uniform,targeted:constructivist|criticalPoliticalEconomy,answer,full-archetype,P-,P/S-,true,64,0.005953
uniform,targeted:constructivist|criticalPoliticalEconomy,answer,full-archetype,P-,P+,true,52,0.004837
uniform,targeted:constructivist|criticalPoliticalEconomy,answer,full-archetype,P-,R-,true,7,0.000651
uniform,targeted:constructivist|criticalPoliticalEconomy,answer,full-archetype,P-,R/M-,true,5,0.000465
uniform,targeted:constructivist|criticalPoliticalEconomy,answer,full-archetype,P-,R/S-,true,4,0.000372
uniform,targeted:constructivist|criticalPoliticalEconomy,answer,full-archetype,P-,S-,true,25,0.002325
uniform,targeted:constructivist|criticalPoliticalEconomy,answer,full-archetype,P/M+,M-,true,14,0.001302
uniform,targeted:constructivist|criticalPoliticalEconomy,answer,full-archetype,P/M+,M/S+,true,1,0.000093
uniform,targeted:constructivist|criticalPoliticalEconomy,answer,full-archetype,P/M+,M+,true,70,0.006511
uniform,targeted:constructivist|criticalPoliticalEconomy,answer,full-archetype,P/M+,P-,true,1,0.000093
uniform,targeted:constructivist|criticalPoliticalEconomy,answer,full-archetype,P/M+,P/M-,true,5,0.000465
uniform,targeted:constructivist|criticalPoliticalEconomy,answer,full-archetype,P/M+,P/M+,false,115,0.010697
uniform,targeted:constructivist|criticalPoliticalEconomy,answer,full-archetype,P/M+,P/R+,true,3,0.000279
uniform,targeted:constructivist|criticalPoliticalEconomy,answer,full-archetype,P/M+,P+,true,58,0.005395
uniform,targeted:constructivist|criticalPoliticalEconomy,answer,full-archetype,P/M+,R-,true,1,0.000093
uniform,targeted:constructivist|criticalPoliticalEconomy,answer,full-archetype,P/M+,R/M+,true,1,0.000093
uniform,targeted:constructivist|criticalPoliticalEconomy,answer,full-archetype,P/M+,R+,true,2,0.000186
uniform,targeted:constructivist|criticalPoliticalEconomy,answer,full-archetype,P/R-,M-,true,4,0.000372
uniform,targeted:constructivist|criticalPoliticalEconomy,answer,full-archetype,P/R-,P-,true,33,0.003069
uniform,targeted:constructivist|criticalPoliticalEconomy,answer,full-archetype,P/R-,P/M-,true,6,0.000558
uniform,targeted:constructivist|criticalPoliticalEconomy,answer,full-archetype,P/R-,P/R-,false,54,0.005023
uniform,targeted:constructivist|criticalPoliticalEconomy,answer,full-archetype,P/R-,P+,true,1,0.000093
uniform,targeted:constructivist|criticalPoliticalEconomy,answer,full-archetype,P/R-,R-,true,31,0.002883
uniform,targeted:constructivist|criticalPoliticalEconomy,answer,full-archetype,P/R-,R/M-,true,7,0.000651
uniform,targeted:constructivist|criticalPoliticalEconomy,answer,full-archetype,P/S-,M/S-,true,3,0.000279
uniform,targeted:constructivist|criticalPoliticalEconomy,answer,full-archetype,P/S-,P-,true,67,0.006232
uniform,targeted:constructivist|criticalPoliticalEconomy,answer,full-archetype,P/S-,P/S-,false,41,0.003814
uniform,targeted:constructivist|criticalPoliticalEconomy,answer,full-archetype,P/S-,P+,true,3,0.000279
uniform,targeted:constructivist|criticalPoliticalEconomy,answer,full-archetype,P/S-,R-,true,2,0.000186
uniform,targeted:constructivist|criticalPoliticalEconomy,answer,full-archetype,P/S-,S-,true,19,0.001767
uniform,targeted:constructivist|criticalPoliticalEconomy,answer,full-archetype,P/S+,P/S+,false,48,0.004465
uniform,targeted:constructivist|criticalPoliticalEconomy,answer,full-archetype,P/S+,P+,true,43,0.004
uniform,targeted:constructivist|criticalPoliticalEconomy,answer,full-archetype,P/S+,S-,true,12,0.001116
uniform,targeted:constructivist|criticalPoliticalEconomy,answer,full-archetype,P/S+,S+,true,28,0.002604
uniform,targeted:constructivist|criticalPoliticalEconomy,answer,full-archetype,P+,M/S+,true,2,0.000186
uniform,targeted:constructivist|criticalPoliticalEconomy,answer,full-archetype,P+,M+,true,26,0.002418
uniform,targeted:constructivist|criticalPoliticalEconomy,answer,full-archetype,P+,P-,true,47,0.004372
uniform,targeted:constructivist|criticalPoliticalEconomy,answer,full-archetype,P+,P/M-,true,10,0.00093
uniform,targeted:constructivist|criticalPoliticalEconomy,answer,full-archetype,P+,P/M+,true,38,0.003535
uniform,targeted:constructivist|criticalPoliticalEconomy,answer,full-archetype,P+,P/R-,true,4,0.000372
uniform,targeted:constructivist|criticalPoliticalEconomy,answer,full-archetype,P+,P/R+,true,46,0.004279
uniform,targeted:constructivist|criticalPoliticalEconomy,answer,full-archetype,P+,P/S-,true,6,0.000558
uniform,targeted:constructivist|criticalPoliticalEconomy,answer,full-archetype,P+,P/S+,true,92,0.008557
uniform,targeted:constructivist|criticalPoliticalEconomy,answer,full-archetype,P+,P+,false,1430,0.133011
uniform,targeted:constructivist|criticalPoliticalEconomy,answer,full-archetype,P+,R-,true,2,0.000186
uniform,targeted:constructivist|criticalPoliticalEconomy,answer,full-archetype,P+,R/S+,true,4,0.000372
uniform,targeted:constructivist|criticalPoliticalEconomy,answer,full-archetype,P+,R+,true,16,0.001488
uniform,targeted:constructivist|criticalPoliticalEconomy,answer,full-archetype,P+,S-,true,1,0.000093
uniform,targeted:constructivist|criticalPoliticalEconomy,answer,full-archetype,P+,S+,true,18,0.001674
uniform,targeted:constructivist|criticalPoliticalEconomy,answer,full-archetype,R-,M-,true,11,0.001023
uniform,targeted:constructivist|criticalPoliticalEconomy,answer,full-archetype,R-,P-,true,7,0.000651
uniform,targeted:constructivist|criticalPoliticalEconomy,answer,full-archetype,R-,P/R-,true,13,0.001209
uniform,targeted:constructivist|criticalPoliticalEconomy,answer,full-archetype,R-,P/R+,true,1,0.000093
uniform,targeted:constructivist|criticalPoliticalEconomy,answer,full-archetype,R-,P/S-,true,1,0.000093
uniform,targeted:constructivist|criticalPoliticalEconomy,answer,full-archetype,R-,P+,true,1,0.000093
uniform,targeted:constructivist|criticalPoliticalEconomy,answer,full-archetype,R-,R-,false,1043,0.097014
uniform,targeted:constructivist|criticalPoliticalEconomy,answer,full-archetype,R-,R/M-,true,37,0.003442
uniform,targeted:constructivist|criticalPoliticalEconomy,answer,full-archetype,R-,R/S-,true,34,0.003162
uniform,targeted:constructivist|criticalPoliticalEconomy,answer,full-archetype,R-,R/S+,true,2,0.000186
uniform,targeted:constructivist|criticalPoliticalEconomy,answer,full-archetype,R-,R+,true,27,0.002511
uniform,targeted:constructivist|criticalPoliticalEconomy,answer,full-archetype,R-,S-,true,19,0.001767
uniform,targeted:constructivist|criticalPoliticalEconomy,answer,full-archetype,R-,S+,true,1,0.000093
uniform,targeted:constructivist|criticalPoliticalEconomy,answer,full-archetype,R/M-,M-,true,86,0.007999
uniform,targeted:constructivist|criticalPoliticalEconomy,answer,full-archetype,R/M-,M/S-,true,2,0.000186
uniform,targeted:constructivist|criticalPoliticalEconomy,answer,full-archetype,R/M-,M+,true,14,0.001302
uniform,targeted:constructivist|criticalPoliticalEconomy,answer,full-archetype,R/M-,P-,true,1,0.000093
uniform,targeted:constructivist|criticalPoliticalEconomy,answer,full-archetype,R/M-,P/R-,true,1,0.000093
uniform,targeted:constructivist|criticalPoliticalEconomy,answer,full-archetype,R/M-,R-,true,58,0.005395
uniform,targeted:constructivist|criticalPoliticalEconomy,answer,full-archetype,R/M-,R/M-,false,168,0.015626
uniform,targeted:constructivist|criticalPoliticalEconomy,answer,full-archetype,R/M-,R/M+,true,8,0.000744
uniform,targeted:constructivist|criticalPoliticalEconomy,answer,full-archetype,R/M-,R+,true,2,0.000186
uniform,targeted:constructivist|criticalPoliticalEconomy,answer,full-archetype,R/M-,S-,true,1,0.000093
uniform,targeted:constructivist|criticalPoliticalEconomy,answer,full-archetype,R/M+,M-,true,5,0.000465
uniform,targeted:constructivist|criticalPoliticalEconomy,answer,full-archetype,R/M+,M/S-,true,1,0.000093
uniform,targeted:constructivist|criticalPoliticalEconomy,answer,full-archetype,R/M+,M/S+,true,5,0.000465
uniform,targeted:constructivist|criticalPoliticalEconomy,answer,full-archetype,R/M+,M+,true,28,0.002604
uniform,targeted:constructivist|criticalPoliticalEconomy,answer,full-archetype,R/M+,P/M-,true,1,0.000093
uniform,targeted:constructivist|criticalPoliticalEconomy,answer,full-archetype,R/M+,P/M+,true,6,0.000558
uniform,targeted:constructivist|criticalPoliticalEconomy,answer,full-archetype,R/M+,P/R+,true,3,0.000279
uniform,targeted:constructivist|criticalPoliticalEconomy,answer,full-archetype,R/M+,P/S+,true,2,0.000186
uniform,targeted:constructivist|criticalPoliticalEconomy,answer,full-archetype,R/M+,P+,true,6,0.000558
uniform,targeted:constructivist|criticalPoliticalEconomy,answer,full-archetype,R/M+,R-,true,2,0.000186
uniform,targeted:constructivist|criticalPoliticalEconomy,answer,full-archetype,R/M+,R/M-,true,8,0.000744
uniform,targeted:constructivist|criticalPoliticalEconomy,answer,full-archetype,R/M+,R/M+,false,41,0.003814
uniform,targeted:constructivist|criticalPoliticalEconomy,answer,full-archetype,R/M+,R/S+,true,1,0.000093
uniform,targeted:constructivist|criticalPoliticalEconomy,answer,full-archetype,R/M+,R+,true,17,0.001581
uniform,targeted:constructivist|criticalPoliticalEconomy,answer,full-archetype,R/M+,S-,true,2,0.000186
uniform,targeted:constructivist|criticalPoliticalEconomy,answer,full-archetype,R/M+,S+,true,3,0.000279
uniform,targeted:constructivist|criticalPoliticalEconomy,answer,full-archetype,R/S+,P/R+,true,2,0.000186
uniform,targeted:constructivist|criticalPoliticalEconomy,answer,full-archetype,R/S+,P/S+,true,2,0.000186
uniform,targeted:constructivist|criticalPoliticalEconomy,answer,full-archetype,R/S+,P+,true,2,0.000186
uniform,targeted:constructivist|criticalPoliticalEconomy,answer,full-archetype,R/S+,R/S-,true,4,0.000372
uniform,targeted:constructivist|criticalPoliticalEconomy,answer,full-archetype,R/S+,R/S+,false,28,0.002604
uniform,targeted:constructivist|criticalPoliticalEconomy,answer,full-archetype,R/S+,R+,true,7,0.000651
uniform,targeted:constructivist|criticalPoliticalEconomy,answer,full-archetype,R/S+,S+,true,21,0.001953
uniform,targeted:constructivist|criticalPoliticalEconomy,answer,full-archetype,R+,M+,true,7,0.000651
uniform,targeted:constructivist|criticalPoliticalEconomy,answer,full-archetype,R+,P/R+,true,16,0.001488
uniform,targeted:constructivist|criticalPoliticalEconomy,answer,full-archetype,R+,P+,true,5,0.000465
uniform,targeted:constructivist|criticalPoliticalEconomy,answer,full-archetype,R+,R-,true,31,0.002883
uniform,targeted:constructivist|criticalPoliticalEconomy,answer,full-archetype,R+,R/M-,true,2,0.000186
uniform,targeted:constructivist|criticalPoliticalEconomy,answer,full-archetype,R+,R/M+,true,18,0.001674
uniform,targeted:constructivist|criticalPoliticalEconomy,answer,full-archetype,R+,R/S-,true,1,0.000093
uniform,targeted:constructivist|criticalPoliticalEconomy,answer,full-archetype,R+,R/S+,true,20,0.00186
uniform,targeted:constructivist|criticalPoliticalEconomy,answer,full-archetype,R+,R+,false,295,0.027439
uniform,targeted:constructivist|criticalPoliticalEconomy,answer,full-archetype,R+,S+,true,14,0.001302
uniform,targeted:constructivist|criticalPoliticalEconomy,answer,full-archetype,S-,M-,true,1,0.000093
uniform,targeted:constructivist|criticalPoliticalEconomy,answer,full-archetype,S-,M/S-,true,15,0.001395
uniform,targeted:constructivist|criticalPoliticalEconomy,answer,full-archetype,S-,M+,true,1,0.000093
uniform,targeted:constructivist|criticalPoliticalEconomy,answer,full-archetype,S-,P-,true,5,0.000465
uniform,targeted:constructivist|criticalPoliticalEconomy,answer,full-archetype,S-,P/S-,true,27,0.002511
uniform,targeted:constructivist|criticalPoliticalEconomy,answer,full-archetype,S-,P/S+,true,8,0.000744
uniform,targeted:constructivist|criticalPoliticalEconomy,answer,full-archetype,S-,P+,true,2,0.000186
uniform,targeted:constructivist|criticalPoliticalEconomy,answer,full-archetype,S-,R-,true,13,0.001209
uniform,targeted:constructivist|criticalPoliticalEconomy,answer,full-archetype,S-,R/M-,true,6,0.000558
uniform,targeted:constructivist|criticalPoliticalEconomy,answer,full-archetype,S-,R/S-,true,23,0.002139
uniform,targeted:constructivist|criticalPoliticalEconomy,answer,full-archetype,S-,R+,true,1,0.000093
uniform,targeted:constructivist|criticalPoliticalEconomy,answer,full-archetype,S-,S-,false,798,0.074226
uniform,targeted:constructivist|criticalPoliticalEconomy,answer,full-archetype,S-,S+,true,39,0.003628
uniform,targeted:constructivist|criticalPoliticalEconomy,answer,full-archetype,S+,M/S+,true,33,0.003069
uniform,targeted:constructivist|criticalPoliticalEconomy,answer,full-archetype,S+,M+,true,10,0.00093
uniform,targeted:constructivist|criticalPoliticalEconomy,answer,full-archetype,S+,P/M+,true,6,0.000558
uniform,targeted:constructivist|criticalPoliticalEconomy,answer,full-archetype,S+,P/R+,true,1,0.000093
uniform,targeted:constructivist|criticalPoliticalEconomy,answer,full-archetype,S+,P/S+,true,32,0.002976
uniform,targeted:constructivist|criticalPoliticalEconomy,answer,full-archetype,S+,P+,true,9,0.000837
uniform,targeted:constructivist|criticalPoliticalEconomy,answer,full-archetype,S+,R-,true,2,0.000186
uniform,targeted:constructivist|criticalPoliticalEconomy,answer,full-archetype,S+,R/M+,true,4,0.000372
uniform,targeted:constructivist|criticalPoliticalEconomy,answer,full-archetype,S+,R/S-,true,5,0.000465
uniform,targeted:constructivist|criticalPoliticalEconomy,answer,full-archetype,S+,R/S+,true,5,0.000465
uniform,targeted:constructivist|criticalPoliticalEconomy,answer,full-archetype,S+,R+,true,3,0.000279
uniform,targeted:constructivist|criticalPoliticalEconomy,answer,full-archetype,S+,S-,true,34,0.003162
uniform,targeted:constructivist|criticalPoliticalEconomy,answer,full-archetype,S+,S+,false,658,0.061204
uniform,targeted:constructivist|criticalPoliticalEconomy,answer,posture,-,-,false,6195,0.576225
uniform,targeted:constructivist|criticalPoliticalEconomy,answer,posture,-,+,true,188,0.017487
uniform,targeted:constructivist|criticalPoliticalEconomy,answer,posture,+,-,true,248,0.023068
uniform,targeted:constructivist|criticalPoliticalEconomy,answer,posture,+,+,false,4120,0.38322
uniform,targeted:constructivist|criticalPoliticalEconomy,answer,routing,blend,blend,false,592,0.055065
uniform,targeted:constructivist|criticalPoliticalEconomy,answer,routing,blend,pure,true,684,0.063622
uniform,targeted:constructivist|criticalPoliticalEconomy,answer,routing,pure,blend,true,831,0.077295
uniform,targeted:constructivist|criticalPoliticalEconomy,answer,routing,pure,pure,false,8644,0.804018
uniform,targeted:constructivist|criticalPoliticalEconomy,posture-dimension,family,constructivist,constructivist,false,101,0.315625
uniform,targeted:constructivist|criticalPoliticalEconomy,posture-dimension,family,constructivist,realist,true,1,0.003125
uniform,targeted:constructivist|criticalPoliticalEconomy,posture-dimension,family,criticalPoliticalEconomy,criticalPoliticalEconomy,false,56,0.175
uniform,targeted:constructivist|criticalPoliticalEconomy,posture-dimension,family,institutionalist,institutionalist,false,54,0.16875
uniform,targeted:constructivist|criticalPoliticalEconomy,posture-dimension,family,realist,realist,false,108,0.3375
uniform,targeted:constructivist|criticalPoliticalEconomy,posture-dimension,full-archetype,M-,M-,false,60,0.1875
uniform,targeted:constructivist|criticalPoliticalEconomy,posture-dimension,full-archetype,M/S-,M/S-,false,2,0.00625
uniform,targeted:constructivist|criticalPoliticalEconomy,posture-dimension,full-archetype,M+,M+,false,24,0.075
uniform,targeted:constructivist|criticalPoliticalEconomy,posture-dimension,full-archetype,P-,P-,false,46,0.14375
uniform,targeted:constructivist|criticalPoliticalEconomy,posture-dimension,full-archetype,P/M+,P/M+,false,8,0.025
uniform,targeted:constructivist|criticalPoliticalEconomy,posture-dimension,full-archetype,P/R-,P/R-,false,4,0.0125
uniform,targeted:constructivist|criticalPoliticalEconomy,posture-dimension,full-archetype,P/S-,P/S-,false,4,0.0125
uniform,targeted:constructivist|criticalPoliticalEconomy,posture-dimension,full-archetype,P/S+,P/S+,false,4,0.0125
uniform,targeted:constructivist|criticalPoliticalEconomy,posture-dimension,full-archetype,P+,P+,false,52,0.1625
uniform,targeted:constructivist|criticalPoliticalEconomy,posture-dimension,full-archetype,R-,R-,false,36,0.1125
uniform,targeted:constructivist|criticalPoliticalEconomy,posture-dimension,full-archetype,R/M-,R/M-,false,10,0.03125
uniform,targeted:constructivist|criticalPoliticalEconomy,posture-dimension,full-archetype,R/M+,R/M+,false,4,0.0125
uniform,targeted:constructivist|criticalPoliticalEconomy,posture-dimension,full-archetype,R/S+,R/S+,false,2,0.00625
uniform,targeted:constructivist|criticalPoliticalEconomy,posture-dimension,full-archetype,R+,R+,false,12,0.0375
uniform,targeted:constructivist|criticalPoliticalEconomy,posture-dimension,full-archetype,S-,S-,false,28,0.0875
uniform,targeted:constructivist|criticalPoliticalEconomy,posture-dimension,full-archetype,S+,S+,false,24,0.075
uniform,targeted:constructivist|criticalPoliticalEconomy,posture-dimension,posture,-,-,false,190,0.59375
uniform,targeted:constructivist|criticalPoliticalEconomy,posture-dimension,posture,+,+,false,130,0.40625
uniform,targeted:constructivist|criticalPoliticalEconomy,posture-dimension,routing,blend,blend,false,38,0.11875
uniform,targeted:constructivist|criticalPoliticalEconomy,posture-dimension,routing,pure,pure,false,282,0.88125
uniform,targeted:institutionalist|constructivist,answer,family,constructivist,constructivist,false,2704,0.252404
uniform,targeted:institutionalist|constructivist,answer,family,constructivist,criticalPoliticalEconomy,true,79,0.007374
uniform,targeted:institutionalist|constructivist,answer,family,constructivist,institutionalist,true,87,0.008121
uniform,targeted:institutionalist|constructivist,answer,family,constructivist,realist,true,23,0.002147
uniform,targeted:institutionalist|constructivist,answer,family,criticalPoliticalEconomy,constructivist,true,68,0.006347
uniform,targeted:institutionalist|constructivist,answer,family,criticalPoliticalEconomy,criticalPoliticalEconomy,false,1964,0.183329
uniform,targeted:institutionalist|constructivist,answer,family,criticalPoliticalEconomy,institutionalist,true,95,0.008868
uniform,targeted:institutionalist|constructivist,answer,family,criticalPoliticalEconomy,realist,true,79,0.007374
uniform,targeted:institutionalist|constructivist,answer,family,institutionalist,constructivist,true,110,0.010268
uniform,targeted:institutionalist|constructivist,answer,family,institutionalist,criticalPoliticalEconomy,true,88,0.008214
uniform,targeted:institutionalist|constructivist,answer,family,institutionalist,institutionalist,false,2453,0.228974
uniform,targeted:institutionalist|constructivist,answer,family,institutionalist,realist,true,96,0.008961
uniform,targeted:institutionalist|constructivist,answer,family,realist,constructivist,true,34,0.003174
uniform,targeted:institutionalist|constructivist,answer,family,realist,criticalPoliticalEconomy,true,91,0.008494
uniform,targeted:institutionalist|constructivist,answer,family,realist,institutionalist,true,103,0.009614
uniform,targeted:institutionalist|constructivist,answer,family,realist,realist,false,2639,0.246336
uniform,targeted:institutionalist|constructivist,answer,full-archetype,M-,M-,false,1431,0.133576
uniform,targeted:institutionalist|constructivist,answer,full-archetype,M-,M/S-,true,45,0.004201
uniform,targeted:institutionalist|constructivist,answer,full-archetype,M-,M/S+,true,1,0.000093
uniform,targeted:institutionalist|constructivist,answer,full-archetype,M-,M+,true,27,0.00252
uniform,targeted:institutionalist|constructivist,answer,full-archetype,M-,P-,true,3,0.00028
uniform,targeted:institutionalist|constructivist,answer,full-archetype,M-,P/M-,true,3,0.00028
uniform,targeted:institutionalist|constructivist,answer,full-archetype,M-,P/M+,true,2,0.000187
uniform,targeted:institutionalist|constructivist,answer,full-archetype,M-,P/S-,true,1,0.000093
uniform,targeted:institutionalist|constructivist,answer,full-archetype,M-,P+,true,2,0.000187
uniform,targeted:institutionalist|constructivist,answer,full-archetype,M-,R-,true,22,0.002054
uniform,targeted:institutionalist|constructivist,answer,full-archetype,M-,R/M-,true,62,0.005787
uniform,targeted:institutionalist|constructivist,answer,full-archetype,M-,R/M+,true,2,0.000187
uniform,targeted:institutionalist|constructivist,answer,full-archetype,M-,S-,true,14,0.001307
uniform,targeted:institutionalist|constructivist,answer,full-archetype,M-,S+,true,2,0.000187
uniform,targeted:institutionalist|constructivist,answer,full-archetype,M+,M-,true,75,0.007001
uniform,targeted:institutionalist|constructivist,answer,full-archetype,M+,M/S+,true,58,0.005414
uniform,targeted:institutionalist|constructivist,answer,full-archetype,M+,M+,false,940,0.087744
uniform,targeted:institutionalist|constructivist,answer,full-archetype,M+,P/M+,true,8,0.000747
uniform,targeted:institutionalist|constructivist,answer,full-archetype,M+,P+,true,13,0.001213
uniform,targeted:institutionalist|constructivist,answer,full-archetype,M+,R-,true,1,0.000093
uniform,targeted:institutionalist|constructivist,answer,full-archetype,M+,R/M+,true,15,0.0014
uniform,targeted:institutionalist|constructivist,answer,full-archetype,M+,R+,true,4,0.000373
uniform,targeted:institutionalist|constructivist,answer,full-archetype,M+,S-,true,1,0.000093
uniform,targeted:institutionalist|constructivist,answer,full-archetype,M+,S+,true,30,0.0028
uniform,targeted:institutionalist|constructivist,answer,full-archetype,P-,M-,true,10,0.000933
uniform,targeted:institutionalist|constructivist,answer,full-archetype,P-,M/S-,true,1,0.000093
uniform,targeted:institutionalist|constructivist,answer,full-archetype,P-,P-,false,1120,0.104546
uniform,targeted:institutionalist|constructivist,answer,full-archetype,P-,P/M-,true,6,0.00056
uniform,targeted:institutionalist|constructivist,answer,full-archetype,P-,P/R-,true,32,0.002987
uniform,targeted:institutionalist|constructivist,answer,full-archetype,P-,P/S-,true,11,0.001027
uniform,targeted:institutionalist|constructivist,answer,full-archetype,P-,P+,true,54,0.005041
uniform,targeted:institutionalist|constructivist,answer,full-archetype,P-,R-,true,28,0.002614
uniform,targeted:institutionalist|constructivist,answer,full-archetype,P-,R/M-,true,2,0.000187
uniform,targeted:institutionalist|constructivist,answer,full-archetype,P-,R/S-,true,2,0.000187
uniform,targeted:institutionalist|constructivist,answer,full-archetype,P-,S-,true,3,0.00028
uniform,targeted:institutionalist|constructivist,answer,full-archetype,P/S+,M-,true,1,0.000093
uniform,targeted:institutionalist|constructivist,answer,full-archetype,P/S+,M/S+,true,1,0.000093
uniform,targeted:institutionalist|constructivist,answer,full-archetype,P/S+,M+,true,3,0.00028
uniform,targeted:institutionalist|constructivist,answer,full-archetype,P/S+,P/M+,true,2,0.000187
uniform,targeted:institutionalist|constructivist,answer,full-archetype,P/S+,P/R+,true,1,0.000093
uniform,targeted:institutionalist|constructivist,answer,full-archetype,P/S+,P/S+,false,63,0.005881
uniform,targeted:institutionalist|constructivist,answer,full-archetype,P/S+,P+,true,72,0.006721
uniform,targeted:institutionalist|constructivist,answer,full-archetype,P/S+,R/S+,true,1,0.000093
uniform,targeted:institutionalist|constructivist,answer,full-archetype,P/S+,S-,true,2,0.000187
uniform,targeted:institutionalist|constructivist,answer,full-archetype,P/S+,S+,true,50,0.004667
uniform,targeted:institutionalist|constructivist,answer,full-archetype,P+,M-,true,7,0.000653
uniform,targeted:institutionalist|constructivist,answer,full-archetype,P+,M/S-,true,1,0.000093
uniform,targeted:institutionalist|constructivist,answer,full-archetype,P+,M/S+,true,1,0.000093
uniform,targeted:institutionalist|constructivist,answer,full-archetype,P+,M+,true,7,0.000653
uniform,targeted:institutionalist|constructivist,answer,full-archetype,P+,P-,true,57,0.005321
uniform,targeted:institutionalist|constructivist,answer,full-archetype,P+,P/M+,true,13,0.001213
uniform,targeted:institutionalist|constructivist,answer,full-archetype,P+,P/R-,true,7,0.000653
uniform,targeted:institutionalist|constructivist,answer,full-archetype,P+,P/R+,true,48,0.004481
uniform,targeted:institutionalist|constructivist,answer,full-archetype,P+,P/S-,true,2,0.000187
uniform,targeted:institutionalist|constructivist,answer,full-archetype,P+,P/S+,true,34,0.003174
uniform,targeted:institutionalist|constructivist,answer,full-archetype,P+,P+,false,1216,0.113507
uniform,targeted:institutionalist|constructivist,answer,full-archetype,P+,R-,true,11,0.001027
uniform,targeted:institutionalist|constructivist,answer,full-archetype,P+,R/M-,true,1,0.000093
uniform,targeted:institutionalist|constructivist,answer,full-archetype,P+,R/M+,true,2,0.000187
uniform,targeted:institutionalist|constructivist,answer,full-archetype,P+,R+,true,33,0.00308
uniform,targeted:institutionalist|constructivist,answer,full-archetype,P+,S-,true,1,0.000093
uniform,targeted:institutionalist|constructivist,answer,full-archetype,P+,S+,true,24,0.00224
uniform,targeted:institutionalist|constructivist,answer,full-archetype,R-,M-,true,31,0.002894
uniform,targeted:institutionalist|constructivist,answer,full-archetype,R-,M/S-,true,2,0.000187
uniform,targeted:institutionalist|constructivist,answer,full-archetype,R-,M+,true,3,0.00028
uniform,targeted:institutionalist|constructivist,answer,full-archetype,R-,P-,true,39,0.00364
uniform,targeted:institutionalist|constructivist,answer,full-archetype,R-,P/M-,true,1,0.000093
uniform,targeted:institutionalist|constructivist,answer,full-archetype,R-,P/R-,true,32,0.002987
uniform,targeted:institutionalist|constructivist,answer,full-archetype,R-,P/R+,true,6,0.00056
uniform,targeted:institutionalist|constructivist,answer,full-archetype,R-,P/S-,true,1,0.000093
uniform,targeted:institutionalist|constructivist,answer,full-archetype,R-,P+,true,4,0.000373
uniform,targeted:institutionalist|constructivist,answer,full-archetype,R-,R-,false,1495,0.13955
uniform,targeted:institutionalist|constructivist,answer,full-archetype,R-,R/M-,true,46,0.004294
uniform,targeted:institutionalist|constructivist,answer,full-archetype,R-,R/M+,true,6,0.00056
uniform,targeted:institutionalist|constructivist,answer,full-archetype,R-,R/S-,true,25,0.002334
uniform,targeted:institutionalist|constructivist,answer,full-archetype,R-,R/S+,true,1,0.000093
uniform,targeted:institutionalist|constructivist,answer,full-archetype,R-,R+,true,27,0.00252
uniform,targeted:institutionalist|constructivist,answer,full-archetype,R-,S-,true,22,0.002054
uniform,targeted:institutionalist|constructivist,answer,full-archetype,R/M-,M-,true,50,0.004667
uniform,targeted:institutionalist|constructivist,answer,full-archetype,R/M-,M/S-,true,1,0.000093
uniform,targeted:institutionalist|constructivist,answer,full-archetype,R/M-,M+,true,2,0.000187
uniform,targeted:institutionalist|constructivist,answer,full-archetype,R/M-,P/R-,true,1,0.000093
uniform,targeted:institutionalist|constructivist,answer,full-archetype,R/M-,P+,true,1,0.000093
uniform,targeted:institutionalist|constructivist,answer,full-archetype,R/M-,R-,true,24,0.00224
uniform,targeted:institutionalist|constructivist,answer,full-archetype,R/M-,R/M-,false,52,0.004854
uniform,targeted:institutionalist|constructivist,answer,full-archetype,R/M+,M+,true,20,0.001867
uniform,targeted:institutionalist|constructivist,answer,full-archetype,R/M+,P/M+,true,5,0.000467
uniform,targeted:institutionalist|constructivist,answer,full-archetype,R/M+,P/R+,true,13,0.001213
uniform,targeted:institutionalist|constructivist,answer,full-archetype,R/M+,P/S+,true,1,0.000093
uniform,targeted:institutionalist|constructivist,answer,full-archetype,R/M+,P+,true,14,0.001307
uniform,targeted:institutionalist|constructivist,answer,full-archetype,R/M+,R-,true,7,0.000653
uniform,targeted:institutionalist|constructivist,answer,full-archetype,R/M+,R/M+,false,94,0.008774
uniform,targeted:institutionalist|constructivist,answer,full-archetype,R/M+,R+,true,52,0.004854
uniform,targeted:institutionalist|constructivist,answer,full-archetype,R/M+,S+,true,1,0.000093
uniform,targeted:institutionalist|constructivist,answer,full-archetype,R/S-,R-,true,42,0.00392
uniform,targeted:institutionalist|constructivist,answer,full-archetype,R/S-,R/S-,false,49,0.004574
uniform,targeted:institutionalist|constructivist,answer,full-archetype,R/S-,R/S+,true,2,0.000187
uniform,targeted:institutionalist|constructivist,answer,full-archetype,R/S-,R+,true,1,0.000093
uniform,targeted:institutionalist|constructivist,answer,full-archetype,R/S-,S-,true,36,0.00336
uniform,targeted:institutionalist|constructivist,answer,full-archetype,R/S-,S+,true,6,0.00056
uniform,targeted:institutionalist|constructivist,answer,full-archetype,R/S+,P/S+,true,1,0.000093
uniform,targeted:institutionalist|constructivist,answer,full-archetype,R/S+,R-,true,6,0.00056
uniform,targeted:institutionalist|constructivist,answer,full-archetype,R/S+,R/S+,false,22,0.002054
uniform,targeted:institutionalist|constructivist,answer,full-archetype,R/S+,R+,true,21,0.00196
uniform,targeted:institutionalist|constructivist,answer,full-archetype,R/S+,S-,true,3,0.00028
uniform,targeted:institutionalist|constructivist,answer,full-archetype,R/S+,S+,true,12,0.00112
uniform,targeted:institutionalist|constructivist,answer,full-archetype,R+,M+,true,7,0.000653
uniform,targeted:institutionalist|constructivist,answer,full-archetype,R+,P/R+,true,3,0.00028
uniform,targeted:institutionalist|constructivist,answer,full-archetype,R+,P/S+,true,2,0.000187
uniform,targeted:institutionalist|constructivist,answer,full-archetype,R+,P+,true,3,0.00028
uniform,targeted:institutionalist|constructivist,answer,full-archetype,R+,R-,true,49,0.004574
uniform,targeted:institutionalist|constructivist,answer,full-archetype,R+,R/M-,true,1,0.000093
uniform,targeted:institutionalist|constructivist,answer,full-archetype,R+,R/M+,true,23,0.002147
uniform,targeted:institutionalist|constructivist,answer,full-archetype,R+,R/S+,true,14,0.001307
uniform,targeted:institutionalist|constructivist,answer,full-archetype,R+,R+,false,554,0.051713
uniform,targeted:institutionalist|constructivist,answer,full-archetype,R+,S+,true,9,0.00084
uniform,targeted:institutionalist|constructivist,answer,full-archetype,S-,M-,true,24,0.00224
uniform,targeted:institutionalist|constructivist,answer,full-archetype,S-,M/S-,true,45,0.004201
uniform,targeted:institutionalist|constructivist,answer,full-archetype,S-,P-,true,21,0.00196
uniform,targeted:institutionalist|constructivist,answer,full-archetype,S-,P/R-,true,2,0.000187
uniform,targeted:institutionalist|constructivist,answer,full-archetype,S-,P/S-,true,31,0.002894
uniform,targeted:institutionalist|constructivist,answer,full-archetype,S-,R-,true,32,0.002987
uniform,targeted:institutionalist|constructivist,answer,full-archetype,S-,R/M-,true,6,0.00056
uniform,targeted:institutionalist|constructivist,answer,full-archetype,S-,R/S-,true,33,0.00308
uniform,targeted:institutionalist|constructivist,answer,full-archetype,S-,R+,true,1,0.000093
uniform,targeted:institutionalist|constructivist,answer,full-archetype,S-,S-,false,1104,0.103052
uniform,targeted:institutionalist|constructivist,answer,full-archetype,S-,S+,true,44,0.004107
uniform,targeted:institutionalist|constructivist,answer,full-archetype,S+,M-,true,2,0.000187
uniform,targeted:institutionalist|constructivist,answer,full-archetype,S+,M/S-,true,1,0.000093
uniform,targeted:institutionalist|constructivist,answer,full-archetype,S+,M/S+,true,26,0.002427
uniform,targeted:institutionalist|constructivist,answer,full-archetype,S+,M+,true,7,0.000653
uniform,targeted:institutionalist|constructivist,answer,full-archetype,S+,P/M-,true,1,0.000093
uniform,targeted:institutionalist|constructivist,answer,full-archetype,S+,P/M+,true,5,0.000467
uniform,targeted:institutionalist|constructivist,answer,full-archetype,S+,P/S-,true,1,0.000093
uniform,targeted:institutionalist|constructivist,answer,full-archetype,S+,P/S+,true,28,0.002614
uniform,targeted:institutionalist|constructivist,answer,full-archetype,S+,P+,true,10,0.000933
uniform,targeted:institutionalist|constructivist,answer,full-archetype,S+,R/M+,true,1,0.000093
uniform,targeted:institutionalist|constructivist,answer,full-archetype,S+,R/S-,true,1,0.000093
uniform,targeted:institutionalist|constructivist,answer,full-archetype,S+,R/S+,true,25,0.002334
uniform,targeted:institutionalist|constructivist,answer,full-archetype,S+,R+,true,13,0.001213
uniform,targeted:institutionalist|constructivist,answer,full-archetype,S+,S-,true,22,0.002054
uniform,targeted:institutionalist|constructivist,answer,full-archetype,S+,S+,false,590,0.055073
uniform,targeted:institutionalist|constructivist,answer,posture,-,-,false,6043,0.564081
uniform,targeted:institutionalist|constructivist,answer,posture,-,+,true,194,0.018109
uniform,targeted:institutionalist|constructivist,answer,posture,+,-,true,261,0.024363
uniform,targeted:institutionalist|constructivist,answer,posture,+,+,false,4215,0.393447
uniform,targeted:institutionalist|constructivist,answer,routing,blend,blend,false,309,0.028843
uniform,targeted:institutionalist|constructivist,answer,routing,blend,pure,true,426,0.039765
uniform,targeted:institutionalist|constructivist,answer,routing,pure,blend,true,729,0.068048
uniform,targeted:institutionalist|constructivist,answer,routing,pure,pure,false,9249,0.863344
uniform,targeted:institutionalist|constructivist,posture-dimension,family,constructivist,constructivist,false,86,0.26875
uniform,targeted:institutionalist|constructivist,posture-dimension,family,criticalPoliticalEconomy,criticalPoliticalEconomy,false,66,0.20625
uniform,targeted:institutionalist|constructivist,posture-dimension,family,institutionalist,institutionalist,false,82,0.25625
uniform,targeted:institutionalist|constructivist,posture-dimension,family,realist,realist,false,86,0.26875
uniform,targeted:institutionalist|constructivist,posture-dimension,full-archetype,M-,M-,false,47,0.146875
uniform,targeted:institutionalist|constructivist,posture-dimension,full-archetype,M-,M+,true,1,0.003125
uniform,targeted:institutionalist|constructivist,posture-dimension,full-archetype,M+,M+,false,34,0.10625
uniform,targeted:institutionalist|constructivist,posture-dimension,full-archetype,P-,P-,false,37,0.115625
uniform,targeted:institutionalist|constructivist,posture-dimension,full-archetype,P-,P+,true,1,0.003125
uniform,targeted:institutionalist|constructivist,posture-dimension,full-archetype,P/S+,P/S+,false,6,0.01875
uniform,targeted:institutionalist|constructivist,posture-dimension,full-archetype,P+,P+,false,44,0.1375
uniform,targeted:institutionalist|constructivist,posture-dimension,full-archetype,R-,R-,false,52,0.1625
uniform,targeted:institutionalist|constructivist,posture-dimension,full-archetype,R/M-,R/M-,false,4,0.0125
uniform,targeted:institutionalist|constructivist,posture-dimension,full-archetype,R/M+,R/M+,false,6,0.01875
uniform,targeted:institutionalist|constructivist,posture-dimension,full-archetype,R/S-,R/S-,false,4,0.0125
uniform,targeted:institutionalist|constructivist,posture-dimension,full-archetype,R/S+,R/S+,false,2,0.00625
uniform,targeted:institutionalist|constructivist,posture-dimension,full-archetype,R+,R+,false,20,0.0625
uniform,targeted:institutionalist|constructivist,posture-dimension,full-archetype,S-,S-,false,40,0.125
uniform,targeted:institutionalist|constructivist,posture-dimension,full-archetype,S+,S+,false,22,0.06875
uniform,targeted:institutionalist|constructivist,posture-dimension,posture,-,-,false,184,0.575
uniform,targeted:institutionalist|constructivist,posture-dimension,posture,-,+,true,2,0.00625
uniform,targeted:institutionalist|constructivist,posture-dimension,posture,+,+,false,134,0.41875
uniform,targeted:institutionalist|constructivist,posture-dimension,routing,blend,blend,false,22,0.06875
uniform,targeted:institutionalist|constructivist,posture-dimension,routing,pure,pure,false,298,0.93125
uniform,targeted:institutionalist|criticalPoliticalEconomy,answer,family,constructivist,constructivist,false,3301,0.307642
uniform,targeted:institutionalist|criticalPoliticalEconomy,answer,family,constructivist,criticalPoliticalEconomy,true,151,0.014073
uniform,targeted:institutionalist|criticalPoliticalEconomy,answer,family,constructivist,institutionalist,true,179,0.016682
uniform,targeted:institutionalist|criticalPoliticalEconomy,answer,family,constructivist,realist,true,122,0.01137
uniform,targeted:institutionalist|criticalPoliticalEconomy,answer,family,criticalPoliticalEconomy,constructivist,true,36,0.003355
uniform,targeted:institutionalist|criticalPoliticalEconomy,answer,family,criticalPoliticalEconomy,criticalPoliticalEconomy,false,1457,0.135788
uniform,targeted:institutionalist|criticalPoliticalEconomy,answer,family,criticalPoliticalEconomy,institutionalist,true,30,0.002796
uniform,targeted:institutionalist|criticalPoliticalEconomy,answer,family,criticalPoliticalEconomy,realist,true,100,0.00932
uniform,targeted:institutionalist|criticalPoliticalEconomy,answer,family,institutionalist,constructivist,true,105,0.009786
uniform,targeted:institutionalist|criticalPoliticalEconomy,answer,family,institutionalist,criticalPoliticalEconomy,true,83,0.007735
uniform,targeted:institutionalist|criticalPoliticalEconomy,answer,family,institutionalist,institutionalist,false,1646,0.153402
uniform,targeted:institutionalist|criticalPoliticalEconomy,answer,family,institutionalist,realist,true,47,0.00438
uniform,targeted:institutionalist|criticalPoliticalEconomy,answer,family,realist,constructivist,true,56,0.005219
uniform,targeted:institutionalist|criticalPoliticalEconomy,answer,family,realist,criticalPoliticalEconomy,true,65,0.006058
uniform,targeted:institutionalist|criticalPoliticalEconomy,answer,family,realist,institutionalist,true,111,0.010345
uniform,targeted:institutionalist|criticalPoliticalEconomy,answer,family,realist,realist,false,3241,0.30205
uniform,targeted:institutionalist|criticalPoliticalEconomy,answer,full-archetype,M-,M-,false,1437,0.133924
uniform,targeted:institutionalist|criticalPoliticalEconomy,answer,full-archetype,M-,M/S-,true,17,0.001584
uniform,targeted:institutionalist|criticalPoliticalEconomy,answer,full-archetype,M-,M/S+,true,1,0.000093
uniform,targeted:institutionalist|criticalPoliticalEconomy,answer,full-archetype,M-,M+,true,38,0.003541
uniform,targeted:institutionalist|criticalPoliticalEconomy,answer,full-archetype,M-,P-,true,18,0.001678
uniform,targeted:institutionalist|criticalPoliticalEconomy,answer,full-archetype,M-,P/M-,true,15,0.001398
uniform,targeted:institutionalist|criticalPoliticalEconomy,answer,full-archetype,M-,P/M+,true,1,0.000093
uniform,targeted:institutionalist|criticalPoliticalEconomy,answer,full-archetype,M-,P/S-,true,1,0.000093
uniform,targeted:institutionalist|criticalPoliticalEconomy,answer,full-archetype,M-,P+,true,1,0.000093
uniform,targeted:institutionalist|criticalPoliticalEconomy,answer,full-archetype,M-,R-,true,12,0.001118
uniform,targeted:institutionalist|criticalPoliticalEconomy,answer,full-archetype,M-,R/M-,true,66,0.006151
uniform,targeted:institutionalist|criticalPoliticalEconomy,answer,full-archetype,M-,R/S-,true,2,0.000186
uniform,targeted:institutionalist|criticalPoliticalEconomy,answer,full-archetype,M-,S-,true,3,0.00028
uniform,targeted:institutionalist|criticalPoliticalEconomy,answer,full-archetype,M/S-,M-,true,66,0.006151
uniform,targeted:institutionalist|criticalPoliticalEconomy,answer,full-archetype,M/S-,M/S-,false,93,0.008667
uniform,targeted:institutionalist|criticalPoliticalEconomy,answer,full-archetype,M/S-,M+,true,2,0.000186
uniform,targeted:institutionalist|criticalPoliticalEconomy,answer,full-archetype,M/S-,P-,true,2,0.000186
uniform,targeted:institutionalist|criticalPoliticalEconomy,answer,full-archetype,M/S-,P/M-,true,2,0.000186
uniform,targeted:institutionalist|criticalPoliticalEconomy,answer,full-archetype,M/S-,P/S-,true,2,0.000186
uniform,targeted:institutionalist|criticalPoliticalEconomy,answer,full-archetype,M/S-,R/M-,true,3,0.00028
uniform,targeted:institutionalist|criticalPoliticalEconomy,answer,full-archetype,M/S-,R/S-,true,1,0.000093
uniform,targeted:institutionalist|criticalPoliticalEconomy,answer,full-archetype,M/S-,S-,true,29,0.002703
uniform,targeted:institutionalist|criticalPoliticalEconomy,answer,full-archetype,M/S-,S+,true,1,0.000093
uniform,targeted:institutionalist|criticalPoliticalEconomy,answer,full-archetype,M/S+,M-,true,2,0.000186
uniform,targeted:institutionalist|criticalPoliticalEconomy,answer,full-archetype,M/S+,M/S-,true,6,0.000559
uniform,targeted:institutionalist|criticalPoliticalEconomy,answer,full-archetype,M/S+,M/S+,false,20,0.001864
uniform,targeted:institutionalist|criticalPoliticalEconomy,answer,full-archetype,M/S+,M+,true,26,0.002423
uniform,targeted:institutionalist|criticalPoliticalEconomy,answer,full-archetype,M/S+,S+,true,14,0.001305
uniform,targeted:institutionalist|criticalPoliticalEconomy,answer,full-archetype,M+,M-,true,72,0.00671
uniform,targeted:institutionalist|criticalPoliticalEconomy,answer,full-archetype,M+,M/S+,true,31,0.002889
uniform,targeted:institutionalist|criticalPoliticalEconomy,answer,full-archetype,M+,M+,false,1196,0.111463
uniform,targeted:institutionalist|criticalPoliticalEconomy,answer,full-archetype,M+,P/M+,true,42,0.003914
uniform,targeted:institutionalist|criticalPoliticalEconomy,answer,full-archetype,M+,P/R+,true,8,0.000746
uniform,targeted:institutionalist|criticalPoliticalEconomy,answer,full-archetype,M+,P/S+,true,8,0.000746
uniform,targeted:institutionalist|criticalPoliticalEconomy,answer,full-archetype,M+,P+,true,29,0.002703
uniform,targeted:institutionalist|criticalPoliticalEconomy,answer,full-archetype,M+,R/M-,true,7,0.000652
uniform,targeted:institutionalist|criticalPoliticalEconomy,answer,full-archetype,M+,R/M+,true,53,0.004939
uniform,targeted:institutionalist|criticalPoliticalEconomy,answer,full-archetype,M+,R/S+,true,1,0.000093
uniform,targeted:institutionalist|criticalPoliticalEconomy,answer,full-archetype,M+,R+,true,11,0.001025
uniform,targeted:institutionalist|criticalPoliticalEconomy,answer,full-archetype,M+,S+,true,7,0.000652
uniform,targeted:institutionalist|criticalPoliticalEconomy,answer,full-archetype,P-,M-,true,24,0.002237
uniform,targeted:institutionalist|criticalPoliticalEconomy,answer,full-archetype,P-,M/S-,true,1,0.000093
uniform,targeted:institutionalist|criticalPoliticalEconomy,answer,full-archetype,P-,P-,false,1559,0.145294
uniform,targeted:institutionalist|criticalPoliticalEconomy,answer,full-archetype,P-,P/M-,true,46,0.004287
uniform,targeted:institutionalist|criticalPoliticalEconomy,answer,full-archetype,P-,P/M+,true,1,0.000093
uniform,targeted:institutionalist|criticalPoliticalEconomy,answer,full-archetype,P-,P/R-,true,70,0.006524
uniform,targeted:institutionalist|criticalPoliticalEconomy,answer,full-archetype,P-,P/S-,true,53,0.004939
uniform,targeted:institutionalist|criticalPoliticalEconomy,answer,full-archetype,P-,P+,true,55,0.005126
uniform,targeted:institutionalist|criticalPoliticalEconomy,answer,full-archetype,P-,R-,true,34,0.003169
uniform,targeted:institutionalist|criticalPoliticalEconomy,answer,full-archetype,P-,R/M-,true,4,0.000373
uniform,targeted:institutionalist|criticalPoliticalEconomy,answer,full-archetype,P-,R/S-,true,11,0.001025
uniform,targeted:institutionalist|criticalPoliticalEconomy,answer,full-archetype,P-,S-,true,15,0.001398
uniform,targeted:institutionalist|criticalPoliticalEconomy,answer,full-archetype,P/M+,M/S+,true,5,0.000466
uniform,targeted:institutionalist|criticalPoliticalEconomy,answer,full-archetype,P/M+,M+,true,15,0.001398
uniform,targeted:institutionalist|criticalPoliticalEconomy,answer,full-archetype,P/M+,P/M+,false,27,0.002516
uniform,targeted:institutionalist|criticalPoliticalEconomy,answer,full-archetype,P/M+,P/S+,true,7,0.000652
uniform,targeted:institutionalist|criticalPoliticalEconomy,answer,full-archetype,P/M+,P+,true,11,0.001025
uniform,targeted:institutionalist|criticalPoliticalEconomy,answer,full-archetype,P/M+,S+,true,3,0.00028
uniform,targeted:institutionalist|criticalPoliticalEconomy,answer,full-archetype,P/R-,M-,true,3,0.00028
uniform,targeted:institutionalist|criticalPoliticalEconomy,answer,full-archetype,P/R-,P-,true,8,0.000746
uniform,targeted:institutionalist|criticalPoliticalEconomy,answer,full-archetype,P/R-,P/M-,true,1,0.000093
uniform,targeted:institutionalist|criticalPoliticalEconomy,answer,full-archetype,P/R-,P/R-,false,23,0.002144
uniform,targeted:institutionalist|criticalPoliticalEconomy,answer,full-archetype,P/R-,P/S-,true,3,0.00028
uniform,targeted:institutionalist|criticalPoliticalEconomy,answer,full-archetype,P/R-,P+,true,2,0.000186
uniform,targeted:institutionalist|criticalPoliticalEconomy,answer,full-archetype,P/R-,R-,true,22,0.00205
uniform,targeted:institutionalist|criticalPoliticalEconomy,answer,full-archetype,P/R-,R/M-,true,2,0.000186
uniform,targeted:institutionalist|criticalPoliticalEconomy,answer,full-archetype,P/R-,R/S-,true,2,0.000186
uniform,targeted:institutionalist|criticalPoliticalEconomy,answer,full-archetype,P/R-,S-,true,1,0.000093
uniform,targeted:institutionalist|criticalPoliticalEconomy,answer,full-archetype,P/R+,P/R+,false,26,0.002423
uniform,targeted:institutionalist|criticalPoliticalEconomy,answer,full-archetype,P/R+,P+,true,21,0.001957
uniform,targeted:institutionalist|criticalPoliticalEconomy,answer,full-archetype,P/R+,R-,true,2,0.000186
uniform,targeted:institutionalist|criticalPoliticalEconomy,answer,full-archetype,P/R+,R/M+,true,1,0.000093
uniform,targeted:institutionalist|criticalPoliticalEconomy,answer,full-archetype,P/R+,R+,true,14,0.001305
uniform,targeted:institutionalist|criticalPoliticalEconomy,answer,full-archetype,P/S-,M-,true,1,0.000093
uniform,targeted:institutionalist|criticalPoliticalEconomy,answer,full-archetype,P/S-,M/S-,true,1,0.000093
uniform,targeted:institutionalist|criticalPoliticalEconomy,answer,full-archetype,P/S-,P-,true,27,0.002516
uniform,targeted:institutionalist|criticalPoliticalEconomy,answer,full-archetype,P/S-,P/R-,true,1,0.000093
uniform,targeted:institutionalist|criticalPoliticalEconomy,answer,full-archetype,P/S-,P/S-,false,34,0.003169
uniform,targeted:institutionalist|criticalPoliticalEconomy,answer,full-archetype,P/S-,R-,true,2,0.000186
uniform,targeted:institutionalist|criticalPoliticalEconomy,answer,full-archetype,P/S-,S-,true,3,0.00028
uniform,targeted:institutionalist|criticalPoliticalEconomy,answer,full-archetype,P/S+,M/S+,true,2,0.000186
uniform,targeted:institutionalist|criticalPoliticalEconomy,answer,full-archetype,P/S+,M+,true,2,0.000186
uniform,targeted:institutionalist|criticalPoliticalEconomy,answer,full-archetype,P/S+,P/M+,true,1,0.000093
uniform,targeted:institutionalist|criticalPoliticalEconomy,answer,full-archetype,P/S+,P/S-,true,3,0.00028
uniform,targeted:institutionalist|criticalPoliticalEconomy,answer,full-archetype,P/S+,P/S+,false,30,0.002796
uniform,targeted:institutionalist|criticalPoliticalEconomy,answer,full-archetype,P/S+,P+,true,11,0.001025
uniform,targeted:institutionalist|criticalPoliticalEconomy,answer,full-archetype,P/S+,S-,true,7,0.000652
uniform,targeted:institutionalist|criticalPoliticalEconomy,answer,full-archetype,P/S+,S+,true,13,0.001212
uniform,targeted:institutionalist|criticalPoliticalEconomy,answer,full-archetype,P+,M+,true,6,0.000559
uniform,targeted:institutionalist|criticalPoliticalEconomy,answer,full-archetype,P+,P-,true,41,0.003821
uniform,targeted:institutionalist|criticalPoliticalEconomy,answer,full-archetype,P+,P/M+,true,4,0.000373
uniform,targeted:institutionalist|criticalPoliticalEconomy,answer,full-archetype,P+,P/R-,true,1,0.000093
uniform,targeted:institutionalist|criticalPoliticalEconomy,answer,full-archetype,P+,P/R+,true,11,0.001025
uniform,targeted:institutionalist|criticalPoliticalEconomy,answer,full-archetype,P+,P/S-,true,3,0.00028
uniform,targeted:institutionalist|criticalPoliticalEconomy,answer,full-archetype,P+,P/S+,true,26,0.002423
uniform,targeted:institutionalist|criticalPoliticalEconomy,answer,full-archetype,P+,P+,false,1355,0.126281
uniform,targeted:institutionalist|criticalPoliticalEconomy,answer,full-archetype,P+,R-,true,1,0.000093
uniform,targeted:institutionalist|criticalPoliticalEconomy,answer,full-archetype,P+,R/M+,true,2,0.000186
uniform,targeted:institutionalist|criticalPoliticalEconomy,answer,full-archetype,P+,R+,true,14,0.001305
uniform,targeted:institutionalist|criticalPoliticalEconomy,answer,full-archetype,P+,S+,true,3,0.00028
uniform,targeted:institutionalist|criticalPoliticalEconomy,answer,full-archetype,R-,M-,true,17,0.001584
uniform,targeted:institutionalist|criticalPoliticalEconomy,answer,full-archetype,R-,P-,true,4,0.000373
uniform,targeted:institutionalist|criticalPoliticalEconomy,answer,full-archetype,R-,P/R-,true,7,0.000652
uniform,targeted:institutionalist|criticalPoliticalEconomy,answer,full-archetype,R-,P/S-,true,2,0.000186
uniform,targeted:institutionalist|criticalPoliticalEconomy,answer,full-archetype,R-,R-,false,947,0.088257
uniform,targeted:institutionalist|criticalPoliticalEconomy,answer,full-archetype,R-,R/M-,true,36,0.003355
uniform,targeted:institutionalist|criticalPoliticalEconomy,answer,full-archetype,R-,R/M+,true,5,0.000466
uniform,targeted:institutionalist|criticalPoliticalEconomy,answer,full-archetype,R-,R/S-,true,54,0.005033
uniform,targeted:institutionalist|criticalPoliticalEconomy,answer,full-archetype,R-,R/S+,true,1,0.000093
uniform,targeted:institutionalist|criticalPoliticalEconomy,answer,full-archetype,R-,R+,true,36,0.003355
uniform,targeted:institutionalist|criticalPoliticalEconomy,answer,full-archetype,R-,S-,true,31,0.002889
uniform,targeted:institutionalist|criticalPoliticalEconomy,answer,full-archetype,R/M-,M-,true,41,0.003821
uniform,targeted:institutionalist|criticalPoliticalEconomy,answer,full-archetype,R/M-,M/S-,true,3,0.00028
uniform,targeted:institutionalist|criticalPoliticalEconomy,answer,full-archetype,R/M-,R-,true,29,0.002703
uniform,targeted:institutionalist|criticalPoliticalEconomy,answer,full-archetype,R/M-,R/M-,false,127,0.011836
uniform,targeted:institutionalist|criticalPoliticalEconomy,answer,full-archetype,R/M-,R/M+,true,2,0.000186
uniform,targeted:institutionalist|criticalPoliticalEconomy,answer,full-archetype,R/M-,S-,true,2,0.000186
uniform,targeted:institutionalist|criticalPoliticalEconomy,answer,full-archetype,R/M+,M/S-,true,1,0.000093
uniform,targeted:institutionalist|criticalPoliticalEconomy,answer,full-archetype,R/M+,M/S+,true,12,0.001118
uniform,targeted:institutionalist|criticalPoliticalEconomy,answer,full-archetype,R/M+,M+,true,63,0.005871
uniform,targeted:institutionalist|criticalPoliticalEconomy,answer,full-archetype,R/M+,P/M+,true,6,0.000559
uniform,targeted:institutionalist|criticalPoliticalEconomy,answer,full-archetype,R/M+,P/R+,true,3,0.00028
uniform,targeted:institutionalist|criticalPoliticalEconomy,answer,full-archetype,R/M+,P/S+,true,2,0.000186
uniform,targeted:institutionalist|criticalPoliticalEconomy,answer,full-archetype,R/M+,P+,true,7,0.000652
uniform,targeted:institutionalist|criticalPoliticalEconomy,answer,full-archetype,R/M+,R-,true,3,0.00028
uniform,targeted:institutionalist|criticalPoliticalEconomy,answer,full-archetype,R/M+,R/M-,true,11,0.001025
uniform,targeted:institutionalist|criticalPoliticalEconomy,answer,full-archetype,R/M+,R/M+,false,169,0.01575
uniform,targeted:institutionalist|criticalPoliticalEconomy,answer,full-archetype,R/M+,R/S+,true,11,0.001025
uniform,targeted:institutionalist|criticalPoliticalEconomy,answer,full-archetype,R/M+,R+,true,45,0.004194
uniform,targeted:institutionalist|criticalPoliticalEconomy,answer,full-archetype,R/M+,S+,true,6,0.000559
uniform,targeted:institutionalist|criticalPoliticalEconomy,answer,full-archetype,R/S-,M/S-,true,1,0.000093
uniform,targeted:institutionalist|criticalPoliticalEconomy,answer,full-archetype,R/S-,P/S-,true,1,0.000093
uniform,targeted:institutionalist|criticalPoliticalEconomy,answer,full-archetype,R/S-,R-,true,58,0.005405
uniform,targeted:institutionalist|criticalPoliticalEconomy,answer,full-archetype,R/S-,R/S-,false,60,0.005592
uniform,targeted:institutionalist|criticalPoliticalEconomy,answer,full-archetype,R/S-,S-,true,14,0.001305
uniform,targeted:institutionalist|criticalPoliticalEconomy,answer,full-archetype,R+,M+,true,5,0.000466
uniform,targeted:institutionalist|criticalPoliticalEconomy,answer,full-archetype,R+,P/M+,true,1,0.000093
uniform,targeted:institutionalist|criticalPoliticalEconomy,answer,full-archetype,R+,P/R+,true,16,0.001491
uniform,targeted:institutionalist|criticalPoliticalEconomy,answer,full-archetype,R+,P/S+,true,1,0.000093
uniform,targeted:institutionalist|criticalPoliticalEconomy,answer,full-archetype,R+,P+,true,9,0.000839
uniform,targeted:institutionalist|criticalPoliticalEconomy,answer,full-archetype,R+,R-,true,21,0.001957
uniform,targeted:institutionalist|criticalPoliticalEconomy,answer,full-archetype,R+,R/M+,true,10,0.000932
uniform,targeted:institutionalist|criticalPoliticalEconomy,answer,full-archetype,R+,R/S+,true,13,0.001212
uniform,targeted:institutionalist|criticalPoliticalEconomy,answer,full-archetype,R+,R+,false,259,0.024138
uniform,targeted:institutionalist|criticalPoliticalEconomy,answer,full-archetype,R+,S+,true,1,0.000093
uniform,targeted:institutionalist|criticalPoliticalEconomy,answer,full-archetype,S-,M-,true,7,0.000652
uniform,targeted:institutionalist|criticalPoliticalEconomy,answer,full-archetype,S-,M/S-,true,8,0.000746
uniform,targeted:institutionalist|criticalPoliticalEconomy,answer,full-archetype,S-,P-,true,16,0.001491
uniform,targeted:institutionalist|criticalPoliticalEconomy,answer,full-archetype,S-,P/R-,true,2,0.000186
uniform,targeted:institutionalist|criticalPoliticalEconomy,answer,full-archetype,S-,P/S-,true,20,0.001864
uniform,targeted:institutionalist|criticalPoliticalEconomy,answer,full-archetype,S-,P/S+,true,3,0.00028
uniform,targeted:institutionalist|criticalPoliticalEconomy,answer,full-archetype,S-,P+,true,1,0.000093
uniform,targeted:institutionalist|criticalPoliticalEconomy,answer,full-archetype,S-,R-,true,2,0.000186
uniform,targeted:institutionalist|criticalPoliticalEconomy,answer,full-archetype,S-,R/S-,true,17,0.001584
uniform,targeted:institutionalist|criticalPoliticalEconomy,answer,full-archetype,S-,S-,false,910,0.084809
uniform,targeted:institutionalist|criticalPoliticalEconomy,answer,full-archetype,S-,S+,true,26,0.002423
uniform,targeted:institutionalist|criticalPoliticalEconomy,answer,full-archetype,S+,M/S+,true,40,0.003728
uniform,targeted:institutionalist|criticalPoliticalEconomy,answer,full-archetype,S+,M+,true,10,0.000932
uniform,targeted:institutionalist|criticalPoliticalEconomy,answer,full-archetype,S+,P/M+,true,4,0.000373
uniform,targeted:institutionalist|criticalPoliticalEconomy,answer,full-archetype,S+,P/R+,true,1,0.000093
uniform,targeted:institutionalist|criticalPoliticalEconomy,answer,full-archetype,S+,P/S+,true,71,0.006617
uniform,targeted:institutionalist|criticalPoliticalEconomy,answer,full-archetype,S+,P+,true,21,0.001957
uniform,targeted:institutionalist|criticalPoliticalEconomy,answer,full-archetype,S+,R-,true,3,0.00028
uniform,targeted:institutionalist|criticalPoliticalEconomy,answer,full-archetype,S+,R/M+,true,2,0.000186
uniform,targeted:institutionalist|criticalPoliticalEconomy,answer,full-archetype,S+,R/S-,true,6,0.000559
uniform,targeted:institutionalist|criticalPoliticalEconomy,answer,full-archetype,S+,R/S+,true,21,0.001957
uniform,targeted:institutionalist|criticalPoliticalEconomy,answer,full-archetype,S+,R+,true,10,0.000932
uniform,targeted:institutionalist|criticalPoliticalEconomy,answer,full-archetype,S+,S-,true,24,0.002237
uniform,targeted:institutionalist|criticalPoliticalEconomy,answer,full-archetype,S+,S+,false,329,0.030662
uniform,targeted:institutionalist|criticalPoliticalEconomy,answer,posture,-,-,false,6136,0.571855
uniform,targeted:institutionalist|criticalPoliticalEconomy,answer,posture,-,+,true,176,0.016403
uniform,targeted:institutionalist|criticalPoliticalEconomy,answer,posture,+,-,true,214,0.019944
uniform,targeted:institutionalist|criticalPoliticalEconomy,answer,posture,+,+,false,4204,0.391799
uniform,targeted:institutionalist|criticalPoliticalEconomy,answer,routing,blend,blend,false,705,0.065704
uniform,targeted:institutionalist|criticalPoliticalEconomy,answer,routing,blend,pure,true,578,0.053868
uniform,targeted:institutionalist|criticalPoliticalEconomy,answer,routing,pure,blend,true,827,0.077074
uniform,targeted:institutionalist|criticalPoliticalEconomy,answer,routing,pure,pure,false,8620,0.803355
uniform,targeted:institutionalist|criticalPoliticalEconomy,posture-dimension,family,constructivist,constructivist,false,112,0.35
uniform,targeted:institutionalist|criticalPoliticalEconomy,posture-dimension,family,criticalPoliticalEconomy,criticalPoliticalEconomy,false,48,0.15
uniform,targeted:institutionalist|criticalPoliticalEconomy,posture-dimension,family,institutionalist,institutionalist,false,56,0.175
uniform,targeted:institutionalist|criticalPoliticalEconomy,posture-dimension,family,realist,institutionalist,true,1,0.003125
uniform,targeted:institutionalist|criticalPoliticalEconomy,posture-dimension,family,realist,realist,false,103,0.321875
uniform,targeted:institutionalist|criticalPoliticalEconomy,posture-dimension,full-archetype,M-,M-,false,47,0.146875
uniform,targeted:institutionalist|criticalPoliticalEconomy,posture-dimension,full-archetype,M-,M+,true,1,0.003125
uniform,targeted:institutionalist|criticalPoliticalEconomy,posture-dimension,full-archetype,M/S-,M/S-,false,6,0.01875
uniform,targeted:institutionalist|criticalPoliticalEconomy,posture-dimension,full-archetype,M/S+,M/S+,false,2,0.00625
uniform,targeted:institutionalist|criticalPoliticalEconomy,posture-dimension,full-archetype,M+,M-,true,1,0.003125
uniform,targeted:institutionalist|criticalPoliticalEconomy,posture-dimension,full-archetype,M+,M+,false,43,0.134375
uniform,targeted:institutionalist|criticalPoliticalEconomy,posture-dimension,full-archetype,P-,P-,false,56,0.175
uniform,targeted:institutionalist|criticalPoliticalEconomy,posture-dimension,full-archetype,P/M+,P/M+,false,2,0.00625
uniform,targeted:institutionalist|criticalPoliticalEconomy,posture-dimension,full-archetype,P/R-,P/R-,false,2,0.00625
uniform,targeted:institutionalist|criticalPoliticalEconomy,posture-dimension,full-archetype,P/R+,P/R+,false,2,0.00625
uniform,targeted:institutionalist|criticalPoliticalEconomy,posture-dimension,full-archetype,P/S-,P/S-,false,2,0.00625
uniform,targeted:institutionalist|criticalPoliticalEconomy,posture-dimension,full-archetype,P/S+,P/S+,false,2,0.00625
uniform,targeted:institutionalist|criticalPoliticalEconomy,posture-dimension,full-archetype,P+,P+,false,44,0.1375
uniform,targeted:institutionalist|criticalPoliticalEconomy,posture-dimension,full-archetype,R-,R-,false,33,0.103125
uniform,targeted:institutionalist|criticalPoliticalEconomy,posture-dimension,full-archetype,R-,R/M+,true,1,0.003125
uniform,targeted:institutionalist|criticalPoliticalEconomy,posture-dimension,full-archetype,R/M-,R/M-,false,6,0.01875
uniform,targeted:institutionalist|criticalPoliticalEconomy,posture-dimension,full-archetype,R/M+,R/M+,false,10,0.03125
uniform,targeted:institutionalist|criticalPoliticalEconomy,posture-dimension,full-archetype,R/S-,R-,true,1,0.003125
uniform,targeted:institutionalist|criticalPoliticalEconomy,posture-dimension,full-archetype,R/S-,R/S-,false,3,0.009375
uniform,targeted:institutionalist|criticalPoliticalEconomy,posture-dimension,full-archetype,R+,R+,false,10,0.03125
uniform,targeted:institutionalist|criticalPoliticalEconomy,posture-dimension,full-archetype,S-,S-,false,30,0.09375
uniform,targeted:institutionalist|criticalPoliticalEconomy,posture-dimension,full-archetype,S+,P/S+,true,1,0.003125
uniform,targeted:institutionalist|criticalPoliticalEconomy,posture-dimension,full-archetype,S+,S+,false,15,0.046875
uniform,targeted:institutionalist|criticalPoliticalEconomy,posture-dimension,posture,-,-,false,186,0.58125
uniform,targeted:institutionalist|criticalPoliticalEconomy,posture-dimension,posture,-,+,true,2,0.00625
uniform,targeted:institutionalist|criticalPoliticalEconomy,posture-dimension,posture,+,-,true,1,0.003125
uniform,targeted:institutionalist|criticalPoliticalEconomy,posture-dimension,posture,+,+,false,131,0.409375
uniform,targeted:institutionalist|criticalPoliticalEconomy,posture-dimension,routing,blend,blend,false,37,0.115625
uniform,targeted:institutionalist|criticalPoliticalEconomy,posture-dimension,routing,blend,pure,true,1,0.003125
uniform,targeted:institutionalist|criticalPoliticalEconomy,posture-dimension,routing,pure,blend,true,2,0.00625
uniform,targeted:institutionalist|criticalPoliticalEconomy,posture-dimension,routing,pure,pure,false,280,0.875
uniform,targeted:realist|constructivist,answer,family,constructivist,constructivist,false,2215,0.206681
uniform,targeted:realist|constructivist,answer,family,constructivist,criticalPoliticalEconomy,true,82,0.007651
uniform,targeted:realist|constructivist,answer,family,constructivist,institutionalist,true,188,0.017542
uniform,targeted:realist|constructivist,answer,family,constructivist,realist,true,123,0.011477
uniform,targeted:realist|constructivist,answer,family,criticalPoliticalEconomy,constructivist,true,79,0.007371
uniform,targeted:realist|constructivist,answer,family,criticalPoliticalEconomy,criticalPoliticalEconomy,false,1896,0.176915
uniform,targeted:realist|constructivist,answer,family,criticalPoliticalEconomy,institutionalist,true,46,0.004292
uniform,targeted:realist|constructivist,answer,family,criticalPoliticalEconomy,realist,true,133,0.01241
uniform,targeted:realist|constructivist,answer,family,institutionalist,constructivist,true,85,0.007931
uniform,targeted:realist|constructivist,answer,family,institutionalist,criticalPoliticalEconomy,true,71,0.006625
uniform,targeted:realist|constructivist,answer,family,institutionalist,institutionalist,false,2015,0.188019
uniform,targeted:realist|constructivist,answer,family,institutionalist,realist,true,120,0.011197
uniform,targeted:realist|constructivist,answer,family,realist,constructivist,true,127,0.01185
uniform,targeted:realist|constructivist,answer,family,realist,criticalPoliticalEconomy,true,49,0.004572
uniform,targeted:realist|constructivist,answer,family,realist,institutionalist,true,116,0.010824
uniform,targeted:realist|constructivist,answer,family,realist,realist,false,3372,0.31464
uniform,targeted:realist|constructivist,answer,full-archetype,M-,M-,false,881,0.082206
uniform,targeted:realist|constructivist,answer,full-archetype,M-,M/S-,true,82,0.007651
uniform,targeted:realist|constructivist,answer,full-archetype,M-,M+,true,6,0.00056
uniform,targeted:realist|constructivist,answer,full-archetype,M-,P-,true,17,0.001586
uniform,targeted:realist|constructivist,answer,full-archetype,M-,P/M-,true,27,0.002519
uniform,targeted:realist|constructivist,answer,full-archetype,M-,P/M+,true,1,0.000093
uniform,targeted:realist|constructivist,answer,full-archetype,M-,P/R-,true,5,0.000467
uniform,targeted:realist|constructivist,answer,full-archetype,M-,P/S-,true,7,0.000653
uniform,targeted:realist|constructivist,answer,full-archetype,M-,R-,true,11,0.001026
uniform,targeted:realist|constructivist,answer,full-archetype,M-,R/M-,true,78,0.007278
uniform,targeted:realist|constructivist,answer,full-archetype,M-,R/S-,true,4,0.000373
uniform,targeted:realist|constructivist,answer,full-archetype,M-,S-,true,14,0.001306
uniform,targeted:realist|constructivist,answer,full-archetype,M/S-,M-,true,46,0.004292
uniform,targeted:realist|constructivist,answer,full-archetype,M/S-,M/S-,false,108,0.010077
uniform,targeted:realist|constructivist,answer,full-archetype,M/S-,M+,true,1,0.000093
uniform,targeted:realist|constructivist,answer,full-archetype,M/S-,P/M-,true,2,0.000187
uniform,targeted:realist|constructivist,answer,full-archetype,M/S-,P/S-,true,5,0.000467
uniform,targeted:realist|constructivist,answer,full-archetype,M/S-,P+,true,1,0.000093
uniform,targeted:realist|constructivist,answer,full-archetype,M/S-,R/M-,true,15,0.0014
uniform,targeted:realist|constructivist,answer,full-archetype,M/S-,R/S-,true,4,0.000373
uniform,targeted:realist|constructivist,answer,full-archetype,M/S-,S-,true,23,0.002146
uniform,targeted:realist|constructivist,answer,full-archetype,M+,M-,true,27,0.002519
uniform,targeted:realist|constructivist,answer,full-archetype,M+,M/S-,true,4,0.000373
uniform,targeted:realist|constructivist,answer,full-archetype,M+,M/S+,true,23,0.002146
uniform,targeted:realist|constructivist,answer,full-archetype,M+,M+,false,533,0.049734
uniform,targeted:realist|constructivist,answer,full-archetype,M+,P/M+,true,46,0.004292
uniform,targeted:realist|constructivist,answer,full-archetype,M+,P/R+,true,1,0.000093
uniform,targeted:realist|constructivist,answer,full-archetype,M+,P/S+,true,4,0.000373
uniform,targeted:realist|constructivist,answer,full-archetype,M+,P+,true,23,0.002146
uniform,targeted:realist|constructivist,answer,full-archetype,M+,R/M+,true,3,0.00028
uniform,targeted:realist|constructivist,answer,full-archetype,M+,S+,true,3,0.00028
uniform,targeted:realist|constructivist,answer,full-archetype,P-,M-,true,17,0.001586
uniform,targeted:realist|constructivist,answer,full-archetype,P-,M/S-,true,2,0.000187
uniform,targeted:realist|constructivist,answer,full-archetype,P-,P-,false,1856,0.173183
uniform,targeted:realist|constructivist,answer,full-archetype,P-,P/M-,true,14,0.001306
uniform,targeted:realist|constructivist,answer,full-archetype,P-,P/M+,true,1,0.000093
uniform,targeted:realist|constructivist,answer,full-archetype,P-,P/R-,true,63,0.005879
uniform,targeted:realist|constructivist,answer,full-archetype,P-,P/S-,true,67,0.006252
uniform,targeted:realist|constructivist,answer,full-archetype,P-,P+,true,33,0.003079
uniform,targeted:realist|constructivist,answer,full-archetype,P-,R-,true,12,0.00112
uniform,targeted:realist|constructivist,answer,full-archetype,P-,R/M-,true,1,0.000093
uniform,targeted:realist|constructivist,answer,full-archetype,P-,R/S-,true,2,0.000187
uniform,targeted:realist|constructivist,answer,full-archetype,P-,S-,true,3,0.00028
uniform,targeted:realist|constructivist,answer,full-archetype,P/M-,M-,true,14,0.001306
uniform,targeted:realist|constructivist,answer,full-archetype,P/M-,M/S-,true,2,0.000187
uniform,targeted:realist|constructivist,answer,full-archetype,P/M-,P-,true,10,0.000933
uniform,targeted:realist|constructivist,answer,full-archetype,P/M-,P/M-,false,32,0.002986
uniform,targeted:realist|constructivist,answer,full-archetype,P/M-,P/M+,true,2,0.000187
uniform,targeted:realist|constructivist,answer,full-archetype,P/M-,P/S-,true,3,0.00028
uniform,targeted:realist|constructivist,answer,full-archetype,P/M-,R/M-,true,2,0.000187
uniform,targeted:realist|constructivist,answer,full-archetype,P/M-,S-,true,1,0.000093
uniform,targeted:realist|constructivist,answer,full-archetype,P/M+,M-,true,3,0.00028
uniform,targeted:realist|constructivist,answer,full-archetype,P/M+,M+,true,43,0.004012
uniform,targeted:realist|constructivist,answer,full-archetype,P/M+,P-,true,3,0.00028
uniform,targeted:realist|constructivist,answer,full-archetype,P/M+,P/M-,true,13,0.001213
uniform,targeted:realist|constructivist,answer,full-archetype,P/M+,P/M+,false,160,0.01493
uniform,targeted:realist|constructivist,answer,full-archetype,P/M+,P/R+,true,3,0.00028
uniform,targeted:realist|constructivist,answer,full-archetype,P/M+,P/S+,true,6,0.00056
uniform,targeted:realist|constructivist,answer,full-archetype,P/M+,P+,true,88,0.008211
uniform,targeted:realist|constructivist,answer,full-archetype,P/M+,R/M+,true,14,0.001306
uniform,targeted:realist|constructivist,answer,full-archetype,P/M+,R+,true,1,0.000093
uniform,targeted:realist|constructivist,answer,full-archetype,P/R-,P-,true,21,0.00196
uniform,targeted:realist|constructivist,answer,full-archetype,P/R-,P/R-,false,58,0.005412
uniform,targeted:realist|constructivist,answer,full-archetype,P/R-,P/S-,true,15,0.0014
uniform,targeted:realist|constructivist,answer,full-archetype,P/R-,R-,true,21,0.00196
uniform,targeted:realist|constructivist,answer,full-archetype,P/R-,R/M-,true,1,0.000093
uniform,targeted:realist|constructivist,answer,full-archetype,P/R-,R/S-,true,20,0.001866
uniform,targeted:realist|constructivist,answer,full-archetype,P/R+,M+,true,3,0.00028
uniform,targeted:realist|constructivist,answer,full-archetype,P/R+,P/R-,true,2,0.000187
uniform,targeted:realist|constructivist,answer,full-archetype,P/R+,P/R+,false,91,0.008491
uniform,targeted:realist|constructivist,answer,full-archetype,P/R+,P/S+,true,3,0.00028
uniform,targeted:realist|constructivist,answer,full-archetype,P/R+,P+,true,41,0.003826
uniform,targeted:realist|constructivist,answer,full-archetype,P/R+,R-,true,2,0.000187
uniform,targeted:realist|constructivist,answer,full-archetype,P/R+,R/M-,true,5,0.000467
uniform,targeted:realist|constructivist,answer,full-archetype,P/R+,R/M+,true,11,0.001026
uniform,targeted:realist|constructivist,answer,full-archetype,P/R+,R+,true,44,0.004106
uniform,targeted:realist|constructivist,answer,full-archetype,P/R+,S+,true,1,0.000093
uniform,targeted:realist|constructivist,answer,full-archetype,P/S-,M-,true,9,0.00084
uniform,targeted:realist|constructivist,answer,full-archetype,P/S-,M/S-,true,15,0.0014
uniform,targeted:realist|constructivist,answer,full-archetype,P/S-,P-,true,33,0.003079
uniform,targeted:realist|constructivist,answer,full-archetype,P/S-,P/M-,true,3,0.00028
uniform,targeted:realist|constructivist,answer,full-archetype,P/S-,P/R-,true,9,0.00084
uniform,targeted:realist|constructivist,answer,full-archetype,P/S-,P/S-,false,230,0.021461
uniform,targeted:realist|constructivist,answer,full-archetype,P/S-,P/S+,true,2,0.000187
uniform,targeted:realist|constructivist,answer,full-archetype,P/S-,P+,true,1,0.000093
uniform,targeted:realist|constructivist,answer,full-archetype,P/S-,R-,true,3,0.00028
uniform,targeted:realist|constructivist,answer,full-archetype,P/S-,R/M-,true,3,0.00028
uniform,targeted:realist|constructivist,answer,full-archetype,P/S-,R/S-,true,15,0.0014
uniform,targeted:realist|constructivist,answer,full-archetype,P/S-,S-,true,84,0.007838
uniform,targeted:realist|constructivist,answer,full-archetype,P+,M+,true,13,0.001213
uniform,targeted:realist|constructivist,answer,full-archetype,P+,P-,true,51,0.004759
uniform,targeted:realist|constructivist,answer,full-archetype,P+,P/M+,true,24,0.002239
uniform,targeted:realist|constructivist,answer,full-archetype,P+,P/R-,true,9,0.00084
uniform,targeted:realist|constructivist,answer,full-archetype,P+,P/R+,true,30,0.002799
uniform,targeted:realist|constructivist,answer,full-archetype,P+,P/S-,true,3,0.00028
uniform,targeted:realist|constructivist,answer,full-archetype,P+,P/S+,true,9,0.00084
uniform,targeted:realist|constructivist,answer,full-archetype,P+,P+,false,966,0.090137
uniform,targeted:realist|constructivist,answer,full-archetype,P+,R-,true,1,0.000093
uniform,targeted:realist|constructivist,answer,full-archetype,P+,R/M+,true,5,0.000467
uniform,targeted:realist|constructivist,answer,full-archetype,P+,R+,true,12,0.00112
uniform,targeted:realist|constructivist,answer,full-archetype,P+,S+,true,1,0.000093
uniform,targeted:realist|constructivist,answer,full-archetype,R-,M-,true,5,0.000467
uniform,targeted:realist|constructivist,answer,full-archetype,R-,P-,true,25,0.002333
uniform,targeted:realist|constructivist,answer,full-archetype,R-,P/M-,true,5,0.000467
uniform,targeted:realist|constructivist,answer,full-archetype,R-,P/R-,true,68,0.006345
uniform,targeted:realist|constructivist,answer,full-archetype,R-,P/S-,true,1,0.000093
uniform,targeted:realist|constructivist,answer,full-archetype,R-,R-,false,1114,0.103947
uniform,targeted:realist|constructivist,answer,full-archetype,R-,R/M-,true,35,0.003266
uniform,targeted:realist|constructivist,answer,full-archetype,R-,R/S-,true,17,0.001586
uniform,targeted:realist|constructivist,answer,full-archetype,R-,R+,true,1,0.000093
uniform,targeted:realist|constructivist,answer,full-archetype,R-,S-,true,5,0.000467
uniform,targeted:realist|constructivist,answer,full-archetype,R/M-,M-,true,118,0.011011
uniform,targeted:realist|constructivist,answer,full-archetype,R/M-,M/S-,true,10,0.000933
uniform,targeted:realist|constructivist,answer,full-archetype,R/M-,M+,true,2,0.000187
uniform,targeted:realist|constructivist,answer,full-archetype,R/M-,P-,true,3,0.00028
uniform,targeted:realist|constructivist,answer,full-archetype,R/M-,P/M-,true,6,0.00056
uniform,targeted:realist|constructivist,answer,full-archetype,R/M-,P/R-,true,3,0.00028
uniform,targeted:realist|constructivist,answer,full-archetype,R/M-,R-,true,85,0.007931
uniform,targeted:realist|constructivist,answer,full-archetype,R/M-,R/M-,false,435,0.04059
uniform,targeted:realist|constructivist,answer,full-archetype,R/M-,R/M+,true,6,0.00056
uniform,targeted:realist|constructivist,answer,full-archetype,R/M-,R/S-,true,2,0.000187
uniform,targeted:realist|constructivist,answer,full-archetype,R/M-,S-,true,1,0.000093
uniform,targeted:realist|constructivist,answer,full-archetype,R/M+,M+,true,8,0.000746
uniform,targeted:realist|constructivist,answer,full-archetype,R/M+,R/M-,true,4,0.000373
uniform,targeted:realist|constructivist,answer,full-archetype,R/M+,R/M+,false,53,0.004945
uniform,targeted:realist|constructivist,answer,full-archetype,R/M+,R+,true,4,0.000373
uniform,targeted:realist|constructivist,answer,full-archetype,R/S-,M-,true,3,0.00028
uniform,targeted:realist|constructivist,answer,full-archetype,R/S-,M/S-,true,1,0.000093
uniform,targeted:realist|constructivist,answer,full-archetype,R/S-,P-,true,3,0.00028
uniform,targeted:realist|constructivist,answer,full-archetype,R/S-,P/S-,true,4,0.000373
uniform,targeted:realist|constructivist,answer,full-archetype,R/S-,R-,true,47,0.004386
uniform,targeted:realist|constructivist,answer,full-archetype,R/S-,R/M-,true,5,0.000467
uniform,targeted:realist|constructivist,answer,full-archetype,R/S-,R/S-,false,128,0.011944
uniform,targeted:realist|constructivist,answer,full-archetype,R/S-,S-,true,11,0.001026
uniform,targeted:realist|constructivist,answer,full-archetype,R+,M+,true,3,0.00028
uniform,targeted:realist|constructivist,answer,full-archetype,R+,P/M+,true,1,0.000093
uniform,targeted:realist|constructivist,answer,full-archetype,R+,P/R+,true,11,0.001026
uniform,targeted:realist|constructivist,answer,full-archetype,R+,P+,true,5,0.000467
uniform,targeted:realist|constructivist,answer,full-archetype,R+,R-,true,15,0.0014
uniform,targeted:realist|constructivist,answer,full-archetype,R+,R/M-,true,1,0.000093
uniform,targeted:realist|constructivist,answer,full-archetype,R+,R/M+,true,17,0.001586
uniform,targeted:realist|constructivist,answer,full-archetype,R+,R/S-,true,1,0.000093
uniform,targeted:realist|constructivist,answer,full-archetype,R+,R/S+,true,16,0.001493
uniform,targeted:realist|constructivist,answer,full-archetype,R+,R+,false,332,0.030979
uniform,targeted:realist|constructivist,answer,full-archetype,R+,S+,true,4,0.000373
uniform,targeted:realist|constructivist,answer,full-archetype,S-,M-,true,9,0.00084
uniform,targeted:realist|constructivist,answer,full-archetype,S-,M/S-,true,49,0.004572
uniform,targeted:realist|constructivist,answer,full-archetype,S-,M+,true,1,0.000093
uniform,targeted:realist|constructivist,answer,full-archetype,S-,P-,true,13,0.001213
uniform,targeted:realist|constructivist,answer,full-archetype,S-,P/R-,true,1,0.000093
uniform,targeted:realist|constructivist,answer,full-archetype,S-,P/S-,true,95,0.008864
uniform,targeted:realist|constructivist,answer,full-archetype,S-,P/S+,true,3,0.00028
uniform,targeted:realist|constructivist,answer,full-archetype,S-,P+,true,1,0.000093
uniform,targeted:realist|constructivist,answer,full-archetype,S-,R-,true,10,0.000933
uniform,targeted:realist|constructivist,answer,full-archetype,S-,R/M-,true,1,0.000093
uniform,targeted:realist|constructivist,answer,full-archetype,S-,R/S-,true,36,0.003359
uniform,targeted:realist|constructivist,answer,full-archetype,S-,R/S+,true,1,0.000093
uniform,targeted:realist|constructivist,answer,full-archetype,S-,S-,false,1097,0.102361
uniform,targeted:realist|constructivist,answer,full-archetype,S-,S+,true,31,0.002893
uniform,targeted:realist|constructivist,answer,full-archetype,S+,M/S-,true,2,0.000187
uniform,targeted:realist|constructivist,answer,full-archetype,S+,M/S+,true,40,0.003732
uniform,targeted:realist|constructivist,answer,full-archetype,S+,M+,true,4,0.000373
uniform,targeted:realist|constructivist,answer,full-archetype,S+,P/S+,true,7,0.000653
uniform,targeted:realist|constructivist,answer,full-archetype,S+,P+,true,6,0.00056
uniform,targeted:realist|constructivist,answer,full-archetype,S+,R/M-,true,1,0.000093
uniform,targeted:realist|constructivist,answer,full-archetype,S+,R/M+,true,3,0.00028
uniform,targeted:realist|constructivist,answer,full-archetype,S+,R/S+,true,5,0.000467
uniform,targeted:realist|constructivist,answer,full-archetype,S+,S-,true,18,0.00168
uniform,targeted:realist|constructivist,answer,full-archetype,S+,S+,false,313,0.029206
uniform,targeted:realist|constructivist,answer,posture,-,-,false,7421,0.692451
uniform,targeted:realist|constructivist,answer,posture,-,+,true,94,0.008771
uniform,targeted:realist|constructivist,answer,posture,+,-,true,165,0.015396
uniform,targeted:realist|constructivist,answer,posture,+,+,false,3037,0.283382
uniform,targeted:realist|constructivist,answer,routing,blend,blend,false,1511,0.140991
uniform,targeted:realist|constructivist,answer,routing,blend,pure,true,782,0.072968
uniform,targeted:realist|constructivist,answer,routing,pure,blend,true,932,0.086965
uniform,targeted:realist|constructivist,answer,routing,pure,pure,false,7492,0.699076
uniform,targeted:realist|constructivist,posture-dimension,family,constructivist,constructivist,false,78,0.24375
uniform,targeted:realist|constructivist,posture-dimension,family,criticalPoliticalEconomy,criticalPoliticalEconomy,false,63,0.196875
uniform,targeted:realist|constructivist,posture-dimension,family,criticalPoliticalEconomy,realist,true,1,0.003125
uniform,targeted:realist|constructivist,posture-dimension,family,institutionalist,institutionalist,false,68,0.2125
uniform,targeted:realist|constructivist,posture-dimension,family,realist,realist,false,110,0.34375
uniform,targeted:realist|constructivist,posture-dimension,full-archetype,M-,M-,false,34,0.10625
uniform,targeted:realist|constructivist,posture-dimension,full-archetype,M/S-,M/S-,false,6,0.01875
uniform,targeted:realist|constructivist,posture-dimension,full-archetype,M+,M+,false,20,0.0625
uniform,targeted:realist|constructivist,posture-dimension,full-archetype,P-,P-,false,60,0.1875
uniform,targeted:realist|constructivist,posture-dimension,full-archetype,P-,P/S-,true,1,0.003125
uniform,targeted:realist|constructivist,posture-dimension,full-archetype,P-,P+,true,1,0.003125
uniform,targeted:realist|constructivist,posture-dimension,full-archetype,P/M-,P/M-,false,2,0.00625
uniform,targeted:realist|constructivist,posture-dimension,full-archetype,P/M+,P/M+,false,10,0.03125
uniform,targeted:realist|constructivist,posture-dimension,full-archetype,P/R-,P/R-,false,4,0.0125
uniform,targeted:realist|constructivist,posture-dimension,full-archetype,P/R+,P/R+,false,6,0.01875
uniform,targeted:realist|constructivist,posture-dimension,full-archetype,P/S-,P/S-,false,12,0.0375
uniform,targeted:realist|constructivist,posture-dimension,full-archetype,P+,P+,false,34,0.10625
uniform,targeted:realist|constructivist,posture-dimension,full-archetype,R-,R-,false,38,0.11875
uniform,targeted:realist|constructivist,posture-dimension,full-archetype,R/M-,R/M-,false,20,0.0625
uniform,targeted:realist|constructivist,posture-dimension,full-archetype,R/M+,R/M+,false,2,0.00625
uniform,targeted:realist|constructivist,posture-dimension,full-archetype,R/S-,R/S-,false,6,0.01875
uniform,targeted:realist|constructivist,posture-dimension,full-archetype,R+,R+,false,12,0.0375
uniform,targeted:realist|constructivist,posture-dimension,full-archetype,S-,S-,false,40,0.125
uniform,targeted:realist|constructivist,posture-dimension,full-archetype,S+,S+,false,12,0.0375
uniform,targeted:realist|constructivist,posture-dimension,posture,-,-,false,223,0.696875
uniform,targeted:realist|constructivist,posture-dimension,posture,-,+,true,1,0.003125
uniform,targeted:realist|constructivist,posture-dimension,posture,+,+,false,96,0.3
uniform,targeted:realist|constructivist,posture-dimension,routing,blend,blend,false,68,0.2125
uniform,targeted:realist|constructivist,posture-dimension,routing,pure,blend,true,1,0.003125
uniform,targeted:realist|constructivist,posture-dimension,routing,pure,pure,false,251,0.784375
uniform,targeted:realist|criticalPoliticalEconomy,answer,family,constructivist,constructivist,false,2469,0.229504
uniform,targeted:realist|criticalPoliticalEconomy,answer,family,constructivist,criticalPoliticalEconomy,true,74,0.006879
uniform,targeted:realist|criticalPoliticalEconomy,answer,family,constructivist,institutionalist,true,34,0.00316
uniform,targeted:realist|criticalPoliticalEconomy,answer,family,constructivist,realist,true,42,0.003904
uniform,targeted:realist|criticalPoliticalEconomy,answer,family,criticalPoliticalEconomy,constructivist,true,124,0.011526
uniform,targeted:realist|criticalPoliticalEconomy,answer,family,criticalPoliticalEconomy,criticalPoliticalEconomy,false,1538,0.142963
uniform,targeted:realist|criticalPoliticalEconomy,answer,family,criticalPoliticalEconomy,institutionalist,true,53,0.004927
uniform,targeted:realist|criticalPoliticalEconomy,answer,family,criticalPoliticalEconomy,realist,true,86,0.007994
uniform,targeted:realist|criticalPoliticalEconomy,answer,family,institutionalist,constructivist,true,112,0.010411
uniform,targeted:realist|criticalPoliticalEconomy,answer,family,institutionalist,criticalPoliticalEconomy,true,92,0.008552
uniform,targeted:realist|criticalPoliticalEconomy,answer,family,institutionalist,institutionalist,false,2249,0.209054
uniform,targeted:realist|criticalPoliticalEconomy,answer,family,institutionalist,realist,true,113,0.010504
uniform,targeted:realist|criticalPoliticalEconomy,answer,family,realist,constructivist,true,136,0.012642
uniform,targeted:realist|criticalPoliticalEconomy,answer,family,realist,criticalPoliticalEconomy,true,145,0.013478
uniform,targeted:realist|criticalPoliticalEconomy,answer,family,realist,institutionalist,true,111,0.010318
uniform,targeted:realist|criticalPoliticalEconomy,answer,family,realist,realist,false,3380,0.314185
uniform,targeted:realist|criticalPoliticalEconomy,answer,full-archetype,M-,M-,false,1609,0.149563
uniform,targeted:realist|criticalPoliticalEconomy,answer,full-archetype,M-,M/S-,true,29,0.002696
uniform,targeted:realist|criticalPoliticalEconomy,answer,full-archetype,M-,M/S+,true,1,0.000093
uniform,targeted:realist|criticalPoliticalEconomy,answer,full-archetype,M-,M+,true,27,0.00251
uniform,targeted:realist|criticalPoliticalEconomy,answer,full-archetype,M-,P-,true,17,0.00158
uniform,targeted:realist|criticalPoliticalEconomy,answer,full-archetype,M-,P/M-,true,37,0.003439
uniform,targeted:realist|criticalPoliticalEconomy,answer,full-archetype,M-,P/R-,true,1,0.000093
uniform,targeted:realist|criticalPoliticalEconomy,answer,full-archetype,M-,P/S-,true,2,0.000186
uniform,targeted:realist|criticalPoliticalEconomy,answer,full-archetype,M-,P+,true,1,0.000093
uniform,targeted:realist|criticalPoliticalEconomy,answer,full-archetype,M-,R-,true,14,0.001301
uniform,targeted:realist|criticalPoliticalEconomy,answer,full-archetype,M-,R/M-,true,63,0.005856
uniform,targeted:realist|criticalPoliticalEconomy,answer,full-archetype,M-,S-,true,14,0.001301
uniform,targeted:realist|criticalPoliticalEconomy,answer,full-archetype,M/S-,M-,true,56,0.005205
uniform,targeted:realist|criticalPoliticalEconomy,answer,full-archetype,M/S-,M/S-,false,146,0.013571
uniform,targeted:realist|criticalPoliticalEconomy,answer,full-archetype,M/S-,M/S+,true,2,0.000186
uniform,targeted:realist|criticalPoliticalEconomy,answer,full-archetype,M/S-,M+,true,1,0.000093
uniform,targeted:realist|criticalPoliticalEconomy,answer,full-archetype,M/S-,R/M-,true,4,0.000372
uniform,targeted:realist|criticalPoliticalEconomy,answer,full-archetype,M/S-,R/S-,true,1,0.000093
uniform,targeted:realist|criticalPoliticalEconomy,answer,full-archetype,M/S-,S-,true,120,0.011154
uniform,targeted:realist|criticalPoliticalEconomy,answer,full-archetype,M+,M-,true,31,0.002882
uniform,targeted:realist|criticalPoliticalEconomy,answer,full-archetype,M+,M/S+,true,26,0.002417
uniform,targeted:realist|criticalPoliticalEconomy,answer,full-archetype,M+,M+,false,654,0.060792
uniform,targeted:realist|criticalPoliticalEconomy,answer,full-archetype,M+,P/M+,true,6,0.000558
uniform,targeted:realist|criticalPoliticalEconomy,answer,full-archetype,M+,P/S+,true,2,0.000186
uniform,targeted:realist|criticalPoliticalEconomy,answer,full-archetype,M+,P+,true,5,0.000465
uniform,targeted:realist|criticalPoliticalEconomy,answer,full-archetype,M+,R/M+,true,1,0.000093
uniform,targeted:realist|criticalPoliticalEconomy,answer,full-archetype,M+,R+,true,3,0.000279
uniform,targeted:realist|criticalPoliticalEconomy,answer,full-archetype,M+,S+,true,9,0.000837
uniform,targeted:realist|criticalPoliticalEconomy,answer,full-archetype,P-,M-,true,26,0.002417
uniform,targeted:realist|criticalPoliticalEconomy,answer,full-archetype,P-,P-,false,1785,0.165923
uniform,targeted:realist|criticalPoliticalEconomy,answer,full-archetype,P-,P/M-,true,58,0.005391
uniform,targeted:realist|criticalPoliticalEconomy,answer,full-archetype,P-,P/R-,true,35,0.003253
uniform,targeted:realist|criticalPoliticalEconomy,answer,full-archetype,P-,P/S-,true,22,0.002045
uniform,targeted:realist|criticalPoliticalEconomy,answer,full-archetype,P-,P+,true,56,0.005205
uniform,targeted:realist|criticalPoliticalEconomy,answer,full-archetype,P-,R-,true,24,0.002231
uniform,targeted:realist|criticalPoliticalEconomy,answer,full-archetype,P-,R/M-,true,2,0.000186
uniform,targeted:realist|criticalPoliticalEconomy,answer,full-archetype,P-,S-,true,5,0.000465
uniform,targeted:realist|criticalPoliticalEconomy,answer,full-archetype,P/M-,M-,true,9,0.000837
uniform,targeted:realist|criticalPoliticalEconomy,answer,full-archetype,P/M-,P-,true,29,0.002696
uniform,targeted:realist|criticalPoliticalEconomy,answer,full-archetype,P/M-,P/M-,false,31,0.002882
uniform,targeted:realist|criticalPoliticalEconomy,answer,full-archetype,P/M+,M-,true,5,0.000465
uniform,targeted:realist|criticalPoliticalEconomy,answer,full-archetype,P/M+,M+,true,17,0.00158
uniform,targeted:realist|criticalPoliticalEconomy,answer,full-archetype,P/M+,P-,true,1,0.000093
uniform,targeted:realist|criticalPoliticalEconomy,answer,full-archetype,P/M+,P/M-,true,5,0.000465
uniform,targeted:realist|criticalPoliticalEconomy,answer,full-archetype,P/M+,P/M+,false,44,0.00409
uniform,targeted:realist|criticalPoliticalEconomy,answer,full-archetype,P/M+,P/R-,true,1,0.000093
uniform,targeted:realist|criticalPoliticalEconomy,answer,full-archetype,P/M+,P/R+,true,2,0.000186
uniform,targeted:realist|criticalPoliticalEconomy,answer,full-archetype,P/M+,P+,true,50,0.004648
uniform,targeted:realist|criticalPoliticalEconomy,answer,full-archetype,P/M+,R/M-,true,2,0.000186
uniform,targeted:realist|criticalPoliticalEconomy,answer,full-archetype,P/M+,R/M+,true,3,0.000279
uniform,targeted:realist|criticalPoliticalEconomy,answer,full-archetype,P/M+,R+,true,3,0.000279
uniform,targeted:realist|criticalPoliticalEconomy,answer,full-archetype,P/R-,P-,true,8,0.000744
uniform,targeted:realist|criticalPoliticalEconomy,answer,full-archetype,P/R-,P/R-,false,22,0.002045
uniform,targeted:realist|criticalPoliticalEconomy,answer,full-archetype,P/R-,P/S-,true,1,0.000093
uniform,targeted:realist|criticalPoliticalEconomy,answer,full-archetype,P/R-,R-,true,28,0.002603
uniform,targeted:realist|criticalPoliticalEconomy,answer,full-archetype,P/R-,R/M-,true,2,0.000186
uniform,targeted:realist|criticalPoliticalEconomy,answer,full-archetype,P/R-,R/S-,true,1,0.000093
uniform,targeted:realist|criticalPoliticalEconomy,answer,full-archetype,P/R-,S-,true,6,0.000558
uniform,targeted:realist|criticalPoliticalEconomy,answer,full-archetype,P/R+,M+,true,5,0.000465
uniform,targeted:realist|criticalPoliticalEconomy,answer,full-archetype,P/R+,P/R+,false,52,0.004834
uniform,targeted:realist|criticalPoliticalEconomy,answer,full-archetype,P/R+,P/S+,true,1,0.000093
uniform,targeted:realist|criticalPoliticalEconomy,answer,full-archetype,P/R+,P+,true,36,0.003346
uniform,targeted:realist|criticalPoliticalEconomy,answer,full-archetype,P/R+,R-,true,9,0.000837
uniform,targeted:realist|criticalPoliticalEconomy,answer,full-archetype,P/R+,R/M+,true,2,0.000186
uniform,targeted:realist|criticalPoliticalEconomy,answer,full-archetype,P/R+,R+,true,29,0.002696
uniform,targeted:realist|criticalPoliticalEconomy,answer,full-archetype,P/S-,P-,true,34,0.00316
uniform,targeted:realist|criticalPoliticalEconomy,answer,full-archetype,P/S-,P/R-,true,8,0.000744
uniform,targeted:realist|criticalPoliticalEconomy,answer,full-archetype,P/S-,P/S-,false,49,0.004555
uniform,targeted:realist|criticalPoliticalEconomy,answer,full-archetype,P/S-,R-,true,6,0.000558
uniform,targeted:realist|criticalPoliticalEconomy,answer,full-archetype,P/S-,R/S-,true,4,0.000372
uniform,targeted:realist|criticalPoliticalEconomy,answer,full-archetype,P/S-,S-,true,31,0.002882
uniform,targeted:realist|criticalPoliticalEconomy,answer,full-archetype,P/S+,M-,true,2,0.000186
uniform,targeted:realist|criticalPoliticalEconomy,answer,full-archetype,P/S+,M/S+,true,3,0.000279
uniform,targeted:realist|criticalPoliticalEconomy,answer,full-archetype,P/S+,M+,true,2,0.000186
uniform,targeted:realist|criticalPoliticalEconomy,answer,full-archetype,P/S+,P-,true,1,0.000093
uniform,targeted:realist|criticalPoliticalEconomy,answer,full-archetype,P/S+,P/M+,true,5,0.000465
uniform,targeted:realist|criticalPoliticalEconomy,answer,full-archetype,P/S+,P/S-,true,6,0.000558
uniform,targeted:realist|criticalPoliticalEconomy,answer,full-archetype,P/S+,P/S+,false,108,0.010039
uniform,targeted:realist|criticalPoliticalEconomy,answer,full-archetype,P/S+,P+,true,75,0.006972
uniform,targeted:realist|criticalPoliticalEconomy,answer,full-archetype,P/S+,S-,true,14,0.001301
uniform,targeted:realist|criticalPoliticalEconomy,answer,full-archetype,P/S+,S+,true,54,0.00502
uniform,targeted:realist|criticalPoliticalEconomy,answer,full-archetype,P+,M/S-,true,1,0.000093
uniform,targeted:realist|criticalPoliticalEconomy,answer,full-archetype,P+,M/S+,true,2,0.000186
uniform,targeted:realist|criticalPoliticalEconomy,answer,full-archetype,P+,M+,true,18,0.001673
uniform,targeted:realist|criticalPoliticalEconomy,answer,full-archetype,P+,P-,true,55,0.005112
uniform,targeted:realist|criticalPoliticalEconomy,answer,full-archetype,P+,P/M-,true,2,0.000186
uniform,targeted:realist|criticalPoliticalEconomy,answer,full-archetype,P+,P/M+,true,44,0.00409
uniform,targeted:realist|criticalPoliticalEconomy,answer,full-archetype,P+,P/R-,true,4,0.000372
uniform,targeted:realist|criticalPoliticalEconomy,answer,full-archetype,P+,P/R+,true,27,0.00251
uniform,targeted:realist|criticalPoliticalEconomy,answer,full-archetype,P+,P/S-,true,5,0.000465
uniform,targeted:realist|criticalPoliticalEconomy,answer,full-archetype,P+,P/S+,true,47,0.004369
uniform,targeted:realist|criticalPoliticalEconomy,answer,full-archetype,P+,P+,false,989,0.091932
uniform,targeted:realist|criticalPoliticalEconomy,answer,full-archetype,P+,R-,true,5,0.000465
uniform,targeted:realist|criticalPoliticalEconomy,answer,full-archetype,P+,R+,true,11,0.001022
uniform,targeted:realist|criticalPoliticalEconomy,answer,full-archetype,P+,S-,true,2,0.000186
uniform,targeted:realist|criticalPoliticalEconomy,answer,full-archetype,P+,S+,true,11,0.001022
uniform,targeted:realist|criticalPoliticalEconomy,answer,full-archetype,R-,M-,true,25,0.002324
uniform,targeted:realist|criticalPoliticalEconomy,answer,full-archetype,R-,M/S-,true,2,0.000186
uniform,targeted:realist|criticalPoliticalEconomy,answer,full-archetype,R-,P-,true,12,0.001115
uniform,targeted:realist|criticalPoliticalEconomy,answer,full-archetype,R-,P/R-,true,51,0.004741
uniform,targeted:realist|criticalPoliticalEconomy,answer,full-archetype,R-,P/R+,true,3,0.000279
uniform,targeted:realist|criticalPoliticalEconomy,answer,full-archetype,R-,P/S-,true,5,0.000465
uniform,targeted:realist|criticalPoliticalEconomy,answer,full-archetype,R-,P/S+,true,1,0.000093
uniform,targeted:realist|criticalPoliticalEconomy,answer,full-archetype,R-,P+,true,3,0.000279
uniform,targeted:realist|criticalPoliticalEconomy,answer,full-archetype,R-,R-,false,1471,0.136735
uniform,targeted:realist|criticalPoliticalEconomy,answer,full-archetype,R-,R/M-,true,60,0.005577
uniform,targeted:realist|criticalPoliticalEconomy,answer,full-archetype,R-,R/M+,true,4,0.000372
uniform,targeted:realist|criticalPoliticalEconomy,answer,full-archetype,R-,R/S-,true,55,0.005112
uniform,targeted:realist|criticalPoliticalEconomy,answer,full-archetype,R-,R+,true,36,0.003346
uniform,targeted:realist|criticalPoliticalEconomy,answer,full-archetype,R-,S-,true,25,0.002324
uniform,targeted:realist|criticalPoliticalEconomy,answer,full-archetype,R/M-,M-,true,17,0.00158
uniform,targeted:realist|criticalPoliticalEconomy,answer,full-archetype,R/M-,M+,true,1,0.000093
uniform,targeted:realist|criticalPoliticalEconomy,answer,full-archetype,R/M-,R-,true,25,0.002324
uniform,targeted:realist|criticalPoliticalEconomy,answer,full-archetype,R/M-,R/M-,false,98,0.009109
uniform,targeted:realist|criticalPoliticalEconomy,answer,full-archetype,R/S-,M-,true,1,0.000093
uniform,targeted:realist|criticalPoliticalEconomy,answer,full-archetype,R/S-,M/S-,true,2,0.000186
uniform,targeted:realist|criticalPoliticalEconomy,answer,full-archetype,R/S-,P-,true,2,0.000186
uniform,targeted:realist|criticalPoliticalEconomy,answer,full-archetype,R/S-,P/S-,true,1,0.000093
uniform,targeted:realist|criticalPoliticalEconomy,answer,full-archetype,R/S-,R-,true,28,0.002603
uniform,targeted:realist|criticalPoliticalEconomy,answer,full-archetype,R/S-,R/S-,false,64,0.005949
uniform,targeted:realist|criticalPoliticalEconomy,answer,full-archetype,R/S-,S-,true,36,0.003346
uniform,targeted:realist|criticalPoliticalEconomy,answer,full-archetype,R+,M+,true,2,0.000186
uniform,targeted:realist|criticalPoliticalEconomy,answer,full-archetype,R+,P/M+,true,1,0.000093
uniform,targeted:realist|criticalPoliticalEconomy,answer,full-archetype,R+,P/R+,true,10,0.00093
uniform,targeted:realist|criticalPoliticalEconomy,answer,full-archetype,R+,P/S+,true,2,0.000186
uniform,targeted:realist|criticalPoliticalEconomy,answer,full-archetype,R+,P+,true,17,0.00158
uniform,targeted:realist|criticalPoliticalEconomy,answer,full-archetype,R+,R-,true,54,0.00502
uniform,targeted:realist|criticalPoliticalEconomy,answer,full-archetype,R+,R/M+,true,9,0.000837
uniform,targeted:realist|criticalPoliticalEconomy,answer,full-archetype,R+,R/S-,true,2,0.000186
uniform,targeted:realist|criticalPoliticalEconomy,answer,full-archetype,R+,R/S+,true,12,0.001115
uniform,targeted:realist|criticalPoliticalEconomy,answer,full-archetype,R+,R+,false,358,0.033278
uniform,targeted:realist|criticalPoliticalEconomy,answer,full-archetype,R+,S+,true,2,0.000186
uniform,targeted:realist|criticalPoliticalEconomy,answer,full-archetype,S-,M-,true,4,0.000372
uniform,targeted:realist|criticalPoliticalEconomy,answer,full-archetype,S-,M/S-,true,16,0.001487
uniform,targeted:realist|criticalPoliticalEconomy,answer,full-archetype,S-,P-,true,6,0.000558
uniform,targeted:realist|criticalPoliticalEconomy,answer,full-archetype,S-,P/S-,true,39,0.003625
uniform,targeted:realist|criticalPoliticalEconomy,answer,full-archetype,S-,P/S+,true,7,0.000651
uniform,targeted:realist|criticalPoliticalEconomy,answer,full-archetype,S-,P+,true,2,0.000186
uniform,targeted:realist|criticalPoliticalEconomy,answer,full-archetype,S-,R-,true,7,0.000651
uniform,targeted:realist|criticalPoliticalEconomy,answer,full-archetype,S-,R/M-,true,1,0.000093
uniform,targeted:realist|criticalPoliticalEconomy,answer,full-archetype,S-,R/S-,true,12,0.001115
uniform,targeted:realist|criticalPoliticalEconomy,answer,full-archetype,S-,S-,false,768,0.071389
uniform,targeted:realist|criticalPoliticalEconomy,answer,full-archetype,S-,S+,true,11,0.001022
uniform,targeted:realist|criticalPoliticalEconomy,answer,full-archetype,S+,M/S+,true,30,0.002789
uniform,targeted:realist|criticalPoliticalEconomy,answer,full-archetype,S+,M+,true,12,0.001115
uniform,targeted:realist|criticalPoliticalEconomy,answer,full-archetype,S+,P/M+,true,2,0.000186
uniform,targeted:realist|criticalPoliticalEconomy,answer,full-archetype,S+,P/R+,true,3,0.000279
uniform,targeted:realist|criticalPoliticalEconomy,answer,full-archetype,S+,P/S+,true,19,0.001766
uniform,targeted:realist|criticalPoliticalEconomy,answer,full-archetype,S+,P+,true,10,0.00093
uniform,targeted:realist|criticalPoliticalEconomy,answer,full-archetype,S+,R/M+,true,2,0.000186
uniform,targeted:realist|criticalPoliticalEconomy,answer,full-archetype,S+,R/S+,true,7,0.000651
uniform,targeted:realist|criticalPoliticalEconomy,answer,full-archetype,S+,R+,true,13,0.001208
uniform,targeted:realist|criticalPoliticalEconomy,answer,full-archetype,S+,S-,true,20,0.001859
uniform,targeted:realist|criticalPoliticalEconomy,answer,full-archetype,S+,S+,false,346,0.032162
uniform,targeted:realist|criticalPoliticalEconomy,answer,posture,-,-,false,7172,0.666667
uniform,targeted:realist|criticalPoliticalEconomy,answer,posture,-,+,true,156,0.014501
uniform,targeted:realist|criticalPoliticalEconomy,answer,posture,+,-,true,227,0.021101
uniform,targeted:realist|criticalPoliticalEconomy,answer,posture,+,+,false,3203,0.297732
uniform,targeted:realist|criticalPoliticalEconomy,answer,routing,blend,blend,false,670,0.062279
uniform,targeted:realist|criticalPoliticalEconomy,answer,routing,blend,pure,true,741,0.068879
uniform,targeted:realist|criticalPoliticalEconomy,answer,routing,pure,blend,true,772,0.071761
uniform,targeted:realist|criticalPoliticalEconomy,answer,routing,pure,pure,false,8575,0.797081
uniform,targeted:realist|criticalPoliticalEconomy,posture-dimension,family,constructivist,constructivist,false,78,0.24375
uniform,targeted:realist|criticalPoliticalEconomy,posture-dimension,family,criticalPoliticalEconomy,criticalPoliticalEconomy,false,54,0.16875
uniform,targeted:realist|criticalPoliticalEconomy,posture-dimension,family,institutionalist,institutionalist,false,76,0.2375
uniform,targeted:realist|criticalPoliticalEconomy,posture-dimension,family,realist,realist,false,112,0.35
uniform,targeted:realist|criticalPoliticalEconomy,posture-dimension,full-archetype,M-,M-,false,54,0.16875
uniform,targeted:realist|criticalPoliticalEconomy,posture-dimension,full-archetype,M/S-,M/S-,false,10,0.03125
uniform,targeted:realist|criticalPoliticalEconomy,posture-dimension,full-archetype,M+,M+,false,22,0.06875
uniform,targeted:realist|criticalPoliticalEconomy,posture-dimension,full-archetype,P-,P-,false,60,0.1875
uniform,targeted:realist|criticalPoliticalEconomy,posture-dimension,full-archetype,P/M-,P/M-,false,2,0.00625
uniform,targeted:realist|criticalPoliticalEconomy,posture-dimension,full-archetype,P/M+,P/M+,false,4,0.0125
uniform,targeted:realist|criticalPoliticalEconomy,posture-dimension,full-archetype,P/R-,P/R-,false,2,0.00625
uniform,targeted:realist|criticalPoliticalEconomy,posture-dimension,full-archetype,P/R+,P/R+,false,4,0.0125
uniform,targeted:realist|criticalPoliticalEconomy,posture-dimension,full-archetype,P/S-,P/S-,false,4,0.0125
uniform,targeted:realist|criticalPoliticalEconomy,posture-dimension,full-archetype,P/S+,P/S+,false,8,0.025
uniform,targeted:realist|criticalPoliticalEconomy,posture-dimension,full-archetype,P+,P+,false,36,0.1125
uniform,targeted:realist|criticalPoliticalEconomy,posture-dimension,full-archetype,R-,R-,false,52,0.1625
uniform,targeted:realist|criticalPoliticalEconomy,posture-dimension,full-archetype,R/M-,R/M-,false,4,0.0125
uniform,targeted:realist|criticalPoliticalEconomy,posture-dimension,full-archetype,R/S-,R/S-,false,4,0.0125
uniform,targeted:realist|criticalPoliticalEconomy,posture-dimension,full-archetype,R+,R-,true,1,0.003125
uniform,targeted:realist|criticalPoliticalEconomy,posture-dimension,full-archetype,R+,R+,false,13,0.040625
uniform,targeted:realist|criticalPoliticalEconomy,posture-dimension,full-archetype,S-,S-,false,26,0.08125
uniform,targeted:realist|criticalPoliticalEconomy,posture-dimension,full-archetype,S+,S-,true,1,0.003125
uniform,targeted:realist|criticalPoliticalEconomy,posture-dimension,full-archetype,S+,S+,false,13,0.040625
uniform,targeted:realist|criticalPoliticalEconomy,posture-dimension,posture,-,-,false,218,0.68125
uniform,targeted:realist|criticalPoliticalEconomy,posture-dimension,posture,+,-,true,2,0.00625
uniform,targeted:realist|criticalPoliticalEconomy,posture-dimension,posture,+,+,false,100,0.3125
uniform,targeted:realist|criticalPoliticalEconomy,posture-dimension,routing,blend,blend,false,42,0.13125
uniform,targeted:realist|criticalPoliticalEconomy,posture-dimension,routing,pure,pure,false,278,0.86875
uniform,targeted:realist|institutionalist,answer,family,constructivist,constructivist,false,3289,0.306352
uniform,targeted:realist|institutionalist,answer,family,constructivist,criticalPoliticalEconomy,true,91,0.008476
uniform,targeted:realist|institutionalist,answer,family,constructivist,institutionalist,true,143,0.01332
uniform,targeted:realist|institutionalist,answer,family,constructivist,realist,true,108,0.01006
uniform,targeted:realist|institutionalist,answer,family,criticalPoliticalEconomy,constructivist,true,64,0.005961
uniform,targeted:realist|institutionalist,answer,family,criticalPoliticalEconomy,criticalPoliticalEconomy,false,1353,0.126025
uniform,targeted:realist|institutionalist,answer,family,criticalPoliticalEconomy,institutionalist,true,173,0.016114
uniform,targeted:realist|institutionalist,answer,family,criticalPoliticalEconomy,realist,true,92,0.008569
uniform,targeted:realist|institutionalist,answer,family,institutionalist,constructivist,true,157,0.014624
uniform,targeted:realist|institutionalist,answer,family,institutionalist,criticalPoliticalEconomy,true,78,0.007265
uniform,targeted:realist|institutionalist,answer,family,institutionalist,institutionalist,false,1649,0.153595
uniform,targeted:realist|institutionalist,answer,family,institutionalist,realist,true,119,0.011084
uniform,targeted:realist|institutionalist,answer,family,realist,constructivist,true,104,0.009687
uniform,targeted:realist|institutionalist,answer,family,realist,criticalPoliticalEconomy,true,220,0.020492
uniform,targeted:realist|institutionalist,answer,family,realist,institutionalist,true,67,0.006241
uniform,targeted:realist|institutionalist,answer,family,realist,realist,false,3029,0.282135
uniform,targeted:realist|institutionalist,answer,full-archetype,M-,M-,false,1845,0.171852
uniform,targeted:realist|institutionalist,answer,full-archetype,M-,M/S-,true,106,0.009873
uniform,targeted:realist|institutionalist,answer,full-archetype,M-,M+,true,38,0.003539
uniform,targeted:realist|institutionalist,answer,full-archetype,M-,P-,true,17,0.001583
uniform,targeted:realist|institutionalist,answer,full-archetype,M-,P/M-,true,17,0.001583
uniform,targeted:realist|institutionalist,answer,full-archetype,M-,P/R-,true,1,0.000093
uniform,targeted:realist|institutionalist,answer,full-archetype,M-,P/S-,true,5,0.000466
uniform,targeted:realist|institutionalist,answer,full-archetype,M-,P+,true,1,0.000093
uniform,targeted:realist|institutionalist,answer,full-archetype,M-,R-,true,15,0.001397
uniform,targeted:realist|institutionalist,answer,full-archetype,M-,R/M-,true,75,0.006986
uniform,targeted:realist|institutionalist,answer,full-archetype,M-,R/S-,true,14,0.001304
uniform,targeted:realist|institutionalist,answer,full-archetype,M-,S-,true,25,0.002329
uniform,targeted:realist|institutionalist,answer,full-archetype,M/S+,M/S+,false,88,0.008197
uniform,targeted:realist|institutionalist,answer,full-archetype,M/S+,M+,true,34,0.003167
uniform,targeted:realist|institutionalist,answer,full-archetype,M/S+,P/M+,true,4,0.000373
uniform,targeted:realist|institutionalist,answer,full-archetype,M/S+,P/S+,true,21,0.001956
uniform,targeted:realist|institutionalist,answer,full-archetype,M/S+,P+,true,6,0.000559
uniform,targeted:realist|institutionalist,answer,full-archetype,M/S+,R/M+,true,2,0.000186
uniform,targeted:realist|institutionalist,answer,full-archetype,M/S+,R/S+,true,1,0.000093
uniform,targeted:realist|institutionalist,answer,full-archetype,M/S+,S+,true,45,0.004192
uniform,targeted:realist|institutionalist,answer,full-archetype,M+,M-,true,36,0.003353
uniform,targeted:realist|institutionalist,answer,full-archetype,M+,M/S+,true,15,0.001397
uniform,targeted:realist|institutionalist,answer,full-archetype,M+,M+,false,867,0.080756
uniform,targeted:realist|institutionalist,answer,full-archetype,M+,P/M+,true,11,0.001025
uniform,targeted:realist|institutionalist,answer,full-archetype,M+,P/S+,true,3,0.000279
uniform,targeted:realist|institutionalist,answer,full-archetype,M+,P+,true,16,0.00149
uniform,targeted:realist|institutionalist,answer,full-archetype,M+,R/M-,true,6,0.000559
uniform,targeted:realist|institutionalist,answer,full-archetype,M+,R/M+,true,37,0.003446
uniform,targeted:realist|institutionalist,answer,full-archetype,M+,R/S+,true,1,0.000093
uniform,targeted:realist|institutionalist,answer,full-archetype,M+,R+,true,11,0.001025
uniform,targeted:realist|institutionalist,answer,full-archetype,M+,S+,true,5,0.000466
uniform,targeted:realist|institutionalist,answer,full-archetype,P-,M-,true,15,0.001397
uniform,targeted:realist|institutionalist,answer,full-archetype,P-,M/S-,true,2,0.000186
uniform,targeted:realist|institutionalist,answer,full-archetype,P-,P-,false,1518,0.141393
uniform,targeted:realist|institutionalist,answer,full-archetype,P-,P/M-,true,17,0.001583
uniform,targeted:realist|institutionalist,answer,full-archetype,P-,P/R-,true,57,0.005309
uniform,targeted:realist|institutionalist,answer,full-archetype,P-,P/S-,true,191,0.017791
uniform,targeted:realist|institutionalist,answer,full-archetype,P-,P/S+,true,1,0.000093
uniform,targeted:realist|institutionalist,answer,full-archetype,P-,P+,true,24,0.002235
uniform,targeted:realist|institutionalist,answer,full-archetype,P-,R-,true,23,0.002142
uniform,targeted:realist|institutionalist,answer,full-archetype,P-,R/M-,true,1,0.000093
uniform,targeted:realist|institutionalist,answer,full-archetype,P-,R/S-,true,3,0.000279
uniform,targeted:realist|institutionalist,answer,full-archetype,P-,S-,true,38,0.003539
uniform,targeted:realist|institutionalist,answer,full-archetype,P/M-,M-,true,45,0.004192
uniform,targeted:realist|institutionalist,answer,full-archetype,P/M-,P-,true,63,0.005868
uniform,targeted:realist|institutionalist,answer,full-archetype,P/M-,P/M-,false,74,0.006893
uniform,targeted:realist|institutionalist,answer,full-archetype,P/M-,P/R-,true,4,0.000373
uniform,targeted:realist|institutionalist,answer,full-archetype,P/M-,P/S-,true,2,0.000186
uniform,targeted:realist|institutionalist,answer,full-archetype,P/M-,R-,true,1,0.000093
uniform,targeted:realist|institutionalist,answer,full-archetype,P/M-,R/M-,true,3,0.000279
uniform,targeted:realist|institutionalist,answer,full-archetype,P/M-,S-,true,1,0.000093
uniform,targeted:realist|institutionalist,answer,full-archetype,P/M+,M-,true,1,0.000093
uniform,targeted:realist|institutionalist,answer,full-archetype,P/M+,M+,true,47,0.004378
uniform,targeted:realist|institutionalist,answer,full-archetype,P/M+,P/M+,false,84,0.007824
uniform,targeted:realist|institutionalist,answer,full-archetype,P/M+,P/S+,true,6,0.000559
uniform,targeted:realist|institutionalist,answer,full-archetype,P/M+,P+,true,60,0.005589
uniform,targeted:realist|institutionalist,answer,full-archetype,P/M+,R/M-,true,1,0.000093
uniform,targeted:realist|institutionalist,answer,full-archetype,P/M+,R/M+,true,2,0.000186
uniform,targeted:realist|institutionalist,answer,full-archetype,P/M+,S+,true,1,0.000093
uniform,targeted:realist|institutionalist,answer,full-archetype,P/R-,P-,true,12,0.001118
uniform,targeted:realist|institutionalist,answer,full-archetype,P/R-,P/R-,false,34,0.003167
uniform,targeted:realist|institutionalist,answer,full-archetype,P/R-,P/R+,true,2,0.000186
uniform,targeted:realist|institutionalist,answer,full-archetype,P/R-,R-,true,20,0.001863
uniform,targeted:realist|institutionalist,answer,full-archetype,P/R-,R/M+,true,1,0.000093
uniform,targeted:realist|institutionalist,answer,full-archetype,P/R+,M+,true,1,0.000093
uniform,targeted:realist|institutionalist,answer,full-archetype,P/R+,P/R+,false,28,0.002608
uniform,targeted:realist|institutionalist,answer,full-archetype,P/R+,P+,true,16,0.00149
uniform,targeted:realist|institutionalist,answer,full-archetype,P/R+,R+,true,20,0.001863
uniform,targeted:realist|institutionalist,answer,full-archetype,P/S-,M/S-,true,1,0.000093
uniform,targeted:realist|institutionalist,answer,full-archetype,P/S-,P-,true,56,0.005216
uniform,targeted:realist|institutionalist,answer,full-archetype,P/S-,P/S-,false,91,0.008476
uniform,targeted:realist|institutionalist,answer,full-archetype,P/S-,P+,true,4,0.000373
uniform,targeted:realist|institutionalist,answer,full-archetype,P/S-,R-,true,2,0.000186
uniform,targeted:realist|institutionalist,answer,full-archetype,P/S-,R/S-,true,1,0.000093
uniform,targeted:realist|institutionalist,answer,full-archetype,P/S-,S-,true,43,0.004005
uniform,targeted:realist|institutionalist,answer,full-archetype,P/S+,P/S-,true,4,0.000373
uniform,targeted:realist|institutionalist,answer,full-archetype,P/S+,P/S+,false,68,0.006334
uniform,targeted:realist|institutionalist,answer,full-archetype,P/S+,P+,true,37,0.003446
uniform,targeted:realist|institutionalist,answer,full-archetype,P/S+,S+,true,24,0.002235
uniform,targeted:realist|institutionalist,answer,full-archetype,P+,M/S+,true,1,0.000093
uniform,targeted:realist|institutionalist,answer,full-archetype,P+,M+,true,6,0.000559
uniform,targeted:realist|institutionalist,answer,full-archetype,P+,P-,true,23,0.002142
uniform,targeted:realist|institutionalist,answer,full-archetype,P+,P/M+,true,15,0.001397
uniform,targeted:realist|institutionalist,answer,full-archetype,P+,P/R+,true,28,0.002608
uniform,targeted:realist|institutionalist,answer,full-archetype,P+,P/S-,true,2,0.000186
uniform,targeted:realist|institutionalist,answer,full-archetype,P+,P/S+,true,48,0.004471
uniform,targeted:realist|institutionalist,answer,full-archetype,P+,P+,false,853,0.079452
uniform,targeted:realist|institutionalist,answer,full-archetype,P+,R-,true,2,0.000186
uniform,targeted:realist|institutionalist,answer,full-archetype,P+,R/M+,true,2,0.000186
uniform,targeted:realist|institutionalist,answer,full-archetype,P+,R+,true,8,0.000745
uniform,targeted:realist|institutionalist,answer,full-archetype,P+,S+,true,12,0.001118
uniform,targeted:realist|institutionalist,answer,full-archetype,R-,M-,true,8,0.000745
uniform,targeted:realist|institutionalist,answer,full-archetype,R-,M+,true,1,0.000093
uniform,targeted:realist|institutionalist,answer,full-archetype,R-,P-,true,17,0.001583
uniform,targeted:realist|institutionalist,answer,full-archetype,R-,P/R-,true,37,0.003446
uniform,targeted:realist|institutionalist,answer,full-archetype,R-,P/R+,true,2,0.000186
uniform,targeted:realist|institutionalist,answer,full-archetype,R-,P/S+,true,1,0.000093
uniform,targeted:realist|institutionalist,answer,full-archetype,R-,P+,true,2,0.000186
uniform,targeted:realist|institutionalist,answer,full-archetype,R-,R-,false,899,0.083737
uniform,targeted:realist|institutionalist,answer,full-archetype,R-,R/M-,true,30,0.002794
uniform,targeted:realist|institutionalist,answer,full-archetype,R-,R/S-,true,43,0.004005
uniform,targeted:realist|institutionalist,answer,full-archetype,R-,R/S+,true,3,0.000279
uniform,targeted:realist|institutionalist,answer,full-archetype,R-,R+,true,8,0.000745
uniform,targeted:realist|institutionalist,answer,full-archetype,R-,S-,true,16,0.00149
uniform,targeted:realist|institutionalist,answer,full-archetype,R-,S+,true,1,0.000093
uniform,targeted:realist|institutionalist,answer,full-archetype,R/M-,M-,true,63,0.005868
uniform,targeted:realist|institutionalist,answer,full-archetype,R/M-,M/S-,true,2,0.000186
uniform,targeted:realist|institutionalist,answer,full-archetype,R/M-,P-,true,12,0.001118
uniform,targeted:realist|institutionalist,answer,full-archetype,R/M-,P/M-,true,6,0.000559
uniform,targeted:realist|institutionalist,answer,full-archetype,R/M-,P/R-,true,13,0.001211
uniform,targeted:realist|institutionalist,answer,full-archetype,R/M-,P/S-,true,1,0.000093
uniform,targeted:realist|institutionalist,answer,full-archetype,R/M-,P+,true,1,0.000093
uniform,targeted:realist|institutionalist,answer,full-archetype,R/M-,R-,true,70,0.00652
uniform,targeted:realist|institutionalist,answer,full-archetype,R/M-,R/M-,false,294,0.027385
uniform,targeted:realist|institutionalist,answer,full-archetype,R/M-,R/M+,true,2,0.000186
uniform,targeted:realist|institutionalist,answer,full-archetype,R/M-,S-,true,3,0.000279
uniform,targeted:realist|institutionalist,answer,full-archetype,R/M+,M+,true,45,0.004192
uniform,targeted:realist|institutionalist,answer,full-archetype,R/M+,P/M+,true,5,0.000466
uniform,targeted:realist|institutionalist,answer,full-archetype,R/M+,P+,true,4,0.000373
uniform,targeted:realist|institutionalist,answer,full-archetype,R/M+,R-,true,4,0.000373
uniform,targeted:realist|institutionalist,answer,full-archetype,R/M+,R/M-,true,8,0.000745
uniform,targeted:realist|institutionalist,answer,full-archetype,R/M+,R/M+,false,107,0.009966
uniform,targeted:realist|institutionalist,answer,full-archetype,R/M+,R+,true,27,0.002515
uniform,targeted:realist|institutionalist,answer,full-archetype,R/S-,M-,true,3,0.000279
uniform,targeted:realist|institutionalist,answer,full-archetype,R/S-,M/S-,true,4,0.000373
uniform,targeted:realist|institutionalist,answer,full-archetype,R/S-,M/S+,true,1,0.000093
uniform,targeted:realist|institutionalist,answer,full-archetype,R/S-,P-,true,6,0.000559
uniform,targeted:realist|institutionalist,answer,full-archetype,R/S-,P/S-,true,14,0.001304
uniform,targeted:realist|institutionalist,answer,full-archetype,R/S-,P/S+,true,2,0.000186
uniform,targeted:realist|institutionalist,answer,full-archetype,R/S-,P+,true,1,0.000093
uniform,targeted:realist|institutionalist,answer,full-archetype,R/S-,R-,true,34,0.003167
uniform,targeted:realist|institutionalist,answer,full-archetype,R/S-,R/M-,true,1,0.000093
uniform,targeted:realist|institutionalist,answer,full-archetype,R/S-,R/S-,false,147,0.013692
uniform,targeted:realist|institutionalist,answer,full-archetype,R/S-,R/S+,true,3,0.000279
uniform,targeted:realist|institutionalist,answer,full-archetype,R/S-,S-,true,56,0.005216
uniform,targeted:realist|institutionalist,answer,full-archetype,R/S-,S+,true,2,0.000186
uniform,targeted:realist|institutionalist,answer,full-archetype,R/S+,P/S+,true,3,0.000279
uniform,targeted:realist|institutionalist,answer,full-archetype,R/S+,P+,true,5,0.000466
uniform,targeted:realist|institutionalist,answer,full-archetype,R/S+,R/S-,true,10,0.000931
uniform,targeted:realist|institutionalist,answer,full-archetype,R/S+,R/S+,false,64,0.005961
uniform,targeted:realist|institutionalist,answer,full-archetype,R/S+,R+,true,14,0.001304
uniform,targeted:realist|institutionalist,answer,full-archetype,R/S+,S+,true,38,0.003539
uniform,targeted:realist|institutionalist,answer,full-archetype,R+,M+,true,4,0.000373
uniform,targeted:realist|institutionalist,answer,full-archetype,R+,P/M+,true,1,0.000093
uniform,targeted:realist|institutionalist,answer,full-archetype,R+,P/R-,true,1,0.000093
uniform,targeted:realist|institutionalist,answer,full-archetype,R+,P/R+,true,28,0.002608
uniform,targeted:realist|institutionalist,answer,full-archetype,R+,P+,true,11,0.001025
uniform,targeted:realist|institutionalist,answer,full-archetype,R+,R-,true,19,0.00177
uniform,targeted:realist|institutionalist,answer,full-archetype,R+,R/M+,true,21,0.001956
uniform,targeted:realist|institutionalist,answer,full-archetype,R+,R/S+,true,9,0.000838
uniform,targeted:realist|institutionalist,answer,full-archetype,R+,R+,false,236,0.021982
uniform,targeted:realist|institutionalist,answer,full-archetype,R+,S+,true,3,0.000279
uniform,targeted:realist|institutionalist,answer,full-archetype,S-,M-,true,9,0.000838
uniform,targeted:realist|institutionalist,answer,full-archetype,S-,M/S-,true,33,0.003074
uniform,targeted:realist|institutionalist,answer,full-archetype,S-,P-,true,9,0.000838
uniform,targeted:realist|institutionalist,answer,full-archetype,S-,P/R-,true,2,0.000186
uniform,targeted:realist|institutionalist,answer,full-archetype,S-,P/S-,true,50,0.004657
uniform,targeted:realist|institutionalist,answer,full-archetype,S-,P/S+,true,2,0.000186
uniform,targeted:realist|institutionalist,answer,full-archetype,S-,R-,true,22,0.002049
uniform,targeted:realist|institutionalist,answer,full-archetype,S-,R/M-,true,5,0.000466
uniform,targeted:realist|institutionalist,answer,full-archetype,S-,R/S-,true,63,0.005868
uniform,targeted:realist|institutionalist,answer,full-archetype,S-,S-,false,603,0.056166
uniform,targeted:realist|institutionalist,answer,full-archetype,S-,S+,true,8,0.000745
uniform,targeted:realist|institutionalist,answer,full-archetype,S+,M/S+,true,2,0.000186
uniform,targeted:realist|institutionalist,answer,full-archetype,S+,P/R+,true,3,0.000279
uniform,targeted:realist|institutionalist,answer,full-archetype,S+,P/S+,true,31,0.002887
uniform,targeted:realist|institutionalist,answer,full-archetype,S+,P+,true,11,0.001025
uniform,targeted:realist|institutionalist,answer,full-archetype,S+,R-,true,2,0.000186
uniform,targeted:realist|institutionalist,answer,full-archetype,S+,R/S-,true,1,0.000093
uniform,targeted:realist|institutionalist,answer,full-archetype,S+,R/S+,true,13,0.001211
uniform,targeted:realist|institutionalist,answer,full-archetype,S+,R+,true,4,0.000373
uniform,targeted:realist|institutionalist,answer,full-archetype,S+,S-,true,21,0.001956
uniform,targeted:realist|institutionalist,answer,full-archetype,S+,S+,false,248,0.0231
uniform,targeted:realist|institutionalist,answer,posture,-,-,false,7013,0.653223
uniform,targeted:realist|institutionalist,answer,posture,-,+,true,111,0.010339
uniform,targeted:realist|institutionalist,answer,posture,+,-,true,141,0.013133
uniform,targeted:realist|institutionalist,answer,posture,+,+,false,3471,0.323305
uniform,targeted:realist|institutionalist,answer,routing,blend,blend,false,1209,0.112612
uniform,targeted:realist|institutionalist,answer,routing,blend,pure,true,927,0.086345
uniform,targeted:realist|institutionalist,answer,routing,pure,blend,true,1040,0.09687
uniform,targeted:realist|institutionalist,answer,routing,pure,pure,false,7560,0.704173
uniform,targeted:realist|institutionalist,posture-dimension,family,constructivist,constructivist,false,108,0.3375
uniform,targeted:realist|institutionalist,posture-dimension,family,criticalPoliticalEconomy,criticalPoliticalEconomy,false,50,0.15625
uniform,targeted:realist|institutionalist,posture-dimension,family,institutionalist,institutionalist,false,60,0.1875
uniform,targeted:realist|institutionalist,posture-dimension,family,realist,realist,false,102,0.31875
uniform,targeted:realist|institutionalist,posture-dimension,full-archetype,M-,M-,false,64,0.2
uniform,targeted:realist|institutionalist,posture-dimension,full-archetype,M/S+,M/S+,false,5,0.015625
uniform,targeted:realist|institutionalist,posture-dimension,full-archetype,M/S+,P/S+,true,1,0.003125
uniform,targeted:realist|institutionalist,posture-dimension,full-archetype,M+,M+,false,30,0.09375
uniform,targeted:realist|institutionalist,posture-dimension,full-archetype,P-,P-,false,55,0.171875
uniform,targeted:realist|institutionalist,posture-dimension,full-archetype,P-,P/S-,true,1,0.003125
uniform,targeted:realist|institutionalist,posture-dimension,full-archetype,P/M-,P/M-,false,6,0.01875
uniform,targeted:realist|institutionalist,posture-dimension,full-archetype,P/M+,P/M+,false,6,0.01875
uniform,targeted:realist|institutionalist,posture-dimension,full-archetype,P/R-,P/R-,false,2,0.00625
uniform,targeted:realist|institutionalist,posture-dimension,full-archetype,P/R+,P/R+,false,2,0.00625
uniform,targeted:realist|institutionalist,posture-dimension,full-archetype,P/S-,P/S-,false,6,0.01875
uniform,targeted:realist|institutionalist,posture-dimension,full-archetype,P/S+,P/S+,false,4,0.0125
uniform,targeted:realist|institutionalist,posture-dimension,full-archetype,P+,P+,false,30,0.09375
uniform,targeted:realist|institutionalist,posture-dimension,full-archetype,R-,R-,false,32,0.1
uniform,targeted:realist|institutionalist,posture-dimension,full-archetype,R/M-,R/M-,false,14,0.04375
uniform,targeted:realist|institutionalist,posture-dimension,full-archetype,R/M+,R/M+,false,6,0.01875
uniform,targeted:realist|institutionalist,posture-dimension,full-archetype,R/S-,R/S-,false,8,0.025
uniform,targeted:realist|institutionalist,posture-dimension,full-archetype,R/S+,R/S+,false,4,0.0125
uniform,targeted:realist|institutionalist,posture-dimension,full-archetype,R+,R+,false,10,0.03125
uniform,targeted:realist|institutionalist,posture-dimension,full-archetype,S-,S-,false,24,0.075
uniform,targeted:realist|institutionalist,posture-dimension,full-archetype,S+,S+,false,10,0.03125
uniform,targeted:realist|institutionalist,posture-dimension,posture,-,-,false,212,0.6625
uniform,targeted:realist|institutionalist,posture-dimension,posture,+,+,false,108,0.3375
uniform,targeted:realist|institutionalist,posture-dimension,routing,blend,blend,false,64,0.2
uniform,targeted:realist|institutionalist,posture-dimension,routing,pure,blend,true,1,0.003125
uniform,targeted:realist|institutionalist,posture-dimension,routing,pure,pure,false,255,0.796875
