ensemble,form,analysis,metric,bin,lower_distance,upper_distance,base_vectors,perturbation_trials,flips,flip_rate,mean_distance,midpoint_reachable,minimum_midpoint_distance,below_midpoint_share,at_midpoint_share,above_midpoint_share,median_restraint
boundaryFocused,core,distance-quintile,posture-flip,q1,0,0,0,0,0,0,0,,,,,,
boundaryFocused,core,distance-quintile,posture-flip,q2,0,0.5,20,1020,70,0.068627,0,,,,,,
boundaryFocused,core,distance-quintile,posture-flip,q3,0.5,1,12,631,34,0.053883,0.5,,,,,,
boundaryFocused,core,distance-quintile,posture-flip,q4,1,1.5,14,733,12,0.016371,1,,,,,,
boundaryFocused,core,distance-quintile,posture-flip,q5,1.5,3,18,931,8,0.008593,1.916667,,,,,,
boundaryFocused,core,distance-quintile,primary-family-flip,q1,0,0,0,0,0,0,0,,,,,,
boundaryFocused,core,distance-quintile,primary-family-flip,q2,0,0,0,0,0,0,0,,,,,,
boundaryFocused,core,distance-quintile,primary-family-flip,q3,0,0.37,37,1921,878,0.457054,0.025405,,,,,,
boundaryFocused,core,distance-quintile,primary-family-flip,q4,0.37,0.374,14,732,119,0.162568,0.37,,,,,,
boundaryFocused,core,distance-quintile,primary-family-flip,q5,0.374,2.15,13,662,49,0.074018,1.006154,,,,,,
boundaryFocused,core,distance-quintile,pure-blend-transition,q1,0.0025,0.0025,11,573,241,0.420593,0.0025,,,,,,
boundaryFocused,core,distance-quintile,pure-blend-transition,q2,0.0025,0.3675,12,614,258,0.420195,0.107083,,,,,,
boundaryFocused,core,distance-quintile,pure-blend-transition,q3,0.3675,0.3675,0,0,0,0,0,,,,,,
boundaryFocused,core,distance-quintile,pure-blend-transition,q4,0.3675,0.3675,0,0,0,0,0,,,,,,
boundaryFocused,core,distance-quintile,pure-blend-transition,q5,0.3675,1.7825,41,2128,456,0.214286,0.480305,,,,,,
boundaryFocused,core,placement-claim-band,full-archetype-flip,lowDifferentiation,,,19,992,405,0.408266,0.010526,,,,,,
boundaryFocused,core,placement-claim-band,full-archetype-flip,sharplyDifferentiated,,,1,51,4,0.078431,2.15,,,,,,
boundaryFocused,core,placement-claim-band,full-archetype-flip,stableModeration,,,44,2272,878,0.386444,0.382955,,,,,,
boundaryFocused,core,posture-midpoint-location,restraint-score-distribution,all,1,6.5,64,0,0,0,0.851563,true,0,0.375,0.3125,0.3125,4
boundaryFocused,fullExtended,distance-quintile,posture-flip,q1,0,0.02,10,1713,0,0,0.006,,,,,,
boundaryFocused,fullExtended,distance-quintile,posture-flip,q2,0.02,0.492,16,2770,16,0.005776,0.2375,,,,,,
boundaryFocused,fullExtended,distance-quintile,posture-flip,q3,0.492,0.66,11,1898,165,0.086934,0.587273,,,,,,
boundaryFocused,fullExtended,distance-quintile,posture-flip,q4,0.66,0.76,13,2271,14,0.006165,0.695385,,,,,,
boundaryFocused,fullExtended,distance-quintile,posture-flip,q5,0.76,1.05,14,2423,0,0,0.830714,,,,,,
boundaryFocused,fullExtended,distance-quintile,primary-family-flip,q1,0,0,0,0,0,0,0,,,,,,
boundaryFocused,fullExtended,distance-quintile,primary-family-flip,q2,0,0.01,26,4499,1956,0.434763,0.003077,,,,,,
boundaryFocused,fullExtended,distance-quintile,primary-family-flip,q3,0.01,0.36,7,1220,488,0.4,0.042857,,,,,,
boundaryFocused,fullExtended,distance-quintile,primary-family-flip,q4,0.36,0.888,18,3125,260,0.0832,0.406111,,,,,,
boundaryFocused,fullExtended,distance-quintile,primary-family-flip,q5,0.888,6.47,13,2231,16,0.007172,2.371538,,,,,,
boundaryFocused,fullExtended,distance-quintile,pure-blend-transition,q1,0,0,0,0,0,0,0,,,,,,
boundaryFocused,fullExtended,distance-quintile,pure-blend-transition,q2,0,0.35,24,4171,1410,0.338048,0.105417,,,,,,
boundaryFocused,fullExtended,distance-quintile,pure-blend-transition,q3,0.35,0.36,8,1380,137,0.099275,0.35,,,,,,
boundaryFocused,fullExtended,distance-quintile,pure-blend-transition,q4,0.36,0.528,19,3293,486,0.147586,0.368421,,,,,,
boundaryFocused,fullExtended,distance-quintile,pure-blend-transition,q5,0.528,6.11,13,2231,32,0.014343,2.011538,,,,,,
boundaryFocused,fullExtended,placement-claim-band,full-archetype-flip,lowDifferentiation,,,49,8497,2498,0.293986,0.125306,,,,,,
boundaryFocused,fullExtended,placement-claim-band,full-archetype-flip,sharplyDifferentiated,,,7,1198,2,0.001669,3.38,,,,,,
boundaryFocused,fullExtended,placement-claim-band,full-archetype-flip,stableModeration,,,8,1380,65,0.047101,1.09,,,,,,
boundaryFocused,fullExtended,posture-midpoint-location,restraint-score-distribution,all,3.99,5.05,64,0,0,0,0.484219,true,0,0.0625,0.0625,0.875,4.585
boundaryFocused,targeted:constructivist|criticalPoliticalEconomy,distance-quintile,posture-flip,q1,0,0.03,13,872,3,0.00344,0.018462,,,,,,
boundaryFocused,targeted:constructivist|criticalPoliticalEconomy,distance-quintile,posture-flip,q2,0.03,0.372,13,865,29,0.033526,0.174615,,,,,,
boundaryFocused,targeted:constructivist|criticalPoliticalEconomy,distance-quintile,posture-flip,q3,0.372,0.682,12,813,86,0.105781,0.526667,,,,,,
boundaryFocused,targeted:constructivist|criticalPoliticalEconomy,distance-quintile,posture-flip,q4,0.682,0.934,13,879,20,0.022753,0.806923,,,,,,
boundaryFocused,targeted:constructivist|criticalPoliticalEconomy,distance-quintile,posture-flip,q5,0.934,1.39,13,876,0,0,1.169231,,,,,,
boundaryFocused,targeted:constructivist|criticalPoliticalEconomy,distance-quintile,primary-family-flip,q1,0,0.01,6,403,221,0.548387,0.003333,,,,,,
boundaryFocused,targeted:constructivist|criticalPoliticalEconomy,distance-quintile,primary-family-flip,q2,0.01,0.03,19,1288,618,0.479814,0.015789,,,,,,
boundaryFocused,targeted:constructivist|criticalPoliticalEconomy,distance-quintile,primary-family-flip,q3,0.03,0.18,13,870,342,0.393103,0.084615,,,,,,
boundaryFocused,targeted:constructivist|criticalPoliticalEconomy,distance-quintile,primary-family-flip,q4,0.18,0.216,13,873,277,0.317297,0.19,,,,,,
boundaryFocused,targeted:constructivist|criticalPoliticalEconomy,distance-quintile,primary-family-flip,q5,0.216,0.97,13,871,105,0.120551,0.559231,,,,,,
boundaryFocused,targeted:constructivist|criticalPoliticalEconomy,distance-quintile,pure-blend-transition,q1,0,0.01,12,802,414,0.516209,0.004167,,,,,,
boundaryFocused,targeted:constructivist|criticalPoliticalEconomy,distance-quintile,pure-blend-transition,q2,0.01,0.16,10,672,324,0.482143,0.047,,,,,,
boundaryFocused,targeted:constructivist|criticalPoliticalEconomy,distance-quintile,pure-blend-transition,q3,0.16,0.18,15,1014,502,0.495069,0.163333,,,,,,
boundaryFocused,targeted:constructivist|criticalPoliticalEconomy,distance-quintile,pure-blend-transition,q4,0.18,0.19,13,875,412,0.470857,0.18,,,,,,
boundaryFocused,targeted:constructivist|criticalPoliticalEconomy,distance-quintile,pure-blend-transition,q5,0.19,0.78,14,942,181,0.192144,0.382143,,,,,,
boundaryFocused,targeted:constructivist|criticalPoliticalEconomy,placement-claim-band,full-archetype-flip,lowDifferentiation,,,43,2903,1765,0.607992,0.062558,,,,,,
boundaryFocused,targeted:constructivist|criticalPoliticalEconomy,placement-claim-band,full-archetype-flip,sharplyDifferentiated,,,2,134,13,0.097015,0.92,,,,,,
boundaryFocused,targeted:constructivist|criticalPoliticalEconomy,placement-claim-band,full-archetype-flip,stableModeration,,,19,1268,461,0.363565,0.348947,,,,,,
boundaryFocused,targeted:constructivist|criticalPoliticalEconomy,posture-midpoint-location,restraint-score-distribution,all,3.31,5.39,64,0,0,0,0.539375,true,0,0.234375,0.015625,0.75,4.53
boundaryFocused,targeted:institutionalist|constructivist,distance-quintile,posture-flip,q1,0,0.02,9,607,4,0.00659,0.006667,,,,,,
boundaryFocused,targeted:institutionalist|constructivist,distance-quintile,posture-flip,q2,0.02,0.244,17,1158,18,0.015544,0.11,,,,,,
boundaryFocused,targeted:institutionalist|constructivist,distance-quintile,posture-flip,q3,0.244,0.602,12,801,74,0.092385,0.45,,,,,,
boundaryFocused,targeted:institutionalist|constructivist,distance-quintile,posture-flip,q4,0.602,1.038,13,873,13,0.014891,0.799231,,,,,,
boundaryFocused,targeted:institutionalist|constructivist,distance-quintile,posture-flip,q5,1.038,1.49,13,868,0,0,1.234615,,,,,,
boundaryFocused,targeted:institutionalist|constructivist,distance-quintile,primary-family-flip,q1,0,0.01,2,139,70,0.503597,0,,,,,,
boundaryFocused,targeted:institutionalist|constructivist,distance-quintile,primary-family-flip,q2,0.01,0.03,24,1615,806,0.499071,0.015,,,,,,
boundaryFocused,targeted:institutionalist|constructivist,distance-quintile,primary-family-flip,q3,0.03,0.16,11,737,284,0.385346,0.079091,,,,,,
boundaryFocused,targeted:institutionalist|constructivist,distance-quintile,primary-family-flip,q4,0.16,0.464,14,941,233,0.247609,0.189286,,,,,,
boundaryFocused,targeted:institutionalist|constructivist,distance-quintile,primary-family-flip,q5,0.464,1.19,13,875,80,0.091429,0.800769,,,,,,
boundaryFocused,targeted:institutionalist|constructivist,distance-quintile,pure-blend-transition,q1,0,0.01,10,670,312,0.465672,0,,,,,,
boundaryFocused,targeted:institutionalist|constructivist,distance-quintile,pure-blend-transition,q2,0.01,0.14,15,1006,410,0.407555,0.076667,,,,,,
boundaryFocused,targeted:institutionalist|constructivist,distance-quintile,pure-blend-transition,q3,0.14,0.15,11,738,343,0.46477,0.140909,,,,,,
boundaryFocused,targeted:institutionalist|constructivist,distance-quintile,pure-blend-transition,q4,0.15,0.304,15,1018,475,0.466601,0.16,,,,,,
boundaryFocused,targeted:institutionalist|constructivist,distance-quintile,pure-blend-transition,q5,0.304,1.03,13,875,66,0.075429,0.640769,,,,,,
boundaryFocused,targeted:institutionalist|constructivist,placement-claim-band,full-archetype-flip,lowDifferentiation,,,37,2495,1480,0.593186,0.040811,,,,,,
boundaryFocused,targeted:institutionalist|constructivist,placement-claim-band,full-archetype-flip,sharplyDifferentiated,,,7,471,30,0.063694,1.004286,,,,,,
boundaryFocused,targeted:institutionalist|constructivist,placement-claim-band,full-archetype-flip,stableModeration,,,20,1341,524,0.390753,0.2875,,,,,,
boundaryFocused,targeted:institutionalist|constructivist,posture-midpoint-location,restraint-score-distribution,all,3.44,5.49,64,0,0,0,0.527656,true,0,0.1875,0.046875,0.765625,4.44
boundaryFocused,targeted:institutionalist|criticalPoliticalEconomy,distance-quintile,posture-flip,q1,0,0.03,12,807,4,0.004957,0.013333,,,,,,
boundaryFocused,targeted:institutionalist|criticalPoliticalEconomy,distance-quintile,posture-flip,q2,0.03,0.42,13,875,18,0.020571,0.183077,,,,,,
boundaryFocused,targeted:institutionalist|criticalPoliticalEconomy,distance-quintile,posture-flip,q3,0.42,0.818,13,872,71,0.081422,0.628462,,,,,,
boundaryFocused,targeted:institutionalist|criticalPoliticalEconomy,distance-quintile,posture-flip,q4,0.818,1.106,13,872,9,0.010321,0.910769,,,,,,
boundaryFocused,targeted:institutionalist|criticalPoliticalEconomy,distance-quintile,posture-flip,q5,1.106,1.5,13,881,0,0,1.280769,,,,,,
boundaryFocused,targeted:institutionalist|criticalPoliticalEconomy,distance-quintile,primary-family-flip,q1,0,0.02,11,738,385,0.52168,0.005455,,,,,,
boundaryFocused,targeted:institutionalist|criticalPoliticalEconomy,distance-quintile,primary-family-flip,q2,0.02,0.04,12,812,407,0.501232,0.023333,,,,,,
boundaryFocused,targeted:institutionalist|criticalPoliticalEconomy,distance-quintile,primary-family-flip,q3,0.04,0.21,14,941,401,0.426142,0.076429,,,,,,
boundaryFocused,targeted:institutionalist|criticalPoliticalEconomy,distance-quintile,primary-family-flip,q4,0.21,0.31,14,944,238,0.252119,0.222857,,,,,,
boundaryFocused,targeted:institutionalist|criticalPoliticalEconomy,distance-quintile,primary-family-flip,q5,0.31,1.8,13,872,77,0.088303,0.851538,,,,,,
boundaryFocused,targeted:institutionalist|criticalPoliticalEconomy,distance-quintile,pure-blend-transition,q1,0,0.01,9,615,271,0.44065,0.003333,,,,,,
boundaryFocused,targeted:institutionalist|criticalPoliticalEconomy,distance-quintile,pure-blend-transition,q2,0.01,0.18,14,936,415,0.443376,0.082857,,,,,,
boundaryFocused,targeted:institutionalist|criticalPoliticalEconomy,distance-quintile,pure-blend-transition,q3,0.18,0.2,9,606,213,0.351485,0.184444,,,,,,
boundaryFocused,targeted:institutionalist|criticalPoliticalEconomy,distance-quintile,pure-blend-transition,q4,0.2,0.22,15,1006,387,0.384692,0.204667,,,,,,
boundaryFocused,targeted:institutionalist|criticalPoliticalEconomy,distance-quintile,pure-blend-transition,q5,0.22,1.58,17,1144,239,0.208916,0.535294,,,,,,
boundaryFocused,targeted:institutionalist|criticalPoliticalEconomy,placement-claim-band,full-archetype-flip,lowDifferentiation,,,37,2493,1382,0.554352,0.059189,,,,,,
boundaryFocused,targeted:institutionalist|criticalPoliticalEconomy,placement-claim-band,full-archetype-flip,sharplyDifferentiated,,,5,330,24,0.072727,1.308,,,,,,
boundaryFocused,targeted:institutionalist|criticalPoliticalEconomy,placement-claim-band,full-archetype-flip,stableModeration,,,22,1484,585,0.394205,0.312273,,,,,,
boundaryFocused,targeted:institutionalist|criticalPoliticalEconomy,posture-midpoint-location,restraint-score-distribution,all,3.12,5.5,64,0,0,0,0.6125,true,0,0.15625,0.015625,0.828125,4.640000000000001
boundaryFocused,targeted:realist|constructivist,distance-quintile,posture-flip,q1,0,0.02,11,741,79,0.106613,0.006364,,,,,,
boundaryFocused,targeted:realist|constructivist,distance-quintile,posture-flip,q2,0.02,0.252,15,998,91,0.091182,0.089333,,,,,,
boundaryFocused,targeted:realist|constructivist,distance-quintile,posture-flip,q3,0.252,0.536,12,808,28,0.034653,0.37,,,,,,
boundaryFocused,targeted:realist|constructivist,distance-quintile,posture-flip,q4,0.536,0.962,13,878,9,0.010251,0.752308,,,,,,
boundaryFocused,targeted:realist|constructivist,distance-quintile,posture-flip,q5,0.962,1.72,13,870,0,0,1.353846,,,,,,
boundaryFocused,targeted:realist|constructivist,distance-quintile,primary-family-flip,q1,0,0.02,11,742,384,0.51752,0.004545,,,,,,
boundaryFocused,targeted:realist|constructivist,distance-quintile,primary-family-flip,q2,0.02,0.05,15,1009,471,0.466799,0.032667,,,,,,
boundaryFocused,targeted:realist|constructivist,distance-quintile,primary-family-flip,q3,0.05,0.306,12,812,358,0.440887,0.08,,,,,,
boundaryFocused,targeted:realist|constructivist,distance-quintile,primary-family-flip,q4,0.306,0.35,12,793,176,0.221942,0.343333,,,,,,
boundaryFocused,targeted:realist|constructivist,distance-quintile,primary-family-flip,q5,0.35,3.01,14,939,104,0.110756,1.077143,,,,,,
boundaryFocused,targeted:realist|constructivist,distance-quintile,pure-blend-transition,q1,0,0.01,13,863,388,0.449594,0.003077,,,,,,
boundaryFocused,targeted:realist|constructivist,distance-quintile,pure-blend-transition,q2,0.01,0.3,10,670,271,0.404478,0.133,,,,,,
boundaryFocused,targeted:realist|constructivist,distance-quintile,pure-blend-transition,q3,0.3,0.32,14,942,323,0.342887,0.303571,,,,,,
boundaryFocused,targeted:realist|constructivist,distance-quintile,pure-blend-transition,q4,0.32,0.35,13,877,287,0.327252,0.327692,,,,,,
boundaryFocused,targeted:realist|constructivist,distance-quintile,pure-blend-transition,q5,0.35,2.66,14,943,170,0.180276,0.87,,,,,,
boundaryFocused,targeted:realist|constructivist,placement-claim-band,full-archetype-flip,lowDifferentiation,,,46,3093,1562,0.505011,0.112826,,,,,,
boundaryFocused,targeted:realist|constructivist,placement-claim-band,full-archetype-flip,sharplyDifferentiated,,,4,269,34,0.126394,2.3825,,,,,,
boundaryFocused,targeted:realist|constructivist,placement-claim-band,full-archetype-flip,stableModeration,,,14,933,417,0.446945,0.427143,,,,,,
boundaryFocused,targeted:realist|constructivist,posture-midpoint-location,restraint-score-distribution,all,2.28,5.7,64,0,0,0,0.519219,true,0,0.328125,0.0625,0.609375,4.025
boundaryFocused,targeted:realist|criticalPoliticalEconomy,distance-quintile,posture-flip,q1,0,0.02,12,809,46,0.05686,0.013333,,,,,,
boundaryFocused,targeted:realist|criticalPoliticalEconomy,distance-quintile,posture-flip,q2,0.02,0.26,13,870,66,0.075862,0.115385,,,,,,
boundaryFocused,targeted:realist|criticalPoliticalEconomy,distance-quintile,posture-flip,q3,0.26,0.554,13,872,48,0.055046,0.377692,,,,,,
boundaryFocused,targeted:realist|criticalPoliticalEconomy,distance-quintile,posture-flip,q4,0.554,0.902,13,877,5,0.005701,0.723846,,,,,,
boundaryFocused,targeted:realist|criticalPoliticalEconomy,distance-quintile,posture-flip,q5,0.902,1.4,13,879,0,0,1.160769,,,,,,
boundaryFocused,targeted:realist|criticalPoliticalEconomy,distance-quintile,primary-family-flip,q1,0,0.01,7,460,220,0.478261,0.004286,,,,,,
boundaryFocused,targeted:realist|criticalPoliticalEconomy,distance-quintile,primary-family-flip,q2,0.01,0.02,16,1087,551,0.5069,0.013125,,,,,,
boundaryFocused,targeted:realist|criticalPoliticalEconomy,distance-quintile,primary-family-flip,q3,0.02,0.2,13,877,391,0.445838,0.061538,,,,,,
boundaryFocused,targeted:realist|criticalPoliticalEconomy,distance-quintile,primary-family-flip,q4,0.2,0.22,10,677,198,0.292467,0.203,,,,,,
boundaryFocused,targeted:realist|criticalPoliticalEconomy,distance-quintile,primary-family-flip,q5,0.22,2.42,18,1206,201,0.166667,0.684444,,,,,,
boundaryFocused,targeted:realist|criticalPoliticalEconomy,distance-quintile,pure-blend-transition,q1,0,0.01,6,406,226,0.55665,0.005,,,,,,
boundaryFocused,targeted:realist|criticalPoliticalEconomy,distance-quintile,pure-blend-transition,q2,0.01,0.182,20,1339,583,0.4354,0.0425,,,,,,
boundaryFocused,targeted:realist|criticalPoliticalEconomy,distance-quintile,pure-blend-transition,q3,0.182,0.198,12,819,393,0.479853,0.19,,,,,,
boundaryFocused,targeted:realist|criticalPoliticalEconomy,distance-quintile,pure-blend-transition,q4,0.198,0.2,13,877,440,0.50171,0.2,,,,,,
boundaryFocused,targeted:realist|criticalPoliticalEconomy,distance-quintile,pure-blend-transition,q5,0.2,2.21,13,866,180,0.207852,0.720769,,,,,,
boundaryFocused,targeted:realist|criticalPoliticalEconomy,placement-claim-band,full-archetype-flip,lowDifferentiation,,,43,2900,1662,0.573103,0.061628,,,,,,
boundaryFocused,targeted:realist|criticalPoliticalEconomy,placement-claim-band,full-archetype-flip,sharplyDifferentiated,,,5,333,28,0.084084,1.646,,,,,,
boundaryFocused,targeted:realist|criticalPoliticalEconomy,placement-claim-band,full-archetype-flip,stableModeration,,,16,1074,505,0.470205,0.281875,,,,,,
boundaryFocused,targeted:realist|criticalPoliticalEconomy,posture-midpoint-location,restraint-score-distribution,all,3.57,5.4,64,0,0,0,0.485469,true,0,0.234375,0.015625,0.75,4.355
boundaryFocused,targeted:realist|institutionalist,distance-quintile,posture-flip,q1,0,0.03,10,675,64,0.094815,0.009,,,,,,
boundaryFocused,targeted:realist|institutionalist,distance-quintile,posture-flip,q2,0.03,0.28,16,1088,94,0.086397,0.09375,,,,,,
boundaryFocused,targeted:realist|institutionalist,distance-quintile,posture-flip,q3,0.28,0.646,12,807,20,0.024783,0.456667,,,,,,
boundaryFocused,targeted:realist|institutionalist,distance-quintile,posture-flip,q4,0.646,1.05,13,876,4,0.004566,0.836154,,,,,,
boundaryFocused,targeted:realist|institutionalist,distance-quintile,posture-flip,q5,1.05,2.05,13,869,2,0.002301,1.362308,,,,,,
boundaryFocused,targeted:realist|institutionalist,distance-quintile,primary-family-flip,q1,0,0.026,13,868,446,0.513825,0.014615,,,,,,
boundaryFocused,targeted:realist|institutionalist,distance-quintile,primary-family-flip,q2,0.026,0.04,11,736,381,0.517663,0.032727,,,,,,
boundaryFocused,targeted:realist|institutionalist,distance-quintile,primary-family-flip,q3,0.04,0.28,11,745,296,0.397315,0.092727,,,,,,
boundaryFocused,targeted:realist|institutionalist,distance-quintile,primary-family-flip,q4,0.28,0.456,16,1085,251,0.231336,0.30125,,,,,,
boundaryFocused,targeted:realist|institutionalist,distance-quintile,primary-family-flip,q5,0.456,1.97,13,881,64,0.072645,1.067692,,,,,,
boundaryFocused,targeted:realist|institutionalist,distance-quintile,pure-blend-transition,q1,0,0.016,13,881,403,0.457435,0.006923,,,,,,
boundaryFocused,targeted:realist|institutionalist,distance-quintile,pure-blend-transition,q2,0.016,0.24,12,817,292,0.357405,0.149167,,,,,,
boundaryFocused,targeted:realist|institutionalist,distance-quintile,pure-blend-transition,q3,0.24,0.26,11,736,302,0.410326,0.250909,,,,,,
boundaryFocused,targeted:realist|institutionalist,distance-quintile,pure-blend-transition,q4,0.26,0.28,13,866,337,0.389145,0.266154,,,,,,
boundaryFocused,targeted:realist|institutionalist,distance-quintile,pure-blend-transition,q5,0.28,1.68,15,1015,198,0.195074,0.724667,,,,,,
boundaryFocused,targeted:realist|institutionalist,placement-claim-band,full-archetype-flip,lowDifferentiation,,,40,2692,1504,0.558692,0.088,,,,,,
boundaryFocused,targeted:realist|institutionalist,placement-claim-band,full-archetype-flip,sharplyDifferentiated,,,5,344,39,0.113372,1.586,,,,,,
boundaryFocused,targeted:realist|institutionalist,placement-claim-band,full-archetype-flip,stableModeration,,,19,1279,510,0.398749,0.464211,,,,,,
boundaryFocused,targeted:realist|institutionalist,posture-midpoint-location,restraint-score-distribution,all,2.6,6.05,64,0,0,0,0.557031,true,0,0.40625,0.0625,0.53125,4.02
calibratedSynthetic,core,distance-quintile,posture-flip,q1,0,0.5,35,1927,78,0.040477,0,,,,,,
calibratedSynthetic,core,distance-quintile,posture-flip,q2,0.5,0.5,0,0,0,0,0,,,,,,
calibratedSynthetic,core,distance-quintile,posture-flip,q3,0.5,1,64,3524,172,0.048808,0.5,,,,,,
calibratedSynthetic,core,distance-quintile,posture-flip,q4,1,1.5,66,3630,8,0.002204,1,,,,,,
calibratedSynthetic,core,distance-quintile,posture-flip,q5,1.5,2.5,75,4116,0,0,1.713333,,,,,,
calibratedSynthetic,core,distance-quintile,primary-family-flip,q1,0.04,1.106,48,2658,119,0.044771,0.686667,,,,,,
calibratedSynthetic,core,distance-quintile,primary-family-flip,q2,1.106,1.744,48,2646,5,0.00189,1.38625,,,,,,
calibratedSynthetic,core,distance-quintile,primary-family-flip,q3,1.744,2.374,48,2635,0,0,2.094792,,,,,,
calibratedSynthetic,core,distance-quintile,primary-family-flip,q4,2.374,3.08,47,2584,0,0,2.69766,,,,,,
calibratedSynthetic,core,distance-quintile,primary-family-flip,q5,3.08,4.25,49,2674,0,0,3.473265,,,,,,
calibratedSynthetic,core,distance-quintile,pure-blend-transition,q1,0.0075,0.7385,48,2658,311,0.117005,0.378542,,,,,,
calibratedSynthetic,core,distance-quintile,pure-blend-transition,q2,0.7385,1.3765,48,2646,21,0.007937,1.01875,,,,,,
calibratedSynthetic,core,distance-quintile,pure-blend-transition,q3,1.3765,2.0065,48,2635,5,0.001898,1.727292,,,,,,
calibratedSynthetic,core,distance-quintile,pure-blend-transition,q4,2.0065,2.7125,47,2584,0,0,2.33016,,,,,,
calibratedSynthetic,core,distance-quintile,pure-blend-transition,q5,2.7125,3.8825,49,2674,0,0,3.105765,,,,,,
calibratedSynthetic,core,placement-claim-band,full-archetype-flip,lowDifferentiation,,,1,56,14,0.25,0.28,,,,,,
calibratedSynthetic,core,placement-claim-band,full-archetype-flip,sharplyDifferentiated,,,159,8723,199,0.022813,2.651132,,,,,,
calibratedSynthetic,core,placement-claim-band,full-archetype-flip,stableModeration,,,80,4418,403,0.091218,0.94025,,,,,,
calibratedSynthetic,core,posture-midpoint-location,restraint-score-distribution,all,1.5,6.5,240,0,0,0,0.94375,true,0,0.266667,0.145833,0.5875,4.5
calibratedSynthetic,fullExtended,distance-quintile,posture-flip,q1,0,0.35,31,5663,0,0,0.199677,,,,,,
calibratedSynthetic,fullExtended,distance-quintile,posture-flip,q2,0.35,0.732,33,6044,177,0.029285,0.566364,,,,,,
calibratedSynthetic,fullExtended,distance-quintile,posture-flip,q3,0.732,1.064,32,5863,0,0,0.9075,,,,,,
calibratedSynthetic,fullExtended,distance-quintile,posture-flip,q4,1.064,1.242,32,5854,0,0,1.144688,,,,,,
calibratedSynthetic,fullExtended,distance-quintile,posture-flip,q5,1.242,1.51,32,5880,0,0,1.347812,,,,,,
calibratedSynthetic,fullExtended,distance-quintile,primary-family-flip,q1,0.08,3.428,32,5889,45,0.007641,2.554375,,,,,,
calibratedSynthetic,fullExtended,distance-quintile,primary-family-flip,q2,3.428,4.474,32,5874,0,0,4.00125,,,,,,
calibratedSynthetic,fullExtended,distance-quintile,primary-family-flip,q3,4.474,6.028,32,5869,0,0,4.9775,,,,,,
calibratedSynthetic,fullExtended,distance-quintile,primary-family-flip,q4,6.028,8.776,32,5829,0,0,7.223438,,,,,,
calibratedSynthetic,fullExtended,distance-quintile,primary-family-flip,q5,8.776,12.83,32,5843,0,0,10.314062,,,,,,
calibratedSynthetic,fullExtended,distance-quintile,pure-blend-transition,q1,0.28,3.068,32,5889,15,0.002547,2.211875,,,,,,
calibratedSynthetic,fullExtended,distance-quintile,pure-blend-transition,q2,3.068,4.114,32,5874,0,0,3.64125,,,,,,
calibratedSynthetic,fullExtended,distance-quintile,pure-blend-transition,q3,4.114,5.668,32,5869,0,0,4.6175,,,,,,
calibratedSynthetic,fullExtended,distance-quintile,pure-blend-transition,q4,5.668,8.416,32,5829,0,0,6.863438,,,,,,
calibratedSynthetic,fullExtended,distance-quintile,pure-blend-transition,q5,8.416,12.47,32,5843,0,0,9.954062,,,,,,
calibratedSynthetic,fullExtended,placement-claim-band,full-archetype-flip,lowDifferentiation,,,1,186,7,0.037634,0.08,,,,,,
calibratedSynthetic,fullExtended,placement-claim-band,full-archetype-flip,sharplyDifferentiated,,,158,28933,177,0.006118,5.882215,,,,,,
calibratedSynthetic,fullExtended,placement-claim-band,full-archetype-flip,stableModeration,,,1,185,8,0.043243,0.79,,,,,,
calibratedSynthetic,fullExtended,posture-midpoint-location,restraint-score-distribution,all,3.44,5.51,160,0,0,0,0.8355,true,0,0.2,0.00625,0.79375,4.93
calibratedSynthetic,targeted:constructivist|criticalPoliticalEconomy,distance-quintile,posture-flip,q1,0.02,0.456,24,1687,13,0.007706,0.238333,,,,,,
calibratedSynthetic,targeted:constructivist|criticalPoliticalEconomy,distance-quintile,posture-flip,q2,0.456,0.8,23,1613,77,0.047737,0.626087,,,,,,
calibratedSynthetic,targeted:constructivist|criticalPoliticalEconomy,distance-quintile,posture-flip,q3,0.8,1.048,25,1744,4,0.002294,0.9256,,,,,,
calibratedSynthetic,targeted:constructivist|criticalPoliticalEconomy,distance-quintile,posture-flip,q4,1.048,1.32,23,1607,0,0,1.196087,,,,,,
calibratedSynthetic,targeted:constructivist|criticalPoliticalEconomy,distance-quintile,posture-flip,q5,1.32,1.75,25,1742,0,0,1.4936,,,,,,
calibratedSynthetic,targeted:constructivist|criticalPoliticalEconomy,distance-quintile,primary-family-flip,q1,0.03,1.882,24,1687,52,0.030824,1.273333,,,,,,
calibratedSynthetic,targeted:constructivist|criticalPoliticalEconomy,distance-quintile,primary-family-flip,q2,1.882,2.384,24,1673,0,0,2.13,,,,,,
calibratedSynthetic,targeted:constructivist|criticalPoliticalEconomy,distance-quintile,primary-family-flip,q3,2.384,3.258,24,1679,0,0,2.755,,,,,,
calibratedSynthetic,targeted:constructivist|criticalPoliticalEconomy,distance-quintile,primary-family-flip,q4,3.258,3.9,24,1675,0,0,3.586667,,,,,,
calibratedSynthetic,targeted:constructivist|criticalPoliticalEconomy,distance-quintile,primary-family-flip,q5,3.9,5.43,24,1679,0,0,4.517083,,,,,,
calibratedSynthetic,targeted:constructivist|criticalPoliticalEconomy,distance-quintile,pure-blend-transition,q1,0.1,1.692,24,1687,60,0.035566,1.105,,,,,,
calibratedSynthetic,targeted:constructivist|criticalPoliticalEconomy,distance-quintile,pure-blend-transition,q2,1.692,2.194,24,1673,0,0,1.94,,,,,,
calibratedSynthetic,targeted:constructivist|criticalPoliticalEconomy,distance-quintile,pure-blend-transition,q3,2.194,3.068,24,1679,0,0,2.565,,,,,,
calibratedSynthetic,targeted:constructivist|criticalPoliticalEconomy,distance-quintile,pure-blend-transition,q4,3.068,3.71,24,1675,0,0,3.396667,,,,,,
calibratedSynthetic,targeted:constructivist|criticalPoliticalEconomy,distance-quintile,pure-blend-transition,q5,3.71,5.24,24,1679,0,0,4.327083,,,,,,
calibratedSynthetic,targeted:constructivist|criticalPoliticalEconomy,placement-claim-band,full-archetype-flip,lowDifferentiation,,,1,71,16,0.225352,0.09,,,,,,
calibratedSynthetic,targeted:constructivist|criticalPoliticalEconomy,placement-claim-band,full-archetype-flip,sharplyDifferentiated,,,117,8180,101,0.012347,2.920684,,,,,,
calibratedSynthetic,targeted:constructivist|criticalPoliticalEconomy,placement-claim-band,full-archetype-flip,stableModeration,,,2,142,41,0.288732,0.24,,,,,,
calibratedSynthetic,targeted:constructivist|criticalPoliticalEconomy,posture-midpoint-location,restraint-score-distribution,all,3.33,5.75,120,0,0,0,0.900917,false,0.020000000000000018,0.208333,0,0.791667,4.915
calibratedSynthetic,targeted:institutionalist|constructivist,distance-quintile,posture-flip,q1,0.02,0.388,24,1682,117,0.06956,0.227083,,,,,,
calibratedSynthetic,targeted:institutionalist|constructivist,distance-quintile,posture-flip,q2,0.388,0.622,24,1671,65,0.038899,0.513333,,,,,,
calibratedSynthetic,targeted:institutionalist|constructivist,distance-quintile,posture-flip,q3,0.622,1.052,24,1682,6,0.003567,0.875,,,,,,
calibratedSynthetic,targeted:institutionalist|constructivist,distance-quintile,posture-flip,q4,1.052,1.304,24,1684,0,0,1.211667,,,,,,
calibratedSynthetic,targeted:institutionalist|constructivist,distance-quintile,posture-flip,q5,1.304,1.61,24,1676,0,0,1.432083,,,,,,
calibratedSynthetic,targeted:institutionalist|constructivist,distance-quintile,primary-family-flip,q1,0.17,1.282,24,1690,34,0.020118,0.808333,,,,,,
calibratedSynthetic,targeted:institutionalist|constructivist,distance-quintile,primary-family-flip,q2,1.282,1.954,24,1680,2,0.00119,1.625833,,,,,,
calibratedSynthetic,targeted:institutionalist|constructivist,distance-quintile,primary-family-flip,q3,1.954,3.414,24,1685,0,0,2.76375,,,,,,
calibratedSynthetic,targeted:institutionalist|constructivist,distance-quintile,primary-family-flip,q4,3.414,4.22,23,1604,0,0,3.752174,,,,,,
calibratedSynthetic,targeted:institutionalist|constructivist,distance-quintile,primary-family-flip,q5,4.22,6.2,25,1736,0,0,4.9708,,,,,,
calibratedSynthetic,targeted:institutionalist|constructivist,distance-quintile,pure-blend-transition,q1,0.01,1.122,24,1690,62,0.036686,0.648333,,,,,,
calibratedSynthetic,targeted:institutionalist|constructivist,distance-quintile,pure-blend-transition,q2,1.122,1.794,24,1680,2,0.00119,1.465833,,,,,,
calibratedSynthetic,targeted:institutionalist|constructivist,distance-quintile,pure-blend-transition,q3,1.794,3.254,24,1685,0,0,2.60375,,,,,,
calibratedSynthetic,targeted:institutionalist|constructivist,distance-quintile,pure-blend-transition,q4,3.254,4.06,23,1604,0,0,3.592174,,,,,,
calibratedSynthetic,targeted:institutionalist|constructivist,distance-quintile,pure-blend-transition,q5,4.06,6.04,25,1736,0,0,4.8108,,,,,,
calibratedSynthetic,targeted:institutionalist|constructivist,placement-claim-band,full-archetype-flip,lowDifferentiation,,,0,0,0,0,0,,,,,,
calibratedSynthetic,targeted:institutionalist|constructivist,placement-claim-band,full-archetype-flip,sharplyDifferentiated,,,116,8111,208,0.025644,2.879655,,,,,,
calibratedSynthetic,targeted:institutionalist|constructivist,placement-claim-band,full-archetype-flip,stableModeration,,,4,284,57,0.200704,0.32,,,,,,
calibratedSynthetic,targeted:institutionalist|constructivist,posture-midpoint-location,restraint-score-distribution,all,3.19,5.61,120,0,0,0,0.851833,false,0.020000000000000018,0.208333,0,0.791667,4.91
calibratedSynthetic,targeted:institutionalist|criticalPoliticalEconomy,distance-quintile,posture-flip,q1,0.02,0.374,24,1683,3,0.001783,0.205833,,,,,,
calibratedSynthetic,targeted:institutionalist|criticalPoliticalEconomy,distance-quintile,posture-flip,q2,0.374,0.908,24,1668,67,0.040168,0.64375,,,,,,
calibratedSynthetic,targeted:institutionalist|criticalPoliticalEconomy,distance-quintile,posture-flip,q3,0.908,1.12,21,1461,8,0.005476,1.005238,,,,,,
calibratedSynthetic,targeted:institutionalist|criticalPoliticalEconomy,distance-quintile,posture-flip,q4,1.12,1.324,27,1889,0,0,1.188889,,,,,,
calibratedSynthetic,targeted:institutionalist|criticalPoliticalEconomy,distance-quintile,posture-flip,q5,1.324,1.9,24,1679,0,0,1.515,,,,,,
calibratedSynthetic,targeted:institutionalist|criticalPoliticalEconomy,distance-quintile,primary-family-flip,q1,0.18,1.796,24,1688,17,0.010071,1.300417,,,,,,
calibratedSynthetic,targeted:institutionalist|criticalPoliticalEconomy,distance-quintile,primary-family-flip,q2,1.796,2.762,24,1676,0,0,2.210417,,,,,,
calibratedSynthetic,targeted:institutionalist|criticalPoliticalEconomy,distance-quintile,primary-family-flip,q3,2.762,3.408,24,1675,0,0,3.08375,,,,,,
calibratedSynthetic,targeted:institutionalist|criticalPoliticalEconomy,distance-quintile,primary-family-flip,q4,3.408,4.546,24,1668,0,0,3.86625,,,,,,
calibratedSynthetic,targeted:institutionalist|criticalPoliticalEconomy,distance-quintile,primary-family-flip,q5,4.546,6.95,24,1673,0,0,5.608333,,,,,,
calibratedSynthetic,targeted:institutionalist|criticalPoliticalEconomy,distance-quintile,pure-blend-transition,q1,0.04,1.576,24,1688,44,0.026066,1.08375,,,,,,
calibratedSynthetic,targeted:institutionalist|criticalPoliticalEconomy,distance-quintile,pure-blend-transition,q2,1.576,2.542,24,1676,0,0,1.990417,,,,,,
calibratedSynthetic,targeted:institutionalist|criticalPoliticalEconomy,distance-quintile,pure-blend-transition,q3,2.542,3.188,24,1675,0,0,2.86375,,,,,,
calibratedSynthetic,targeted:institutionalist|criticalPoliticalEconomy,distance-quintile,pure-blend-transition,q4,3.188,4.326,24,1668,0,0,3.64625,,,,,,
calibratedSynthetic,targeted:institutionalist|criticalPoliticalEconomy,distance-quintile,pure-blend-transition,q5,4.326,6.73,24,1673,0,0,5.388333,,,,,,
calibratedSynthetic,targeted:institutionalist|criticalPoliticalEconomy,placement-claim-band,full-archetype-flip,lowDifferentiation,,,0,0,0,0,0,,,,,,
calibratedSynthetic,targeted:institutionalist|criticalPoliticalEconomy,placement-claim-band,full-archetype-flip,sharplyDifferentiated,,,118,8240,89,0.010801,3.262542,,,,,,
calibratedSynthetic,targeted:institutionalist|criticalPoliticalEconomy,placement-claim-band,full-archetype-flip,stableModeration,,,2,140,35,0.25,0.34,,,,,,
calibratedSynthetic,targeted:institutionalist|criticalPoliticalEconomy,posture-midpoint-location,restraint-score-distribution,all,3.33,5.9,120,0,0,0,0.916333,false,0.019999999999999574,0.175,0,0.825,5.015
calibratedSynthetic,targeted:realist|constructivist,distance-quintile,posture-flip,q1,0,0.46,24,1686,73,0.043298,0.275833,,,,,,
calibratedSynthetic,targeted:realist|constructivist,distance-quintile,posture-flip,q2,0.46,0.762,24,1678,9,0.005364,0.599583,,,,,,
calibratedSynthetic,targeted:realist|constructivist,distance-quintile,posture-flip,q3,0.762,1.032,24,1682,0,0,0.887917,,,,,,
calibratedSynthetic,targeted:realist|constructivist,distance-quintile,posture-flip,q4,1.032,1.19,24,1677,0,0,1.131667,,,,,,
calibratedSynthetic,targeted:realist|constructivist,distance-quintile,posture-flip,q5,1.19,2.22,24,1685,0,0,1.495417,,,,,,
calibratedSynthetic,targeted:realist|constructivist,distance-quintile,primary-family-flip,q1,0.29,1.664,24,1687,13,0.007706,1.168333,,,,,,
calibratedSynthetic,targeted:realist|constructivist,distance-quintile,primary-family-flip,q2,1.664,2.208,24,1679,0,0,1.970833,,,,,,
calibratedSynthetic,targeted:realist|constructivist,distance-quintile,primary-family-flip,q3,2.208,3.082,24,1679,0,0,2.543333,,,,,,
calibratedSynthetic,targeted:realist|constructivist,distance-quintile,primary-family-flip,q4,3.082,4.144,24,1681,0,0,3.701667,,,,,,
calibratedSynthetic,targeted:realist|constructivist,distance-quintile,primary-family-flip,q5,4.144,6.96,24,1682,0,0,5.215,,,,,,
calibratedSynthetic,targeted:realist|constructivist,distance-quintile,pure-blend-transition,q1,0.06,1.314,24,1687,66,0.039123,0.823333,,,,,,
calibratedSynthetic,targeted:realist|constructivist,distance-quintile,pure-blend-transition,q2,1.314,1.858,24,1679,7,0.004169,1.620833,,,,,,
calibratedSynthetic,targeted:realist|constructivist,distance-quintile,pure-blend-transition,q3,1.858,2.732,24,1679,0,0,2.193333,,,,,,
calibratedSynthetic,targeted:realist|constructivist,distance-quintile,pure-blend-transition,q4,2.732,3.794,24,1681,0,0,3.351667,,,,,,
calibratedSynthetic,targeted:realist|constructivist,distance-quintile,pure-blend-transition,q5,3.794,6.61,24,1682,0,0,4.865,,,,,,
calibratedSynthetic,targeted:realist|constructivist,placement-claim-band,full-archetype-flip,lowDifferentiation,,,1,71,27,0.380282,0.29,,,,,,
calibratedSynthetic,targeted:realist|constructivist,placement-claim-band,full-archetype-flip,sharplyDifferentiated,,,109,7634,85,0.011134,3.127248,,,,,,
calibratedSynthetic,targeted:realist|constructivist,placement-claim-band,full-archetype-flip,stableModeration,,,10,703,43,0.061166,0.922,,,,,,
calibratedSynthetic,targeted:realist|constructivist,posture-midpoint-location,restraint-score-distribution,all,2.94,6.22,120,0,0,0,0.878083,true,0,0.25,0.008333,0.741667,4.86
calibratedSynthetic,targeted:realist|criticalPoliticalEconomy,distance-quintile,posture-flip,q1,0.04,0.548,24,1689,29,0.01717,0.3725,,,,,,
calibratedSynthetic,targeted:realist|criticalPoliticalEconomy,distance-quintile,posture-flip,q2,0.548,0.856,24,1678,7,0.004172,0.674583,,,,,,
calibratedSynthetic,targeted:realist|criticalPoliticalEconomy,distance-quintile,posture-flip,q3,0.856,1.074,24,1680,0,0,0.963333,,,,,,
calibratedSynthetic,targeted:realist|criticalPoliticalEconomy,distance-quintile,posture-flip,q4,1.074,1.33,23,1610,0,0,1.182609,,,,,,
calibratedSynthetic,targeted:realist|criticalPoliticalEconomy,distance-quintile,posture-flip,q5,1.33,1.91,25,1750,0,0,1.468,,,,,,
calibratedSynthetic,targeted:realist|criticalPoliticalEconomy,distance-quintile,primary-family-flip,q1,0.56,1.76,24,1692,10,0.00591,1.269583,,,,,,
calibratedSynthetic,targeted:realist|criticalPoliticalEconomy,distance-quintile,primary-family-flip,q2,1.76,2.532,24,1690,0,0,2.110417,,,,,,
calibratedSynthetic,targeted:realist|criticalPoliticalEconomy,distance-quintile,primary-family-flip,q3,2.532,3.496,24,1676,0,0,3.005417,,,,,,
calibratedSynthetic,targeted:realist|criticalPoliticalEconomy,distance-quintile,primary-family-flip,q4,3.496,4.48,24,1671,0,0,3.93875,,,,,,
calibratedSynthetic,targeted:realist|criticalPoliticalEconomy,distance-quintile,primary-family-flip,q5,4.48,6.78,24,1678,0,0,5.210833,,,,,,
calibratedSynthetic,targeted:realist|criticalPoliticalEconomy,distance-quintile,pure-blend-transition,q1,0.35,1.55,24,1692,34,0.020095,1.059583,,,,,,
calibratedSynthetic,targeted:realist|criticalPoliticalEconomy,distance-quintile,pure-blend-transition,q2,1.55,2.322,24,1690,0,0,1.900417,,,,,,
calibratedSynthetic,targeted:realist|criticalPoliticalEconomy,distance-quintile,pure-blend-transition,q3,2.322,3.286,24,1676,0,0,2.795417,,,,,,
calibratedSynthetic,targeted:realist|criticalPoliticalEconomy,distance-quintile,pure-blend-transition,q4,3.286,4.27,24,1671,0,0,3.72875,,,,,,
calibratedSynthetic,targeted:realist|criticalPoliticalEconomy,distance-quintile,pure-blend-transition,q5,4.27,6.57,24,1678,0,0,5.000833,,,,,,
calibratedSynthetic,targeted:realist|criticalPoliticalEconomy,placement-claim-band,full-archetype-flip,lowDifferentiation,,,0,0,0,0,0,,,,,,
calibratedSynthetic,targeted:realist|criticalPoliticalEconomy,placement-claim-band,full-archetype-flip,sharplyDifferentiated,,,117,8196,48,0.005857,3.170513,,,,,,
calibratedSynthetic,targeted:realist|criticalPoliticalEconomy,placement-claim-band,full-archetype-flip,stableModeration,,,3,211,24,0.113744,0.63,,,,,,
calibratedSynthetic,targeted:realist|criticalPoliticalEconomy,posture-midpoint-location,restraint-score-distribution,all,3.01,5.91,120,0,0,0,0.934583,false,0.040000000000000036,0.233333,0,0.766667,4.95
calibratedSynthetic,targeted:realist|institutionalist,distance-quintile,posture-flip,q1,0.03,0.498,24,1681,71,0.042237,0.280833,,,,,,
calibratedSynthetic,targeted:realist|institutionalist,distance-quintile,posture-flip,q2,0.498,0.8,21,1473,0,0,0.634762,,,,,,
calibratedSynthetic,targeted:realist|institutionalist,distance-quintile,posture-flip,q3,0.8,0.95,20,1402,0,0,0.835,,,,,,
calibratedSynthetic,targeted:realist|institutionalist,distance-quintile,posture-flip,q4,0.95,1.13,30,2099,0,0,1.045333,,,,,,
calibratedSynthetic,targeted:realist|institutionalist,distance-quintile,posture-flip,q5,1.13,2.1,25,1747,0,0,1.3592,,,,,,
calibratedSynthetic,targeted:realist|institutionalist,distance-quintile,primary-family-flip,q1,0.58,2.052,24,1683,15,0.008913,1.391667,,,,,,
calibratedSynthetic,targeted:realist|institutionalist,distance-quintile,primary-family-flip,q2,2.052,2.826,24,1677,0,0,2.465833,,,,,,
calibratedSynthetic,targeted:realist|institutionalist,distance-quintile,primary-family-flip,q3,2.826,3.358,24,1684,0,0,3.06125,,,,,,
calibratedSynthetic,targeted:realist|institutionalist,distance-quintile,primary-family-flip,q4,3.358,5.308,24,1686,0,0,4.144583,,,,,,
calibratedSynthetic,targeted:realist|institutionalist,distance-quintile,primary-family-flip,q5,5.308,7.31,24,1672,0,0,6.043333,,,,,,
calibratedSynthetic,targeted:realist|institutionalist,distance-quintile,pure-blend-transition,q1,0.29,1.762,24,1683,38,0.022579,1.101667,,,,,,
calibratedSynthetic,targeted:realist|institutionalist,distance-quintile,pure-blend-transition,q2,1.762,2.536,24,1677,0,0,2.175833,,,,,,
calibratedSynthetic,targeted:realist|institutionalist,distance-quintile,pure-blend-transition,q3,2.536,3.068,24,1684,0,0,2.77125,,,,,,
calibratedSynthetic,targeted:realist|institutionalist,distance-quintile,pure-blend-transition,q4,3.068,5.018,24,1686,0,0,3.854583,,,,,,
calibratedSynthetic,targeted:realist|institutionalist,distance-quintile,pure-blend-transition,q5,5.018,7.02,24,1672,0,0,5.753333,,,,,,
calibratedSynthetic,targeted:realist|institutionalist,placement-claim-band,full-archetype-flip,lowDifferentiation,,,0,0,0,0,0,,,,,,
calibratedSynthetic,targeted:realist|institutionalist,placement-claim-band,full-archetype-flip,sharplyDifferentiated,,,113,7907,76,0.009612,3.581593,,,,,,
calibratedSynthetic,targeted:realist|institutionalist,placement-claim-band,full-archetype-flip,stableModeration,,,7,495,35,0.070707,0.834286,,,,,,
calibratedSynthetic,targeted:realist|institutionalist,posture-midpoint-location,restraint-score-distribution,all,1.9,5.7,120,0,0,0,0.850917,false,0.029999999999999805,0.225,0,0.775,4.8
canonical,core,distance-quintile,posture-flip,q1,1.5,1.5,0,0,0,0,0,,,,,,
canonical,core,distance-quintile,posture-flip,q2,1.5,1.5,0,0,0,0,0,,,,,,
canonical,core,distance-quintile,posture-flip,q3,1.5,1.5,0,0,0,0,0,,,,,,
canonical,core,distance-quintile,posture-flip,q4,1.5,1.5,0,0,0,0,0,,,,,,
canonical,core,distance-quintile,posture-flip,q5,1.5,1.5,16,896,0,0,1.5,,,,,,
canonical,core,distance-quintile,primary-family-flip,q1,0.34,1.11,3,168,8,0.047619,0.623333,,,,,,
canonical,core,distance-quintile,primary-family-flip,q2,1.11,1.55,3,168,0,0,1.276667,,,,,,
canonical,core,distance-quintile,primary-family-flip,q3,1.55,1.74,3,168,0,0,1.643333,,,,,,
canonical,core,distance-quintile,primary-family-flip,q4,1.74,2.32,3,168,0,0,1.996667,,,,,,
canonical,core,distance-quintile,primary-family-flip,q5,2.32,3.58,4,224,0,0,2.795,,,,,,
canonical,core,distance-quintile,pure-blend-transition,q1,0.0275,0.7425,3,168,32,0.190476,0.274167,,,,,,
canonical,core,distance-quintile,pure-blend-transition,q2,0.7425,1.1825,3,168,4,0.02381,0.909167,,,,,,
canonical,core,distance-quintile,pure-blend-transition,q3,1.1825,1.3725,3,168,0,0,1.275833,,,,,,
canonical,core,distance-quintile,pure-blend-transition,q4,1.3725,1.9525,3,168,0,0,1.629167,,,,,,
canonical,core,distance-quintile,pure-blend-transition,q5,1.9525,3.2125,4,224,0,0,2.4275,,,,,,
canonical,core,placement-claim-band,full-archetype-flip,lowDifferentiation,,,0,0,0,0,0,,,,,,
canonical,core,placement-claim-band,full-archetype-flip,sharplyDifferentiated,,,11,616,0,0,2.148182,,,,,,
canonical,core,placement-claim-band,full-archetype-flip,stableModeration,,,5,280,36,0.128571,0.834,,,,,,
canonical,core,posture-midpoint-location,restraint-score-distribution,all,2.5,5.5,16,0,0,0,1.5,false,1.5,0.5,0,0.5,4
canonical,fullExtended,distance-quintile,posture-flip,q1,0.03,0.18,3,558,0,0,0.083333,,,,,,
canonical,fullExtended,distance-quintile,posture-flip,q2,0.18,0.28,3,558,0,0,0.226667,,,,,,
canonical,fullExtended,distance-quintile,posture-flip,q3,0.28,0.99,3,558,0,0,0.533333,,,,,,
canonical,fullExtended,distance-quintile,posture-flip,q4,0.99,1.31,3,558,0,0,1.066667,,,,,,
canonical,fullExtended,distance-quintile,posture-flip,q5,1.31,1.49,4,744,0,0,1.3975,,,,,,
canonical,fullExtended,distance-quintile,primary-family-flip,q1,1.63,2.79,3,558,0,0,2.15,,,,,,
canonical,fullExtended,distance-quintile,primary-family-flip,q2,2.79,3.38,3,558,0,0,2.996667,,,,,,
canonical,fullExtended,distance-quintile,primary-family-flip,q3,3.38,4.44,3,558,0,0,3.683333,,,,,,
canonical,fullExtended,distance-quintile,primary-family-flip,q4,4.44,5.1,3,558,0,0,4.69,,,,,,
canonical,fullExtended,distance-quintile,primary-family-flip,q5,5.1,10.36,4,744,0,0,7.475,,,,,,
canonical,fullExtended,distance-quintile,pure-blend-transition,q1,1.27,2.43,3,558,0,0,1.79,,,,,,
canonical,fullExtended,distance-quintile,pure-blend-transition,q2,2.43,3.02,3,558,0,0,2.636667,,,,,,
canonical,fullExtended,distance-quintile,pure-blend-transition,q3,3.02,4.08,3,558,0,0,3.323333,,,,,,
canonical,fullExtended,distance-quintile,pure-blend-transition,q4,4.08,4.74,3,558,0,0,4.33,,,,,,
canonical,fullExtended,distance-quintile,pure-blend-transition,q5,4.74,10,4,744,0,0,7.115,,,,,,
canonical,fullExtended,placement-claim-band,full-archetype-flip,lowDifferentiation,,,0,0,0,0,0,,,,,,
canonical,fullExtended,placement-claim-band,full-archetype-flip,sharplyDifferentiated,,,16,2976,0,0,4.40375,,,,,,
canonical,fullExtended,placement-claim-band,full-archetype-flip,stableModeration,,,0,0,0,0,0,,,,,,
canonical,fullExtended,posture-midpoint-location,restraint-score-distribution,all,3.74,5.49,16,0,0,0,0.7075,false,0.029999999999999805,0.1875,0,0.8125,4.66
canonical,targeted:constructivist|criticalPoliticalEconomy,distance-quintile,posture-flip,q1,0.1,0.29,3,213,1,0.004695,0.163333,,,,,,
canonical,targeted:constructivist|criticalPoliticalEconomy,distance-quintile,posture-flip,q2,0.29,0.35,3,213,2,0.00939,0.313333,,,,,,
canonical,targeted:constructivist|criticalPoliticalEconomy,distance-quintile,posture-flip,q3,0.35,1.24,3,213,11,0.051643,0.616667,,,,,,
canonical,targeted:constructivist|criticalPoliticalEconomy,distance-quintile,posture-flip,q4,1.24,1.42,3,213,0,0,1.3,,,,,,
canonical,targeted:constructivist|criticalPoliticalEconomy,distance-quintile,posture-flip,q5,1.42,1.73,4,284,0,0,1.505,,,,,,
canonical,targeted:constructivist|criticalPoliticalEconomy,distance-quintile,primary-family-flip,q1,0.38,0.89,3,213,6,0.028169,0.69,,,,,,
canonical,targeted:constructivist|criticalPoliticalEconomy,distance-quintile,primary-family-flip,q2,0.89,1.47,3,213,0,0,1.206667,,,,,,
canonical,targeted:constructivist|criticalPoliticalEconomy,distance-quintile,primary-family-flip,q3,1.47,1.8,3,213,0,0,1.593333,,,,,,
canonical,targeted:constructivist|criticalPoliticalEconomy,distance-quintile,primary-family-flip,q4,1.8,3.09,3,213,0,0,2.19,,,,,,
canonical,targeted:constructivist|criticalPoliticalEconomy,distance-quintile,primary-family-flip,q5,3.09,4.3,4,284,0,0,3.685,,,,,,
canonical,targeted:constructivist|criticalPoliticalEconomy,distance-quintile,pure-blend-transition,q1,0.19,0.7,3,213,14,0.065728,0.5,,,,,,
canonical,targeted:constructivist|criticalPoliticalEconomy,distance-quintile,pure-blend-transition,q2,0.7,1.28,3,213,0,0,1.016667,,,,,,
canonical,targeted:constructivist|criticalPoliticalEconomy,distance-quintile,pure-blend-transition,q3,1.28,1.61,3,213,0,0,1.403333,,,,,,
canonical,targeted:constructivist|criticalPoliticalEconomy,distance-quintile,pure-blend-transition,q4,1.61,2.9,3,213,0,0,2,,,,,,
canonical,targeted:constructivist|criticalPoliticalEconomy,distance-quintile,pure-blend-transition,q5,2.9,4.11,4,284,0,0,3.495,,,,,,
canonical,targeted:constructivist|criticalPoliticalEconomy,placement-claim-band,full-archetype-flip,lowDifferentiation,,,0,0,0,0,0,,,,,,
canonical,targeted:constructivist|criticalPoliticalEconomy,placement-claim-band,full-archetype-flip,sharplyDifferentiated,,,15,1065,16,0.015023,2.093333,,,,,,
canonical,targeted:constructivist|criticalPoliticalEconomy,placement-claim-band,full-archetype-flip,stableModeration,,,1,71,12,0.169014,0.38,,,,,,
canonical,targeted:constructivist|criticalPoliticalEconomy,posture-midpoint-location,restraint-score-distribution,all,3.66,5.73,16,0,0,0,0.825,false,0.10000000000000009,0.25,0,0.75,4.75
canonical,targeted:institutionalist|constructivist,distance-quintile,posture-flip,q1,0.07,0.32,3,213,9,0.042254,0.22,,,,,,
canonical,targeted:institutionalist|constructivist,distance-quintile,posture-flip,q2,0.32,0.45,3,213,0,0,0.34,,,,,,
canonical,targeted:institutionalist|constructivist,distance-quintile,posture-flip,q3,0.45,0.75,3,213,12,0.056338,0.523333,,,,,,
canonical,targeted:institutionalist|constructivist,distance-quintile,posture-flip,q4,0.75,1.26,3,213,1,0.004695,1.03,,,,,,
canonical,targeted:institutionalist|constructivist,distance-quintile,posture-flip,q5,1.26,1.61,4,284,0,0,1.4375,,,,,,
canonical,targeted:institutionalist|constructivist,distance-quintile,primary-family-flip,q1,0.31,1.22,3,213,4,0.018779,0.7,,,,,,
canonical,targeted:institutionalist|constructivist,distance-quintile,primary-family-flip,q2,1.22,1.82,3,213,0,0,1.483333,,,,,,
canonical,targeted:institutionalist|constructivist,distance-quintile,primary-family-flip,q3,1.82,2.38,3,213,0,0,2.003333,,,,,,
canonical,targeted:institutionalist|constructivist,distance-quintile,primary-family-flip,q4,2.38,2.9,3,213,0,0,2.596667,,,,,,
canonical,targeted:institutionalist|constructivist,distance-quintile,primary-family-flip,q5,2.9,5.34,4,284,0,0,4.1,,,,,,
canonical,targeted:institutionalist|constructivist,distance-quintile,pure-blend-transition,q1,0.15,1.06,3,213,9,0.042254,0.54,,,,,,
canonical,targeted:institutionalist|constructivist,distance-quintile,pure-blend-transition,q2,1.06,1.66,3,213,0,0,1.323333,,,,,,
canonical,targeted:institutionalist|constructivist,distance-quintile,pure-blend-transition,q3,1.66,2.22,3,213,0,0,1.843333,,,,,,
canonical,targeted:institutionalist|constructivist,distance-quintile,pure-blend-transition,q4,2.22,2.74,3,213,0,0,2.436667,,,,,,
canonical,targeted:institutionalist|constructivist,distance-quintile,pure-blend-transition,q5,2.74,5.18,4,284,0,0,3.94,,,,,,
canonical,targeted:institutionalist|constructivist,placement-claim-band,full-archetype-flip,lowDifferentiation,,,0,0,0,0,0,,,,,,
canonical,targeted:institutionalist|constructivist,placement-claim-band,full-archetype-flip,sharplyDifferentiated,,,15,1065,24,0.022535,2.429333,,,,,,
canonical,targeted:institutionalist|constructivist,placement-claim-band,full-archetype-flip,stableModeration,,,1,71,9,0.126761,0.31,,,,,,
canonical,targeted:institutionalist|constructivist,posture-midpoint-location,restraint-score-distribution,all,3.49,5.61,16,0,0,0,0.755625,false,0.07000000000000028,0.3125,0,0.6875,4.53
canonical,targeted:institutionalist|criticalPoliticalEconomy,distance-quintile,posture-flip,q1,0.18,0.29,3,213,1,0.004695,0.213333,,,,,,
canonical,targeted:institutionalist|criticalPoliticalEconomy,distance-quintile,posture-flip,q2,0.29,0.34,2,142,3,0.021127,0.305,,,,,,
canonical,targeted:institutionalist|criticalPoliticalEconomy,distance-quintile,posture-flip,q3,0.34,1.16,4,284,7,0.024648,0.5425,,,,,,
canonical,targeted:institutionalist|criticalPoliticalEconomy,distance-quintile,posture-flip,q4,1.16,1.42,3,213,0,0,1.253333,,,,,,
canonical,targeted:institutionalist|criticalPoliticalEconomy,distance-quintile,posture-flip,q5,1.42,1.6,4,284,0,0,1.5075,,,,,,
canonical,targeted:institutionalist|criticalPoliticalEconomy,distance-quintile,primary-family-flip,q1,0.81,1.72,3,213,1,0.004695,1.213333,,,,,,
canonical,targeted:institutionalist|criticalPoliticalEconomy,distance-quintile,primary-family-flip,q2,1.72,1.9,3,213,0,0,1.78,,,,,,
canonical,targeted:institutionalist|criticalPoliticalEconomy,distance-quintile,primary-family-flip,q3,1.9,2.21,3,213,0,0,2.063333,,,,,,
canonical,targeted:institutionalist|criticalPoliticalEconomy,distance-quintile,primary-family-flip,q4,2.21,2.88,3,213,0,0,2.42,,,,,,
canonical,targeted:institutionalist|criticalPoliticalEconomy,distance-quintile,primary-family-flip,q5,2.88,5.7,4,284,0,0,3.9425,,,,,,
canonical,targeted:institutionalist|criticalPoliticalEconomy,distance-quintile,pure-blend-transition,q1,0.59,1.5,3,213,1,0.004695,0.993333,,,,,,
canonical,targeted:institutionalist|criticalPoliticalEconomy,distance-quintile,pure-blend-transition,q2,1.5,1.68,3,213,0,0,1.56,,,,,,
canonical,targeted:institutionalist|criticalPoliticalEconomy,distance-quintile,pure-blend-transition,q3,1.68,1.99,3,213,0,0,1.843333,,,,,,
canonical,targeted:institutionalist|criticalPoliticalEconomy,distance-quintile,pure-blend-transition,q4,1.99,2.66,3,213,0,0,2.2,,,,,,
canonical,targeted:institutionalist|criticalPoliticalEconomy,distance-quintile,pure-blend-transition,q5,2.66,5.48,4,284,0,0,3.7225,,,,,,
canonical,targeted:institutionalist|criticalPoliticalEconomy,placement-claim-band,full-archetype-flip,lowDifferentiation,,,0,0,0,0,0,,,,,,
canonical,targeted:institutionalist|criticalPoliticalEconomy,placement-claim-band,full-archetype-flip,sharplyDifferentiated,,,15,1065,12,0.011268,2.492667,,,,,,
canonical,targeted:institutionalist|criticalPoliticalEconomy,placement-claim-band,full-archetype-flip,stableModeration,,,1,71,1,0.014085,0.81,,,,,,
canonical,targeted:institutionalist|criticalPoliticalEconomy,posture-midpoint-location,restraint-score-distribution,all,3.66,5.6,16,0,0,0,0.825625,false,0.18000000000000016,0.25,0,0.75,4.744999999999999
canonical,targeted:realist|constructivist,distance-quintile,posture-flip,q1,0.55,0.77,2,142,0,0,0.55,,,,,,
canonical,targeted:realist|constructivist,distance-quintile,posture-flip,q2,0.77,0.85,2,142,0,0,0.77,,,,,,
canonical,targeted:realist|constructivist,distance-quintile,posture-flip,q3,0.85,1.14,4,284,0,0,0.85,,,,,,
canonical,targeted:realist|constructivist,distance-quintile,posture-flip,q4,1.14,1.47,4,284,0,0,1.145,,,,,,
canonical,targeted:realist|constructivist,distance-quintile,posture-flip,q5,1.47,1.52,4,284,0,0,1.495,,,,,,
canonical,targeted:realist|constructivist,distance-quintile,primary-family-flip,q1,0.66,1.38,3,213,1,0.004695,1.05,,,,,,
canonical,targeted:realist|constructivist,distance-quintile,primary-family-flip,q2,1.38,1.84,3,213,0,0,1.48,,,,,,
canonical,targeted:realist|constructivist,distance-quintile,primary-family-flip,q3,1.84,1.98,3,213,0,0,1.926667,,,,,,
canonical,targeted:realist|constructivist,distance-quintile,primary-family-flip,q4,1.98,3.09,3,213,0,0,2.11,,,,,,
canonical,targeted:realist|constructivist,distance-quintile,primary-family-flip,q5,3.09,4.85,4,284,0,0,3.97,,,,,,
canonical,targeted:realist|constructivist,distance-quintile,pure-blend-transition,q1,0.31,1.03,3,213,10,0.046948,0.7,,,,,,
canonical,targeted:realist|constructivist,distance-quintile,pure-blend-transition,q2,1.03,1.49,3,213,1,0.004695,1.13,,,,,,
canonical,targeted:realist|constructivist,distance-quintile,pure-blend-transition,q3,1.49,1.63,3,213,0,0,1.576667,,,,,,
canonical,targeted:realist|constructivist,distance-quintile,pure-blend-transition,q4,1.63,2.74,3,213,0,0,1.76,,,,,,
canonical,targeted:realist|constructivist,distance-quintile,pure-blend-transition,q5,2.74,4.5,4,284,0,0,3.62,,,,,,
canonical,targeted:realist|constructivist,placement-claim-band,full-archetype-flip,lowDifferentiation,,,0,0,0,0,0,,,,,,
canonical,targeted:realist|constructivist,placement-claim-band,full-archetype-flip,sharplyDifferentiated,,,14,994,1,0.001006,2.413571,,,,,,
canonical,targeted:realist|constructivist,placement-claim-band,full-archetype-flip,stableModeration,,,2,142,10,0.070423,0.895,,,,,,
canonical,targeted:realist|constructivist,posture-midpoint-location,restraint-score-distribution,all,3.15,5.52,16,0,0,0,1.0375,false,0.5499999999999998,0.5,0,0.5,4.295
canonical,targeted:realist|criticalPoliticalEconomy,distance-quintile,posture-flip,q1,0.02,0.14,3,213,7,0.032864,0.073333,,,,,,
canonical,targeted:realist|criticalPoliticalEconomy,distance-quintile,posture-flip,q2,0.14,0.36,3,213,8,0.037559,0.196667,,,,,,
canonical,targeted:realist|criticalPoliticalEconomy,distance-quintile,posture-flip,q3,0.36,1.23,2,142,0,0,0.5,,,,,,
canonical,targeted:realist|criticalPoliticalEconomy,distance-quintile,posture-flip,q4,1.23,1.34,4,284,0,0,1.28,,,,,,
canonical,targeted:realist|criticalPoliticalEconomy,distance-quintile,posture-flip,q5,1.34,1.51,4,284,0,0,1.425,,,,,,
canonical,targeted:realist|criticalPoliticalEconomy,distance-quintile,primary-family-flip,q1,0.81,1.37,3,213,1,0.004695,0.95,,,,,,
canonical,targeted:realist|criticalPoliticalEconomy,distance-quintile,primary-family-flip,q2,1.37,1.69,3,213,0,0,1.443333,,,,,,
canonical,targeted:realist|criticalPoliticalEconomy,distance-quintile,primary-family-flip,q3,1.69,2.07,3,213,0,0,1.816667,,,,,,
canonical,targeted:realist|criticalPoliticalEconomy,distance-quintile,primary-family-flip,q4,2.07,2.8,3,213,0,0,2.306667,,,,,,
canonical,targeted:realist|criticalPoliticalEconomy,distance-quintile,primary-family-flip,q5,2.8,5,4,284,0,0,3.5,,,,,,
canonical,targeted:realist|criticalPoliticalEconomy,distance-quintile,pure-blend-transition,q1,0.6,1.16,3,213,6,0.028169,0.74,,,,,,
canonical,targeted:realist|criticalPoliticalEconomy,distance-quintile,pure-blend-transition,q2,1.16,1.48,3,213,0,0,1.233333,,,,,,
canonical,targeted:realist|criticalPoliticalEconomy,distance-quintile,pure-blend-transition,q3,1.48,1.86,3,213,0,0,1.606667,,,,,,
canonical,targeted:realist|criticalPoliticalEconomy,distance-quintile,pure-blend-transition,q4,1.86,2.59,3,213,0,0,2.096667,,,,,,
canonical,targeted:realist|criticalPoliticalEconomy,distance-quintile,pure-blend-transition,q5,2.59,4.79,4,284,0,0,3.29,,,,,,
canonical,targeted:realist|criticalPoliticalEconomy,placement-claim-band,full-archetype-flip,lowDifferentiation,,,0,0,0,0,0,,,,,,
canonical,targeted:realist|criticalPoliticalEconomy,placement-claim-band,full-archetype-flip,sharplyDifferentiated,,,16,1136,21,0.018486,2.096875,,,,,,
canonical,targeted:realist|criticalPoliticalEconomy,placement-claim-band,full-archetype-flip,stableModeration,,,0,0,0,0,0,,,,,,
canonical,targeted:realist|criticalPoliticalEconomy,posture-midpoint-location,restraint-score-distribution,all,3.36,5.51,16,0,0,0,0.789375,false,0.019999999999999574,0.3125,0,0.6875,4.6850000000000005
canonical,targeted:realist|institutionalist,distance-quintile,posture-flip,q1,0.17,0.68,2,142,12,0.084507,0.17,,,,,,
canonical,targeted:realist|institutionalist,distance-quintile,posture-flip,q2,0.68,0.84,4,284,4,0.014085,0.735,,,,,,
canonical,targeted:realist|institutionalist,distance-quintile,posture-flip,q3,0.84,0.9,2,142,0,0,0.84,,,,,,
canonical,targeted:realist|institutionalist,distance-quintile,posture-flip,q4,0.9,1.31,4,284,0,0,1.025,,,,,,
canonical,targeted:realist|institutionalist,distance-quintile,posture-flip,q5,1.31,1.33,4,284,0,0,1.32,,,,,,
canonical,targeted:realist|institutionalist,distance-quintile,primary-family-flip,q1,0.98,1.45,3,213,0,0,1.163333,,,,,,
canonical,targeted:realist|institutionalist,distance-quintile,primary-family-flip,q2,1.45,1.9,3,213,0,0,1.643333,,,,,,
canonical,targeted:realist|institutionalist,distance-quintile,primary-family-flip,q3,1.9,2.72,3,213,0,0,2.09,,,,,,
canonical,targeted:realist|institutionalist,distance-quintile,primary-family-flip,q4,2.72,3.67,3,213,0,0,3.04,,,,,,
canonical,targeted:realist|institutionalist,distance-quintile,primary-family-flip,q5,3.67,5.5,4,284,0,0,4.585,,,,,,
canonical,targeted:realist|institutionalist,distance-quintile,pure-blend-transition,q1,0.69,1.16,3,213,3,0.014085,0.873333,,,,,,
canonical,targeted:realist|institutionalist,distance-quintile,pure-blend-transition,q2,1.16,1.61,3,213,0,0,1.353333,,,,,,
canonical,targeted:realist|institutionalist,distance-quintile,pure-blend-transition,q3,1.61,2.43,3,213,0,0,1.8,,,,,,
canonical,targeted:realist|institutionalist,distance-quintile,pure-blend-transition,q4,2.43,3.38,3,213,0,0,2.75,,,,,,
canonical,targeted:realist|institutionalist,distance-quintile,pure-blend-transition,q5,3.38,5.21,4,284,0,0,4.295,,,,,,
canonical,targeted:realist|institutionalist,placement-claim-band,full-archetype-flip,lowDifferentiation,,,0,0,0,0,0,,,,,,
canonical,targeted:realist|institutionalist,placement-claim-band,full-archetype-flip,sharplyDifferentiated,,,15,1065,11,0.010329,2.744667,,,,,,
canonical,targeted:realist|institutionalist,placement-claim-band,full-archetype-flip,stableModeration,,,1,71,8,0.112676,0.98,,,,,,
canonical,targeted:realist|institutionalist,posture-midpoint-location,restraint-score-distribution,all,3.16,5.33,16,0,0,0,0.89625,false,0.16999999999999993,0.5,0,0.5,4.365
responseStyleStress,core,distance-quintile,posture-flip,q1,0,0,0,0,0,0,0,,,,,,
responseStyleStress,core,distance-quintile,posture-flip,q2,0,0.5,9,443,31,0.069977,0,,,,,,
responseStyleStress,core,distance-quintile,posture-flip,q3,0.5,1.9,5,275,2,0.007273,0.7,,,,,,
responseStyleStress,core,distance-quintile,posture-flip,q4,1.9,2.4,5,275,0,0,2,,,,,,
responseStyleStress,core,distance-quintile,posture-flip,q5,2.4,3,5,220,0,0,3,,,,,,
responseStyleStress,core,distance-quintile,primary-family-flip,q1,0,0,0,0,0,0,0,,,,,,
responseStyleStress,core,distance-quintile,primary-family-flip,q2,0,0,0,0,0,0,0,,,,,,
responseStyleStress,core,distance-quintile,primary-family-flip,q3,0,0,0,0,0,0,0,,,,,,
responseStyleStress,core,distance-quintile,primary-family-flip,q4,0,0,0,0,0,0,0,,,,,,
responseStyleStress,core,distance-quintile,primary-family-flip,q5,0,0.29,24,1213,598,0.492993,0.048333,,,,,,
responseStyleStress,core,distance-quintile,pure-blend-transition,q1,0.0775,0.3675,4,224,32,0.142857,0.0775,,,,,,
responseStyleStress,core,distance-quintile,pure-blend-transition,q2,0.3675,0.3675,0,0,0,0,0,,,,,,
responseStyleStress,core,distance-quintile,pure-blend-transition,q3,0.3675,0.3675,0,0,0,0,0,,,,,,
responseStyleStress,core,distance-quintile,pure-blend-transition,q4,0.3675,0.3675,0,0,0,0,0,,,,,,
responseStyleStress,core,distance-quintile,pure-blend-transition,q5,0.3675,0.3675,20,989,215,0.217391,0.3675,,,,,,
responseStyleStress,core,placement-claim-band,full-archetype-flip,lowDifferentiation,,,14,719,470,0.653686,0.082857,,,,,,
responseStyleStress,core,placement-claim-band,full-archetype-flip,sharplyDifferentiated,,,0,0,0,0,0,,,,,,
responseStyleStress,core,placement-claim-band,full-archetype-flip,stableModeration,,,10,494,284,0.574899,0,,,,,,
responseStyleStress,core,posture-midpoint-location,restraint-score-distribution,all,1,7,24,0,0,0,1.1875,true,0,0.333333,0.375,0.291667,4
responseStyleStress,fullExtended,distance-quintile,posture-flip,q1,0.1,0.334,5,838,0,0,0.204,,,,,,
responseStyleStress,fullExtended,distance-quintile,posture-flip,q2,0.334,0.652,5,930,59,0.063441,0.506,,,,,,
responseStyleStress,fullExtended,distance-quintile,posture-flip,q3,0.652,0.716,4,638,12,0.018809,0.6775,,,,,,
responseStyleStress,fullExtended,distance-quintile,posture-flip,q4,0.716,0.772,5,801,0,0,0.738,,,,,,
responseStyleStress,fullExtended,distance-quintile,posture-flip,q5,0.772,0.96,5,838,0,0,0.874,,,,,,
responseStyleStress,fullExtended,distance-quintile,primary-family-flip,q1,0,0.06,4,693,301,0.434343,0,,,,,,
responseStyleStress,fullExtended,distance-quintile,primary-family-flip,q2,0.06,0.822,6,886,144,0.162528,0.44,,,,,,
responseStyleStress,fullExtended,distance-quintile,primary-family-flip,q3,0.822,1.146,4,698,7,0.010029,0.9575,,,,,,
responseStyleStress,fullExtended,distance-quintile,primary-family-flip,q4,1.146,3.06,5,930,0,0,1.958,,,,,,
responseStyleStress,fullExtended,distance-quintile,primary-family-flip,q5,3.06,4.67,5,838,0,0,4.122,,,,,,
responseStyleStress,fullExtended,distance-quintile,pure-blend-transition,q1,0.11,0.344,5,746,158,0.211796,0.248,,,,,,
responseStyleStress,fullExtended,distance-quintile,pure-blend-transition,q2,0.344,0.462,5,833,112,0.134454,0.376,,,,,,
responseStyleStress,fullExtended,distance-quintile,pure-blend-transition,q3,0.462,0.786,4,698,23,0.032951,0.5975,,,,,,
responseStyleStress,fullExtended,distance-quintile,pure-blend-transition,q4,0.786,2.7,5,930,3,0.003226,1.598,,,,,,
responseStyleStress,fullExtended,distance-quintile,pure-blend-transition,q5,2.7,4.31,5,838,0,0,3.762,,,,,,
responseStyleStress,fullExtended,placement-claim-band,full-archetype-flip,lowDifferentiation,,,6,973,241,0.247688,0.02,,,,,,
responseStyleStress,fullExtended,placement-claim-band,full-archetype-flip,sharplyDifferentiated,,,9,1582,66,0.041719,3.246667,,,,,,
responseStyleStress,fullExtended,placement-claim-band,full-archetype-flip,stableModeration,,,9,1490,135,0.090604,0.836667,,,,,,
responseStyleStress,fullExtended,posture-midpoint-location,restraint-score-distribution,all,4.1,4.96,24,0,0,0,0.596667,false,0.09999999999999964,0,0,1,4.675000000000001
responseStyleStress,targeted:constructivist|criticalPoliticalEconomy,distance-quintile,posture-flip,q1,0.05,0.246,5,321,1,0.003115,0.114,,,,,,
responseStyleStress,targeted:constructivist|criticalPoliticalEconomy,distance-quintile,posture-flip,q2,0.246,0.68,4,284,26,0.091549,0.395,,,,,,
responseStyleStress,targeted:constructivist|criticalPoliticalEconomy,distance-quintile,posture-flip,q3,0.68,0.828,5,316,19,0.060127,0.726,,,,,,
responseStyleStress,targeted:constructivist|criticalPoliticalEconomy,distance-quintile,posture-flip,q4,0.828,1.02,5,327,5,0.015291,0.906,,,,,,
responseStyleStress,targeted:constructivist|criticalPoliticalEconomy,distance-quintile,posture-flip,q5,1.02,1.51,5,322,0,0,1.282,,,,,,
responseStyleStress,targeted:constructivist|criticalPoliticalEconomy,distance-quintile,primary-family-flip,q1,0,0.01,4,262,120,0.458015,0,,,,,,
responseStyleStress,targeted:constructivist|criticalPoliticalEconomy,distance-quintile,primary-family-flip,q2,0.01,0.066,6,398,199,0.5,0.028333,,,,,,
responseStyleStress,targeted:constructivist|criticalPoliticalEconomy,distance-quintile,primary-family-flip,q3,0.066,0.218,4,256,124,0.484375,0.15,,,,,,
responseStyleStress,targeted:constructivist|criticalPoliticalEconomy,distance-quintile,primary-family-flip,q4,0.218,0.47,4,256,43,0.167969,0.315,,,,,,
responseStyleStress,targeted:constructivist|criticalPoliticalEconomy,distance-quintile,primary-family-flip,q5,0.47,0.77,6,398,54,0.135678,0.663333,,,,,,
responseStyleStress,targeted:constructivist|criticalPoliticalEconomy,distance-quintile,pure-blend-transition,q1,0.02,0.06,4,228,96,0.421053,0.03,,,,,,
responseStyleStress,targeted:constructivist|criticalPoliticalEconomy,distance-quintile,pure-blend-transition,q2,0.06,0.164,6,426,152,0.356808,0.121667,,,,,,
responseStyleStress,targeted:constructivist|criticalPoliticalEconomy,distance-quintile,pure-blend-transition,q3,0.164,0.19,2,114,68,0.596491,0.18,,,,,,
responseStyleStress,targeted:constructivist|criticalPoliticalEconomy,distance-quintile,pure-blend-transition,q4,0.19,0.28,6,404,165,0.408416,0.196667,,,,,,
responseStyleStress,targeted:constructivist|criticalPoliticalEconomy,distance-quintile,pure-blend-transition,q5,0.28,0.58,6,398,54,0.135678,0.473333,,,,,,
responseStyleStress,targeted:constructivist|criticalPoliticalEconomy,placement-claim-band,full-archetype-flip,lowDifferentiation,,,12,774,539,0.696382,0.059167,,,,,,
responseStyleStress,targeted:constructivist|criticalPoliticalEconomy,placement-claim-band,full-archetype-flip,sharplyDifferentiated,,,4,256,52,0.203125,0.76,,,,,,
responseStyleStress,targeted:constructivist|criticalPoliticalEconomy,placement-claim-band,full-archetype-flip,stableModeration,,,8,540,192,0.355556,0.2825,,,,,,
responseStyleStress,targeted:constructivist|criticalPoliticalEconomy,posture-midpoint-location,restraint-score-distribution,all,3.79,5.51,24,0,0,0,0.696667,false,0.04999999999999982,0.125,0,0.875,4.725
responseStyleStress,targeted:institutionalist|constructivist,distance-quintile,posture-flip,q1,0,0.078,5,355,2,0.005634,0.01,,,,,,
responseStyleStress,targeted:institutionalist|constructivist,distance-quintile,posture-flip,q2,0.078,0.24,3,185,12,0.064865,0.163333,,,,,,
responseStyleStress,targeted:institutionalist|constructivist,distance-quintile,posture-flip,q3,0.24,0.91,5,322,4,0.012422,0.464,,,,,,
responseStyleStress,targeted:institutionalist|constructivist,distance-quintile,posture-flip,q4,0.91,0.99,5,322,0,0,0.918,,,,,,
responseStyleStress,targeted:institutionalist|constructivist,distance-quintile,posture-flip,q5,0.99,1.25,6,391,0,0,1.135,,,,,,
responseStyleStress,targeted:institutionalist|constructivist,distance-quintile,primary-family-flip,q1,0,0.33,4,267,136,0.509363,0,,,,,,
responseStyleStress,targeted:institutionalist|constructivist,distance-quintile,primary-family-flip,q2,0.33,0.66,5,327,44,0.134557,0.502,,,,,,
responseStyleStress,targeted:institutionalist|constructivist,distance-quintile,primary-family-flip,q3,0.66,0.94,4,256,11,0.042969,0.75,,,,,,
responseStyleStress,targeted:institutionalist|constructivist,distance-quintile,primary-family-flip,q4,0.94,1.048,6,370,22,0.059459,0.953333,,,,,,
responseStyleStress,targeted:institutionalist|constructivist,distance-quintile,primary-family-flip,q5,1.048,2.29,5,355,2,0.005634,1.822,,,,,,
responseStyleStress,targeted:institutionalist|constructivist,distance-quintile,pure-blend-transition,q1,0.16,0.17,4,267,146,0.546816,0.16,,,,,,
responseStyleStress,targeted:institutionalist|constructivist,distance-quintile,pure-blend-transition,q2,0.17,0.5,5,327,27,0.082569,0.342,,,,,,
responseStyleStress,targeted:institutionalist|constructivist,distance-quintile,pure-blend-transition,q3,0.5,0.78,4,256,7,0.027344,0.59,,,,,,
responseStyleStress,targeted:institutionalist|constructivist,distance-quintile,pure-blend-transition,q4,0.78,0.888,6,370,22,0.059459,0.793333,,,,,,
responseStyleStress,targeted:institutionalist|constructivist,distance-quintile,pure-blend-transition,q5,0.888,2.13,5,355,2,0.005634,1.662,,,,,,
responseStyleStress,targeted:institutionalist|constructivist,placement-claim-band,full-archetype-flip,lowDifferentiation,,,4,267,175,0.655431,0,,,,,,
responseStyleStress,targeted:institutionalist|constructivist,placement-claim-band,full-archetype-flip,sharplyDifferentiated,,,16,1052,72,0.068441,1.15375,,,,,,
responseStyleStress,targeted:institutionalist|constructivist,placement-claim-band,full-archetype-flip,stableModeration,,,4,256,56,0.21875,0.47,,,,,,
responseStyleStress,targeted:institutionalist|constructivist,posture-midpoint-location,restraint-score-distribution,all,3.07,5.25,24,0,0,0,0.594167,true,0,0.166667,0.083333,0.75,4.52
responseStyleStress,targeted:institutionalist|criticalPoliticalEconomy,distance-quintile,posture-flip,q1,0.11,0.332,5,355,2,0.005634,0.174,,,,,,
responseStyleStress,targeted:institutionalist|criticalPoliticalEconomy,distance-quintile,posture-flip,q2,0.332,0.58,4,250,18,0.072,0.465,,,,,,
responseStyleStress,targeted:institutionalist|criticalPoliticalEconomy,distance-quintile,posture-flip,q3,0.58,0.716,5,323,32,0.099071,0.64,,,,,,
responseStyleStress,targeted:institutionalist|criticalPoliticalEconomy,distance-quintile,posture-flip,q4,0.716,1.08,5,327,11,0.033639,0.872,,,,,,
responseStyleStress,targeted:institutionalist|criticalPoliticalEconomy,distance-quintile,posture-flip,q5,1.08,2.02,5,320,0,0,1.476,,,,,,
responseStyleStress,targeted:institutionalist|criticalPoliticalEconomy,distance-quintile,primary-family-flip,q1,0,0.074,5,338,168,0.497041,0.01,,,,,,
responseStyleStress,targeted:institutionalist|criticalPoliticalEconomy,distance-quintile,primary-family-flip,q2,0.074,0.38,4,228,78,0.342105,0.21,,,,,,
responseStyleStress,targeted:institutionalist|criticalPoliticalEconomy,distance-quintile,primary-family-flip,q3,0.38,0.656,5,327,51,0.155963,0.436,,,,,,
responseStyleStress,targeted:institutionalist|criticalPoliticalEconomy,distance-quintile,primary-family-flip,q4,0.656,1.52,4,284,18,0.06338,0.89,,,,,,
responseStyleStress,targeted:institutionalist|criticalPoliticalEconomy,distance-quintile,primary-family-flip,q5,1.52,1.84,6,398,6,0.015075,1.686667,,,,,,
responseStyleStress,targeted:institutionalist|criticalPoliticalEconomy,distance-quintile,pure-blend-transition,q1,0.11,0.16,4,228,112,0.491228,0.12,,,,,,
responseStyleStress,targeted:institutionalist|criticalPoliticalEconomy,distance-quintile,pure-blend-transition,q2,0.16,0.22,5,327,78,0.238532,0.182,,,,,,
responseStyleStress,targeted:institutionalist|criticalPoliticalEconomy,distance-quintile,pure-blend-transition,q3,0.22,0.436,5,338,105,0.310651,0.244,,,,,,
responseStyleStress,targeted:institutionalist|criticalPoliticalEconomy,distance-quintile,pure-blend-transition,q4,0.436,1.3,4,284,17,0.059859,0.67,,,,,,
responseStyleStress,targeted:institutionalist|criticalPoliticalEconomy,distance-quintile,pure-blend-transition,q5,1.3,1.62,6,398,16,0.040201,1.466667,,,,,,
responseStyleStress,targeted:institutionalist|criticalPoliticalEconomy,placement-claim-band,full-archetype-flip,lowDifferentiation,,,7,452,281,0.621681,0.032857,,,,,,
responseStyleStress,targeted:institutionalist|criticalPoliticalEconomy,placement-claim-band,full-archetype-flip,sharplyDifferentiated,,,7,469,27,0.057569,1.631429,,,,,,
responseStyleStress,targeted:institutionalist|criticalPoliticalEconomy,placement-claim-band,full-archetype-flip,stableModeration,,,10,654,170,0.259939,0.51,,,,,,
responseStyleStress,targeted:institutionalist|criticalPoliticalEconomy,posture-midpoint-location,restraint-score-distribution,all,3.62,6.02,24,0,0,0,0.73625,false,0.10999999999999988,0.166667,0,0.833333,4.67
responseStyleStress,targeted:realist|constructivist,distance-quintile,posture-flip,q1,0.06,0.278,5,355,22,0.061972,0.118,,,,,,
responseStyleStress,targeted:realist|constructivist,distance-quintile,posture-flip,q2,0.278,0.438,5,355,13,0.03662,0.37,,,,,,
responseStyleStress,targeted:realist|constructivist,distance-quintile,posture-flip,q3,0.438,0.68,3,181,9,0.049724,0.47,,,,,,
responseStyleStress,targeted:realist|constructivist,distance-quintile,posture-flip,q4,0.68,0.808,6,366,4,0.010929,0.725,,,,,,
responseStyleStress,targeted:realist|constructivist,distance-quintile,posture-flip,q5,0.808,1.23,5,321,0,0,1.014,,,,,,
responseStyleStress,targeted:realist|constructivist,distance-quintile,primary-family-flip,q1,0,0.07,4,270,139,0.514815,0,,,,,,
responseStyleStress,targeted:realist|constructivist,distance-quintile,primary-family-flip,q2,0.07,0.17,4,256,136,0.53125,0.115,,,,,,
responseStyleStress,targeted:realist|constructivist,distance-quintile,primary-family-flip,q3,0.17,0.4,6,426,125,0.293427,0.261667,,,,,,
responseStyleStress,targeted:realist|constructivist,distance-quintile,primary-family-flip,q4,0.4,0.48,4,284,43,0.151408,0.4275,,,,,,
responseStyleStress,targeted:realist|constructivist,distance-quintile,primary-family-flip,q5,0.48,0.69,6,342,88,0.25731,0.59,,,,,,
responseStyleStress,targeted:realist|constructivist,distance-quintile,pure-blend-transition,q1,0,0.07,4,284,111,0.390845,0.0175,,,,,,
responseStyleStress,targeted:realist|constructivist,distance-quintile,pure-blend-transition,q2,0.07,0.18,5,327,133,0.406728,0.102,,,,,,
responseStyleStress,targeted:realist|constructivist,distance-quintile,pure-blend-transition,q3,0.18,0.238,5,355,64,0.180282,0.184,,,,,,
responseStyleStress,targeted:realist|constructivist,distance-quintile,pure-blend-transition,q4,0.238,0.34,4,228,42,0.184211,0.265,,,,,,
responseStyleStress,targeted:realist|constructivist,distance-quintile,pure-blend-transition,q5,0.34,0.35,6,384,139,0.361979,0.346667,,,,,,
responseStyleStress,targeted:realist|constructivist,placement-claim-band,full-archetype-flip,lowDifferentiation,,,9,625,335,0.536,0.132222,,,,,,
responseStyleStress,targeted:realist|constructivist,placement-claim-band,full-archetype-flip,sharplyDifferentiated,,,0,0,0,0,0,,,,,,
responseStyleStress,targeted:realist|constructivist,placement-claim-band,full-archetype-flip,stableModeration,,,15,953,460,0.482686,0.406,,,,,,
responseStyleStress,targeted:realist|constructivist,posture-midpoint-location,restraint-score-distribution,all,3.3,5.23,24,0,0,0,0.552917,false,0.05999999999999961,0.25,0,0.75,4.425
responseStyleStress,targeted:realist|criticalPoliticalEconomy,distance-quintile,posture-flip,q1,0.06,0.162,5,352,23,0.065341,0.08,,,,,,
responseStyleStress,targeted:realist|criticalPoliticalEconomy,distance-quintile,posture-flip,q2,0.162,0.59,4,251,26,0.103586,0.3075,,,,,,
responseStyleStress,targeted:realist|criticalPoliticalEconomy,distance-quintile,posture-flip,q3,0.59,0.772,5,352,0,0,0.64,,,,,,
responseStyleStress,targeted:realist|criticalPoliticalEconomy,distance-quintile,posture-flip,q4,0.772,0.91,3,210,0,0,0.836667,,,,,,
responseStyleStress,targeted:realist|criticalPoliticalEconomy,distance-quintile,posture-flip,q5,0.91,1.16,7,413,0,0,1.021429,,,,,,
responseStyleStress,targeted:realist|criticalPoliticalEconomy,distance-quintile,primary-family-flip,q1,0,0.074,5,341,159,0.466276,0.014,,,,,,
responseStyleStress,targeted:realist|criticalPoliticalEconomy,distance-quintile,primary-family-flip,q2,0.074,0.31,4,256,96,0.375,0.125,,,,,,
responseStyleStress,targeted:realist|criticalPoliticalEconomy,distance-quintile,primary-family-flip,q3,0.31,0.32,4,256,52,0.203125,0.31,,,,,,
responseStyleStress,targeted:realist|criticalPoliticalEconomy,distance-quintile,primary-family-flip,q4,0.32,0.86,6,398,60,0.150754,0.58,,,,,,
responseStyleStress,targeted:realist|criticalPoliticalEconomy,distance-quintile,primary-family-flip,q5,0.86,2.55,5,327,4,0.012232,1.982,,,,,,
responseStyleStress,targeted:realist|criticalPoliticalEconomy,distance-quintile,pure-blend-transition,q1,0,0.106,5,327,106,0.324159,0.08,,,,,,
responseStyleStress,targeted:realist|criticalPoliticalEconomy,distance-quintile,pure-blend-transition,q2,0.106,0.128,5,299,133,0.444816,0.112,,,,,,
responseStyleStress,targeted:realist|criticalPoliticalEconomy,distance-quintile,pure-blend-transition,q3,0.128,0.21,3,205,86,0.419512,0.186667,,,,,,
responseStyleStress,targeted:realist|criticalPoliticalEconomy,distance-quintile,pure-blend-transition,q4,0.21,0.65,6,420,99,0.235714,0.403333,,,,,,
responseStyleStress,targeted:realist|criticalPoliticalEconomy,distance-quintile,pure-blend-transition,q5,0.65,2.34,5,327,4,0.012232,1.772,,,,,,
responseStyleStress,targeted:realist|criticalPoliticalEconomy,placement-claim-band,full-archetype-flip,lowDifferentiation,,,8,526,303,0.576046,0.045,,,,,,
responseStyleStress,targeted:realist|criticalPoliticalEconomy,placement-claim-band,full-archetype-flip,sharplyDifferentiated,,,7,469,29,0.061834,1.655714,,,,,,
responseStyleStress,targeted:realist|criticalPoliticalEconomy,placement-claim-band,full-archetype-flip,stableModeration,,,9,583,225,0.385935,0.361111,,,,,,
responseStyleStress,targeted:realist|criticalPoliticalEconomy,posture-midpoint-location,restraint-score-distribution,all,3.09,5.16,24,0,0,0,0.60375,false,0.06000000000000005,0.208333,0,0.791667,4.390000000000001
responseStyleStress,targeted:realist|institutionalist,distance-quintile,posture-flip,q1,0.02,0.206,5,354,23,0.064972,0.062,,,,,,
responseStyleStress,targeted:realist|institutionalist,distance-quintile,posture-flip,q2,0.206,0.37,4,275,8,0.029091,0.27,,,,,,
responseStyleStress,targeted:realist|institutionalist,distance-quintile,posture-flip,q3,0.37,0.52,4,228,10,0.04386,0.385,,,,,,
responseStyleStress,targeted:realist|institutionalist,distance-quintile,posture-flip,q4,0.52,1.53,5,352,0,0,0.878,,,,,,
responseStyleStress,targeted:realist|institutionalist,distance-quintile,posture-flip,q5,1.53,2.11,6,370,0,0,1.786667,,,,,,
responseStyleStress,targeted:realist|institutionalist,distance-quintile,primary-family-flip,q1,0,0.02,4,271,132,0.487085,0,,,,,,
responseStyleStress,targeted:realist|institutionalist,distance-quintile,primary-family-flip,q2,0.02,0.34,5,299,114,0.381271,0.13,,,,,,
responseStyleStress,targeted:realist|institutionalist,distance-quintile,primary-family-flip,q3,0.34,0.37,2,142,28,0.197183,0.34,,,,,,
responseStyleStress,targeted:realist|institutionalist,distance-quintile,primary-family-flip,q4,0.37,0.912,8,540,84,0.155556,0.5275,,,,,,
responseStyleStress,targeted:realist|institutionalist,distance-quintile,primary-family-flip,q5,0.912,1.88,5,327,7,0.021407,1.472,,,,,,
responseStyleStress,targeted:realist|institutionalist,distance-quintile,pure-blend-transition,q1,0.05,0.08,4,256,124,0.484375,0.055,,,,,,
responseStyleStress,targeted:realist|institutionalist,distance-quintile,pure-blend-transition,q2,0.08,0.16,6,398,132,0.331658,0.096667,,,,,,
responseStyleStress,targeted:realist|institutionalist,distance-quintile,pure-blend-transition,q3,0.16,0.29,3,185,64,0.345946,0.26,,,,,,
responseStyleStress,targeted:realist|institutionalist,distance-quintile,pure-blend-transition,q4,0.29,0.622,6,413,111,0.268765,0.396667,,,,,,
responseStyleStress,targeted:realist|institutionalist,distance-quintile,pure-blend-transition,q5,0.622,1.59,5,327,5,0.015291,1.182,,,,,,
responseStyleStress,targeted:realist|institutionalist,placement-claim-band,full-archetype-flip,lowDifferentiation,,,7,456,216,0.473684,0.087143,,,,,,
responseStyleStress,targeted:realist|institutionalist,placement-claim-band,full-archetype-flip,sharplyDifferentiated,,,3,213,17,0.079812,1.833333,,,,,,
responseStyleStress,targeted:realist|institutionalist,placement-claim-band,full-archetype-flip,stableModeration,,,14,910,331,0.363736,0.485714,,,,,,
responseStyleStress,targeted:realist|institutionalist,posture-midpoint-location,restraint-score-distribution,all,2.28,6.11,24,0,0,0,0.751667,false,0.019999999999999574,0.25,0,0.75,4.255
uniform,core,distance-quintile,posture-flip,q1,0,0.5,44,2301,155,0.067362,0,,,,,,
uniform,core,distance-quintile,posture-flip,q2,0.5,0.5,0,0,0,0,0,,,,,,
uniform,core,distance-quintile,posture-flip,q3,0.5,1.5,134,6980,284,0.040688,0.705224,,,,,,
uniform,core,distance-quintile,posture-flip,q4,1.5,2,39,2045,18,0.008802,1.5,,,,,,
uniform,core,distance-quintile,posture-flip,q5,2,3,83,4264,0,0,2.379518,,,,,,
uniform,core,distance-quintile,primary-family-flip,q1,0,0.35,60,3125,973,0.31136,0.172667,,,,,,
uniform,core,distance-quintile,primary-family-flip,q2,0.35,0.6,60,3138,340,0.108349,0.494333,,,,,,
uniform,core,distance-quintile,primary-family-flip,q3,0.6,1.03,59,3060,194,0.063399,0.820847,,,,,,
uniform,core,distance-quintile,primary-family-flip,q4,1.03,1.692,61,3172,79,0.024905,1.296721,,,,,,
uniform,core,distance-quintile,primary-family-flip,q5,1.692,3.52,60,3095,11,0.003554,2.297833,,,,,,
uniform,core,distance-quintile,pure-blend-transition,q1,0.0075,0.1605,60,3133,1198,0.382381,0.0825,,,,,,
uniform,core,distance-quintile,pure-blend-transition,q2,0.1605,0.3205,60,3122,731,0.234145,0.229417,,,,,,
uniform,core,distance-quintile,pure-blend-transition,q3,0.3205,0.6625,59,3068,391,0.127445,0.46411,,,,,,
uniform,core,distance-quintile,pure-blend-transition,q4,0.6625,1.3245,61,3172,119,0.037516,0.929221,,,,,,
uniform,core,distance-quintile,pure-blend-transition,q5,1.3245,3.1525,60,3095,28,0.009047,1.930333,,,,,,
uniform,core,placement-claim-band,full-archetype-flip,lowDifferentiation,,,33,1746,760,0.435281,0.16697,,,,,,
uniform,core,placement-claim-band,full-archetype-flip,sharplyDifferentiated,,,70,3617,132,0.036494,2.203714,,,,,,
uniform,core,placement-claim-band,full-archetype-flip,stableModeration,,,197,10227,2491,0.243571,0.73934,,,,,,
uniform,core,posture-midpoint-location,restraint-score-distribution,all,1,7,300,0,0,0,1.168333,true,0,0.45,0.146667,0.403333,4
uniform,fullExtended,distance-quintile,posture-flip,q1,0.02,0.448,32,5534,13,0.002349,0.303125,,,,,,
uniform,fullExtended,distance-quintile,posture-flip,q2,0.448,0.596,32,5532,565,0.102133,0.525625,,,,,,
uniform,fullExtended,distance-quintile,posture-flip,q3,0.596,0.684,32,5543,235,0.042396,0.64125,,,,,,
uniform,fullExtended,distance-quintile,posture-flip,q4,0.684,0.862,32,5512,5,0.000907,0.779062,,,,,,
uniform,fullExtended,distance-quintile,posture-flip,q5,0.862,1.15,32,5548,0,0,0.986875,,,,,,
uniform,fullExtended,distance-quintile,primary-family-flip,q1,0,0.27,32,5563,1392,0.250225,0.135312,,,,,,
uniform,fullExtended,distance-quintile,primary-family-flip,q2,0.27,0.736,32,5522,393,0.07117,0.47875,,,,,,
uniform,fullExtended,distance-quintile,primary-family-flip,q3,0.736,1.178,32,5531,75,0.01356,0.91,,,,,,
uniform,fullExtended,distance-quintile,primary-family-flip,q4,1.178,1.72,31,5375,13,0.002419,1.447742,,,,,,
uniform,fullExtended,distance-quintile,primary-family-flip,q5,1.72,4.3,33,5678,2,0.000352,2.327273,,,,,,
uniform,fullExtended,distance-quintile,pure-blend-transition,q1,0.01,0.18,32,5512,1642,0.297896,0.097812,,,,,,
uniform,fullExtended,distance-quintile,pure-blend-transition,q2,0.18,0.376,32,5573,942,0.169029,0.266875,,,,,,
uniform,fullExtended,distance-quintile,pure-blend-transition,q3,0.376,0.818,32,5531,263,0.04755,0.55,,,,,,
uniform,fullExtended,distance-quintile,pure-blend-transition,q4,0.818,1.36,31,5375,46,0.008558,1.087742,,,,,,
uniform,fullExtended,distance-quintile,pure-blend-transition,q5,1.36,3.94,33,5678,5,0.000881,1.967273,,,,,,
uniform,fullExtended,placement-claim-band,full-archetype-flip,lowDifferentiation,,,38,6597,1929,0.292406,0.161842,,,,,,
uniform,fullExtended,placement-claim-band,full-archetype-flip,sharplyDifferentiated,,,48,8278,196,0.023677,2.0975,,,,,,
uniform,fullExtended,placement-claim-band,full-archetype-flip,stableModeration,,,74,12794,1854,0.144912,0.85973,,,,,,
uniform,fullExtended,posture-midpoint-location,restraint-score-distribution,all,4.02,5.15,160,0,0,0,0.647188,false,0.019999999999999574,0,0,1,4.65
uniform,targeted:constructivist|criticalPoliticalEconomy,distance-quintile,posture-flip,q1,0.03,0.348,32,2146,34,0.015843,0.1525,,,,,,
uniform,targeted:constructivist|criticalPoliticalEconomy,distance-quintile,posture-flip,q2,0.348,0.538,32,2155,214,0.099304,0.42875,,,,,,
uniform,targeted:constructivist|criticalPoliticalEconomy,distance-quintile,posture-flip,q3,0.538,0.77,30,2029,166,0.081814,0.649667,,,,,,
uniform,targeted:constructivist|criticalPoliticalEconomy,distance-quintile,posture-flip,q4,0.77,1.082,34,2273,22,0.009679,0.900294,,,,,,
uniform,targeted:constructivist|criticalPoliticalEconomy,distance-quintile,posture-flip,q5,1.082,1.8,32,2148,0,0,1.373125,,,,,,
uniform,targeted:constructivist|criticalPoliticalEconomy,distance-quintile,primary-family-flip,q1,0.01,0.286,32,2153,671,0.311658,0.161562,,,,,,
uniform,targeted:constructivist|criticalPoliticalEconomy,distance-quintile,primary-family-flip,q2,0.286,0.656,32,2158,259,0.120019,0.43125,,,,,,
uniform,targeted:constructivist|criticalPoliticalEconomy,distance-quintile,primary-family-flip,q3,0.656,0.97,31,2092,77,0.036807,0.783548,,,,,,
uniform,targeted:constructivist|criticalPoliticalEconomy,distance-quintile,primary-family-flip,q4,0.97,1.602,33,2210,24,0.01086,1.246667,,,,,,
uniform,targeted:constructivist|criticalPoliticalEconomy,distance-quintile,primary-family-flip,q5,1.602,3.23,32,2138,3,0.001403,2.209063,,,,,,
uniform,targeted:constructivist|criticalPoliticalEconomy,distance-quintile,pure-blend-transition,q1,0.01,0.128,32,2148,916,0.426443,0.057187,,,,,,
uniform,targeted:constructivist|criticalPoliticalEconomy,distance-quintile,pure-blend-transition,q2,0.128,0.466,32,2163,461,0.21313,0.25,,,,,,
uniform,targeted:constructivist|criticalPoliticalEconomy,distance-quintile,pure-blend-transition,q3,0.466,0.78,31,2092,107,0.051147,0.593548,,,,,,
uniform,targeted:constructivist|criticalPoliticalEconomy,distance-quintile,pure-blend-transition,q4,0.78,1.412,33,2210,26,0.011765,1.056667,,,,,,
uniform,targeted:constructivist|criticalPoliticalEconomy,distance-quintile,pure-blend-transition,q5,1.412,3.04,32,2138,5,0.002339,2.019062,,,,,,
uniform,targeted:constructivist|criticalPoliticalEconomy,placement-claim-band,full-archetype-flip,lowDifferentiation,,,17,1142,669,0.585814,0.106471,,,,,,
uniform,targeted:constructivist|criticalPoliticalEconomy,placement-claim-band,full-archetype-flip,sharplyDifferentiated,,,86,5764,329,0.057078,1.503488,,,,,,
uniform,targeted:constructivist|criticalPoliticalEconomy,placement-claim-band,full-archetype-flip,stableModeration,,,57,3845,1188,0.308973,0.420702,,,,,,
uniform,targeted:constructivist|criticalPoliticalEconomy,posture-midpoint-location,restraint-score-distribution,all,3.1,5.8,160,0,0,0,0.704,false,0.029999999999999805,0.1,0,0.9,4.64
uniform,targeted:institutionalist|constructivist,distance-quintile,posture-flip,q1,0,0.25,31,2067,62,0.029995,0.113871,,,,,,
uniform,targeted:institutionalist|constructivist,distance-quintile,posture-flip,q2,0.25,0.426,33,2206,218,0.098821,0.328788,,,,,,
uniform,targeted:institutionalist|constructivist,distance-quintile,posture-flip,q3,0.426,0.692,32,2153,165,0.076637,0.5525,,,,,,
uniform,targeted:institutionalist|constructivist,distance-quintile,posture-flip,q4,0.692,0.982,32,2156,10,0.004638,0.864375,,,,,,
uniform,targeted:institutionalist|constructivist,distance-quintile,posture-flip,q5,0.982,1.73,32,2131,0,0,1.192187,,,,,,
uniform,targeted:institutionalist|constructivist,distance-quintile,primary-family-flip,q1,0.07,0.366,32,2141,595,0.277908,0.210313,,,,,,
uniform,targeted:institutionalist|constructivist,distance-quintile,primary-family-flip,q2,0.366,0.7,30,2022,229,0.113254,0.517333,,,,,,
uniform,targeted:institutionalist|constructivist,distance-quintile,primary-family-flip,q3,0.7,1.224,34,2290,91,0.039738,0.933529,,,,,,
uniform,targeted:institutionalist|constructivist,distance-quintile,primary-family-flip,q4,1.224,1.626,32,2142,29,0.013539,1.39,,,,,,
uniform,targeted:institutionalist|constructivist,distance-quintile,primary-family-flip,q5,1.626,4.15,32,2118,9,0.004249,2.321875,,,,,,
uniform,targeted:institutionalist|constructivist,distance-quintile,pure-blend-transition,q1,0,0.206,32,2141,796,0.371789,0.075938,,,,,,
uniform,targeted:institutionalist|constructivist,distance-quintile,pure-blend-transition,q2,0.206,0.54,30,2022,226,0.111771,0.357333,,,,,,
uniform,targeted:institutionalist|constructivist,distance-quintile,pure-blend-transition,q3,0.54,1.064,34,2290,105,0.045852,0.773529,,,,,,
uniform,targeted:institutionalist|constructivist,distance-quintile,pure-blend-transition,q4,1.064,1.466,32,2142,21,0.009804,1.23,,,,,,
uniform,targeted:institutionalist|constructivist,distance-quintile,pure-blend-transition,q5,1.466,3.99,32,2118,7,0.003305,2.161875,,,,,,
uniform,targeted:institutionalist|constructivist,placement-claim-band,full-archetype-flip,lowDifferentiation,,,11,735,455,0.619048,0.122727,,,,,,
uniform,targeted:institutionalist|constructivist,placement-claim-band,full-archetype-flip,sharplyDifferentiated,,,104,6955,520,0.074766,1.485385,,,,,,
uniform,targeted:institutionalist|constructivist,placement-claim-band,full-archetype-flip,stableModeration,,,45,3023,1008,0.333444,0.376444,,,,,,
uniform,targeted:institutionalist|constructivist,posture-midpoint-location,restraint-score-distribution,all,3.08,5.73,160,0,0,0,0.611688,true,0,0.1125,0.00625,0.88125,4.529999999999999
uniform,targeted:institutionalist|criticalPoliticalEconomy,distance-quintile,posture-flip,q1,0.01,0.298,32,2132,30,0.014071,0.154688,,,,,,
uniform,targeted:institutionalist|criticalPoliticalEconomy,distance-quintile,posture-flip,q2,0.298,0.546,32,2151,163,0.075779,0.418125,,,,,,
uniform,targeted:institutionalist|criticalPoliticalEconomy,distance-quintile,posture-flip,q3,0.546,0.83,30,2013,173,0.085941,0.687667,,,,,,
uniform,targeted:institutionalist|criticalPoliticalEconomy,distance-quintile,posture-flip,q4,0.83,1.17,33,2225,24,0.010787,0.962424,,,,,,
uniform,targeted:institutionalist|criticalPoliticalEconomy,distance-quintile,posture-flip,q5,1.17,2.1,33,2209,0,0,1.469697,,,,,,
uniform,targeted:institutionalist|criticalPoliticalEconomy,distance-quintile,primary-family-flip,q1,0.01,0.378,32,2154,678,0.314763,0.167813,,,,,,
uniform,targeted:institutionalist|criticalPoliticalEconomy,distance-quintile,primary-family-flip,q2,0.378,0.606,32,2149,256,0.119125,0.483125,,,,,,
uniform,targeted:institutionalist|criticalPoliticalEconomy,distance-quintile,primary-family-flip,q3,0.606,1.194,32,2158,103,0.047729,0.894687,,,,,,
uniform,targeted:institutionalist|criticalPoliticalEconomy,distance-quintile,primary-family-flip,q4,1.194,1.882,32,2136,46,0.021536,1.456875,,,,,,
uniform,targeted:institutionalist|criticalPoliticalEconomy,distance-quintile,primary-family-flip,q5,1.882,5.04,32,2133,2,0.000938,2.785937,,,,,,
uniform,targeted:institutionalist|criticalPoliticalEconomy,distance-quintile,pure-blend-transition,q1,0,0.18,32,2155,835,0.387471,0.092812,,,,,,
uniform,targeted:institutionalist|criticalPoliticalEconomy,distance-quintile,pure-blend-transition,q2,0.18,0.386,32,2148,418,0.1946,0.2675,,,,,,
uniform,targeted:institutionalist|criticalPoliticalEconomy,distance-quintile,pure-blend-transition,q3,0.386,0.974,32,2158,110,0.050973,0.674688,,,,,,
uniform,targeted:institutionalist|criticalPoliticalEconomy,distance-quintile,pure-blend-transition,q4,0.974,1.662,32,2136,41,0.019195,1.236875,,,,,,
uniform,targeted:institutionalist|criticalPoliticalEconomy,distance-quintile,pure-blend-transition,q5,1.662,4.82,32,2133,1,0.000469,2.565937,,,,,,
uniform,targeted:institutionalist|criticalPoliticalEconomy,placement-claim-band,full-archetype-flip,lowDifferentiation,,,19,1283,674,0.525331,0.094211,,,,,,
uniform,targeted:institutionalist|criticalPoliticalEconomy,placement-claim-band,full-archetype-flip,sharplyDifferentiated,,,83,5546,355,0.06401,1.869639,,,,,,
uniform,targeted:institutionalist|criticalPoliticalEconomy,placement-claim-band,full-archetype-flip,stableModeration,,,58,3901,1100,0.281979,0.487241,,,,,,
uniform,targeted:institutionalist|criticalPoliticalEconomy,posture-midpoint-location,restraint-score-distribution,all,3.47,6.1,160,0,0,0,0.745125,false,0.009999999999999787,0.1,0,0.9,4.7
uniform,targeted:realist|constructivist,distance-quintile,posture-flip,q1,0.01,0.346,32,2140,174,0.081308,0.171562,,,,,,
uniform,targeted:realist|constructivist,distance-quintile,posture-flip,q2,0.346,0.6,32,2146,65,0.030289,0.474062,,,,,,
uniform,targeted:realist|constructivist,distance-quintile,posture-flip,q3,0.6,0.904,32,2155,20,0.009281,0.714688,,,,,,
uniform,targeted:realist|constructivist,distance-quintile,posture-flip,q4,0.904,1.262,32,2143,0,0,1.053125,,,,,,
uniform,targeted:realist|constructivist,distance-quintile,posture-flip,q5,1.262,2.72,32,2133,0,0,1.69125,,,,,,
uniform,targeted:realist|constructivist,distance-quintile,primary-family-flip,q1,0.01,0.298,32,2159,678,0.314034,0.156562,,,,,,
uniform,targeted:realist|constructivist,distance-quintile,primary-family-flip,q2,0.298,0.682,32,2151,370,0.172013,0.465937,,,,,,
uniform,targeted:realist|constructivist,distance-quintile,primary-family-flip,q3,0.682,1.26,31,2059,117,0.056824,0.954839,,,,,,
uniform,targeted:realist|constructivist,distance-quintile,primary-family-flip,q4,1.26,1.802,33,2215,47,0.021219,1.521212,,,,,,
uniform,targeted:realist|constructivist,distance-quintile,primary-family-flip,q5,1.802,4.75,32,2133,7,0.003282,2.523125,,,,,,
uniform,targeted:realist|constructivist,distance-quintile,pure-blend-transition,q1,0,0.14,31,2077,855,0.411651,0.071935,,,,,,
uniform,targeted:realist|constructivist,distance-quintile,pure-blend-transition,q2,0.14,0.34,30,2027,557,0.27479,0.228333,,,,,,
uniform,targeted:realist|constructivist,distance-quintile,pure-blend-transition,q3,0.34,0.91,34,2265,231,0.101987,0.581471,,,,,,
uniform,targeted:realist|constructivist,distance-quintile,pure-blend-transition,q4,0.91,1.452,33,2215,63,0.028442,1.171212,,,,,,
uniform,targeted:realist|constructivist,distance-quintile,pure-blend-transition,q5,1.452,4.4,32,2133,8,0.003751,2.173125,,,,,,
uniform,targeted:realist|constructivist,placement-claim-band,full-archetype-flip,lowDifferentiation,,,31,2099,938,0.446879,0.170645,,,,,,
uniform,targeted:realist|constructivist,placement-claim-band,full-archetype-flip,sharplyDifferentiated,,,69,4614,204,0.044213,1.968696,,,,,,
uniform,targeted:realist|constructivist,placement-claim-band,full-archetype-flip,stableModeration,,,60,4004,1188,0.296703,0.6555,,,,,,
uniform,targeted:realist|constructivist,posture-midpoint-location,restraint-score-distribution,all,2.31,6.72,160,0,0,0,0.820937,false,0.009999999999999787,0.3,0,0.7,4.6
uniform,targeted:realist|criticalPoliticalEconomy,distance-quintile,posture-flip,q1,0,0.22,30,2022,137,0.067755,0.127667,,,,,,
uniform,targeted:realist|criticalPoliticalEconomy,distance-quintile,posture-flip,q2,0.22,0.45,30,2011,171,0.085032,0.317667,,,,,,
uniform,targeted:realist|criticalPoliticalEconomy,distance-quintile,posture-flip,q3,0.45,0.66,35,2360,66,0.027966,0.526857,,,,,,
uniform,targeted:realist|criticalPoliticalEconomy,distance-quintile,posture-flip,q4,0.66,0.982,33,2220,9,0.004054,0.807273,,,,,,
uniform,targeted:realist|criticalPoliticalEconomy,distance-quintile,posture-flip,q5,0.982,1.63,32,2145,0,0,1.21875,,,,,,
uniform,targeted:realist|criticalPoliticalEconomy,distance-quintile,primary-family-flip,q1,0,0.286,32,2155,717,0.332715,0.144688,,,,,,
uniform,targeted:realist|criticalPoliticalEconomy,distance-quintile,primary-family-flip,q2,0.286,0.672,32,2154,284,0.131848,0.475313,,,,,,
uniform,targeted:realist|criticalPoliticalEconomy,distance-quintile,primary-family-flip,q3,0.672,1.184,32,2156,89,0.04128,0.925937,,,,,,
uniform,targeted:realist|criticalPoliticalEconomy,distance-quintile,primary-family-flip,q4,1.184,1.802,32,2152,28,0.013011,1.45,,,,,,
uniform,targeted:realist|criticalPoliticalEconomy,distance-quintile,primary-family-flip,q5,1.802,4.09,32,2141,4,0.001868,2.512188,,,,,,
uniform,targeted:realist|criticalPoliticalEconomy,distance-quintile,pure-blend-transition,q1,0.01,0.16,31,2085,838,0.401918,0.071613,,,,,,
uniform,targeted:realist|criticalPoliticalEconomy,distance-quintile,pure-blend-transition,q2,0.16,0.462,33,2224,529,0.23786,0.275152,,,,,,
uniform,targeted:realist|criticalPoliticalEconomy,distance-quintile,pure-blend-transition,q3,0.462,0.974,32,2156,104,0.048237,0.715938,,,,,,
uniform,targeted:realist|criticalPoliticalEconomy,distance-quintile,pure-blend-transition,q4,0.974,1.592,32,2152,35,0.016264,1.24,,,,,,
uniform,targeted:realist|criticalPoliticalEconomy,distance-quintile,pure-blend-transition,q5,1.592,3.88,32,2141,7,0.00327,2.302188,,,,,,
uniform,targeted:realist|criticalPoliticalEconomy,placement-claim-band,full-archetype-flip,lowDifferentiation,,,20,1344,759,0.564732,0.091,,,,,,
uniform,targeted:realist|criticalPoliticalEconomy,placement-claim-band,full-archetype-flip,sharplyDifferentiated,,,86,5783,361,0.062424,1.73407,,,,,,
uniform,targeted:realist|criticalPoliticalEconomy,placement-claim-band,full-archetype-flip,stableModeration,,,54,3631,1044,0.287524,0.468704,,,,,,
uniform,targeted:realist|criticalPoliticalEconomy,posture-midpoint-location,restraint-score-distribution,all,3.2,5.63,160,0,0,0,0.609,true,0,0.1625,0.00625,0.83125,4.51
uniform,targeted:realist|institutionalist,distance-quintile,posture-flip,q1,0.02,0.268,32,2151,177,0.082287,0.14125,,,,,,
uniform,targeted:realist|institutionalist,distance-quintile,posture-flip,q2,0.268,0.51,29,1937,39,0.020134,0.406897,,,,,,
uniform,targeted:realist|institutionalist,distance-quintile,posture-flip,q3,0.51,0.804,35,2357,36,0.015274,0.636,,,,,,
uniform,targeted:realist|institutionalist,distance-quintile,posture-flip,q4,0.804,1.176,32,2152,0,0,0.96875,,,,,,
uniform,targeted:realist|institutionalist,distance-quintile,posture-flip,q5,1.176,2,32,2139,0,0,1.535,,,,,,
uniform,targeted:realist|institutionalist,distance-quintile,primary-family-flip,q1,0.01,0.286,32,2136,758,0.354869,0.139688,,,,,,
uniform,targeted:realist|institutionalist,distance-quintile,primary-family-flip,q2,0.286,0.536,32,2160,408,0.188889,0.40375,,,,,,
uniform,targeted:realist|institutionalist,distance-quintile,primary-family-flip,q3,0.536,1.01,30,2019,184,0.091134,0.731,,,,,,
uniform,targeted:realist|institutionalist,distance-quintile,primary-family-flip,q4,1.01,1.906,34,2279,59,0.025889,1.383235,,,,,,
uniform,targeted:realist|institutionalist,distance-quintile,primary-family-flip,q5,1.906,4.75,32,2142,7,0.003268,2.549687,,,,,,
uniform,targeted:realist|institutionalist,distance-quintile,pure-blend-transition,q1,0,0.13,32,2143,917,0.427905,0.068125,,,,,,
uniform,targeted:realist|institutionalist,distance-quintile,pure-blend-transition,q2,0.13,0.27,29,1955,590,0.30179,0.186552,,,,,,
uniform,targeted:realist|institutionalist,distance-quintile,pure-blend-transition,q3,0.27,0.72,35,2348,361,0.153748,0.443714,,,,,,
uniform,targeted:realist|institutionalist,distance-quintile,pure-blend-transition,q4,0.72,1.616,32,2148,87,0.040503,1.116563,,,,,,
uniform,targeted:realist|institutionalist,distance-quintile,pure-blend-transition,q5,1.616,4.46,32,2142,12,0.005602,2.259688,,,,,,
uniform,targeted:realist|institutionalist,placement-claim-band,full-archetype-flip,lowDifferentiation,,,30,2003,997,0.497753,0.142667,,,,,,
uniform,targeted:realist|institutionalist,placement-claim-band,full-archetype-flip,sharplyDifferentiated,,,57,3816,183,0.047956,2.089123,,,,,,
uniform,targeted:realist|institutionalist,placement-claim-band,full-archetype-flip,stableModeration,,,73,4917,1408,0.286353,0.610685,,,,,,
uniform,targeted:realist|institutionalist,posture-midpoint-location,restraint-score-distribution,all,2.3,6,160,0,0,0,0.741875,false,0.019999999999999574,0.3375,0,0.6625,4.4
