ensemble,form,starting_class,item_id,dimensions,perturbation_trials,family_flips,family_flip_rate,posture_flips,posture_flip_rate,routing_flips,routing_flip_rate,full_archetype_flips,full_archetype_flip_rate,mean_dimension_l1,max_dimension_l1,omission_trials,omission_full_archetype_flip_rate,neutralisation_trials,neutralisation_full_archetype_flip_rate
boundaryFocused,core,blend,df1,domesticFilters,129,59,0.457364,0,0,27,0.209302,38,0.294574,0.817829,3,35,0.542857,35,0.4
boundaryFocused,core,blend,in2,institutions,135,65,0.481481,0,0,44,0.325926,57,0.422222,0.655556,3,35,0.571429,35,0.342857
boundaryFocused,core,blend,ni2,normsIdentity,134,64,0.477612,0,0,49,0.365672,68,0.507463,0.705224,3,35,0.6,35,0.457143
boundaryFocused,core,blend,oj1,orderJustice,124,58,0.467742,0,0,19,0.153226,29,0.233871,0.846774,3,35,0.457143,35,0.314286
boundaryFocused,core,blend,oj2,orderJustice,131,68,0.519084,0,0,21,0.160305,28,0.21374,0.782443,3,35,0.457143,35,0.285714
boundaryFocused,core,blend,pe2,politicalEconomy,134,56,0.41791,0,0,22,0.164179,37,0.276119,0.716418,3,35,0.542857,35,0.371429
boundaryFocused,core,blend,rs2,restraint,127,60,0.472441,40,0.314961,11,0.086614,44,0.346457,0.854331,3,35,0.485714,35,0.485714
boundaryFocused,core,blend,sc2,securityCompetition,133,65,0.488722,0,0,65,0.488722,85,0.639098,0.75188,3,35,0.714286,35,0.571429
boundaryFocused,core,blend,v21_df_rev_04,domesticFilters,126,60,0.47619,0,0,23,0.18254,38,0.301587,0.857143,3,35,0.485714,35,0.457143
boundaryFocused,core,blend,v21_in_rev_03,institutions,129,59,0.457364,0,0,47,0.364341,62,0.48062,0.72093,3,35,0.571429,35,0.485714
boundaryFocused,core,blend,v21_ni_rev_05,normsIdentity,132,76,0.575758,0,0,52,0.393939,71,0.537879,0.746212,3,35,0.628571,35,0.514286
boundaryFocused,core,blend,v21_pe_rev_02,politicalEconomy,128,47,0.367188,0,0,21,0.164063,37,0.289063,0.738281,3,35,0.485714,35,0.4
boundaryFocused,core,blend,v21_rs_rev_04,restraint,132,63,0.477273,21,0.159091,9,0.068182,27,0.204545,0.768939,3,35,0.342857,35,0.171429
boundaryFocused,core,blend,v21_sc_rev_02,securityCompetition,126,63,0.5,0,0,66,0.52381,79,0.626984,0.81746,3,35,0.714286,35,0.571429
boundaryFocused,core,pure,df1,domesticFilters,96,14,0.145833,0,0,28,0.291667,32,0.333333,1.036458,3,29,0.310345,29,0.344828
boundaryFocused,core,pure,in2,institutions,97,19,0.195876,0,0,30,0.309278,40,0.412371,0.912371,3,29,0.413793,29,0.413793
boundaryFocused,core,pure,ni2,normsIdentity,103,22,0.213592,0,0,32,0.31068,44,0.427184,0.84466,3,29,0.517241,29,0.448276
boundaryFocused,core,pure,oj1,orderJustice,109,7,0.06422,0,0,36,0.330275,37,0.33945,0.642202,3,29,0.310345,29,0.344828
boundaryFocused,core,pure,oj2,orderJustice,108,6,0.055556,0,0,33,0.305556,34,0.314815,0.657407,3,29,0.241379,29,0.275862
boundaryFocused,core,pure,pe2,politicalEconomy,109,6,0.055046,0,0,33,0.302752,35,0.321101,0.756881,3,29,0.37931,29,0.275862
boundaryFocused,core,pure,rs2,restraint,108,0,0,31,0.287037,37,0.342593,59,0.546296,0.893519,3,29,0.517241,29,0.551724
boundaryFocused,core,pure,sc2,securityCompetition,110,27,0.245455,0,0,44,0.4,53,0.481818,0.759091,2.5,29,0.551724,29,0.482759
boundaryFocused,core,pure,v21_df_rev_04,domesticFilters,111,14,0.126126,0,0,36,0.324324,39,0.351351,0.855856,3,29,0.413793,29,0.275862
boundaryFocused,core,pure,v21_in_rev_03,institutions,110,11,0.1,0,0,36,0.327273,39,0.354545,0.781818,3,29,0.344828,29,0.448276
boundaryFocused,core,pure,v21_ni_rev_05,normsIdentity,108,15,0.138889,0,0,25,0.231481,28,0.259259,0.777778,3,29,0.241379,29,0.206897
boundaryFocused,core,pure,v21_pe_rev_02,politicalEconomy,106,11,0.103774,0,0,30,0.283019,34,0.320755,0.806604,3,29,0.310345,29,0.413793
boundaryFocused,core,pure,v21_rs_rev_04,restraint,108,3,0.027778,32,0.296296,39,0.361111,62,0.574074,0.893519,3,29,0.551724,29,0.551724
boundaryFocused,core,pure,v21_sc_rev_02,securityCompetition,112,28,0.25,0,0,40,0.357143,51,0.455357,0.745536,2.5,29,0.448276,29,0.482759
boundaryFocused,fullExtended,blend,an_case_burdens,domesticFilters|institutions|normsIdentity|restraint|securityCompetition,99,57,0.575758,7,0.070707,35,0.353535,48,0.484848,0.208586,0.41,0,0,0,0
boundaryFocused,fullExtended,blend,an_case_digital_stack,institutions|normsIdentity|politicalEconomy|restraint|securityCompetition,99,51,0.515152,7,0.070707,39,0.393939,59,0.59596,0.222121,0.36,0,0,0,0
boundaryFocused,fullExtended,blend,an_case_finance,domesticFilters|institutions|politicalEconomy|restraint,99,56,0.565657,0,0,20,0.20202,26,0.262626,0.193535,0.36,0,0,0,0
boundaryFocused,fullExtended,blend,an_case_green_finance,domesticFilters|institutions|normsIdentity|orderJustice|politicalEconomy,99,42,0.424242,0,0,11,0.111111,18,0.181818,0.224949,0.39,0,0,0,0
boundaryFocused,fullExtended,blend,an_case_intervention_memory,domesticFilters|institutions|normsIdentity|orderJustice|restraint,99,50,0.505051,9,0.090909,3,0.030303,18,0.181818,0.250202,0.48,0,0,0,0
boundaryFocused,fullExtended,blend,an_case_maritime_crisis,domesticFilters|institutions|restraint|securityCompetition,99,44,0.444444,8,0.080808,24,0.242424,43,0.434343,0.207273,0.34,0,0,0,0
boundaryFocused,fullExtended,blend,an_case_middle_power,domesticFilters|institutions|normsIdentity|politicalEconomy|restraint|securityCompetition,99,53,0.535354,12,0.121212,23,0.232323,33,0.333333,0.171414,0.33,0,0,0,0
boundaryFocused,fullExtended,blend,an_case_rising_power_voice,domesticFilters|institutions|normsIdentity|politicalEconomy|securityCompetition,99,67,0.676768,0,0,50,0.505051,59,0.59596,0.240202,0.42,0,0,0,0
boundaryFocused,fullExtended,blend,an_case_sanctions_alignment,domesticFilters|institutions|normsIdentity|orderJustice|politicalEconomy|restraint,99,48,0.484848,3,0.030303,12,0.121212,17,0.171717,0.244343,0.47,0,0,0,0
boundaryFocused,fullExtended,blend,an_in3,institutions,56,30,0.535714,0,0,0,0,3,0.053571,0.038571,0.05,0,0,0,0
boundaryFocused,fullExtended,blend,an_in4,institutions,55,25,0.454545,0,0,0,0,3,0.054545,0.038182,0.05,0,0,0,0
boundaryFocused,fullExtended,blend,an_ni3,normsIdentity,55,28,0.509091,0,0,3,0.054545,7,0.127273,0.068727,0.09,0,0,0,0
boundaryFocused,fullExtended,blend,an_oj3,orderJustice,60,29,0.483333,0,0,1,0.016667,2,0.033333,0.091667,0.11,0,0,0,0
boundaryFocused,fullExtended,blend,an_pe3,politicalEconomy,59,25,0.423729,0,0,0,0,2,0.033898,0.064746,0.09,0,0,0,0
boundaryFocused,fullExtended,blend,an_pe4,politicalEconomy,57,21,0.368421,0,0,1,0.017544,3,0.052632,0.06386,0.09,0,0,0,0
boundaryFocused,fullExtended,blend,an_sc3,securityCompetition,55,26,0.472727,0,0,1,0.018182,4,0.072727,0.052727,0.06,0,0,0,0
boundaryFocused,fullExtended,blend,an_sc4,securityCompetition,60,28,0.466667,0,0,0,0,3,0.05,0.0535,0.06,0,0,0,0
boundaryFocused,fullExtended,blend,an_tradeoff_ceasefire_settlement,domesticFilters|institutions|orderJustice|politicalEconomy|restraint,99,43,0.434343,8,0.080808,7,0.070707,18,0.181818,0.235354,0.43,0,0,0,0
boundaryFocused,fullExtended,blend,an_tradeoff_energy_alignment,domesticFilters|institutions|normsIdentity|orderJustice|politicalEconomy|restraint,99,60,0.606061,9,0.090909,8,0.080808,20,0.20202,0.258283,0.51,0,0,0,0
boundaryFocused,fullExtended,blend,an_tradeoff_evidence,domesticFilters|institutions|normsIdentity|restraint|securityCompetition,99,52,0.525253,2,0.020202,62,0.626263,67,0.676768,0.26202,0.45,0,0,0,0
boundaryFocused,fullExtended,blend,an_tradeoff_legitimacy,domesticFilters|institutions|normsIdentity|politicalEconomy|securityCompetition,99,49,0.494949,0,0,57,0.575758,70,0.707071,0.265859,0.49,0,0,0,0
boundaryFocused,fullExtended,blend,an_tradeoff_parallel_order,domesticFilters|institutions|normsIdentity|orderJustice|politicalEconomy|securityCompetition,99,44,0.444444,0,0,26,0.262626,41,0.414141,0.231313,0.37,0,0,0,0
boundaryFocused,fullExtended,blend,an_tradeoff_rival,domesticFilters|institutions|normsIdentity|securityCompetition,99,50,0.505051,0,0,61,0.616162,72,0.727273,0.257778,0.46,0,0,0,0
boundaryFocused,fullExtended,blend,an_tradeoff_tech_order,institutions|normsIdentity|orderJustice|politicalEconomy|restraint|securityCompetition,99,49,0.494949,5,0.050505,27,0.272727,45,0.454545,0.238384,0.42,0,0,0,0
boundaryFocused,fullExtended,blend,case_protection,domesticFilters|institutions|normsIdentity|orderJustice|restraint,99,47,0.474747,4,0.040404,5,0.050505,12,0.121212,0.286263,0.64,0,0,0,0
boundaryFocused,fullExtended,blend,case_semiconductors,institutions|normsIdentity|politicalEconomy|restraint|securityCompetition,99,46,0.464646,6,0.060606,58,0.585859,70,0.707071,0.281717,0.5,0,0,0,0
boundaryFocused,fullExtended,blend,df1,domesticFilters,127,54,0.425197,0,0,7,0.055118,12,0.094488,0.096457,0.28,33,0.151515,33,0.121212
boundaryFocused,fullExtended,blend,df2,domesticFilters,56,28,0.5,0,0,1,0.017857,3,0.053571,0.076429,0.11,0,0,0,0
boundaryFocused,fullExtended,blend,in1,institutions,56,29,0.517857,0,0,0,0,4,0.071429,0.039107,0.05,0,0,0,0
boundaryFocused,fullExtended,blend,in2,institutions,118,50,0.423729,0,0,16,0.135593,26,0.220339,0.058644,0.18,33,0.30303,33,0.363636
boundaryFocused,fullExtended,blend,ni1,normsIdentity,60,30,0.5,0,0,5,0.083333,9,0.15,0.069167,0.09,0,0,0,0
boundaryFocused,fullExtended,blend,ni2,normsIdentity,125,61,0.488,0,0,25,0.2,33,0.264,0.08992,0.32,33,0.424242,33,0.333333
boundaryFocused,fullExtended,blend,oj1,orderJustice,120,66,0.55,0,0,3,0.025,11,0.091667,0.140417,0.36,33,0.181818,33,0.090909
boundaryFocused,fullExtended,blend,oj2,orderJustice,121,53,0.438017,0,0,5,0.041322,6,0.049587,0.135124,0.39,33,0.060606,33,0.060606
boundaryFocused,fullExtended,blend,pe1,politicalEconomy,51,21,0.411765,0,0,1,0.019608,2,0.039216,0.065294,0.09,0,0,0,0
boundaryFocused,fullExtended,blend,pe2,politicalEconomy,122,44,0.360656,0,0,5,0.040984,13,0.106557,0.100164,0.28,33,0.181818,33,0.121212
boundaryFocused,fullExtended,blend,rs1,restraint,59,28,0.474576,4,0.067797,0,0,4,0.067797,0.046271,0.06,0,0,0,0
boundaryFocused,fullExtended,blend,rs2,restraint,121,60,0.495868,9,0.07438,2,0.016529,13,0.107438,0.062066,0.18,33,0.121212,33,0.151515
boundaryFocused,fullExtended,blend,sc1,securityCompetition,58,29,0.5,0,0,1,0.017241,4,0.068966,0.052931,0.06,0,0,0,0
boundaryFocused,fullExtended,blend,sc2,securityCompetition,121,62,0.512397,0,0,24,0.198347,26,0.214876,0.077107,0.21,33,0.424242,33,0.333333
boundaryFocused,fullExtended,blend,tradeoff_alliances,domesticFilters|institutions|normsIdentity|restraint|securityCompetition,99,48,0.484848,3,0.030303,49,0.494949,59,0.59596,0.236566,0.46,0,0,0,0
boundaryFocused,fullExtended,blend,tradeoff_interdependence,domesticFilters|institutions|politicalEconomy|restraint|securityCompetition,99,59,0.59596,1,0.010101,30,0.30303,46,0.464646,0.22101,0.35,0,0,0,0
boundaryFocused,fullExtended,blend,tradeoff_intervention,domesticFilters|institutions|normsIdentity|orderJustice|restraint,99,54,0.545455,6,0.060606,2,0.020202,10,0.10101,0.26303,0.54,0,0,0,0
boundaryFocused,fullExtended,blend,tradeoff_strategy,domesticFilters|politicalEconomy|restraint|securityCompetition,99,52,0.525253,15,0.151515,26,0.262626,36,0.363636,0.212525,0.38,0,0,0,0
boundaryFocused,fullExtended,blend,v21_df_rev_01,domesticFilters,56,25,0.446429,0,0,1,0.017857,3,0.053571,0.07625,0.11,0,0,0,0
boundaryFocused,fullExtended,blend,v21_df_rev_04,domesticFilters,120,59,0.491667,0,0,13,0.108333,22,0.183333,0.1195,0.36,33,0.424242,33,0.151515
boundaryFocused,fullExtended,blend,v21_in_rev_03,institutions,125,55,0.44,0,0,15,0.12,19,0.152,0.05152,0.16,33,0.212121,33,0.272727
boundaryFocused,fullExtended,blend,v21_ni_rev_01,normsIdentity,56,27,0.482143,0,0,4,0.071429,8,0.142857,0.068929,0.09,0,0,0,0
boundaryFocused,fullExtended,blend,v21_ni_rev_05,normsIdentity,122,53,0.434426,0,0,35,0.286885,41,0.336066,0.106639,0.32,33,0.545455,33,0.484848
boundaryFocused,fullExtended,blend,v21_oj_rev_02,orderJustice,61,32,0.52459,0,0,1,0.016393,2,0.032787,0.090984,0.11,0,0,0,0
boundaryFocused,fullExtended,blend,v21_pe_rev_02,politicalEconomy,122,48,0.393443,0,0,9,0.07377,14,0.114754,0.096557,0.28,33,0.242424,33,0.121212
boundaryFocused,fullExtended,blend,v21_rs_rev_04,restraint,121,50,0.413223,11,0.090909,2,0.016529,14,0.115702,0.067107,0.2,33,0.181818,33,0.151515
boundaryFocused,fullExtended,blend,v21_rs_rev_05,restraint,54,26,0.481481,2,0.037037,0,0,2,0.037037,0.04537,0.06,0,0,0,0
boundaryFocused,fullExtended,blend,v21_sc_rev_01,securityCompetition,56,30,0.535714,0,0,1,0.017857,3,0.053571,0.052857,0.06,0,0,0,0
boundaryFocused,fullExtended,blend,v21_sc_rev_02,securityCompetition,128,61,0.476563,0,0,17,0.132813,25,0.195313,0.067109,0.17,33,0.333333,33,0.333333
boundaryFocused,fullExtended,blend,v21_sc_rev_05,securityCompetition,60,30,0.5,0,0,1,0.016667,4,0.066667,0.053333,0.06,0,0,0,0
boundaryFocused,fullExtended,blend,val_ci_1,validation:cooperativeInternationalism,57,0,0,0,0,0,0,0,0,0,0,0,0,0,0
boundaryFocused,fullExtended,blend,val_ci_2,validation:cooperativeInternationalism,59,0,0,0,0,0,0,0,0,0,0,0,0,0,0
boundaryFocused,fullExtended,blend,val_ci_3,validation:cooperativeInternationalism,60,0,0,0,0,0,0,0,0,0,0,0,0,0,0
boundaryFocused,fullExtended,blend,val_ci_4,validation:cooperativeInternationalism,53,0,0,0,0,0,0,0,0,0,0,0,0,0,0
boundaryFocused,fullExtended,blend,val_iso_1,validation:isolationism,56,0,0,0,0,0,0,0,0,0,0,0,0,0,0
boundaryFocused,fullExtended,blend,val_iso_2,validation:isolationism,53,0,0,0,0,0,0,0,0,0,0,0,0,0,0
boundaryFocused,fullExtended,blend,val_iso_3,validation:isolationism,60,0,0,0,0,0,0,0,0,0,0,0,0,0,0
boundaryFocused,fullExtended,blend,val_iso_4,validation:isolationism,57,0,0,0,0,0,0,0,0,0,0,0,0,0,0
boundaryFocused,fullExtended,blend,val_mi_1,validation:militantInternationalism,56,0,0,0,0,0,0,0,0,0,0,0,0,0,0
boundaryFocused,fullExtended,blend,val_mi_2,validation:militantInternationalism,59,0,0,0,0,0,0,0,0,0,0,0,0,0,0
boundaryFocused,fullExtended,blend,val_mi_3,validation:militantInternationalism,57,0,0,0,0,0,0,0,0,0,0,0,0,0,0
boundaryFocused,fullExtended,blend,val_mi_4,validation:militantInternationalism,61,0,0,0,0,0,0,0,0,0,0,0,0,0,0
boundaryFocused,fullExtended,pure,an_case_burdens,domesticFilters|institutions|normsIdentity|restraint|securityCompetition,93,8,0.086022,4,0.043011,18,0.193548,22,0.236559,0.218817,0.35,0,0,0,0
boundaryFocused,fullExtended,pure,an_case_digital_stack,institutions|normsIdentity|politicalEconomy|restraint|securityCompetition,93,14,0.150538,1,0.010753,23,0.247312,26,0.27957,0.234409,0.36,0,0,0,0
boundaryFocused,fullExtended,pure,an_case_finance,domesticFilters|institutions|politicalEconomy|restraint,93,10,0.107527,0,0,29,0.311828,30,0.322581,0.215914,0.33,0,0,0,0
boundaryFocused,fullExtended,pure,an_case_green_finance,domesticFilters|institutions|normsIdentity|orderJustice|politicalEconomy,93,4,0.043011,0,0,23,0.247312,24,0.258065,0.219247,0.34,0,0,0,0
boundaryFocused,fullExtended,pure,an_case_intervention_memory,domesticFilters|institutions|normsIdentity|orderJustice|restraint,93,1,0.010753,4,0.043011,23,0.247312,26,0.27957,0.261075,0.45,0,0,0,0
boundaryFocused,fullExtended,pure,an_case_maritime_crisis,domesticFilters|institutions|restraint|securityCompetition,93,13,0.139785,4,0.043011,22,0.236559,26,0.27957,0.209247,0.37,0,0,0,0
boundaryFocused,fullExtended,pure,an_case_middle_power,domesticFilters|institutions|normsIdentity|politicalEconomy|restraint|securityCompetition,93,5,0.053763,4,0.043011,20,0.215054,22,0.236559,0.184086,0.3,0,0,0,0
boundaryFocused,fullExtended,pure,an_case_rising_power_voice,domesticFilters|institutions|normsIdentity|politicalEconomy|securityCompetition,93,23,0.247312,0,0,28,0.301075,37,0.397849,0.242258,0.35,0,0,0,0
boundaryFocused,fullExtended,pure,an_case_sanctions_alignment,domesticFilters|institutions|normsIdentity|orderJustice|politicalEconomy|restraint,93,4,0.043011,4,0.043011,24,0.258065,25,0.268817,0.262366,0.5,0,0,0,0
boundaryFocused,fullExtended,pure,an_in3,institutions,55,0,0,0,0,14,0.254545,14,0.254545,0.040364,0.05,0,0,0,0
boundaryFocused,fullExtended,pure,an_in4,institutions,53,0,0,0,0,14,0.264151,14,0.264151,0.040566,0.05,0,0,0,0
boundaryFocused,fullExtended,pure,an_ni3,normsIdentity,53,0,0,0,0,14,0.264151,14,0.264151,0.066226,0.1,0,0,0,0
boundaryFocused,fullExtended,pure,an_oj3,orderJustice,52,0,0,0,0,15,0.288462,15,0.288462,0.088654,0.11,0,0,0,0
boundaryFocused,fullExtended,pure,an_pe3,politicalEconomy,54,0,0,0,0,14,0.259259,14,0.259259,0.064815,0.08,0,0,0,0
boundaryFocused,fullExtended,pure,an_pe4,politicalEconomy,56,0,0,0,0,16,0.285714,16,0.285714,0.065357,0.08,0,0,0,0
boundaryFocused,fullExtended,pure,an_sc3,securityCompetition,54,0,0,0,0,15,0.277778,15,0.277778,0.051667,0.07,0,0,0,0
boundaryFocused,fullExtended,pure,an_sc4,securityCompetition,54,0,0,0,0,15,0.277778,15,0.277778,0.052222,0.07,0,0,0,0
boundaryFocused,fullExtended,pure,an_tradeoff_ceasefire_settlement,domesticFilters|institutions|orderJustice|politicalEconomy|restraint,93,5,0.053763,3,0.032258,26,0.27957,27,0.290323,0.238817,0.41,0,0,0,0
boundaryFocused,fullExtended,pure,an_tradeoff_energy_alignment,domesticFilters|institutions|normsIdentity|orderJustice|politicalEconomy|restraint,93,6,0.064516,4,0.043011,33,0.354839,35,0.376344,0.256667,0.53,0,0,0,0
boundaryFocused,fullExtended,pure,an_tradeoff_evidence,domesticFilters|institutions|normsIdentity|restraint|securityCompetition,93,17,0.182796,0,0,27,0.290323,33,0.354839,0.26957,0.44,0,0,0,0
boundaryFocused,fullExtended,pure,an_tradeoff_legitimacy,domesticFilters|institutions|normsIdentity|politicalEconomy|securityCompetition,93,13,0.139785,0,0,23,0.247312,25,0.268817,0.249785,0.44,0,0,0,0
boundaryFocused,fullExtended,pure,an_tradeoff_parallel_order,domesticFilters|institutions|normsIdentity|orderJustice|politicalEconomy|securityCompetition,93,11,0.11828,0,0,24,0.258065,29,0.311828,0.239032,0.36,0,0,0,0
boundaryFocused,fullExtended,pure,an_tradeoff_rival,domesticFilters|institutions|normsIdentity|securityCompetition,93,20,0.215054,0,0,29,0.311828,38,0.408602,0.264731,0.5,0,0,0,0
boundaryFocused,fullExtended,pure,an_tradeoff_tech_order,institutions|normsIdentity|orderJustice|politicalEconomy|restraint|securityCompetition,93,14,0.150538,2,0.021505,22,0.236559,26,0.27957,0.238065,0.4,0,0,0,0
boundaryFocused,fullExtended,pure,case_protection,domesticFilters|institutions|normsIdentity|orderJustice|restraint,93,1,0.010753,2,0.021505,32,0.344086,32,0.344086,0.282043,0.59,0,0,0,0
boundaryFocused,fullExtended,pure,case_semiconductors,institutions|normsIdentity|politicalEconomy|restraint|securityCompetition,93,22,0.236559,5,0.053763,33,0.354839,40,0.430108,0.295591,0.54,0,0,0,0
boundaryFocused,fullExtended,pure,df1,domesticFilters,114,5,0.04386,0,0,33,0.289474,33,0.289474,0.124649,0.36,31,0.258065,31,0.290323
boundaryFocused,fullExtended,pure,df2,domesticFilters,51,0,0,0,0,11,0.215686,11,0.215686,0.078235,0.11,0,0,0,0
boundaryFocused,fullExtended,pure,in1,institutions,53,0,0,0,0,15,0.283019,15,0.283019,0.040755,0.05,0,0,0,0
boundaryFocused,fullExtended,pure,in2,institutions,115,2,0.017391,0,0,27,0.234783,27,0.234783,0.055565,0.14,31,0.290323,31,0.193548
boundaryFocused,fullExtended,pure,ni1,normsIdentity,53,0,0,0,0,14,0.264151,14,0.264151,0.066792,0.1,0,0,0,0
boundaryFocused,fullExtended,pure,ni2,normsIdentity,114,7,0.061404,0,0,34,0.298246,38,0.333333,0.10307,0.29,31,0.354839,31,0.354839
boundaryFocused,fullExtended,pure,oj1,orderJustice,118,1,0.008475,0,0,22,0.186441,22,0.186441,0.113305,0.33,31,0.16129,31,0.096774
boundaryFocused,fullExtended,pure,oj2,orderJustice,118,0,0,0,0,18,0.152542,18,0.152542,0.112458,0.33,31,0.096774,31,0.064516
boundaryFocused,fullExtended,pure,pe1,politicalEconomy,53,0,0,0,0,15,0.283019,15,0.283019,0.066038,0.08,0,0,0,0
boundaryFocused,fullExtended,pure,pe2,politicalEconomy,110,5,0.045455,0,0,27,0.245455,28,0.254545,0.1,0.3,31,0.290323,31,0.193548
boundaryFocused,fullExtended,pure,rs1,restraint,52,0,0,2,0.038462,14,0.269231,14,0.269231,0.046923,0.06,0,0,0,0
boundaryFocused,fullExtended,pure,rs2,restraint,116,1,0.008621,2,0.017241,31,0.267241,31,0.267241,0.069138,0.19,31,0.258065,31,0.225806
boundaryFocused,fullExtended,pure,sc1,securityCompetition,51,0,0,0,0,13,0.254902,13,0.254902,0.051569,0.07,0,0,0,0
boundaryFocused,fullExtended,pure,sc2,securityCompetition,115,4,0.034783,0,0,26,0.226087,27,0.234783,0.073826,0.2,31,0.258065,31,0.258065
boundaryFocused,fullExtended,pure,tradeoff_alliances,domesticFilters|institutions|normsIdentity|restraint|securityCompetition,93,16,0.172043,1,0.010753,22,0.236559,29,0.311828,0.272688,0.42,0,0,0,0
boundaryFocused,fullExtended,pure,tradeoff_interdependence,domesticFilters|institutions|politicalEconomy|restraint|securityCompetition,93,13,0.139785,0,0,27,0.290323,36,0.387097,0.226559,0.36,0,0,0,0
boundaryFocused,fullExtended,pure,tradeoff_intervention,domesticFilters|institutions|normsIdentity|orderJustice|restraint,93,2,0.021505,4,0.043011,17,0.182796,21,0.225806,0.275484,0.53,0,0,0,0
boundaryFocused,fullExtended,pure,tradeoff_strategy,domesticFilters|politicalEconomy|restraint|securityCompetition,93,5,0.053763,8,0.086022,19,0.204301,23,0.247312,0.211398,0.34,0,0,0,0
boundaryFocused,fullExtended,pure,v21_df_rev_01,domesticFilters,54,0,0,0,0,15,0.277778,15,0.277778,0.077593,0.11,0,0,0,0
boundaryFocused,fullExtended,pure,v21_df_rev_04,domesticFilters,113,2,0.017699,0,0,30,0.265487,30,0.265487,0.112212,0.34,31,0.258065,31,0.225806
boundaryFocused,fullExtended,pure,v21_in_rev_03,institutions,118,8,0.067797,0,0,32,0.271186,32,0.271186,0.055424,0.15,31,0.258065,31,0.258065
boundaryFocused,fullExtended,pure,v21_ni_rev_01,normsIdentity,57,0,0,0,0,16,0.280702,16,0.280702,0.066667,0.1,0,0,0,0
boundaryFocused,fullExtended,pure,v21_ni_rev_05,normsIdentity,116,3,0.025862,0,0,28,0.241379,30,0.258621,0.087155,0.25,31,0.290323,31,0.193548
boundaryFocused,fullExtended,pure,v21_oj_rev_02,orderJustice,54,0,0,0,0,13,0.240741,13,0.240741,0.089815,0.11,0,0,0,0
boundaryFocused,fullExtended,pure,v21_pe_rev_02,politicalEconomy,117,1,0.008547,0,0,27,0.230769,27,0.230769,0.091795,0.31,31,0.258065,31,0.16129
boundaryFocused,fullExtended,pure,v21_rs_rev_04,restraint,110,1,0.009091,8,0.072727,31,0.281818,31,0.281818,0.079455,0.2,31,0.322581,31,0.225806
boundaryFocused,fullExtended,pure,v21_rs_rev_05,restraint,53,0,0,2,0.037736,15,0.283019,15,0.283019,0.046415,0.06,0,0,0,0
boundaryFocused,fullExtended,pure,v21_sc_rev_01,securityCompetition,51,0,0,0,0,12,0.235294,12,0.235294,0.051569,0.07,0,0,0,0
boundaryFocused,fullExtended,pure,v21_sc_rev_02,securityCompetition,111,9,0.081081,0,0,37,0.333333,39,0.351351,0.086036,0.25,31,0.419355,31,0.387097
boundaryFocused,fullExtended,pure,v21_sc_rev_05,securityCompetition,54,0,0,0,0,13,0.240741,13,0.240741,0.052037,0.07,0,0,0,0
boundaryFocused,fullExtended,pure,val_ci_1,validation:cooperativeInternationalism,55,0,0,0,0,0,0,0,0,0,0,0,0,0,0
boundaryFocused,fullExtended,pure,val_ci_2,validation:cooperativeInternationalism,55,0,0,0,0,0,0,0,0,0,0,0,0,0,0
boundaryFocused,fullExtended,pure,val_ci_3,validation:cooperativeInternationalism,49,0,0,0,0,0,0,0,0,0,0,0,0,0,0
boundaryFocused,fullExtended,pure,val_ci_4,validation:cooperativeInternationalism,55,0,0,0,0,0,0,0,0,0,0,0,0,0,0
boundaryFocused,fullExtended,pure,val_iso_1,validation:isolationism,54,0,0,0,0,0,0,0,0,0,0,0,0,0,0
boundaryFocused,fullExtended,pure,val_iso_2,validation:isolationism,49,0,0,0,0,0,0,0,0,0,0,0,0,0,0
boundaryFocused,fullExtended,pure,val_iso_3,validation:isolationism,54,0,0,0,0,0,0,0,0,0,0,0,0,0,0
boundaryFocused,fullExtended,pure,val_iso_4,validation:isolationism,57,0,0,0,0,0,0,0,0,0,0,0,0,0,0
boundaryFocused,fullExtended,pure,val_mi_1,validation:militantInternationalism,51,0,0,0,0,0,0,0,0,0,0,0,0,0,0
boundaryFocused,fullExtended,pure,val_mi_2,validation:militantInternationalism,51,0,0,0,0,0,0,0,0,0,0,0,0,0,0
boundaryFocused,fullExtended,pure,val_mi_3,validation:militantInternationalism,55,0,0,0,0,0,0,0,0,0,0,0,0,0,0
boundaryFocused,fullExtended,pure,val_mi_4,validation:militantInternationalism,53,0,0,0,0,0,0,0,0,0,0,0,0,0,0
boundaryFocused,targeted:constructivist|criticalPoliticalEconomy,blend,an_case_green_finance,domesticFilters|institutions|normsIdentity|orderJustice|politicalEconomy,135,76,0.562963,0,0,91,0.674074,107,0.792593,0.689481,1.55,0,0,0,0
boundaryFocused,targeted:constructivist|criticalPoliticalEconomy,blend,an_case_middle_power,domesticFilters|institutions|normsIdentity|politicalEconomy|restraint|securityCompetition,135,68,0.503704,17,0.125926,81,0.6,106,0.785185,0.866444,2,0,0,0,0
boundaryFocused,targeted:constructivist|criticalPoliticalEconomy,blend,an_case_sanctions_alignment,domesticFilters|institutions|normsIdentity|orderJustice|politicalEconomy|restraint,135,64,0.474074,13,0.096296,78,0.577778,94,0.696296,0.734296,1.62,0,0,0,0
boundaryFocused,targeted:constructivist|criticalPoliticalEconomy,blend,an_tradeoff_ceasefire_settlement,domesticFilters|institutions|orderJustice|politicalEconomy|restraint,135,70,0.518519,14,0.103704,91,0.674074,103,0.762963,0.725037,1.36,0,0,0,0
boundaryFocused,targeted:constructivist|criticalPoliticalEconomy,blend,an_tradeoff_energy_alignment,domesticFilters|institutions|normsIdentity|orderJustice|politicalEconomy|restraint,135,51,0.377778,12,0.088889,76,0.562963,85,0.62963,0.787556,1.66,0,0,0,0
boundaryFocused,targeted:constructivist|criticalPoliticalEconomy,blend,df1,domesticFilters,170,79,0.464706,0,0,90,0.529412,103,0.605882,0.328529,1.57,45,0.711111,45,0.6
boundaryFocused,targeted:constructivist|criticalPoliticalEconomy,blend,in2,institutions,166,83,0.5,0,0,105,0.63253,113,0.680723,0.225482,0.77,45,0.777778,45,0.688889
boundaryFocused,targeted:constructivist|criticalPoliticalEconomy,blend,ni2,normsIdentity,171,67,0.391813,0,0,140,0.818713,148,0.865497,0.414795,1.42,45,0.755556,45,0.844444
boundaryFocused,targeted:constructivist|criticalPoliticalEconomy,blend,oj1,orderJustice,169,56,0.331361,0,0,42,0.248521,50,0.295858,0.313846,1.15,45,0.422222,45,0.355556
boundaryFocused,targeted:constructivist|criticalPoliticalEconomy,blend,oj2,orderJustice,166,61,0.36747,0,0,53,0.319277,65,0.391566,0.348795,1.07,45,0.622222,45,0.533333
boundaryFocused,targeted:constructivist|criticalPoliticalEconomy,blend,pe2,politicalEconomy,171,81,0.473684,0,0,88,0.51462,101,0.590643,0.243041,1.01,45,0.533333,45,0.577778
boundaryFocused,targeted:constructivist|criticalPoliticalEconomy,blend,rs2,restraint,167,51,0.305389,30,0.179641,21,0.125749,48,0.287425,0.212575,0.7,45,0.355556,45,0.311111
boundaryFocused,targeted:constructivist|criticalPoliticalEconomy,blend,sc2,securityCompetition,166,82,0.493976,0,0,75,0.451807,91,0.548193,0.66506,3,45,0.666667,45,0.622222
boundaryFocused,targeted:constructivist|criticalPoliticalEconomy,blend,v21_df_rev_04,domesticFilters,166,72,0.433735,0,0,86,0.518072,96,0.578313,0.320663,1.23,45,0.533333,45,0.666667
boundaryFocused,targeted:constructivist|criticalPoliticalEconomy,blend,v21_in_rev_03,institutions,171,74,0.432749,0,0,100,0.584795,112,0.654971,0.20883,0.74,45,0.711111,45,0.711111
boundaryFocused,targeted:constructivist|criticalPoliticalEconomy,blend,v21_ni_rev_05,normsIdentity,166,94,0.566265,0,0,133,0.801205,147,0.885542,0.425181,1.74,45,0.844444,45,0.8
boundaryFocused,targeted:constructivist|criticalPoliticalEconomy,blend,v21_pe_rev_02,politicalEconomy,168,73,0.434524,0,0,97,0.577381,109,0.64881,0.260119,0.85,45,0.711111,45,0.622222
boundaryFocused,targeted:constructivist|criticalPoliticalEconomy,blend,v21_rs_rev_04,restraint,165,55,0.333333,31,0.187879,27,0.163636,56,0.339394,0.224121,0.73,45,0.377778,45,0.444444
boundaryFocused,targeted:constructivist|criticalPoliticalEconomy,blend,v21_sc_rev_02,securityCompetition,172,73,0.424419,0,0,77,0.447674,94,0.546512,0.62436,3,45,0.688889,45,0.555556
boundaryFocused,targeted:constructivist|criticalPoliticalEconomy,pure,an_case_green_finance,domesticFilters|institutions|normsIdentity|orderJustice|politicalEconomy,57,28,0.491228,0,0,13,0.22807,30,0.526316,0.658596,1.14,0,0,0,0
boundaryFocused,targeted:constructivist|criticalPoliticalEconomy,pure,an_case_middle_power,domesticFilters|institutions|normsIdentity|politicalEconomy|restraint|securityCompetition,57,12,0.210526,2,0.035088,14,0.245614,21,0.368421,0.801053,1.9,0,0,0,0
boundaryFocused,targeted:constructivist|criticalPoliticalEconomy,pure,an_case_sanctions_alignment,domesticFilters|institutions|normsIdentity|orderJustice|politicalEconomy|restraint,57,11,0.192982,3,0.052632,16,0.280702,24,0.421053,0.661754,1.56,0,0,0,0
boundaryFocused,targeted:constructivist|criticalPoliticalEconomy,pure,an_tradeoff_ceasefire_settlement,domesticFilters|institutions|orderJustice|politicalEconomy|restraint,57,12,0.210526,2,0.035088,13,0.22807,19,0.333333,0.674561,1.21,0,0,0,0
boundaryFocused,targeted:constructivist|criticalPoliticalEconomy,pure,an_tradeoff_energy_alignment,domesticFilters|institutions|normsIdentity|orderJustice|politicalEconomy|restraint,57,12,0.210526,2,0.035088,10,0.175439,20,0.350877,0.734737,1.61,0,0,0,0
boundaryFocused,targeted:constructivist|criticalPoliticalEconomy,pure,df1,domesticFilters,73,11,0.150685,0,0,18,0.246575,21,0.287671,0.254521,0.84,19,0.263158,19,0.368421
boundaryFocused,targeted:constructivist|criticalPoliticalEconomy,pure,in2,institutions,69,18,0.26087,0,0,19,0.275362,25,0.362319,0.252174,0.85,19,0.473684,19,0.421053
boundaryFocused,targeted:constructivist|criticalPoliticalEconomy,pure,ni2,normsIdentity,75,14,0.186667,0,0,12,0.16,20,0.266667,0.3932,1.12,19,0.263158,19,0.157895
boundaryFocused,targeted:constructivist|criticalPoliticalEconomy,pure,oj1,orderJustice,68,6,0.088235,0,0,14,0.205882,15,0.220588,0.341471,1.27,19,0.210526,19,0.157895
boundaryFocused,targeted:constructivist|criticalPoliticalEconomy,pure,oj2,orderJustice,71,4,0.056338,0,0,19,0.267606,19,0.267606,0.358169,0.87,19,0.368421,19,0.210526
boundaryFocused,targeted:constructivist|criticalPoliticalEconomy,pure,pe2,politicalEconomy,70,17,0.242857,0,0,13,0.185714,21,0.3,0.229714,0.82,19,0.263158,19,0.368421
boundaryFocused,targeted:constructivist|criticalPoliticalEconomy,pure,rs2,restraint,69,2,0.028986,4,0.057971,8,0.115942,12,0.173913,0.213333,0.64,19,0.210526,19,0.105263
boundaryFocused,targeted:constructivist|criticalPoliticalEconomy,pure,sc2,securityCompetition,71,12,0.169014,0,0,23,0.323944,28,0.394366,0.650563,2.5,19,0.526316,19,0.421053
boundaryFocused,targeted:constructivist|criticalPoliticalEconomy,pure,v21_df_rev_04,domesticFilters,71,16,0.225352,0,0,19,0.267606,26,0.366197,0.271268,1.23,19,0.368421,19,0.473684
boundaryFocused,targeted:constructivist|criticalPoliticalEconomy,pure,v21_in_rev_03,institutions,71,10,0.140845,0,0,13,0.183099,17,0.239437,0.220141,0.85,19,0.263158,19,0.157895
boundaryFocused,targeted:constructivist|criticalPoliticalEconomy,pure,v21_ni_rev_05,normsIdentity,72,20,0.277778,0,0,15,0.208333,29,0.402778,0.43875,1.5,19,0.473684,19,0.473684
boundaryFocused,targeted:constructivist|criticalPoliticalEconomy,pure,v21_pe_rev_02,politicalEconomy,70,14,0.2,0,0,16,0.228571,23,0.328571,0.273143,1.11,19,0.315789,19,0.368421
boundaryFocused,targeted:constructivist|criticalPoliticalEconomy,pure,v21_rs_rev_04,restraint,68,1,0.014706,8,0.117647,12,0.176471,18,0.264706,0.262794,0.63,19,0.368421,19,0.263158
boundaryFocused,targeted:constructivist|criticalPoliticalEconomy,pure,v21_sc_rev_02,securityCompetition,73,13,0.178082,0,0,15,0.205479,23,0.315068,0.590685,2.5,19,0.368421,19,0.315789
boundaryFocused,targeted:institutionalist|constructivist,blend,an_case_digital_stack,institutions|normsIdentity|politicalEconomy|restraint|securityCompetition,117,68,0.581197,9,0.076923,81,0.692308,100,0.854701,0.816496,1.36,0,0,0,0
boundaryFocused,targeted:institutionalist|constructivist,blend,an_case_intervention_memory,domesticFilters|institutions|normsIdentity|orderJustice|restraint,117,60,0.512821,8,0.068376,55,0.470085,69,0.589744,0.742564,1.7,0,0,0,0
boundaryFocused,targeted:institutionalist|constructivist,blend,an_tradeoff_tech_order,institutions|normsIdentity|orderJustice|politicalEconomy|restraint|securityCompetition,117,68,0.581197,6,0.051282,88,0.752137,100,0.854701,0.85641,1.46,0,0,0,0
boundaryFocused,targeted:institutionalist|constructivist,blend,case_semiconductors,institutions|normsIdentity|politicalEconomy|restraint|securityCompetition,117,66,0.564103,9,0.076923,86,0.735043,100,0.854701,1.085726,2.04,0,0,0,0
boundaryFocused,targeted:institutionalist|constructivist,blend,df1,domesticFilters,145,70,0.482759,0,0,95,0.655172,103,0.710345,0.60669,3,39,0.641026,39,0.820513
boundaryFocused,targeted:institutionalist|constructivist,blend,in2,institutions,147,78,0.530612,0,0,93,0.632653,104,0.707483,0.238503,0.79,39,0.589744,39,0.692308
boundaryFocused,targeted:institutionalist|constructivist,blend,ni2,normsIdentity,146,75,0.513699,0,0,107,0.732877,118,0.808219,0.350616,1.26,39,0.794872,39,0.769231
boundaryFocused,targeted:institutionalist|constructivist,blend,oj1,orderJustice,147,63,0.428571,0,0,35,0.238095,49,0.333333,0.290204,1.09,39,0.410256,39,0.410256
boundaryFocused,targeted:institutionalist|constructivist,blend,oj2,orderJustice,141,62,0.439716,0,0,46,0.326241,65,0.460993,0.311631,0.91,39,0.589744,39,0.589744
boundaryFocused,targeted:institutionalist|constructivist,blend,pe2,politicalEconomy,146,49,0.335616,0,0,46,0.315068,54,0.369863,0.354795,1.25,39,0.512821,39,0.282051
boundaryFocused,targeted:institutionalist|constructivist,blend,rs2,restraint,148,58,0.391892,14,0.094595,19,0.128378,39,0.263514,0.175,0.54,39,0.333333,39,0.307692
boundaryFocused,targeted:institutionalist|constructivist,blend,sc2,securityCompetition,146,58,0.39726,0,0,41,0.280822,57,0.390411,0.278699,0.93,39,0.461538,39,0.333333
boundaryFocused,targeted:institutionalist|constructivist,blend,tradeoff_intervention,domesticFilters|institutions|normsIdentity|orderJustice|restraint,117,54,0.461538,14,0.119658,73,0.623932,89,0.760684,0.86547,2.18,0,0,0,0
boundaryFocused,targeted:institutionalist|constructivist,blend,v21_df_rev_04,domesticFilters,143,62,0.433566,0,0,91,0.636364,97,0.678322,0.588462,3,39,0.641026,39,0.692308
boundaryFocused,targeted:institutionalist|constructivist,blend,v21_in_rev_03,institutions,144,64,0.444444,0,0,108,0.75,115,0.798611,0.268472,1.28,39,0.769231,39,0.820513
boundaryFocused,targeted:institutionalist|constructivist,blend,v21_ni_rev_05,normsIdentity,150,75,0.5,0,0,111,0.74,121,0.806667,0.355467,1.37,39,0.769231,39,0.769231
boundaryFocused,targeted:institutionalist|constructivist,blend,v21_pe_rev_02,politicalEconomy,143,47,0.328671,0,0,47,0.328671,58,0.405594,0.334196,1.4,39,0.461538,39,0.384615
boundaryFocused,targeted:institutionalist|constructivist,blend,v21_rs_rev_04,restraint,151,61,0.403974,16,0.10596,25,0.165563,47,0.311258,0.187417,0.46,39,0.487179,39,0.333333
boundaryFocused,targeted:institutionalist|constructivist,blend,v21_sc_rev_02,securityCompetition,145,62,0.427586,0,0,48,0.331034,59,0.406897,0.307172,1.09,39,0.512821,39,0.435897
boundaryFocused,targeted:institutionalist|constructivist,pure,an_case_digital_stack,institutions|normsIdentity|politicalEconomy|restraint|securityCompetition,75,24,0.32,2,0.026667,17,0.226667,33,0.44,0.808667,1.63,0,0,0,0
boundaryFocused,targeted:institutionalist|constructivist,pure,an_case_intervention_memory,domesticFilters|institutions|normsIdentity|orderJustice|restraint,75,11,0.146667,1,0.013333,17,0.226667,23,0.306667,0.848933,1.97,0,0,0,0
boundaryFocused,targeted:institutionalist|constructivist,pure,an_tradeoff_tech_order,institutions|normsIdentity|orderJustice|politicalEconomy|restraint|securityCompetition,75,27,0.36,1,0.013333,22,0.293333,40,0.533333,0.862933,1.49,0,0,0,0
boundaryFocused,targeted:institutionalist|constructivist,pure,case_semiconductors,institutions|normsIdentity|politicalEconomy|restraint|securityCompetition,75,35,0.466667,5,0.066667,19,0.253333,44,0.586667,1.087467,1.95,0,0,0,0
boundaryFocused,targeted:institutionalist|constructivist,pure,df1,domesticFilters,88,25,0.284091,0,0,19,0.215909,31,0.352273,0.764091,3,25,0.44,25,0.4
boundaryFocused,targeted:institutionalist|constructivist,pure,in2,institutions,94,12,0.12766,0,0,18,0.191489,20,0.212766,0.244149,0.99,25,0.28,25,0.2
boundaryFocused,targeted:institutionalist|constructivist,pure,ni2,normsIdentity,96,31,0.322917,0,0,16,0.166667,37,0.385417,0.328333,1.36,25,0.48,25,0.4
boundaryFocused,targeted:institutionalist|constructivist,pure,oj1,orderJustice,95,2,0.021053,0,0,15,0.157895,15,0.157895,0.278421,1.08,25,0.12,25,0.12
boundaryFocused,targeted:institutionalist|constructivist,pure,oj2,orderJustice,92,5,0.054348,0,0,18,0.195652,18,0.195652,0.324891,0.92,25,0.16,25,0.16
boundaryFocused,targeted:institutionalist|constructivist,pure,pe2,politicalEconomy,94,6,0.06383,0,0,10,0.106383,13,0.138298,0.305106,1.38,25,0.2,25,0.12
boundaryFocused,targeted:institutionalist|constructivist,pure,rs2,restraint,92,4,0.043478,8,0.086957,11,0.119565,17,0.184783,0.181087,0.56,25,0.2,25,0.16
boundaryFocused,targeted:institutionalist|constructivist,pure,sc2,securityCompetition,96,8,0.083333,0,0,22,0.229167,26,0.270833,0.250521,0.81,25,0.28,25,0.28
boundaryFocused,targeted:institutionalist|constructivist,pure,tradeoff_intervention,domesticFilters|institutions|normsIdentity|orderJustice|restraint,75,14,0.186667,2,0.026667,11,0.146667,22,0.293333,0.887067,1.88,0,0,0,0
boundaryFocused,targeted:institutionalist|constructivist,pure,v21_df_rev_04,domesticFilters,92,11,0.119565,0,0,13,0.141304,17,0.184783,0.709891,3,25,0.16,25,0.2
boundaryFocused,targeted:institutionalist|constructivist,pure,v21_in_rev_03,institutions,90,9,0.1,0,0,17,0.188889,18,0.2,0.258333,0.92,25,0.24,25,0.16
boundaryFocused,targeted:institutionalist|constructivist,pure,v21_ni_rev_05,normsIdentity,94,27,0.287234,0,0,13,0.138298,34,0.361702,0.371489,1.34,25,0.36,25,0.4
boundaryFocused,targeted:institutionalist|constructivist,pure,v21_pe_rev_02,politicalEconomy,93,10,0.107527,0,0,17,0.182796,23,0.247312,0.344624,1.62,25,0.4,25,0.28
boundaryFocused,targeted:institutionalist|constructivist,pure,v21_rs_rev_04,restraint,95,1,0.010526,14,0.147368,14,0.147368,26,0.273684,0.198947,0.55,25,0.32,25,0.28
boundaryFocused,targeted:institutionalist|constructivist,pure,v21_sc_rev_02,securityCompetition,94,11,0.117021,0,0,22,0.234043,33,0.351064,0.283723,1.03,25,0.44,25,0.4
boundaryFocused,targeted:institutionalist|criticalPoliticalEconomy,blend,an_case_rising_power_voice,domesticFilters|institutions|normsIdentity|politicalEconomy|securityCompetition,120,68,0.566667,0,0,91,0.758333,106,0.883333,0.9685,1.65,0,0,0,0
boundaryFocused,targeted:institutionalist|criticalPoliticalEconomy,blend,an_case_sanctions_alignment,domesticFilters|institutions|normsIdentity|orderJustice|politicalEconomy|restraint,120,62,0.516667,13,0.108333,72,0.6,86,0.716667,0.801833,1.83,0,0,0,0
boundaryFocused,targeted:institutionalist|criticalPoliticalEconomy,blend,an_tradeoff_ceasefire_settlement,domesticFilters|institutions|orderJustice|politicalEconomy|restraint,120,58,0.483333,10,0.083333,72,0.6,87,0.725,0.716167,1.42,0,0,0,0
boundaryFocused,targeted:institutionalist|criticalPoliticalEconomy,blend,an_tradeoff_energy_alignment,domesticFilters|institutions|normsIdentity|orderJustice|politicalEconomy|restraint,120,65,0.541667,8,0.066667,59,0.491667,86,0.716667,0.85075,1.89,0,0,0,0
boundaryFocused,targeted:institutionalist|criticalPoliticalEconomy,blend,an_tradeoff_tech_order,institutions|normsIdentity|orderJustice|politicalEconomy|restraint|securityCompetition,120,66,0.55,1,0.008333,87,0.725,101,0.841667,0.964167,1.96,0,0,0,0
boundaryFocused,targeted:institutionalist|criticalPoliticalEconomy,blend,df1,domesticFilters,149,64,0.42953,0,0,45,0.302013,57,0.38255,0.416107,2.37,40,0.4,40,0.475
boundaryFocused,targeted:institutionalist|criticalPoliticalEconomy,blend,in2,institutions,151,74,0.490066,0,0,106,0.701987,119,0.788079,0.221325,0.98,40,0.8,40,0.825
boundaryFocused,targeted:institutionalist|criticalPoliticalEconomy,blend,ni2,normsIdentity,150,75,0.5,0,0,41,0.273333,56,0.373333,0.356733,1.22,40,0.5,40,0.425
boundaryFocused,targeted:institutionalist|criticalPoliticalEconomy,blend,oj1,orderJustice,152,63,0.414474,0,0,30,0.197368,44,0.289474,0.350329,1.22,40,0.375,40,0.425
boundaryFocused,targeted:institutionalist|criticalPoliticalEconomy,blend,oj2,orderJustice,147,63,0.428571,0,0,35,0.238095,49,0.333333,0.371633,1.03,40,0.45,40,0.5
boundaryFocused,targeted:institutionalist|criticalPoliticalEconomy,blend,pe2,politicalEconomy,146,72,0.493151,0,0,82,0.561644,103,0.705479,0.302192,1.2,40,0.75,40,0.675
boundaryFocused,targeted:institutionalist|criticalPoliticalEconomy,blend,rs2,restraint,150,57,0.38,28,0.186667,20,0.133333,45,0.3,0.210733,0.76,40,0.4,40,0.475
boundaryFocused,targeted:institutionalist|criticalPoliticalEconomy,blend,sc2,securityCompetition,153,65,0.424837,0,0,60,0.392157,76,0.496732,0.323922,1.06,40,0.625,40,0.525
boundaryFocused,targeted:institutionalist|criticalPoliticalEconomy,blend,v21_df_rev_04,domesticFilters,147,54,0.367347,0,0,46,0.312925,64,0.435374,0.443946,2,40,0.525,40,0.55
boundaryFocused,targeted:institutionalist|criticalPoliticalEconomy,blend,v21_in_rev_03,institutions,151,66,0.437086,0,0,95,0.629139,105,0.695364,0.210993,1.57,40,0.675,40,0.55
boundaryFocused,targeted:institutionalist|criticalPoliticalEconomy,blend,v21_ni_rev_05,normsIdentity,152,76,0.5,0,0,36,0.236842,58,0.381579,0.319276,1.41,40,0.475,40,0.4
boundaryFocused,targeted:institutionalist|criticalPoliticalEconomy,blend,v21_pe_rev_02,politicalEconomy,151,65,0.430464,0,0,82,0.543046,96,0.635762,0.278675,1,40,0.6,40,0.6
boundaryFocused,targeted:institutionalist|criticalPoliticalEconomy,blend,v21_rs_rev_04,restraint,149,60,0.402685,17,0.114094,20,0.134228,38,0.255034,0.204027,0.61,40,0.4,40,0.3
boundaryFocused,targeted:institutionalist|criticalPoliticalEconomy,blend,v21_sc_rev_02,securityCompetition,146,67,0.458904,0,0,58,0.39726,84,0.575342,0.384521,1.47,40,0.8,40,0.6
boundaryFocused,targeted:institutionalist|criticalPoliticalEconomy,pure,an_case_rising_power_voice,domesticFilters|institutions|normsIdentity|politicalEconomy|securityCompetition,72,31,0.430556,0,0,21,0.291667,38,0.527778,0.963611,1.75,0,0,0,0
boundaryFocused,targeted:institutionalist|criticalPoliticalEconomy,pure,an_case_sanctions_alignment,domesticFilters|institutions|normsIdentity|orderJustice|politicalEconomy|restraint,72,29,0.402778,1,0.013889,20,0.277778,36,0.5,0.984167,1.98,0,0,0,0
boundaryFocused,targeted:institutionalist|criticalPoliticalEconomy,pure,an_tradeoff_ceasefire_settlement,domesticFilters|institutions|orderJustice|politicalEconomy|restraint,72,18,0.25,1,0.013889,20,0.277778,28,0.388889,0.68875,1.23,0,0,0,0
boundaryFocused,targeted:institutionalist|criticalPoliticalEconomy,pure,an_tradeoff_energy_alignment,domesticFilters|institutions|normsIdentity|orderJustice|politicalEconomy|restraint,72,14,0.194444,3,0.041667,22,0.305556,29,0.402778,0.864167,1.62,0,0,0,0
boundaryFocused,targeted:institutionalist|criticalPoliticalEconomy,pure,an_tradeoff_tech_order,institutions|normsIdentity|orderJustice|politicalEconomy|restraint|securityCompetition,72,29,0.402778,3,0.041667,22,0.305556,37,0.513889,1.007917,2.02,0,0,0,0
boundaryFocused,targeted:institutionalist|criticalPoliticalEconomy,pure,df1,domesticFilters,93,8,0.086022,0,0,24,0.258065,26,0.27957,0.386774,2,24,0.333333,24,0.291667
boundaryFocused,targeted:institutionalist|criticalPoliticalEconomy,pure,in2,institutions,90,16,0.177778,0,0,22,0.244444,30,0.333333,0.229778,0.68,24,0.333333,24,0.333333
boundaryFocused,targeted:institutionalist|criticalPoliticalEconomy,pure,ni2,normsIdentity,93,17,0.182796,0,0,16,0.172043,28,0.301075,0.303441,0.91,24,0.375,24,0.291667
boundaryFocused,targeted:institutionalist|criticalPoliticalEconomy,pure,oj1,orderJustice,86,4,0.046512,0,0,22,0.255814,22,0.255814,0.338605,0.89,24,0.291667,24,0.25
boundaryFocused,targeted:institutionalist|criticalPoliticalEconomy,pure,oj2,orderJustice,89,4,0.044944,0,0,16,0.179775,16,0.179775,0.318539,0.81,24,0.166667,24,0.166667
boundaryFocused,targeted:institutionalist|criticalPoliticalEconomy,pure,pe2,politicalEconomy,90,13,0.144444,0,0,23,0.255556,29,0.322222,0.273444,0.77,24,0.333333,24,0.333333
boundaryFocused,targeted:institutionalist|criticalPoliticalEconomy,pure,rs2,restraint,89,3,0.033708,11,0.123596,23,0.258427,30,0.337079,0.228427,0.63,24,0.458333,24,0.375
boundaryFocused,targeted:institutionalist|criticalPoliticalEconomy,pure,sc2,securityCompetition,92,11,0.119565,0,0,19,0.206522,26,0.282609,0.388913,1.63,24,0.208333,24,0.333333
boundaryFocused,targeted:institutionalist|criticalPoliticalEconomy,pure,v21_df_rev_04,domesticFilters,90,7,0.077778,0,0,15,0.166667,17,0.188889,0.434444,2,24,0.208333,24,0.125
boundaryFocused,targeted:institutionalist|criticalPoliticalEconomy,pure,v21_in_rev_03,institutions,87,10,0.114943,0,0,18,0.206897,23,0.264368,0.226322,0.55,24,0.25,24,0.25
boundaryFocused,targeted:institutionalist|criticalPoliticalEconomy,pure,v21_ni_rev_05,normsIdentity,87,16,0.183908,0,0,16,0.183908,27,0.310345,0.37046,0.86,24,0.375,24,0.333333
boundaryFocused,targeted:institutionalist|criticalPoliticalEconomy,pure,v21_pe_rev_02,politicalEconomy,90,18,0.2,0,0,33,0.366667,38,0.422222,0.285111,1.13,24,0.5,24,0.5
boundaryFocused,targeted:institutionalist|criticalPoliticalEconomy,pure,v21_rs_rev_04,restraint,90,1,0.011111,6,0.066667,18,0.2,21,0.233333,0.235444,0.68,24,0.25,24,0.208333
boundaryFocused,targeted:institutionalist|criticalPoliticalEconomy,pure,v21_sc_rev_02,securityCompetition,87,19,0.218391,0,0,18,0.206897,30,0.344828,0.45069,1.87,24,0.375,24,0.333333
boundaryFocused,targeted:realist|constructivist,blend,an_case_burdens,domesticFilters|institutions|normsIdentity|restraint|securityCompetition,132,63,0.477273,26,0.19697,77,0.583333,102,0.772727,0.842348,1.74,0,0,0,0
boundaryFocused,targeted:realist|constructivist,blend,an_case_middle_power,domesticFilters|institutions|normsIdentity|politicalEconomy|restraint|securityCompetition,132,59,0.44697,27,0.204545,63,0.477273,89,0.674242,0.740833,2.19,0,0,0,0
boundaryFocused,targeted:realist|constructivist,blend,an_tradeoff_legitimacy,domesticFilters|institutions|normsIdentity|politicalEconomy|securityCompetition,132,79,0.598485,0,0,100,0.757576,120,0.909091,0.817803,2.03,0,0,0,0
boundaryFocused,targeted:realist|constructivist,blend,an_tradeoff_parallel_order,domesticFilters|institutions|normsIdentity|orderJustice|politicalEconomy|securityCompetition,132,59,0.44697,0,0,67,0.507576,89,0.674242,0.919394,2.75,0,0,0,0
boundaryFocused,targeted:realist|constructivist,blend,an_tradeoff_rival,domesticFilters|institutions|normsIdentity|securityCompetition,132,63,0.477273,0,0,112,0.848485,127,0.962121,0.861515,1.58,0,0,0,0
boundaryFocused,targeted:realist|constructivist,blend,df1,domesticFilters,158,50,0.316456,0,0,27,0.170886,47,0.297468,0.395443,1.82,44,0.431818,44,0.431818
boundaryFocused,targeted:realist|constructivist,blend,in2,institutions,168,70,0.416667,0,0,22,0.130952,48,0.285714,0.168095,0.61,44,0.409091,44,0.295455
boundaryFocused,targeted:realist|constructivist,blend,ni2,normsIdentity,166,80,0.481928,0,0,98,0.590361,117,0.704819,0.204036,0.56,44,0.681818,44,0.704545
boundaryFocused,targeted:realist|constructivist,blend,oj1,orderJustice,165,75,0.454545,0,0,24,0.145455,43,0.260606,0.642909,3,44,0.363636,44,0.340909
boundaryFocused,targeted:realist|constructivist,blend,oj2,orderJustice,166,72,0.433735,0,0,28,0.168675,39,0.23494,0.630904,3,44,0.318182,44,0.318182
boundaryFocused,targeted:realist|constructivist,blend,pe2,politicalEconomy,162,71,0.438272,0,0,29,0.179012,51,0.314815,0.410494,2,44,0.477273,44,0.386364
boundaryFocused,targeted:realist|constructivist,blend,rs2,restraint,165,63,0.381818,41,0.248485,17,0.10303,58,0.351515,0.358061,1.39,44,0.431818,44,0.431818
boundaryFocused,targeted:realist|constructivist,blend,sc2,securityCompetition,169,80,0.473373,0,0,105,0.621302,130,0.769231,0.270947,1.24,44,0.681818,44,0.772727
boundaryFocused,targeted:realist|constructivist,blend,v21_df_rev_04,domesticFilters,158,52,0.329114,0,0,23,0.14557,43,0.272152,0.375063,1.56,44,0.340909,44,0.363636
boundaryFocused,targeted:realist|constructivist,blend,v21_in_rev_03,institutions,165,64,0.387879,0,0,26,0.157576,52,0.315152,0.17503,0.48,44,0.431818,44,0.386364
boundaryFocused,targeted:realist|constructivist,blend,v21_ni_rev_05,normsIdentity,163,79,0.484663,0,0,91,0.558282,111,0.680982,0.223067,0.84,44,0.590909,44,0.681818
boundaryFocused,targeted:realist|constructivist,blend,v21_pe_rev_02,politicalEconomy,168,69,0.410714,0,0,28,0.166667,44,0.261905,0.370893,2,44,0.363636,44,0.318182
boundaryFocused,targeted:realist|constructivist,blend,v21_rs_rev_04,restraint,161,64,0.397516,40,0.248447,8,0.049689,58,0.360248,0.382298,1.36,44,0.5,44,0.409091
boundaryFocused,targeted:realist|constructivist,blend,v21_sc_rev_02,securityCompetition,167,79,0.473054,0,0,109,0.652695,129,0.772455,0.287964,1.52,44,0.75,44,0.772727
boundaryFocused,targeted:realist|constructivist,pure,an_case_burdens,domesticFilters|institutions|normsIdentity|restraint|securityCompetition,60,22,0.366667,15,0.25,16,0.266667,34,0.566667,0.905167,2.08,0,0,0,0
boundaryFocused,targeted:realist|constructivist,pure,an_case_middle_power,domesticFilters|institutions|normsIdentity|politicalEconomy|restraint|securityCompetition,60,10,0.166667,19,0.316667,24,0.4,44,0.733333,0.821667,1.81,0,0,0,0
boundaryFocused,targeted:realist|constructivist,pure,an_tradeoff_legitimacy,domesticFilters|institutions|normsIdentity|politicalEconomy|securityCompetition,60,21,0.35,0,0,15,0.25,27,0.45,0.8735,1.85,0,0,0,0
boundaryFocused,targeted:realist|constructivist,pure,an_tradeoff_parallel_order,domesticFilters|institutions|normsIdentity|orderJustice|politicalEconomy|securityCompetition,60,16,0.266667,0,0,24,0.4,28,0.466667,0.999,2.17,0,0,0,0
boundaryFocused,targeted:realist|constructivist,pure,an_tradeoff_rival,domesticFilters|institutions|normsIdentity|securityCompetition,60,22,0.366667,0,0,15,0.25,29,0.483333,0.875667,1.79,0,0,0,0
boundaryFocused,targeted:realist|constructivist,pure,df1,domesticFilters,72,4,0.055556,0,0,22,0.305556,22,0.305556,0.419583,1.2,20,0.4,20,0.3
boundaryFocused,targeted:realist|constructivist,pure,in2,institutions,76,7,0.092105,0,0,27,0.355263,29,0.381579,0.198158,0.53,20,0.45,20,0.4
boundaryFocused,targeted:realist|constructivist,pure,ni2,normsIdentity,73,25,0.342466,0,0,23,0.315068,31,0.424658,0.261233,0.62,20,0.4,20,0.45
boundaryFocused,targeted:realist|constructivist,pure,oj1,orderJustice,77,1,0.012987,0,0,24,0.311688,24,0.311688,0.581818,2.5,20,0.35,20,0.35
boundaryFocused,targeted:realist|constructivist,pure,oj2,orderJustice,71,0,0,0,0,13,0.183099,13,0.183099,0.712254,2.5,20,0.1,20,0.15
boundaryFocused,targeted:realist|constructivist,pure,pe2,politicalEconomy,74,4,0.054054,0,0,14,0.189189,16,0.216216,0.391081,1.08,20,0.2,20,0.2
boundaryFocused,targeted:realist|constructivist,pure,rs2,restraint,73,2,0.027397,22,0.30137,25,0.342466,41,0.561644,0.381233,1.13,20,0.55,20,0.5
boundaryFocused,targeted:realist|constructivist,pure,sc2,securityCompetition,74,18,0.243243,0,0,21,0.283784,31,0.418919,0.278243,0.82,20,0.5,20,0.45
boundaryFocused,targeted:realist|constructivist,pure,v21_df_rev_04,domesticFilters,72,4,0.055556,0,0,24,0.333333,24,0.333333,0.386111,1,20,0.4,20,0.35
boundaryFocused,targeted:realist|constructivist,pure,v21_in_rev_03,institutions,74,9,0.121622,0,0,20,0.27027,21,0.283784,0.198378,0.44,20,0.35,20,0.25
boundaryFocused,targeted:realist|constructivist,pure,v21_ni_rev_05,normsIdentity,73,17,0.232877,0,0,24,0.328767,27,0.369863,0.227534,0.63,20,0.35,20,0.35
boundaryFocused,targeted:realist|constructivist,pure,v21_pe_rev_02,politicalEconomy,78,8,0.102564,0,0,20,0.25641,23,0.294872,0.344744,1.05,20,0.4,20,0.25
boundaryFocused,targeted:realist|constructivist,pure,v21_rs_rev_04,restraint,75,0,0,17,0.226667,17,0.226667,32,0.426667,0.349333,1.42,20,0.35,20,0.3
boundaryFocused,targeted:realist|constructivist,pure,v21_sc_rev_02,securityCompetition,72,12,0.166667,0,0,17,0.236111,20,0.277778,0.306389,0.89,20,0.3,20,0.25
boundaryFocused,targeted:realist|criticalPoliticalEconomy,blend,an_case_middle_power,domesticFilters|institutions|normsIdentity|politicalEconomy|restraint|securityCompetition,138,76,0.550725,13,0.094203,77,0.557971,93,0.673913,0.659203,1.43,0,0,0,0
boundaryFocused,targeted:realist|criticalPoliticalEconomy,blend,an_tradeoff_energy_alignment,domesticFilters|institutions|normsIdentity|orderJustice|politicalEconomy|restraint,138,53,0.384058,7,0.050725,69,0.5,78,0.565217,0.949928,2.64,0,0,0,0
boundaryFocused,targeted:realist|criticalPoliticalEconomy,blend,an_tradeoff_legitimacy,domesticFilters|institutions|normsIdentity|politicalEconomy|securityCompetition,138,69,0.5,0,0,99,0.717391,112,0.811594,0.921884,1.93,0,0,0,0
boundaryFocused,targeted:realist|criticalPoliticalEconomy,blend,df1,domesticFilters,172,73,0.424419,0,0,86,0.5,95,0.552326,0.321337,1.57,46,0.695652,46,0.565217
boundaryFocused,targeted:realist|criticalPoliticalEconomy,blend,in2,institutions,170,74,0.435294,0,0,48,0.282353,65,0.382353,0.258235,0.82,46,0.5,46,0.478261
boundaryFocused,targeted:realist|criticalPoliticalEconomy,blend,ni2,normsIdentity,171,76,0.444444,0,0,66,0.385965,84,0.491228,0.364971,1.23,46,0.673913,46,0.565217
boundaryFocused,targeted:realist|criticalPoliticalEconomy,blend,oj1,orderJustice,175,78,0.445714,0,0,85,0.485714,93,0.531429,0.641886,3,46,0.565217,46,0.630435
boundaryFocused,targeted:realist|criticalPoliticalEconomy,blend,oj2,orderJustice,174,72,0.413793,0,0,90,0.517241,95,0.545977,0.657471,3,46,0.652174,46,0.630435
boundaryFocused,targeted:realist|criticalPoliticalEconomy,blend,pe2,politicalEconomy,171,70,0.409357,0,0,103,0.602339,111,0.649123,0.258889,1.02,46,0.586957,46,0.695652
boundaryFocused,targeted:realist|criticalPoliticalEconomy,blend,rs2,restraint,175,58,0.331429,31,0.177143,37,0.211429,58,0.331429,0.214343,0.75,46,0.434783,46,0.413043
boundaryFocused,targeted:realist|criticalPoliticalEconomy,blend,sc2,securityCompetition,175,85,0.485714,0,0,133,0.76,145,0.828571,0.339257,1.04,46,0.869565,46,0.804348
boundaryFocused,targeted:realist|criticalPoliticalEconomy,blend,tradeoff_interdependence,domesticFilters|institutions|politicalEconomy|restraint|securityCompetition,138,79,0.572464,1,0.007246,107,0.775362,118,0.855072,0.81587,1.58,0,0,0,0
boundaryFocused,targeted:realist|criticalPoliticalEconomy,blend,tradeoff_strategy,domesticFilters|politicalEconomy|restraint|securityCompetition,138,66,0.478261,27,0.195652,94,0.681159,109,0.789855,0.690797,1.66,0,0,0,0
boundaryFocused,targeted:realist|criticalPoliticalEconomy,blend,v21_df_rev_04,domesticFilters,169,72,0.426036,0,0,81,0.47929,88,0.52071,0.33929,1.3,46,0.543478,46,0.652174
boundaryFocused,targeted:realist|criticalPoliticalEconomy,blend,v21_in_rev_03,institutions,168,64,0.380952,0,0,40,0.238095,55,0.327381,0.24744,0.87,46,0.369565,46,0.391304
boundaryFocused,targeted:realist|criticalPoliticalEconomy,blend,v21_ni_rev_05,normsIdentity,175,81,0.462857,0,0,73,0.417143,91,0.52,0.376857,1.34,46,0.717391,46,0.630435
boundaryFocused,targeted:realist|criticalPoliticalEconomy,blend,v21_pe_rev_02,politicalEconomy,168,72,0.428571,0,0,107,0.636905,114,0.678571,0.264881,1.61,46,0.630435,46,0.73913
boundaryFocused,targeted:realist|criticalPoliticalEconomy,blend,v21_rs_rev_04,restraint,173,63,0.364162,21,0.121387,27,0.156069,44,0.254335,0.21815,0.78,46,0.347826,46,0.326087
boundaryFocused,targeted:realist|criticalPoliticalEconomy,blend,v21_sc_rev_02,securityCompetition,175,79,0.451429,0,0,120,0.685714,134,0.765714,0.307257,1.42,46,0.73913,46,0.673913
boundaryFocused,targeted:realist|criticalPoliticalEconomy,pure,an_case_middle_power,domesticFilters|institutions|normsIdentity|politicalEconomy|restraint|securityCompetition,54,10,0.185185,11,0.203704,10,0.185185,23,0.425926,0.710741,1.22,0,0,0,0
boundaryFocused,targeted:realist|criticalPoliticalEconomy,pure,an_tradeoff_energy_alignment,domesticFilters|institutions|normsIdentity|orderJustice|politicalEconomy|restraint,54,8,0.148148,9,0.166667,16,0.296296,24,0.444444,1.004259,2.76,0,0,0,0
boundaryFocused,targeted:realist|criticalPoliticalEconomy,pure,an_tradeoff_legitimacy,domesticFilters|institutions|normsIdentity|politicalEconomy|securityCompetition,54,19,0.351852,0,0,14,0.259259,25,0.462963,1.009815,1.73,0,0,0,0
boundaryFocused,targeted:realist|criticalPoliticalEconomy,pure,df1,domesticFilters,66,9,0.136364,0,0,16,0.242424,19,0.287879,0.364394,1.36,18,0.277778,18,0.277778
boundaryFocused,targeted:realist|criticalPoliticalEconomy,pure,in2,institutions,66,9,0.136364,0,0,8,0.121212,14,0.212121,0.257273,0.85,18,0.222222,18,0.166667
boundaryFocused,targeted:realist|criticalPoliticalEconomy,pure,ni2,normsIdentity,70,5,0.071429,0,0,16,0.228571,18,0.257143,0.291714,0.96,18,0.277778,18,0.166667
boundaryFocused,targeted:realist|criticalPoliticalEconomy,pure,oj1,orderJustice,65,8,0.123077,0,0,13,0.2,16,0.246154,0.688769,3,18,0.166667,18,0.277778
boundaryFocused,targeted:realist|criticalPoliticalEconomy,pure,oj2,orderJustice,67,11,0.164179,0,0,17,0.253731,23,0.343284,0.625075,3,18,0.333333,18,0.388889
boundaryFocused,targeted:realist|criticalPoliticalEconomy,pure,pe2,politicalEconomy,66,9,0.136364,0,0,13,0.19697,17,0.257576,0.302727,1,18,0.277778,18,0.222222
boundaryFocused,targeted:realist|criticalPoliticalEconomy,pure,rs2,restraint,69,5,0.072464,14,0.202899,21,0.304348,33,0.478261,0.222609,0.56,18,0.611111,18,0.611111
boundaryFocused,targeted:realist|criticalPoliticalEconomy,pure,sc2,securityCompetition,69,16,0.231884,0,0,19,0.275362,22,0.318841,0.296377,0.93,18,0.333333,18,0.277778
boundaryFocused,targeted:realist|criticalPoliticalEconomy,pure,tradeoff_interdependence,domesticFilters|institutions|politicalEconomy|restraint|securityCompetition,54,11,0.203704,0,0,11,0.203704,15,0.277778,0.753889,1.46,0,0,0,0
boundaryFocused,targeted:realist|criticalPoliticalEconomy,pure,tradeoff_strategy,domesticFilters|politicalEconomy|restraint|securityCompetition,54,21,0.388889,21,0.388889,9,0.166667,38,0.703704,0.738889,1.14,0,0,0,0
boundaryFocused,targeted:realist|criticalPoliticalEconomy,pure,v21_df_rev_04,domesticFilters,67,6,0.089552,0,0,17,0.253731,18,0.268657,0.32791,1.4,18,0.222222,18,0.277778
boundaryFocused,targeted:realist|criticalPoliticalEconomy,pure,v21_in_rev_03,institutions,65,10,0.153846,0,0,13,0.2,18,0.276923,0.258769,0.62,18,0.277778,18,0.222222
boundaryFocused,targeted:realist|criticalPoliticalEconomy,pure,v21_ni_rev_05,normsIdentity,69,9,0.130435,0,0,13,0.188406,21,0.304348,0.353188,1.43,18,0.388889,18,0.277778
boundaryFocused,targeted:realist|criticalPoliticalEconomy,pure,v21_pe_rev_02,politicalEconomy,67,10,0.149254,0,0,14,0.208955,17,0.253731,0.258358,0.9,18,0.333333,18,0.166667
boundaryFocused,targeted:realist|criticalPoliticalEconomy,pure,v21_rs_rev_04,restraint,66,4,0.060606,10,0.151515,22,0.333333,27,0.409091,0.224697,0.75,18,0.5,18,0.444444
boundaryFocused,targeted:realist|criticalPoliticalEconomy,pure,v21_sc_rev_02,securityCompetition,64,21,0.328125,0,0,18,0.28125,25,0.390625,0.356406,1.18,18,0.444444,18,0.388889
boundaryFocused,targeted:realist|institutionalist,blend,an_case_digital_stack,institutions|normsIdentity|politicalEconomy|restraint|securityCompetition,123,65,0.528455,14,0.113821,86,0.699187,110,0.894309,0.958862,1.92,0,0,0,0
boundaryFocused,targeted:realist|institutionalist,blend,an_case_rising_power_voice,domesticFilters|institutions|normsIdentity|politicalEconomy|securityCompetition,123,72,0.585366,0,0,88,0.715447,109,0.886179,0.781057,1.4,0,0,0,0
boundaryFocused,targeted:realist|institutionalist,blend,an_tradeoff_evidence,domesticFilters|institutions|normsIdentity|restraint|securityCompetition,123,72,0.585366,9,0.073171,83,0.674797,100,0.813008,0.941057,2.11,0,0,0,0
boundaryFocused,targeted:realist|institutionalist,blend,an_tradeoff_parallel_order,domesticFilters|institutions|normsIdentity|orderJustice|politicalEconomy|securityCompetition,123,74,0.601626,0,0,92,0.747967,106,0.861789,1.056667,2.52,0,0,0,0
boundaryFocused,targeted:realist|institutionalist,blend,an_tradeoff_rival,domesticFilters|institutions|normsIdentity|securityCompetition,123,75,0.609756,0,0,100,0.813008,112,0.910569,0.790488,1.8,0,0,0,0
boundaryFocused,targeted:realist|institutionalist,blend,df1,domesticFilters,156,57,0.365385,0,0,40,0.25641,55,0.352564,0.412564,1.53,41,0.585366,41,0.390244
boundaryFocused,targeted:realist|institutionalist,blend,in2,institutions,148,65,0.439189,0,0,81,0.547297,99,0.668919,0.196959,0.71,41,0.707317,41,0.731707
boundaryFocused,targeted:realist|institutionalist,blend,ni2,normsIdentity,150,67,0.446667,0,0,64,0.426667,77,0.513333,0.272467,0.71,41,0.634146,41,0.585366
boundaryFocused,targeted:realist|institutionalist,blend,oj1,orderJustice,155,47,0.303226,0,0,36,0.232258,50,0.322581,0.655548,2.5,41,0.512195,41,0.365854
boundaryFocused,targeted:realist|institutionalist,blend,oj2,orderJustice,155,68,0.43871,0,0,34,0.219355,51,0.329032,0.647097,2.5,41,0.487805,41,0.365854
boundaryFocused,targeted:realist|institutionalist,blend,pe2,politicalEconomy,157,53,0.33758,0,0,34,0.216561,53,0.33758,0.366051,1.13,41,0.512195,41,0.341463
boundaryFocused,targeted:realist|institutionalist,blend,rs2,restraint,154,53,0.344156,32,0.207792,33,0.214286,60,0.38961,0.402013,1.97,41,0.487805,41,0.463415
boundaryFocused,targeted:realist|institutionalist,blend,sc2,securityCompetition,156,68,0.435897,0,0,82,0.525641,98,0.628205,0.197308,0.72,41,0.634146,41,0.536585
boundaryFocused,targeted:realist|institutionalist,blend,v21_df_rev_04,domesticFilters,147,58,0.394558,0,0,43,0.292517,55,0.37415,0.478163,2.06,41,0.463415,41,0.560976
boundaryFocused,targeted:realist|institutionalist,blend,v21_in_rev_03,institutions,152,70,0.460526,0,0,85,0.559211,94,0.618421,0.204803,0.94,41,0.658537,41,0.536585
boundaryFocused,targeted:realist|institutionalist,blend,v21_ni_rev_05,normsIdentity,152,76,0.5,0,0,60,0.394737,73,0.480263,0.243618,0.7,41,0.560976,41,0.512195
boundaryFocused,targeted:realist|institutionalist,blend,v21_pe_rev_02,politicalEconomy,150,60,0.4,0,0,37,0.246667,52,0.346667,0.426933,1.57,41,0.487805,41,0.365854
boundaryFocused,targeted:realist|institutionalist,blend,v21_rs_rev_04,restraint,151,54,0.357616,25,0.165563,29,0.192053,55,0.364238,0.406026,2.17,41,0.439024,41,0.439024
boundaryFocused,targeted:realist|institutionalist,blend,v21_sc_rev_02,securityCompetition,156,73,0.467949,0,0,83,0.532051,108,0.692308,0.213013,0.76,41,0.731707,41,0.634146
boundaryFocused,targeted:realist|institutionalist,pure,an_case_digital_stack,institutions|normsIdentity|politicalEconomy|restraint|securityCompetition,69,26,0.376812,33,0.478261,21,0.304348,60,0.869565,0.932899,1.9,0,0,0,0
boundaryFocused,targeted:realist|institutionalist,pure,an_case_rising_power_voice,domesticFilters|institutions|normsIdentity|politicalEconomy|securityCompetition,69,20,0.289855,0,0,14,0.202899,26,0.376812,0.803623,1.42,0,0,0,0
boundaryFocused,targeted:realist|institutionalist,pure,an_tradeoff_evidence,domesticFilters|institutions|normsIdentity|restraint|securityCompetition,69,26,0.376812,11,0.15942,15,0.217391,39,0.565217,0.907681,1.69,0,0,0,0
boundaryFocused,targeted:realist|institutionalist,pure,an_tradeoff_parallel_order,domesticFilters|institutions|normsIdentity|orderJustice|politicalEconomy|securityCompetition,69,19,0.275362,0,0,18,0.26087,29,0.42029,1.037101,2.36,0,0,0,0
boundaryFocused,targeted:realist|institutionalist,pure,an_tradeoff_rival,domesticFilters|institutions|normsIdentity|securityCompetition,69,22,0.318841,0,0,17,0.246377,29,0.42029,0.805942,1.41,0,0,0,0
boundaryFocused,targeted:realist|institutionalist,pure,df1,domesticFilters,86,8,0.093023,0,0,18,0.209302,21,0.244186,0.450698,2.36,23,0.304348,23,0.217391
boundaryFocused,targeted:realist|institutionalist,pure,in2,institutions,85,11,0.129412,0,0,20,0.235294,22,0.258824,0.189294,0.53,23,0.26087,23,0.304348
boundaryFocused,targeted:realist|institutionalist,pure,ni2,normsIdentity,88,13,0.147727,0,0,21,0.238636,29,0.329545,0.208977,0.94,23,0.434783,23,0.304348
boundaryFocused,targeted:realist|institutionalist,pure,oj1,orderJustice,88,3,0.034091,0,0,20,0.227273,22,0.25,0.632159,2.5,23,0.304348,23,0.217391
boundaryFocused,targeted:realist|institutionalist,pure,oj2,orderJustice,87,2,0.022989,0,0,19,0.218391,19,0.218391,0.652299,2.5,23,0.217391,23,0.26087
boundaryFocused,targeted:realist|institutionalist,pure,pe2,politicalEconomy,85,6,0.070588,0,0,16,0.188235,17,0.2,0.398235,1.18,23,0.26087,23,0.217391
boundaryFocused,targeted:realist|institutionalist,pure,rs2,restraint,86,1,0.011628,27,0.313953,21,0.244186,45,0.523256,0.449186,3,23,0.478261,23,0.478261
boundaryFocused,targeted:realist|institutionalist,pure,sc2,securityCompetition,86,7,0.081395,0,0,20,0.232558,22,0.255814,0.201279,0.62,23,0.217391,23,0.26087
boundaryFocused,targeted:realist|institutionalist,pure,v21_df_rev_04,domesticFilters,85,1,0.011765,0,0,14,0.164706,14,0.164706,0.489059,1.78,23,0.130435,23,0.130435
boundaryFocused,targeted:realist|institutionalist,pure,v21_in_rev_03,institutions,88,16,0.181818,0,0,15,0.170455,24,0.272727,0.170227,0.46,23,0.26087,23,0.304348
boundaryFocused,targeted:realist|institutionalist,pure,v21_ni_rev_05,normsIdentity,86,9,0.104651,0,0,23,0.267442,25,0.290698,0.24686,0.81,23,0.347826,23,0.217391
boundaryFocused,targeted:realist|institutionalist,pure,v21_pe_rev_02,politicalEconomy,88,0,0,0,0,17,0.193182,17,0.193182,0.345795,1.62,23,0.26087,23,0.173913
boundaryFocused,targeted:realist|institutionalist,pure,v21_rs_rev_04,restraint,89,4,0.044944,33,0.370787,17,0.191011,48,0.539326,0.432472,3,23,0.521739,23,0.521739
boundaryFocused,targeted:realist|institutionalist,pure,v21_sc_rev_02,securityCompetition,89,17,0.191011,0,0,16,0.179775,28,0.314607,0.201573,0.67,23,0.347826,23,0.347826
calibratedSynthetic,core,blend,df1,domesticFilters,40,8,0.2,0,0,8,0.2,8,0.2,0.4625,1,10,0.1,10,0.1
calibratedSynthetic,core,blend,in2,institutions,38,15,0.394737,0,0,15,0.394737,17,0.447368,0.578947,1.5,10,0.5,10,0.4
calibratedSynthetic,core,blend,ni2,normsIdentity,39,10,0.25641,0,0,26,0.666667,26,0.666667,0.525641,1.5,10,0.5,10,0.9
calibratedSynthetic,core,blend,oj1,orderJustice,40,1,0.025,0,0,4,0.1,4,0.1,0.4125,1,10,0.1,10,0.2
calibratedSynthetic,core,blend,oj2,orderJustice,40,1,0.025,0,0,2,0.05,2,0.05,0.375,0.5,10,0,10,0.1
calibratedSynthetic,core,blend,pe2,politicalEconomy,40,2,0.05,0,0,3,0.075,6,0.15,0.5125,1.5,10,0.2,10,0.1
calibratedSynthetic,core,blend,rs2,restraint,40,2,0.05,1,0.025,2,0.05,3,0.075,0.525,1,10,0.1,10,0
calibratedSynthetic,core,blend,sc2,securityCompetition,40,0,0,0,0,3,0.075,3,0.075,0.425,1,10,0,10,0.1
calibratedSynthetic,core,blend,v21_df_rev_04,domesticFilters,40,8,0.2,0,0,11,0.275,11,0.275,0.475,1,10,0.3,10,0.2
calibratedSynthetic,core,blend,v21_in_rev_03,institutions,37,16,0.432432,0,0,15,0.405405,17,0.459459,0.635135,1.5,10,0.3,10,0.7
calibratedSynthetic,core,blend,v21_ni_rev_05,normsIdentity,40,14,0.35,0,0,25,0.625,25,0.625,0.4875,1,10,0.3,10,0.9
calibratedSynthetic,core,blend,v21_pe_rev_02,politicalEconomy,38,0,0,0,0,3,0.078947,5,0.131579,0.539474,1.5,10,0.2,10,0.1
calibratedSynthetic,core,blend,v21_rs_rev_04,restraint,38,5,0.131579,3,0.078947,3,0.078947,6,0.157895,0.618421,1.5,10,0.2,10,0.2
calibratedSynthetic,core,blend,v21_sc_rev_02,securityCompetition,40,0,0,0,0,5,0.125,5,0.125,0.4,0.5,10,0.1,10,0.2
calibratedSynthetic,core,pure,df1,domesticFilters,911,0,0,0,0,13,0.01427,13,0.01427,0.475851,1.5,230,0.008696,230,0.021739
calibratedSynthetic,core,pure,in2,institutions,894,6,0.006711,0,0,34,0.038031,34,0.038031,0.513982,1.5,230,0.004348,230,0.095652
calibratedSynthetic,core,pure,ni2,normsIdentity,893,13,0.014558,0,0,42,0.047032,47,0.052632,0.487122,1.5,230,0.030435,230,0.091304
calibratedSynthetic,core,pure,oj1,orderJustice,920,0,0,0,0,3,0.003261,3,0.003261,0.421739,1,230,0.004348,230,0
calibratedSynthetic,core,pure,oj2,orderJustice,920,0,0,0,0,3,0.003261,3,0.003261,0.427717,1,230,0.004348,230,0
calibratedSynthetic,core,pure,pe2,politicalEconomy,898,0,0,0,0,3,0.003341,3,0.003341,0.452116,1.5,230,0.004348,230,0.004348
calibratedSynthetic,core,pure,rs2,restraint,916,0,0,125,0.136463,6,0.00655,131,0.143013,0.441048,1.5,230,0.108696,230,0.117391
calibratedSynthetic,core,pure,sc2,securityCompetition,894,0,0,0,0,3,0.003356,3,0.003356,0.480425,1.5,230,0.004348,230,0
calibratedSynthetic,core,pure,v21_df_rev_04,domesticFilters,906,0,0,0,0,11,0.012141,11,0.012141,0.482892,1.5,230,0.004348,230,0.017391
calibratedSynthetic,core,pure,v21_in_rev_03,institutions,894,9,0.010067,0,0,40,0.044743,41,0.045861,0.505593,1.5,230,0.026087,230,0.104348
calibratedSynthetic,core,pure,v21_ni_rev_05,normsIdentity,891,14,0.015713,0,0,41,0.046016,47,0.05275,0.487093,1.5,230,0.03913,230,0.082609
calibratedSynthetic,core,pure,v21_pe_rev_02,politicalEconomy,897,0,0,0,0,2,0.00223,2,0.00223,0.463211,1.5,230,0.004348,230,0
calibratedSynthetic,core,pure,v21_rs_rev_04,restraint,916,0,0,129,0.14083,6,0.00655,135,0.14738,0.441048,1.5,230,0.117391,230,0.126087
calibratedSynthetic,core,pure,v21_sc_rev_02,securityCompetition,897,0,0,0,0,5,0.005574,5,0.005574,0.485507,1.5,230,0.008696,230,0.004348
calibratedSynthetic,fullExtended,blend,an_case_burdens,domesticFilters|institutions|normsIdentity|restraint|securityCompetition,3,1,0.333333,0,0,0,0,0,0,0.206667,0.32,0,0,0,0
calibratedSynthetic,fullExtended,blend,an_case_digital_stack,institutions|normsIdentity|politicalEconomy|restraint|securityCompetition,3,0,0,0,0,0,0,0,0,0.186667,0.28,0,0,0,0
calibratedSynthetic,fullExtended,blend,an_case_finance,domesticFilters|institutions|politicalEconomy|restraint,3,2,0.666667,0,0,0,0,0,0,0.22,0.26,0,0,0,0
calibratedSynthetic,fullExtended,blend,an_case_green_finance,domesticFilters|institutions|normsIdentity|orderJustice|politicalEconomy,3,0,0,0,0,0,0,0,0,0.163333,0.21,0,0,0,0
calibratedSynthetic,fullExtended,blend,an_case_intervention_memory,domesticFilters|institutions|normsIdentity|orderJustice|restraint,3,0,0,0,0,0,0,0,0,0.193333,0.28,0,0,0,0
calibratedSynthetic,fullExtended,blend,an_case_maritime_crisis,domesticFilters|institutions|restraint|securityCompetition,3,2,0.666667,0,0,0,0,0,0,0.166667,0.28,0,0,0,0
calibratedSynthetic,fullExtended,blend,an_case_middle_power,domesticFilters|institutions|normsIdentity|politicalEconomy|restraint|securityCompetition,3,2,0.666667,0,0,0,0,0,0,0.18,0.27,0,0,0,0
calibratedSynthetic,fullExtended,blend,an_case_rising_power_voice,domesticFilters|institutions|normsIdentity|politicalEconomy|securityCompetition,3,1,0.333333,0,0,0,0,0,0,0.22,0.3,0,0,0,0
calibratedSynthetic,fullExtended,blend,an_case_sanctions_alignment,domesticFilters|institutions|normsIdentity|orderJustice|politicalEconomy|restraint,3,2,0.666667,0,0,0,0,0,0,0.203333,0.31,0,0,0,0
calibratedSynthetic,fullExtended,blend,an_in3,institutions,2,1,0.5,0,0,0,0,0,0,0.035,0.04,0,0,0,0
calibratedSynthetic,fullExtended,blend,an_in4,institutions,2,1,0.5,0,0,0,0,0,0,0.035,0.04,0,0,0,0
calibratedSynthetic,fullExtended,blend,an_ni3,normsIdentity,2,1,0.5,0,0,0,0,0,0,0.05,0.05,0,0,0,0
calibratedSynthetic,fullExtended,blend,an_oj3,orderJustice,2,0,0,0,0,0,0,0,0,0.1,0.1,0,0,0,0
calibratedSynthetic,fullExtended,blend,an_pe3,politicalEconomy,2,0,0,0,0,0,0,0,0,0.085,0.09,0,0,0,0
calibratedSynthetic,fullExtended,blend,an_pe4,politicalEconomy,2,0,0,0,0,0,0,0,0,0.085,0.09,0,0,0,0
calibratedSynthetic,fullExtended,blend,an_sc3,securityCompetition,2,0,0,0,0,0,0,0,0,0.055,0.06,0,0,0,0
calibratedSynthetic,fullExtended,blend,an_sc4,securityCompetition,2,0,0,0,0,0,0,0,0,0.055,0.06,0,0,0,0
calibratedSynthetic,fullExtended,blend,an_tradeoff_ceasefire_settlement,domesticFilters|institutions|orderJustice|politicalEconomy|restraint,3,1,0.333333,0,0,0,0,0,0,0.196667,0.27,0,0,0,0
calibratedSynthetic,fullExtended,blend,an_tradeoff_energy_alignment,domesticFilters|institutions|normsIdentity|orderJustice|politicalEconomy|restraint,3,1,0.333333,0,0,0,0,0,0,0.206667,0.33,0,0,0,0
calibratedSynthetic,fullExtended,blend,an_tradeoff_evidence,domesticFilters|institutions|normsIdentity|restraint|securityCompetition,3,1,0.333333,0,0,1,0.333333,1,0.333333,0.193333,0.3,0,0,0,0
calibratedSynthetic,fullExtended,blend,an_tradeoff_legitimacy,domesticFilters|institutions|normsIdentity|politicalEconomy|securityCompetition,3,2,0.666667,0,0,0,0,0,0,0.24,0.35,0,0,0,0
calibratedSynthetic,fullExtended,blend,an_tradeoff_parallel_order,domesticFilters|institutions|normsIdentity|orderJustice|politicalEconomy|securityCompetition,3,3,1,0,0,1,0.333333,1,0.333333,0.266667,0.35,0,0,0,0
calibratedSynthetic,fullExtended,blend,an_tradeoff_rival,domesticFilters|institutions|normsIdentity|securityCompetition,3,0,0,0,0,3,1,3,1,0.23,0.39,0,0,0,0
calibratedSynthetic,fullExtended,blend,an_tradeoff_tech_order,institutions|normsIdentity|orderJustice|politicalEconomy|restraint|securityCompetition,3,2,0.666667,0,0,0,0,0,0,0.226667,0.28,0,0,0,0
calibratedSynthetic,fullExtended,blend,case_protection,domesticFilters|institutions|normsIdentity|orderJustice|restraint,3,1,0.333333,0,0,0,0,0,0,0.196667,0.29,0,0,0,0
calibratedSynthetic,fullExtended,blend,case_semiconductors,institutions|normsIdentity|politicalEconomy|restraint|securityCompetition,3,2,0.666667,0,0,0,0,0,0,0.29,0.43,0,0,0,0
calibratedSynthetic,fullExtended,blend,df1,domesticFilters,4,1,0.25,0,0,0,0,0,0,0.06,0.08,1,0,1,0
calibratedSynthetic,fullExtended,blend,df2,domesticFilters,2,1,0.5,0,0,0,0,0,0,0.08,0.08,0,0,0,0
calibratedSynthetic,fullExtended,blend,in1,institutions,2,1,0.5,0,0,0,0,0,0,0.035,0.04,0,0,0,0
calibratedSynthetic,fullExtended,blend,in2,institutions,4,2,0.5,0,0,0,0,0,0,0.04,0.07,1,0,1,0
calibratedSynthetic,fullExtended,blend,ni1,normsIdentity,2,1,0.5,0,0,0,0,0,0,0.05,0.05,0,0,0,0
calibratedSynthetic,fullExtended,blend,ni2,normsIdentity,4,1,0.25,0,0,1,0.25,1,0.25,0.06,0.1,1,0,1,1
calibratedSynthetic,fullExtended,blend,oj1,orderJustice,4,0,0,0,0,0,0,0,0,0.0575,0.1,1,0,1,0
calibratedSynthetic,fullExtended,blend,oj2,orderJustice,4,0,0,0,0,0,0,0,0,0.095,0.1,1,0,1,0
calibratedSynthetic,fullExtended,blend,pe1,politicalEconomy,2,0,0,0,0,0,0,0,0,0.085,0.09,0,0,0,0
calibratedSynthetic,fullExtended,blend,pe2,politicalEconomy,4,0,0,0,0,0,0,0,0,0.0675,0.09,1,0,1,0
calibratedSynthetic,fullExtended,blend,rs1,restraint,2,0,0,0,0,0,0,0,0,0.04,0.04,0,0,0,0
calibratedSynthetic,fullExtended,blend,rs2,restraint,4,0,0,0,0,0,0,0,0,0.0325,0.04,1,0,1,0
calibratedSynthetic,fullExtended,blend,sc1,securityCompetition,2,0,0,0,0,0,0,0,0,0.055,0.06,0,0,0,0
calibratedSynthetic,fullExtended,blend,sc2,securityCompetition,4,0,0,0,0,0,0,0,0,0.0375,0.06,1,0,1,0
calibratedSynthetic,fullExtended,blend,tradeoff_alliances,domesticFilters|institutions|normsIdentity|restraint|securityCompetition,3,0,0,0,0,1,0.333333,1,0.333333,0.206667,0.36,0,0,0,0
calibratedSynthetic,fullExtended,blend,tradeoff_interdependence,domesticFilters|institutions|politicalEconomy|restraint|securityCompetition,3,2,0.666667,0,0,0,0,0,0,0.303333,0.38,0,0,0,0
calibratedSynthetic,fullExtended,blend,tradeoff_intervention,domesticFilters|institutions|normsIdentity|orderJustice|restraint,3,1,0.333333,0,0,0,0,0,0,0.216667,0.31,0,0,0,0
calibratedSynthetic,fullExtended,blend,tradeoff_strategy,domesticFilters|politicalEconomy|restraint|securityCompetition,3,1,0.333333,0,0,0,0,0,0,0.23,0.27,0,0,0,0
calibratedSynthetic,fullExtended,blend,v21_df_rev_01,domesticFilters,2,1,0.5,0,0,0,0,0,0,0.08,0.08,0,0,0,0
calibratedSynthetic,fullExtended,blend,v21_df_rev_04,domesticFilters,4,1,0.25,0,0,0,0,0,0,0.06,0.08,1,0,1,0
calibratedSynthetic,fullExtended,blend,v21_in_rev_03,institutions,4,2,0.5,0,0,0,0,0,0,0.0325,0.04,1,0,1,0
calibratedSynthetic,fullExtended,blend,v21_ni_rev_01,normsIdentity,2,1,0.5,0,0,0,0,0,0,0.05,0.05,0,0,0,0
calibratedSynthetic,fullExtended,blend,v21_ni_rev_05,normsIdentity,4,1,0.25,0,0,0,0,0,0,0.04,0.05,1,0,1,0
calibratedSynthetic,fullExtended,blend,v21_oj_rev_02,orderJustice,2,0,0,0,0,0,0,0,0,0.1,0.1,0,0,0,0
calibratedSynthetic,fullExtended,blend,v21_pe_rev_02,politicalEconomy,4,0,0,0,0,0,0,0,0,0.06,0.09,1,0,1,0
calibratedSynthetic,fullExtended,blend,v21_rs_rev_04,restraint,4,0,0,0,0,0,0,0,0,0.05,0.09,1,0,1,0
calibratedSynthetic,fullExtended,blend,v21_rs_rev_05,restraint,2,0,0,0,0,0,0,0,0,0.04,0.04,0,0,0,0
calibratedSynthetic,fullExtended,blend,v21_sc_rev_01,securityCompetition,2,0,0,0,0,0,0,0,0,0.055,0.06,0,0,0,0
calibratedSynthetic,fullExtended,blend,v21_sc_rev_02,securityCompetition,4,0,0,0,0,0,0,0,0,0.0375,0.06,1,0,1,0
calibratedSynthetic,fullExtended,blend,v21_sc_rev_05,securityCompetition,2,0,0,0,0,0,0,0,0,0.055,0.06,0,0,0,0
calibratedSynthetic,fullExtended,blend,val_ci_1,validation:cooperativeInternationalism,2,0,0,0,0,0,0,0,0,0,0,0,0,0,0
calibratedSynthetic,fullExtended,blend,val_ci_2,validation:cooperativeInternationalism,2,0,0,0,0,0,0,0,0,0,0,0,0,0,0
calibratedSynthetic,fullExtended,blend,val_ci_3,validation:cooperativeInternationalism,2,0,0,0,0,0,0,0,0,0,0,0,0,0,0
calibratedSynthetic,fullExtended,blend,val_ci_4,validation:cooperativeInternationalism,2,0,0,0,0,0,0,0,0,0,0,0,0,0,0
calibratedSynthetic,fullExtended,blend,val_iso_1,validation:isolationism,2,0,0,0,0,0,0,0,0,0,0,0,0,0,0
calibratedSynthetic,fullExtended,blend,val_iso_2,validation:isolationism,2,0,0,0,0,0,0,0,0,0,0,0,0,0,0
calibratedSynthetic,fullExtended,blend,val_iso_3,validation:isolationism,2,0,0,0,0,0,0,0,0,0,0,0,0,0,0
calibratedSynthetic,fullExtended,blend,val_iso_4,validation:isolationism,2,0,0,0,0,0,0,0,0,0,0,0,0,0,0
calibratedSynthetic,fullExtended,blend,val_mi_1,validation:militantInternationalism,2,0,0,0,0,0,0,0,0,0,0,0,0,0,0
calibratedSynthetic,fullExtended,blend,val_mi_2,validation:militantInternationalism,2,0,0,0,0,0,0,0,0,0,0,0,0,0,0
calibratedSynthetic,fullExtended,blend,val_mi_3,validation:militantInternationalism,2,0,0,0,0,0,0,0,0,0,0,0,0,0,0
calibratedSynthetic,fullExtended,blend,val_mi_4,validation:militantInternationalism,2,0,0,0,0,0,0,0,0,0,0,0,0,0,0
calibratedSynthetic,fullExtended,pure,an_case_burdens,domesticFilters|institutions|normsIdentity|restraint|securityCompetition,477,0,0,14,0.02935,0,0,14,0.02935,0.213941,0.43,0,0,0,0
calibratedSynthetic,fullExtended,pure,an_case_digital_stack,institutions|normsIdentity|politicalEconomy|restraint|securityCompetition,477,0,0,7,0.014675,0,0,7,0.014675,0.216834,0.46,0,0,0,0
calibratedSynthetic,fullExtended,pure,an_case_finance,domesticFilters|institutions|politicalEconomy|restraint,477,0,0,0,0,0,0,0,0,0.219392,0.43,0,0,0,0
calibratedSynthetic,fullExtended,pure,an_case_green_finance,domesticFilters|institutions|normsIdentity|orderJustice|politicalEconomy,477,0,0,0,0,0,0,0,0,0.252013,0.6,0,0,0,0
calibratedSynthetic,fullExtended,pure,an_case_intervention_memory,domesticFilters|institutions|normsIdentity|orderJustice|restraint,477,0,0,12,0.025157,0,0,12,0.025157,0.27086,0.47,0,0,0,0
calibratedSynthetic,fullExtended,pure,an_case_maritime_crisis,domesticFilters|institutions|restraint|securityCompetition,477,0,0,12,0.025157,0,0,12,0.025157,0.197925,0.46,0,0,0,0
calibratedSynthetic,fullExtended,pure,an_case_middle_power,domesticFilters|institutions|normsIdentity|politicalEconomy|restraint|securityCompetition,477,0,0,6,0.012579,0,0,6,0.012579,0.185157,0.43,0,0,0,0
calibratedSynthetic,fullExtended,pure,an_case_rising_power_voice,domesticFilters|institutions|normsIdentity|politicalEconomy|securityCompetition,477,0,0,0,0,2,0.004193,2,0.004193,0.240608,0.43,0,0,0,0
calibratedSynthetic,fullExtended,pure,an_case_sanctions_alignment,domesticFilters|institutions|normsIdentity|orderJustice|politicalEconomy|restraint,477,0,0,8,0.016771,0,0,8,0.016771,0.26501,0.62,0,0,0,0
calibratedSynthetic,fullExtended,pure,an_in3,institutions,295,0,0,0,0,0,0,0,0,0.042915,0.06,0,0,0,0
calibratedSynthetic,fullExtended,pure,an_in4,institutions,301,0,0,0,0,0,0,0,0,0.042957,0.06,0,0,0,0
calibratedSynthetic,fullExtended,pure,an_ni3,normsIdentity,302,0,0,0,0,0,0,0,0,0.066192,0.1,0,0,0,0
calibratedSynthetic,fullExtended,pure,an_oj3,orderJustice,317,0,0,0,0,0,0,0,0,0.090095,0.12,0,0,0,0
calibratedSynthetic,fullExtended,pure,an_pe3,politicalEconomy,299,0,0,0,0,0,0,0,0,0.067559,0.11,0,0,0,0
calibratedSynthetic,fullExtended,pure,an_pe4,politicalEconomy,299,0,0,0,0,0,0,0,0,0.067559,0.11,0,0,0,0
calibratedSynthetic,fullExtended,pure,an_sc3,securityCompetition,303,0,0,0,0,0,0,0,0,0.056799,0.07,0,0,0,0
calibratedSynthetic,fullExtended,pure,an_sc4,securityCompetition,307,0,0,0,0,0,0,0,0,0.056547,0.07,0,0,0,0
calibratedSynthetic,fullExtended,pure,an_tradeoff_ceasefire_settlement,domesticFilters|institutions|orderJustice|politicalEconomy|restraint,477,0,0,5,0.010482,0,0,5,0.010482,0.250147,0.49,0,0,0,0
calibratedSynthetic,fullExtended,pure,an_tradeoff_energy_alignment,domesticFilters|institutions|normsIdentity|orderJustice|politicalEconomy|restraint,477,0,0,9,0.018868,0,0,9,0.018868,0.268931,0.63,0,0,0,0
calibratedSynthetic,fullExtended,pure,an_tradeoff_evidence,domesticFilters|institutions|normsIdentity|restraint|securityCompetition,477,1,0.002096,3,0.006289,1,0.002096,4,0.008386,0.237862,0.51,0,0,0,0
calibratedSynthetic,fullExtended,pure,an_tradeoff_legitimacy,domesticFilters|institutions|normsIdentity|politicalEconomy|securityCompetition,477,0,0,0,0,2,0.004193,2,0.004193,0.265409,0.51,0,0,0,0
calibratedSynthetic,fullExtended,pure,an_tradeoff_parallel_order,domesticFilters|institutions|normsIdentity|orderJustice|politicalEconomy|securityCompetition,477,0,0,0,0,0,0,0,0,0.268218,0.59,0,0,0,0
calibratedSynthetic,fullExtended,pure,an_tradeoff_rival,domesticFilters|institutions|normsIdentity|securityCompetition,477,1,0.002096,0,0,2,0.004193,2,0.004193,0.257065,0.56,0,0,0,0
calibratedSynthetic,fullExtended,pure,an_tradeoff_tech_order,institutions|normsIdentity|orderJustice|politicalEconomy|restraint|securityCompetition,477,0,0,8,0.016771,0,0,8,0.016771,0.235975,0.54,0,0,0,0
calibratedSynthetic,fullExtended,pure,case_protection,domesticFilters|institutions|normsIdentity|orderJustice|restraint,477,0,0,13,0.027254,0,0,13,0.027254,0.306038,0.65,0,0,0,0
calibratedSynthetic,fullExtended,pure,case_semiconductors,institutions|normsIdentity|politicalEconomy|restraint|securityCompetition,477,0,0,16,0.033543,0,0,16,0.033543,0.283564,0.54,0,0,0,0
calibratedSynthetic,fullExtended,pure,df1,domesticFilters,623,0,0,0,0,0,0,0,0,0.074141,0.29,159,0,159,0
calibratedSynthetic,fullExtended,pure,df2,domesticFilters,308,0,0,0,0,0,0,0,0,0.076104,0.14,0,0,0,0
calibratedSynthetic,fullExtended,pure,in1,institutions,295,0,0,0,0,0,0,0,0,0.042881,0.06,0,0,0,0
calibratedSynthetic,fullExtended,pure,in2,institutions,613,0,0,0,0,0,0,0,0,0.048238,0.16,159,0,159,0
calibratedSynthetic,fullExtended,pure,ni1,normsIdentity,299,0,0,0,0,0,0,0,0,0.06612,0.1,0,0,0,0
calibratedSynthetic,fullExtended,pure,ni2,normsIdentity,616,0,0,0,0,0,0,0,0,0.065211,0.28,159,0,159,0
calibratedSynthetic,fullExtended,pure,oj1,orderJustice,636,0,0,0,0,0,0,0,0,0.077154,0.23,159,0,159,0
calibratedSynthetic,fullExtended,pure,oj2,orderJustice,635,0,0,0,0,0,0,0,0,0.075543,0.24,159,0,159,0
calibratedSynthetic,fullExtended,pure,pe1,politicalEconomy,297,0,0,0,0,0,0,0,0,0.067643,0.11,0,0,0,0
calibratedSynthetic,fullExtended,pure,pe2,politicalEconomy,621,0,0,0,0,0,0,0,0,0.060548,0.18,159,0,159,0
calibratedSynthetic,fullExtended,pure,rs1,restraint,313,0,0,5,0.015974,0,0,5,0.015974,0.046134,0.06,0,0,0,0
calibratedSynthetic,fullExtended,pure,rs2,restraint,635,0,0,8,0.012598,0,0,8,0.012598,0.041228,0.13,159,0.012579,159,0.006289
calibratedSynthetic,fullExtended,pure,sc1,securityCompetition,301,0,0,0,0,0,0,0,0,0.056777,0.07,0,0,0,0
calibratedSynthetic,fullExtended,pure,sc2,securityCompetition,619,0,0,0,0,0,0,0,0,0.052682,0.19,159,0,159,0
calibratedSynthetic,fullExtended,pure,tradeoff_alliances,domesticFilters|institutions|normsIdentity|restraint|securityCompetition,477,0,0,3,0.006289,0,0,3,0.006289,0.229015,0.55,0,0,0,0
calibratedSynthetic,fullExtended,pure,tradeoff_interdependence,domesticFilters|institutions|politicalEconomy|restraint|securityCompetition,477,0,0,0,0,0,0,0,0,0.235996,0.42,0,0,0,0
calibratedSynthetic,fullExtended,pure,tradeoff_intervention,domesticFilters|institutions|normsIdentity|orderJustice|restraint,477,0,0,15,0.031447,0,0,15,0.031447,0.304046,0.64,0,0,0,0
calibratedSynthetic,fullExtended,pure,tradeoff_strategy,domesticFilters|politicalEconomy|restraint|securityCompetition,477,0,0,20,0.041929,0,0,20,0.041929,0.213899,0.43,0,0,0,0
calibratedSynthetic,fullExtended,pure,v21_df_rev_01,domesticFilters,309,0,0,0,0,0,0,0,0,0.075955,0.14,0,0,0,0
calibratedSynthetic,fullExtended,pure,v21_df_rev_04,domesticFilters,626,0,0,0,0,0,0,0,0,0.072955,0.28,159,0,159,0
calibratedSynthetic,fullExtended,pure,v21_in_rev_03,institutions,613,0,0,0,0,0,0,0,0,0.047814,0.17,159,0,159,0
calibratedSynthetic,fullExtended,pure,v21_ni_rev_01,normsIdentity,298,0,0,0,0,0,0,0,0,0.066107,0.1,0,0,0,0
calibratedSynthetic,fullExtended,pure,v21_ni_rev_05,normsIdentity,621,0,0,0,0,1,0.00161,1,0.00161,0.065829,0.26,159,0,159,0.006289
calibratedSynthetic,fullExtended,pure,v21_oj_rev_02,orderJustice,318,0,0,0,0,0,0,0,0,0.090094,0.12,0,0,0,0
calibratedSynthetic,fullExtended,pure,v21_pe_rev_02,politicalEconomy,614,0,0,0,0,0,0,0,0,0.061889,0.18,159,0,159,0
calibratedSynthetic,fullExtended,pure,v21_rs_rev_04,restraint,634,0,0,8,0.012618,0,0,8,0.012618,0.042366,0.13,159,0.018868,159,0
calibratedSynthetic,fullExtended,pure,v21_rs_rev_05,restraint,317,0,0,5,0.015773,0,0,5,0.015773,0.046151,0.06,0,0,0,0
calibratedSynthetic,fullExtended,pure,v21_sc_rev_01,securityCompetition,305,0,0,0,0,0,0,0,0,0.056557,0.07,0,0,0,0
calibratedSynthetic,fullExtended,pure,v21_sc_rev_02,securityCompetition,622,0,0,0,0,0,0,0,0,0.051929,0.14,159,0,159,0
calibratedSynthetic,fullExtended,pure,v21_sc_rev_05,securityCompetition,300,0,0,0,0,0,0,0,0,0.0568,0.07,0,0,0,0
calibratedSynthetic,fullExtended,pure,val_ci_1,validation:cooperativeInternationalism,318,0,0,0,0,0,0,0,0,0,0,0,0,0,0
calibratedSynthetic,fullExtended,pure,val_ci_2,validation:cooperativeInternationalism,318,0,0,0,0,0,0,0,0,0,0,0,0,0,0
calibratedSynthetic,fullExtended,pure,val_ci_3,validation:cooperativeInternationalism,318,0,0,0,0,0,0,0,0,0,0,0,0,0,0
calibratedSynthetic,fullExtended,pure,val_ci_4,validation:cooperativeInternationalism,318,0,0,0,0,0,0,0,0,0,0,0,0,0,0
calibratedSynthetic,fullExtended,pure,val_iso_1,validation:isolationism,316,0,0,0,0,0,0,0,0,0,0,0,0,0,0
calibratedSynthetic,fullExtended,pure,val_iso_2,validation:isolationism,318,0,0,0,0,0,0,0,0,0,0,0,0,0,0
calibratedSynthetic,fullExtended,pure,val_iso_3,validation:isolationism,318,0,0,0,0,0,0,0,0,0,0,0,0,0,0
calibratedSynthetic,fullExtended,pure,val_iso_4,validation:isolationism,318,0,0,0,0,0,0,0,0,0,0,0,0,0,0
calibratedSynthetic,fullExtended,pure,val_mi_1,validation:militantInternationalism,318,0,0,0,0,0,0,0,0,0,0,0,0,0,0
calibratedSynthetic,fullExtended,pure,val_mi_2,validation:militantInternationalism,318,0,0,0,0,0,0,0,0,0,0,0,0,0,0
calibratedSynthetic,fullExtended,pure,val_mi_3,validation:militantInternationalism,317,0,0,0,0,0,0,0,0,0,0,0,0,0,0
calibratedSynthetic,fullExtended,pure,val_mi_4,validation:militantInternationalism,318,0,0,0,0,0,0,0,0,0,0,0,0,0,0
calibratedSynthetic,targeted:constructivist|criticalPoliticalEconomy,blend,an_case_green_finance,domesticFilters|institutions|normsIdentity|orderJustice|politicalEconomy,6,1,0.166667,0,0,0,0,0,0,0.576667,0.9,0,0,0,0
calibratedSynthetic,targeted:constructivist|criticalPoliticalEconomy,blend,an_case_middle_power,domesticFilters|institutions|normsIdentity|politicalEconomy|restraint|securityCompetition,6,5,0.833333,0,0,2,0.333333,2,0.333333,0.745,1.55,0,0,0,0
calibratedSynthetic,targeted:constructivist|criticalPoliticalEconomy,blend,an_case_sanctions_alignment,domesticFilters|institutions|normsIdentity|orderJustice|politicalEconomy|restraint,6,1,0.166667,0,0,2,0.333333,2,0.333333,0.7,0.94,0,0,0,0
calibratedSynthetic,targeted:constructivist|criticalPoliticalEconomy,blend,an_tradeoff_ceasefire_settlement,domesticFilters|institutions|orderJustice|politicalEconomy|restraint,6,4,0.666667,0,0,2,0.333333,2,0.333333,0.66,0.93,0,0,0,0
calibratedSynthetic,targeted:constructivist|criticalPoliticalEconomy,blend,an_tradeoff_energy_alignment,domesticFilters|institutions|normsIdentity|orderJustice|politicalEconomy|restraint,6,2,0.333333,0,0,4,0.666667,4,0.666667,0.615,0.93,0,0,0,0
calibratedSynthetic,targeted:constructivist|criticalPoliticalEconomy,blend,df1,domesticFilters,8,3,0.375,0,0,5,0.625,5,0.625,0.21125,0.29,2,0.5,2,0.5
calibratedSynthetic,targeted:constructivist|criticalPoliticalEconomy,blend,in2,institutions,8,5,0.625,0,0,4,0.5,4,0.5,0.13125,0.27,2,0,2,0.5
calibratedSynthetic,targeted:constructivist|criticalPoliticalEconomy,blend,ni2,normsIdentity,8,2,0.25,0,0,6,0.75,6,0.75,0.185,0.37,2,0.5,2,1
calibratedSynthetic,targeted:constructivist|criticalPoliticalEconomy,blend,oj1,orderJustice,8,1,0.125,0,0,1,0.125,1,0.125,0.365,0.66,2,0,2,0.5
calibratedSynthetic,targeted:constructivist|criticalPoliticalEconomy,blend,oj2,orderJustice,8,1,0.125,0,0,0,0,0,0,0.22125,0.34,2,0,2,0
calibratedSynthetic,targeted:constructivist|criticalPoliticalEconomy,blend,pe2,politicalEconomy,8,0,0,0,0,0,0,0,0,0.12875,0.19,2,0,2,0
calibratedSynthetic,targeted:constructivist|criticalPoliticalEconomy,blend,rs2,restraint,8,2,0.25,0,0,0,0,0,0,0.16625,0.34,2,0,2,0
calibratedSynthetic,targeted:constructivist|criticalPoliticalEconomy,blend,sc2,securityCompetition,8,1,0.125,0,0,0,0,0,0,0.5625,1,2,0,2,0
calibratedSynthetic,targeted:constructivist|criticalPoliticalEconomy,blend,v21_df_rev_04,domesticFilters,8,3,0.375,0,0,5,0.625,5,0.625,0.21125,0.29,2,0.5,2,0.5
calibratedSynthetic,targeted:constructivist|criticalPoliticalEconomy,blend,v21_in_rev_03,institutions,8,5,0.625,0,0,5,0.625,5,0.625,0.1325,0.24,2,0,2,1
calibratedSynthetic,targeted:constructivist|criticalPoliticalEconomy,blend,v21_ni_rev_05,normsIdentity,8,3,0.375,0,0,5,0.625,5,0.625,0.14375,0.19,2,0,2,1
calibratedSynthetic,targeted:constructivist|criticalPoliticalEconomy,blend,v21_pe_rev_02,politicalEconomy,8,0,0,0,0,0,0,0,0,0.15,0.19,2,0,2,0
calibratedSynthetic,targeted:constructivist|criticalPoliticalEconomy,blend,v21_rs_rev_04,restraint,8,3,0.375,0,0,0,0,0,0,0.16875,0.32,2,0,2,0
calibratedSynthetic,targeted:constructivist|criticalPoliticalEconomy,blend,v21_sc_rev_02,securityCompetition,8,2,0.25,0,0,0,0,0,0,0.5,1,2,0,2,0
calibratedSynthetic,targeted:constructivist|criticalPoliticalEconomy,pure,an_case_green_finance,domesticFilters|institutions|normsIdentity|orderJustice|politicalEconomy,354,1,0.002825,0,0,2,0.00565,3,0.008475,0.816751,2.09,0,0,0,0
calibratedSynthetic,targeted:constructivist|criticalPoliticalEconomy,pure,an_case_middle_power,domesticFilters|institutions|normsIdentity|politicalEconomy|restraint|securityCompetition,354,0,0,11,0.031073,1,0.002825,12,0.033898,0.821949,1.99,0,0,0,0
calibratedSynthetic,targeted:constructivist|criticalPoliticalEconomy,pure,an_case_sanctions_alignment,domesticFilters|institutions|normsIdentity|orderJustice|politicalEconomy|restraint,354,1,0.002825,18,0.050847,2,0.00565,20,0.056497,0.810028,2.25,0,0,0,0
calibratedSynthetic,targeted:constructivist|criticalPoliticalEconomy,pure,an_tradeoff_ceasefire_settlement,domesticFilters|institutions|orderJustice|politicalEconomy|restraint,354,1,0.002825,12,0.033898,2,0.00565,14,0.039548,0.751864,1.64,0,0,0,0
calibratedSynthetic,targeted:constructivist|criticalPoliticalEconomy,pure,an_tradeoff_energy_alignment,domesticFilters|institutions|normsIdentity|orderJustice|politicalEconomy|restraint,354,0,0,20,0.056497,2,0.00565,22,0.062147,0.81548,2.05,0,0,0,0
calibratedSynthetic,targeted:constructivist|criticalPoliticalEconomy,pure,df1,domesticFilters,466,0,0,0,0,0,0,0,0,0.202082,0.7,118,0,118,0
calibratedSynthetic,targeted:constructivist|criticalPoliticalEconomy,pure,in2,institutions,458,1,0.002183,0,0,1,0.002183,2,0.004367,0.209105,0.9,118,0,118,0.008475
calibratedSynthetic,targeted:constructivist|criticalPoliticalEconomy,pure,ni2,normsIdentity,456,2,0.004386,0,0,3,0.006579,4,0.008772,0.351447,1.5,118,0,118,0.025424
calibratedSynthetic,targeted:constructivist|criticalPoliticalEconomy,pure,oj1,orderJustice,472,0,0,0,0,0,0,0,0,0.203983,0.58,118,0,118,0
calibratedSynthetic,targeted:constructivist|criticalPoliticalEconomy,pure,oj2,orderJustice,471,0,0,0,0,0,0,0,0,0.200234,0.58,118,0,118,0
calibratedSynthetic,targeted:constructivist|criticalPoliticalEconomy,pure,pe2,politicalEconomy,458,0,0,0,0,0,0,0,0,0.162664,0.72,118,0,118,0
calibratedSynthetic,targeted:constructivist|criticalPoliticalEconomy,pure,rs2,restraint,471,0,0,15,0.031847,0,0,15,0.031847,0.148471,0.41,118,0.016949,118,0.025424
calibratedSynthetic,targeted:constructivist|criticalPoliticalEconomy,pure,sc2,securityCompetition,466,0,0,0,0,0,0,0,0,0.416524,1.5,118,0,118,0
calibratedSynthetic,targeted:constructivist|criticalPoliticalEconomy,pure,v21_df_rev_04,domesticFilters,461,0,0,0,0,0,0,0,0,0.225618,0.7,118,0,118,0
calibratedSynthetic,targeted:constructivist|criticalPoliticalEconomy,pure,v21_in_rev_03,institutions,454,0,0,0,0,2,0.004405,2,0.004405,0.205044,1.23,118,0,118,0.008475
calibratedSynthetic,targeted:constructivist|criticalPoliticalEconomy,pure,v21_ni_rev_05,normsIdentity,457,2,0.004376,0,0,3,0.006565,4,0.008753,0.335339,1.5,118,0,118,0.025424
calibratedSynthetic,targeted:constructivist|criticalPoliticalEconomy,pure,v21_pe_rev_02,politicalEconomy,459,0,0,0,0,0,0,0,0,0.166449,0.71,118,0,118,0
calibratedSynthetic,targeted:constructivist|criticalPoliticalEconomy,pure,v21_rs_rev_04,restraint,470,0,0,18,0.038298,0,0,18,0.038298,0.143234,0.51,118,0.033898,118,0.033898
calibratedSynthetic,targeted:constructivist|criticalPoliticalEconomy,pure,v21_sc_rev_02,securityCompetition,462,0,0,0,0,1,0.002165,1,0.002165,0.41658,1.22,118,0,118,0.008475
calibratedSynthetic,targeted:institutionalist|constructivist,pure,an_case_digital_stack,institutions|normsIdentity|politicalEconomy|restraint|securityCompetition,360,1,0.002778,28,0.077778,2,0.005556,30,0.083333,0.824083,1.91,0,0,0,0
calibratedSynthetic,targeted:institutionalist|constructivist,pure,an_case_intervention_memory,domesticFilters|institutions|normsIdentity|orderJustice|restraint,360,0,0,25,0.069444,2,0.005556,27,0.075,0.81875,2.48,0,0,0,0
calibratedSynthetic,targeted:institutionalist|constructivist,pure,an_tradeoff_tech_order,institutions|normsIdentity|orderJustice|politicalEconomy|restraint|securityCompetition,360,2,0.005556,17,0.047222,3,0.008333,22,0.061111,0.844528,2.05,0,0,0,0
calibratedSynthetic,targeted:institutionalist|constructivist,pure,case_semiconductors,institutions|normsIdentity|politicalEconomy|restraint|securityCompetition,360,3,0.008333,36,0.1,4,0.011111,42,0.116667,1.022333,2.19,0,0,0,0
calibratedSynthetic,targeted:institutionalist|constructivist,pure,df1,domesticFilters,477,0,0,0,0,2,0.004193,2,0.004193,0.369748,1.5,120,0,120,0.008333
calibratedSynthetic,targeted:institutionalist|constructivist,pure,in2,institutions,465,3,0.006452,0,0,7,0.015054,7,0.015054,0.227634,0.76,120,0,120,0.033333
calibratedSynthetic,targeted:institutionalist|constructivist,pure,ni2,normsIdentity,468,11,0.023504,0,0,9,0.019231,13,0.027778,0.237094,1.22,120,0.016667,120,0.058333
calibratedSynthetic,targeted:institutionalist|constructivist,pure,oj1,orderJustice,480,0,0,0,0,2,0.004167,2,0.004167,0.172792,0.5,120,0.008333,120,0
calibratedSynthetic,targeted:institutionalist|constructivist,pure,oj2,orderJustice,478,0,0,0,0,1,0.002092,1,0.002092,0.172866,0.68,120,0,120,0
calibratedSynthetic,targeted:institutionalist|constructivist,pure,pe2,politicalEconomy,466,0,0,0,0,0,0,0,0,0.257983,0.8,120,0,120,0
calibratedSynthetic,targeted:institutionalist|constructivist,pure,rs2,restraint,477,0,0,26,0.054507,2,0.004193,28,0.0587,0.129476,0.41,120,0.05,120,0.033333
calibratedSynthetic,targeted:institutionalist|constructivist,pure,sc2,securityCompetition,468,0,0,0,0,1,0.002137,1,0.002137,0.190791,0.6,120,0,120,0
calibratedSynthetic,targeted:institutionalist|constructivist,pure,tradeoff_intervention,domesticFilters|institutions|normsIdentity|orderJustice|restraint,360,3,0.008333,29,0.080556,5,0.013889,35,0.097222,0.940861,2.03,0,0,0,0
calibratedSynthetic,targeted:institutionalist|constructivist,pure,v21_df_rev_04,domesticFilters,477,2,0.004193,0,0,5,0.010482,5,0.010482,0.356625,1.5,120,0.016667,120,0.016667
calibratedSynthetic,targeted:institutionalist|constructivist,pure,v21_in_rev_03,institutions,460,2,0.004348,0,0,8,0.017391,8,0.017391,0.233543,1.03,120,0.008333,120,0.033333
calibratedSynthetic,targeted:institutionalist|constructivist,pure,v21_ni_rev_05,normsIdentity,469,9,0.01919,0,0,8,0.017058,12,0.025586,0.252004,1.23,120,0,120,0.066667
calibratedSynthetic,targeted:institutionalist|constructivist,pure,v21_pe_rev_02,politicalEconomy,464,0,0,0,0,0,0,0,0,0.263685,0.82,120,0,120,0
calibratedSynthetic,targeted:institutionalist|constructivist,pure,v21_rs_rev_04,restraint,478,0,0,27,0.056485,2,0.004184,29,0.060669,0.122301,0.38,120,0.033333,120,0.058333
calibratedSynthetic,targeted:institutionalist|constructivist,pure,v21_sc_rev_02,securityCompetition,468,0,0,0,0,1,0.002137,1,0.002137,0.183291,0.55,120,0,120,0
calibratedSynthetic,targeted:institutionalist|criticalPoliticalEconomy,blend,an_case_rising_power_voice,domesticFilters|institutions|normsIdentity|politicalEconomy|securityCompetition,3,0,0,0,0,3,1,3,1,1.013333,1.32,0,0,0,0
calibratedSynthetic,targeted:institutionalist|criticalPoliticalEconomy,blend,an_case_sanctions_alignment,domesticFilters|institutions|normsIdentity|orderJustice|politicalEconomy|restraint,3,0,0,0,0,1,0.333333,1,0.333333,0.51,0.7,0,0,0,0
calibratedSynthetic,targeted:institutionalist|criticalPoliticalEconomy,blend,an_tradeoff_ceasefire_settlement,domesticFilters|institutions|orderJustice|politicalEconomy|restraint,3,2,0.666667,0,0,1,0.333333,1,0.333333,0.616667,0.77,0,0,0,0
calibratedSynthetic,targeted:institutionalist|criticalPoliticalEconomy,blend,an_tradeoff_energy_alignment,domesticFilters|institutions|normsIdentity|orderJustice|politicalEconomy|restraint,3,0,0,0,0,1,0.333333,1,0.333333,0.52,0.7,0,0,0,0
calibratedSynthetic,targeted:institutionalist|criticalPoliticalEconomy,blend,an_tradeoff_tech_order,institutions|normsIdentity|orderJustice|politicalEconomy|restraint|securityCompetition,3,2,0.666667,0,0,2,0.666667,2,0.666667,0.783333,0.9,0,0,0,0
calibratedSynthetic,targeted:institutionalist|criticalPoliticalEconomy,blend,df1,domesticFilters,3,1,0.333333,0,0,1,0.333333,1,0.333333,0.353333,0.68,1,0,1,1
calibratedSynthetic,targeted:institutionalist|criticalPoliticalEconomy,blend,in2,institutions,4,2,0.5,0,0,2,0.5,2,0.5,0.165,0.29,1,0,1,1
calibratedSynthetic,targeted:institutionalist|criticalPoliticalEconomy,blend,ni2,normsIdentity,4,1,0.25,0,0,4,1,4,1,0.23,0.41,1,1,1,1
calibratedSynthetic,targeted:institutionalist|criticalPoliticalEconomy,blend,oj1,orderJustice,4,0,0,0,0,1,0.25,1,0.25,0.1425,0.26,1,0,1,0
calibratedSynthetic,targeted:institutionalist|criticalPoliticalEconomy,blend,oj2,orderJustice,4,0,0,0,0,3,0.75,3,0.75,0.2675,0.29,1,1,1,1
calibratedSynthetic,targeted:institutionalist|criticalPoliticalEconomy,blend,pe2,politicalEconomy,4,0,0,0,0,0,0,0,0,0.1525,0.23,1,0,1,0
calibratedSynthetic,targeted:institutionalist|criticalPoliticalEconomy,blend,rs2,restraint,4,0,0,0,0,1,0.25,1,0.25,0.115,0.14,1,0,1,0
calibratedSynthetic,targeted:institutionalist|criticalPoliticalEconomy,blend,sc2,securityCompetition,4,0,0,0,0,2,0.5,2,0.5,0.3475,0.5,1,1,1,1
calibratedSynthetic,targeted:institutionalist|criticalPoliticalEconomy,blend,v21_df_rev_04,domesticFilters,3,1,0.333333,0,0,1,0.333333,1,0.333333,0.353333,0.68,1,0,1,1
calibratedSynthetic,targeted:institutionalist|criticalPoliticalEconomy,blend,v21_in_rev_03,institutions,4,2,0.5,0,0,2,0.5,2,0.5,0.165,0.29,1,0,1,1
calibratedSynthetic,targeted:institutionalist|criticalPoliticalEconomy,blend,v21_ni_rev_05,normsIdentity,4,1,0.25,0,0,4,1,4,1,0.23,0.41,1,1,1,1
calibratedSynthetic,targeted:institutionalist|criticalPoliticalEconomy,blend,v21_pe_rev_02,politicalEconomy,4,0,0,0,0,0,0,0,0,0.1525,0.23,1,0,1,0
calibratedSynthetic,targeted:institutionalist|criticalPoliticalEconomy,blend,v21_rs_rev_04,restraint,4,0,0,0,0,1,0.25,1,0.25,0.115,0.14,1,0,1,0
calibratedSynthetic,targeted:institutionalist|criticalPoliticalEconomy,blend,v21_sc_rev_02,securityCompetition,4,0,0,0,0,0,0,0,0,0.2,0.25,1,0,1,0
calibratedSynthetic,targeted:institutionalist|criticalPoliticalEconomy,pure,an_case_rising_power_voice,domesticFilters|institutions|normsIdentity|politicalEconomy|securityCompetition,357,4,0.011204,0,0,8,0.022409,10,0.028011,0.977311,1.92,0,0,0,0
calibratedSynthetic,targeted:institutionalist|criticalPoliticalEconomy,pure,an_case_sanctions_alignment,domesticFilters|institutions|normsIdentity|orderJustice|politicalEconomy|restraint,357,0,0,16,0.044818,0,0,16,0.044818,0.852717,2.26,0,0,0,0
calibratedSynthetic,targeted:institutionalist|criticalPoliticalEconomy,pure,an_tradeoff_ceasefire_settlement,domesticFilters|institutions|orderJustice|politicalEconomy|restraint,357,0,0,6,0.016807,1,0.002801,7,0.019608,0.848796,2.11,0,0,0,0
calibratedSynthetic,targeted:institutionalist|criticalPoliticalEconomy,pure,an_tradeoff_energy_alignment,domesticFilters|institutions|normsIdentity|orderJustice|politicalEconomy|restraint,357,0,0,25,0.070028,0,0,25,0.070028,0.854062,2.07,0,0,0,0
calibratedSynthetic,targeted:institutionalist|criticalPoliticalEconomy,pure,an_tradeoff_tech_order,institutions|normsIdentity|orderJustice|politicalEconomy|restraint|securityCompetition,357,1,0.002801,10,0.028011,1,0.002801,11,0.030812,0.899776,2.11,0,0,0,0
calibratedSynthetic,targeted:institutionalist|criticalPoliticalEconomy,pure,df1,domesticFilters,466,0,0,0,0,0,0,0,0,0.268498,1,119,0,119,0
calibratedSynthetic,targeted:institutionalist|criticalPoliticalEconomy,pure,in2,institutions,459,0,0,0,0,1,0.002179,1,0.002179,0.207255,1.22,119,0,119,0.008403
calibratedSynthetic,targeted:institutionalist|criticalPoliticalEconomy,pure,ni2,normsIdentity,459,0,0,0,0,1,0.002179,1,0.002179,0.245534,1,119,0,119,0
calibratedSynthetic,targeted:institutionalist|criticalPoliticalEconomy,pure,oj1,orderJustice,476,0,0,0,0,0,0,0,0,0.196471,0.54,119,0,119,0
calibratedSynthetic,targeted:institutionalist|criticalPoliticalEconomy,pure,oj2,orderJustice,475,0,0,0,0,0,0,0,0,0.204379,0.94,119,0,119,0
calibratedSynthetic,targeted:institutionalist|criticalPoliticalEconomy,pure,pe2,politicalEconomy,461,0,0,0,0,0,0,0,0,0.206052,0.79,119,0,119,0
calibratedSynthetic,targeted:institutionalist|criticalPoliticalEconomy,pure,rs2,restraint,476,0,0,8,0.016807,0,0,8,0.016807,0.15,0.41,119,0.008403,119,0
calibratedSynthetic,targeted:institutionalist|criticalPoliticalEconomy,pure,sc2,securityCompetition,464,0,0,0,0,0,0,0,0,0.268405,0.87,119,0,119,0
calibratedSynthetic,targeted:institutionalist|criticalPoliticalEconomy,pure,v21_df_rev_04,domesticFilters,466,0,0,0,0,0,0,0,0,0.27073,1.23,119,0,119,0
calibratedSynthetic,targeted:institutionalist|criticalPoliticalEconomy,pure,v21_in_rev_03,institutions,465,0,0,0,0,1,0.002151,1,0.002151,0.20772,1.04,119,0,119,0.008403
calibratedSynthetic,targeted:institutionalist|criticalPoliticalEconomy,pure,v21_ni_rev_05,normsIdentity,461,0,0,0,0,1,0.002169,1,0.002169,0.23436,1,119,0,119,0
calibratedSynthetic,targeted:institutionalist|criticalPoliticalEconomy,pure,v21_pe_rev_02,politicalEconomy,460,0,0,0,0,0,0,0,0,0.212326,1,119,0,119,0
calibratedSynthetic,targeted:institutionalist|criticalPoliticalEconomy,pure,v21_rs_rev_04,restraint,471,0,0,13,0.027601,0,0,13,0.027601,0.154289,0.47,119,0.016807,119,0.033613
calibratedSynthetic,targeted:institutionalist|criticalPoliticalEconomy,pure,v21_sc_rev_02,securityCompetition,467,0,0,0,0,0,0,0,0,0.241221,0.75,119,0,119,0
calibratedSynthetic,targeted:realist|constructivist,blend,an_case_burdens,domesticFilters|institutions|normsIdentity|restraint|securityCompetition,3,0,0,0,0,0,0,0,0,0.906667,1.24,0,0,0,0
calibratedSynthetic,targeted:realist|constructivist,blend,an_case_middle_power,domesticFilters|institutions|normsIdentity|politicalEconomy|restraint|securityCompetition,3,0,0,0,0,3,1,3,1,0.836667,1.2,0,0,0,0
calibratedSynthetic,targeted:realist|constructivist,blend,an_tradeoff_legitimacy,domesticFilters|institutions|normsIdentity|politicalEconomy|securityCompetition,3,0,0,0,0,3,1,3,1,0.75,1.09,0,0,0,0
calibratedSynthetic,targeted:realist|constructivist,blend,an_tradeoff_parallel_order,domesticFilters|institutions|normsIdentity|orderJustice|politicalEconomy|securityCompetition,3,0,0,0,0,3,1,3,1,0.903333,1.21,0,0,0,0
calibratedSynthetic,targeted:realist|constructivist,blend,an_tradeoff_rival,domesticFilters|institutions|normsIdentity|securityCompetition,3,1,0.333333,0,0,2,0.666667,2,0.666667,0.616667,0.98,0,0,0,0
calibratedSynthetic,targeted:realist|constructivist,blend,df1,domesticFilters,4,0,0,0,0,1,0.25,1,0.25,0.12,0.17,1,0,1,0
calibratedSynthetic,targeted:realist|constructivist,blend,in2,institutions,4,0,0,0,0,2,0.5,2,0.5,0.0975,0.11,1,0,1,1
calibratedSynthetic,targeted:realist|constructivist,blend,ni2,normsIdentity,4,2,0.5,0,0,1,0.25,1,0.25,0.095,0.12,1,0,1,0
calibratedSynthetic,targeted:realist|constructivist,blend,oj1,orderJustice,4,0,0,0,0,1,0.25,1,0.25,0.5,0.5,1,0,1,0
calibratedSynthetic,targeted:realist|constructivist,blend,oj2,orderJustice,4,0,0,0,0,2,0.5,2,0.5,0.375,0.5,1,1,1,0
calibratedSynthetic,targeted:realist|constructivist,blend,pe2,politicalEconomy,4,0,0,0,0,0,0,0,0,0.19,0.33,1,0,1,0
calibratedSynthetic,targeted:realist|constructivist,blend,rs2,restraint,4,0,0,0,0,1,0.25,1,0.25,0.2975,0.41,1,0,1,0
calibratedSynthetic,targeted:realist|constructivist,blend,sc2,securityCompetition,4,0,0,0,0,0,0,0,0,0.2175,0.26,1,0,1,0
calibratedSynthetic,targeted:realist|constructivist,blend,v21_df_rev_04,domesticFilters,4,0,0,0,0,1,0.25,1,0.25,0.12,0.17,1,0,1,0
calibratedSynthetic,targeted:realist|constructivist,blend,v21_in_rev_03,institutions,4,0,0,0,0,2,0.5,2,0.5,0.0975,0.11,1,0,1,1
calibratedSynthetic,targeted:realist|constructivist,blend,v21_ni_rev_05,normsIdentity,4,3,0.75,0,0,2,0.5,2,0.5,0.15,0.24,1,0,1,1
calibratedSynthetic,targeted:realist|constructivist,blend,v21_pe_rev_02,politicalEconomy,4,0,0,0,0,0,0,0,0,0.19,0.33,1,0,1,0
calibratedSynthetic,targeted:realist|constructivist,blend,v21_rs_rev_04,restraint,4,0,0,0,0,3,0.75,3,0.75,0.3825,0.41,1,1,1,1
calibratedSynthetic,targeted:realist|constructivist,blend,v21_sc_rev_02,securityCompetition,4,0,0,0,0,0,0,0,0,0.2175,0.26,1,0,1,0
calibratedSynthetic,targeted:realist|constructivist,pure,an_case_burdens,domesticFilters|institutions|normsIdentity|restraint|securityCompetition,357,0,0,25,0.070028,2,0.005602,27,0.07563,0.857759,1.75,0,0,0,0
calibratedSynthetic,targeted:realist|constructivist,pure,an_case_middle_power,domesticFilters|institutions|normsIdentity|politicalEconomy|restraint|securityCompetition,357,0,0,21,0.058824,3,0.008403,23,0.064426,0.757479,1.87,0,0,0,0
calibratedSynthetic,targeted:realist|constructivist,pure,an_tradeoff_legitimacy,domesticFilters|institutions|normsIdentity|politicalEconomy|securityCompetition,357,3,0.008403,0,0,14,0.039216,14,0.039216,0.83,1.87,0,0,0,0
calibratedSynthetic,targeted:realist|constructivist,pure,an_tradeoff_parallel_order,domesticFilters|institutions|normsIdentity|orderJustice|politicalEconomy|securityCompetition,357,2,0.005602,0,0,7,0.019608,7,0.019608,0.934286,2.18,0,0,0,0
calibratedSynthetic,targeted:realist|constructivist,pure,an_tradeoff_rival,domesticFilters|institutions|normsIdentity|securityCompetition,357,2,0.005602,0,0,11,0.030812,12,0.033613,0.851008,2.08,0,0,0,0
calibratedSynthetic,targeted:realist|constructivist,pure,df1,domesticFilters,470,0,0,0,0,0,0,0,0,0.240511,1,119,0,119,0
calibratedSynthetic,targeted:realist|constructivist,pure,in2,institutions,458,0,0,0,0,1,0.002183,1,0.002183,0.137904,0.43,119,0,119,0.008403
calibratedSynthetic,targeted:realist|constructivist,pure,ni2,normsIdentity,465,0,0,0,0,2,0.004301,2,0.004301,0.164323,0.51,119,0.008403,119,0
calibratedSynthetic,targeted:realist|constructivist,pure,oj1,orderJustice,476,0,0,0,0,0,0,0,0,0.351828,1,119,0,119,0
calibratedSynthetic,targeted:realist|constructivist,pure,oj2,orderJustice,475,0,0,0,0,0,0,0,0,0.354968,1.5,119,0,119,0
calibratedSynthetic,targeted:realist|constructivist,pure,pe2,politicalEconomy,463,0,0,0,0,3,0.006479,3,0.006479,0.238186,0.65,119,0,119,0.02521
calibratedSynthetic,targeted:realist|constructivist,pure,rs2,restraint,475,0,0,18,0.037895,0,0,18,0.037895,0.237621,0.87,119,0.033613,119,0.033613
calibratedSynthetic,targeted:realist|constructivist,pure,sc2,securityCompetition,469,0,0,0,0,0,0,0,0,0.226439,0.82,119,0,119,0
calibratedSynthetic,targeted:realist|constructivist,pure,v21_df_rev_04,domesticFilters,472,0,0,0,0,0,0,0,0,0.235847,1.1,119,0,119,0
calibratedSynthetic,targeted:realist|constructivist,pure,v21_in_rev_03,institutions,455,0,0,0,0,0,0,0,0,0.140396,0.46,119,0,119,0
calibratedSynthetic,targeted:realist|constructivist,pure,v21_ni_rev_05,normsIdentity,463,0,0,0,0,2,0.00432,2,0.00432,0.170518,0.51,119,0.008403,119,0
calibratedSynthetic,targeted:realist|constructivist,pure,v21_pe_rev_02,politicalEconomy,470,0,0,0,0,1,0.002128,1,0.002128,0.239681,0.79,119,0,119,0.008403
calibratedSynthetic,targeted:realist|constructivist,pure,v21_rs_rev_04,restraint,472,0,0,18,0.038136,0,0,18,0.038136,0.248877,1,119,0.033613,119,0.033613
calibratedSynthetic,targeted:realist|constructivist,pure,v21_sc_rev_02,securityCompetition,469,0,0,0,0,0,0,0,0,0.226482,0.69,119,0,119,0
calibratedSynthetic,targeted:realist|criticalPoliticalEconomy,pure,an_case_middle_power,domesticFilters|institutions|normsIdentity|politicalEconomy|restraint|securityCompetition,360,1,0.002778,1,0.002778,5,0.013889,6,0.016667,0.738111,1.95,0,0,0,0
calibratedSynthetic,targeted:realist|criticalPoliticalEconomy,pure,an_tradeoff_energy_alignment,domesticFilters|institutions|normsIdentity|orderJustice|politicalEconomy|restraint,360,0,0,7,0.019444,0,0,7,0.019444,0.983417,2.87,0,0,0,0
calibratedSynthetic,targeted:realist|criticalPoliticalEconomy,pure,an_tradeoff_legitimacy,domesticFilters|institutions|normsIdentity|politicalEconomy|securityCompetition,360,7,0.019444,0,0,13,0.036111,15,0.041667,1.074611,2.36,0,0,0,0
calibratedSynthetic,targeted:realist|criticalPoliticalEconomy,pure,df1,domesticFilters,472,0,0,0,0,0,0,0,0,0.244004,1.5,120,0,120,0
calibratedSynthetic,targeted:realist|criticalPoliticalEconomy,pure,in2,institutions,463,0,0,0,0,1,0.00216,1,0.00216,0.193175,0.87,120,0,120,0.008333
calibratedSynthetic,targeted:realist|criticalPoliticalEconomy,pure,ni2,normsIdentity,466,0,0,0,0,3,0.006438,3,0.006438,0.249034,1,120,0,120,0.008333
calibratedSynthetic,targeted:realist|criticalPoliticalEconomy,pure,oj1,orderJustice,480,0,0,0,0,0,0,0,0,0.382646,1,120,0,120,0
calibratedSynthetic,targeted:realist|criticalPoliticalEconomy,pure,oj2,orderJustice,480,0,0,0,0,0,0,0,0,0.386417,1,120,0,120,0
calibratedSynthetic,targeted:realist|criticalPoliticalEconomy,pure,pe2,politicalEconomy,464,0,0,0,0,0,0,0,0,0.181875,0.68,120,0,120,0
calibratedSynthetic,targeted:realist|criticalPoliticalEconomy,pure,rs2,restraint,475,0,0,1,0.002105,0,0,1,0.002105,0.138568,0.51,120,0,120,0
calibratedSynthetic,targeted:realist|criticalPoliticalEconomy,pure,sc2,securityCompetition,473,0,0,0,0,0,0,0,0,0.278393,0.83,120,0,120,0
calibratedSynthetic,targeted:realist|criticalPoliticalEconomy,pure,tradeoff_interdependence,domesticFilters|institutions|politicalEconomy|restraint|securityCompetition,360,1,0.002778,0,0,6,0.016667,6,0.016667,0.907111,1.99,0,0,0,0
calibratedSynthetic,targeted:realist|criticalPoliticalEconomy,pure,tradeoff_strategy,domesticFilters|politicalEconomy|restraint|securityCompetition,360,0,0,22,0.061111,0,0,22,0.061111,0.813694,1.93,0,0,0,0
calibratedSynthetic,targeted:realist|criticalPoliticalEconomy,pure,v21_df_rev_04,domesticFilters,474,0,0,0,0,0,0,0,0,0.236941,1.23,120,0,120,0
calibratedSynthetic,targeted:realist|criticalPoliticalEconomy,pure,v21_in_rev_03,institutions,473,0,0,0,0,2,0.004228,2,0.004228,0.180846,0.6,120,0,120,0.016667
calibratedSynthetic,targeted:realist|criticalPoliticalEconomy,pure,v21_ni_rev_05,normsIdentity,469,1,0.002132,0,0,4,0.008529,4,0.008529,0.243646,1,120,0,120,0.016667
calibratedSynthetic,targeted:realist|criticalPoliticalEconomy,pure,v21_pe_rev_02,politicalEconomy,469,0,0,0,0,0,0,0,0,0.178124,0.67,120,0,120,0
calibratedSynthetic,targeted:realist|criticalPoliticalEconomy,pure,v21_rs_rev_04,restraint,479,0,0,5,0.010438,0,0,5,0.010438,0.141294,0.48,120,0.016667,120,0.016667
calibratedSynthetic,targeted:realist|criticalPoliticalEconomy,pure,v21_sc_rev_02,securityCompetition,470,0,0,0,0,0,0,0,0,0.282064,1,120,0,120,0
calibratedSynthetic,targeted:realist|institutionalist,pure,an_case_digital_stack,institutions|normsIdentity|politicalEconomy|restraint|securityCompetition,360,0,0,16,0.044444,1,0.002778,17,0.047222,0.826417,1.67,0,0,0,0
calibratedSynthetic,targeted:realist|institutionalist,pure,an_case_rising_power_voice,domesticFilters|institutions|normsIdentity|politicalEconomy|securityCompetition,360,5,0.013889,0,0,7,0.019444,7,0.019444,0.739889,1.93,0,0,0,0
calibratedSynthetic,targeted:realist|institutionalist,pure,an_tradeoff_evidence,domesticFilters|institutions|normsIdentity|restraint|securityCompetition,360,3,0.008333,5,0.013889,7,0.019444,12,0.033333,0.766833,2.68,0,0,0,0
calibratedSynthetic,targeted:realist|institutionalist,pure,an_tradeoff_parallel_order,domesticFilters|institutions|normsIdentity|orderJustice|politicalEconomy|securityCompetition,360,2,0.005556,0,0,9,0.025,10,0.027778,0.98025,2.4,0,0,0,0
calibratedSynthetic,targeted:realist|institutionalist,pure,an_tradeoff_rival,domesticFilters|institutions|normsIdentity|securityCompetition,360,5,0.013889,0,0,10,0.027778,11,0.030556,0.750056,2.43,0,0,0,0
calibratedSynthetic,targeted:realist|institutionalist,pure,df1,domesticFilters,469,0,0,0,0,1,0.002132,1,0.002132,0.305693,1.5,120,0,120,0.008333
calibratedSynthetic,targeted:realist|institutionalist,pure,in2,institutions,470,0,0,0,0,1,0.002128,1,0.002128,0.161404,0.61,120,0,120,0.008333
calibratedSynthetic,targeted:realist|institutionalist,pure,ni2,normsIdentity,469,0,0,0,0,1,0.002132,1,0.002132,0.153433,0.51,120,0,120,0
calibratedSynthetic,targeted:realist|institutionalist,pure,oj1,orderJustice,479,0,0,0,0,0,0,0,0,0.363215,1.23,120,0,120,0
calibratedSynthetic,targeted:realist|institutionalist,pure,oj2,orderJustice,479,0,0,0,0,0,0,0,0,0.358413,1.5,120,0,120,0
calibratedSynthetic,targeted:realist|institutionalist,pure,pe2,politicalEconomy,464,0,0,0,0,0,0,0,0,0.267823,1.5,120,0,120,0
calibratedSynthetic,targeted:realist|institutionalist,pure,rs2,restraint,476,0,0,26,0.054622,0,0,26,0.054622,0.242122,1,120,0.05,120,0.05
calibratedSynthetic,targeted:realist|institutionalist,pure,sc2,securityCompetition,468,0,0,0,0,0,0,0,0,0.164658,0.58,120,0,120,0
calibratedSynthetic,targeted:realist|institutionalist,pure,v21_df_rev_04,domesticFilters,473,0,0,0,0,0,0,0,0,0.283594,1.5,120,0,120,0
calibratedSynthetic,targeted:realist|institutionalist,pure,v21_in_rev_03,institutions,472,0,0,0,0,1,0.002119,1,0.002119,0.157564,0.56,120,0,120,0.008333
calibratedSynthetic,targeted:realist|institutionalist,pure,v21_ni_rev_05,normsIdentity,467,0,0,0,0,0,0,0,0,0.158094,0.51,120,0,120,0
calibratedSynthetic,targeted:realist|institutionalist,pure,v21_pe_rev_02,politicalEconomy,465,0,0,0,0,0,0,0,0,0.264215,1,120,0,120,0
calibratedSynthetic,targeted:realist|institutionalist,pure,v21_rs_rev_04,restraint,478,0,0,24,0.050209,0,0,24,0.050209,0.240335,1,120,0.041667,120,0.041667
calibratedSynthetic,targeted:realist|institutionalist,pure,v21_sc_rev_02,securityCompetition,473,0,0,0,0,0,0,0,0,0.156829,0.58,120,0,120,0
canonical,core,blend,df1,domesticFilters,4,1,0.25,0,0,1,0.25,1,0.25,0.5,1,1,0,1,0
canonical,core,blend,in2,institutions,4,1,0.25,0,0,1,0.25,1,0.25,0.5,1,1,0,1,0
canonical,core,blend,ni2,normsIdentity,4,1,0.25,0,0,2,0.5,2,0.5,0.375,0.5,1,0,1,1
canonical,core,blend,oj1,orderJustice,4,0,0,0,0,3,0.75,3,0.75,0.625,1,1,1,1,1
canonical,core,blend,oj2,orderJustice,4,0,0,0,0,2,0.5,2,0.5,0.5,0.5,1,0,1,1
canonical,core,blend,pe2,politicalEconomy,4,0,0,0,0,0,0,0,0,0.375,0.5,1,0,1,0
canonical,core,blend,rs2,restraint,4,0,0,0,0,2,0.5,2,0.5,0.5,0.5,1,0,1,1
canonical,core,blend,sc2,securityCompetition,4,0,0,0,0,2,0.5,2,0.5,0.375,0.5,1,0,1,1
canonical,core,blend,v21_df_rev_04,domesticFilters,4,1,0.25,0,0,1,0.25,1,0.25,0.5,1,1,0,1,0
canonical,core,blend,v21_in_rev_03,institutions,4,1,0.25,0,0,1,0.25,1,0.25,0.5,1,1,0,1,0
canonical,core,blend,v21_ni_rev_05,normsIdentity,4,1,0.25,0,0,2,0.5,2,0.5,0.375,0.5,1,0,1,1
canonical,core,blend,v21_pe_rev_02,politicalEconomy,4,0,0,0,0,0,0,0,0,0.375,0.5,1,0,1,0
canonical,core,blend,v21_rs_rev_04,restraint,4,0,0,0,0,3,0.75,3,0.75,0.625,1,1,1,1,1
canonical,core,blend,v21_sc_rev_02,securityCompetition,4,0,0,0,0,2,0.5,2,0.5,0.375,0.5,1,0,1,1
canonical,core,pure,df1,domesticFilters,60,0,0,0,0,0,0,0,0,0.4,1,15,0,15,0
canonical,core,pure,in2,institutions,60,1,0.016667,0,0,4,0.066667,4,0.066667,0.433333,1,15,0,15,0.2
canonical,core,pure,ni2,normsIdentity,60,0,0,0,0,3,0.05,3,0.05,0.441667,1,15,0,15,0.066667
canonical,core,pure,oj1,orderJustice,60,0,0,0,0,0,0,0,0,0.558333,1,15,0,15,0
canonical,core,pure,oj2,orderJustice,60,0,0,0,0,0,0,0,0,0.566667,1,15,0,15,0
canonical,core,pure,pe2,politicalEconomy,60,0,0,0,0,0,0,0,0,0.375,1,15,0,15,0
canonical,core,pure,rs2,restraint,60,0,0,0,0,0,0,0,0,0.566667,1,15,0,15,0
canonical,core,pure,sc2,securityCompetition,60,0,0,0,0,0,0,0,0,0.408333,1,15,0,15,0
canonical,core,pure,v21_df_rev_04,domesticFilters,60,0,0,0,0,0,0,0,0,0.4,1,15,0,15,0
canonical,core,pure,v21_in_rev_03,institutions,60,1,0.016667,0,0,4,0.066667,4,0.066667,0.466667,1,15,0,15,0.2
canonical,core,pure,v21_ni_rev_05,normsIdentity,60,0,0,0,0,3,0.05,3,0.05,0.408333,1,15,0,15,0.066667
canonical,core,pure,v21_pe_rev_02,politicalEconomy,60,0,0,0,0,0,0,0,0,0.375,1,15,0,15,0
canonical,core,pure,v21_rs_rev_04,restraint,60,0,0,0,0,0,0,0,0,0.558333,1,15,0,15,0
canonical,core,pure,v21_sc_rev_02,securityCompetition,60,0,0,0,0,0,0,0,0,0.408333,1,15,0,15,0
canonical,fullExtended,pure,an_case_burdens,domesticFilters|institutions|normsIdentity|restraint|securityCompetition,48,0,0,0,0,0,0,0,0,0.19125,0.37,0,0,0,0
canonical,fullExtended,pure,an_case_digital_stack,institutions|normsIdentity|politicalEconomy|restraint|securityCompetition,48,0,0,0,0,0,0,0,0,0.195625,0.35,0,0,0,0
canonical,fullExtended,pure,an_case_finance,domesticFilters|institutions|politicalEconomy|restraint,48,0,0,0,0,0,0,0,0,0.195417,0.31,0,0,0,0
canonical,fullExtended,pure,an_case_green_finance,domesticFilters|institutions|normsIdentity|orderJustice|politicalEconomy,48,0,0,0,0,0,0,0,0,0.225833,0.47,0,0,0,0
canonical,fullExtended,pure,an_case_intervention_memory,domesticFilters|institutions|normsIdentity|orderJustice|restraint,48,0,0,0,0,0,0,0,0,0.252292,0.42,0,0,0,0
canonical,fullExtended,pure,an_case_maritime_crisis,domesticFilters|institutions|restraint|securityCompetition,48,0,0,0,0,0,0,0,0,0.180208,0.33,0,0,0,0
canonical,fullExtended,pure,an_case_middle_power,domesticFilters|institutions|normsIdentity|politicalEconomy|restraint|securityCompetition,48,0,0,0,0,0,0,0,0,0.163333,0.3,0,0,0,0
canonical,fullExtended,pure,an_case_rising_power_voice,domesticFilters|institutions|normsIdentity|politicalEconomy|securityCompetition,48,0,0,0,0,0,0,0,0,0.212083,0.37,0,0,0,0
canonical,fullExtended,pure,an_case_sanctions_alignment,domesticFilters|institutions|normsIdentity|orderJustice|politicalEconomy|restraint,48,0,0,0,0,0,0,0,0,0.2275,0.47,0,0,0,0
canonical,fullExtended,pure,an_in3,institutions,32,0,0,0,0,0,0,0,0,0.039688,0.05,0,0,0,0
canonical,fullExtended,pure,an_in4,institutions,32,0,0,0,0,0,0,0,0,0.039688,0.05,0,0,0,0
canonical,fullExtended,pure,an_ni3,normsIdentity,32,0,0,0,0,0,0,0,0,0.059375,0.08,0,0,0,0
canonical,fullExtended,pure,an_oj3,orderJustice,32,0,0,0,0,0,0,0,0,0.0875,0.1,0,0,0,0
canonical,fullExtended,pure,an_pe3,politicalEconomy,32,0,0,0,0,0,0,0,0,0.061563,0.09,0,0,0,0
canonical,fullExtended,pure,an_pe4,politicalEconomy,32,0,0,0,0,0,0,0,0,0.061563,0.09,0,0,0,0
canonical,fullExtended,pure,an_sc3,securityCompetition,32,0,0,0,0,0,0,0,0,0.0525,0.06,0,0,0,0
canonical,fullExtended,pure,an_sc4,securityCompetition,32,0,0,0,0,0,0,0,0,0.0525,0.06,0,0,0,0
canonical,fullExtended,pure,an_tradeoff_ceasefire_settlement,domesticFilters|institutions|orderJustice|politicalEconomy|restraint,48,0,0,0,0,0,0,0,0,0.235625,0.42,0,0,0,0
canonical,fullExtended,pure,an_tradeoff_energy_alignment,domesticFilters|institutions|normsIdentity|orderJustice|politicalEconomy|restraint,48,0,0,0,0,0,0,0,0,0.229375,0.49,0,0,0,0
canonical,fullExtended,pure,an_tradeoff_evidence,domesticFilters|institutions|normsIdentity|restraint|securityCompetition,48,0,0,0,0,0,0,0,0,0.217708,0.4,0,0,0,0
canonical,fullExtended,pure,an_tradeoff_legitimacy,domesticFilters|institutions|normsIdentity|politicalEconomy|securityCompetition,48,0,0,0,0,0,0,0,0,0.232083,0.41,0,0,0,0
canonical,fullExtended,pure,an_tradeoff_parallel_order,domesticFilters|institutions|normsIdentity|orderJustice|politicalEconomy|securityCompetition,48,0,0,0,0,0,0,0,0,0.234792,0.48,0,0,0,0
canonical,fullExtended,pure,an_tradeoff_rival,domesticFilters|institutions|normsIdentity|securityCompetition,48,0,0,0,0,0,0,0,0,0.225,0.44,0,0,0,0
canonical,fullExtended,pure,an_tradeoff_tech_order,institutions|normsIdentity|orderJustice|politicalEconomy|restraint|securityCompetition,48,0,0,0,0,0,0,0,0,0.221042,0.47,0,0,0,0
canonical,fullExtended,pure,case_protection,domesticFilters|institutions|normsIdentity|orderJustice|restraint,48,0,0,0,0,0,0,0,0,0.288542,0.58,0,0,0,0
canonical,fullExtended,pure,case_semiconductors,institutions|normsIdentity|politicalEconomy|restraint|securityCompetition,48,0,0,0,0,0,0,0,0,0.26,0.48,0,0,0,0
canonical,fullExtended,pure,df1,domesticFilters,64,0,0,0,0,0,0,0,0,0.068281,0.16,16,0,16,0
canonical,fullExtended,pure,df2,domesticFilters,32,0,0,0,0,0,0,0,0,0.066875,0.1,0,0,0,0
canonical,fullExtended,pure,in1,institutions,32,0,0,0,0,0,0,0,0,0.039688,0.05,0,0,0,0
canonical,fullExtended,pure,in2,institutions,64,0,0,0,0,0,0,0,0,0.037031,0.08,16,0,16,0
canonical,fullExtended,pure,ni1,normsIdentity,32,0,0,0,0,0,0,0,0,0.059375,0.08,0,0,0,0
canonical,fullExtended,pure,ni2,normsIdentity,64,0,0,0,0,0,0,0,0,0.053281,0.12,16,0,16,0
canonical,fullExtended,pure,oj1,orderJustice,64,0,0,0,0,0,0,0,0,0.087187,0.19,16,0,16,0
canonical,fullExtended,pure,oj2,orderJustice,64,0,0,0,0,0,0,0,0,0.093125,0.19,16,0,16,0
canonical,fullExtended,pure,pe1,politicalEconomy,32,0,0,0,0,0,0,0,0,0.061563,0.09,0,0,0,0
canonical,fullExtended,pure,pe2,politicalEconomy,64,0,0,0,0,0,0,0,0,0.05375,0.11,16,0,16,0
canonical,fullExtended,pure,rs1,restraint,32,0,0,0,0,0,0,0,0,0.045,0.06,0,0,0,0
canonical,fullExtended,pure,rs2,restraint,64,0,0,0,0,0,0,0,0,0.049844,0.1,16,0,16,0
canonical,fullExtended,pure,sc1,securityCompetition,32,0,0,0,0,0,0,0,0,0.0525,0.06,0,0,0,0
canonical,fullExtended,pure,sc2,securityCompetition,64,0,0,0,0,0,0,0,0,0.049062,0.09,16,0,16,0
canonical,fullExtended,pure,tradeoff_alliances,domesticFilters|institutions|normsIdentity|restraint|securityCompetition,48,0,0,0,0,0,0,0,0,0.2075,0.44,0,0,0,0
canonical,fullExtended,pure,tradeoff_interdependence,domesticFilters|institutions|politicalEconomy|restraint|securityCompetition,48,0,0,0,0,0,0,0,0,0.215625,0.37,0,0,0,0
canonical,fullExtended,pure,tradeoff_intervention,domesticFilters|institutions|normsIdentity|orderJustice|restraint,48,0,0,0,0,0,0,0,0,0.270417,0.52,0,0,0,0
canonical,fullExtended,pure,tradeoff_strategy,domesticFilters|politicalEconomy|restraint|securityCompetition,48,0,0,0,0,0,0,0,0,0.1875,0.31,0,0,0,0
canonical,fullExtended,pure,v21_df_rev_01,domesticFilters,32,0,0,0,0,0,0,0,0,0.066875,0.1,0,0,0,0
canonical,fullExtended,pure,v21_df_rev_04,domesticFilters,64,0,0,0,0,0,0,0,0,0.068281,0.16,16,0,16,0
canonical,fullExtended,pure,v21_in_rev_03,institutions,64,0,0,0,0,0,0,0,0,0.041719,0.08,16,0,16,0
canonical,fullExtended,pure,v21_ni_rev_01,normsIdentity,32,0,0,0,0,0,0,0,0,0.059375,0.08,0,0,0,0
canonical,fullExtended,pure,v21_ni_rev_05,normsIdentity,64,0,0,0,0,0,0,0,0,0.053437,0.12,16,0,16,0
canonical,fullExtended,pure,v21_oj_rev_02,orderJustice,32,0,0,0,0,0,0,0,0,0.0875,0.1,0,0,0,0
canonical,fullExtended,pure,v21_pe_rev_02,politicalEconomy,64,0,0,0,0,0,0,0,0,0.05375,0.11,16,0,16,0
canonical,fullExtended,pure,v21_rs_rev_04,restraint,64,0,0,0,0,0,0,0,0,0.05375,0.12,16,0,16,0
canonical,fullExtended,pure,v21_rs_rev_05,restraint,32,0,0,0,0,0,0,0,0,0.045,0.06,0,0,0,0
canonical,fullExtended,pure,v21_sc_rev_01,securityCompetition,32,0,0,0,0,0,0,0,0,0.0525,0.06,0,0,0,0
canonical,fullExtended,pure,v21_sc_rev_02,securityCompetition,64,0,0,0,0,0,0,0,0,0.049062,0.09,16,0,16,0
canonical,fullExtended,pure,v21_sc_rev_05,securityCompetition,32,0,0,0,0,0,0,0,0,0.0525,0.06,0,0,0,0
canonical,fullExtended,pure,val_ci_1,validation:cooperativeInternationalism,32,0,0,0,0,0,0,0,0,0,0,0,0,0,0
canonical,fullExtended,pure,val_ci_2,validation:cooperativeInternationalism,32,0,0,0,0,0,0,0,0,0,0,0,0,0,0
canonical,fullExtended,pure,val_ci_3,validation:cooperativeInternationalism,32,0,0,0,0,0,0,0,0,0,0,0,0,0,0
canonical,fullExtended,pure,val_ci_4,validation:cooperativeInternationalism,32,0,0,0,0,0,0,0,0,0,0,0,0,0,0
canonical,fullExtended,pure,val_iso_1,validation:isolationism,32,0,0,0,0,0,0,0,0,0,0,0,0,0,0
canonical,fullExtended,pure,val_iso_2,validation:isolationism,32,0,0,0,0,0,0,0,0,0,0,0,0,0,0
canonical,fullExtended,pure,val_iso_3,validation:isolationism,32,0,0,0,0,0,0,0,0,0,0,0,0,0,0
canonical,fullExtended,pure,val_iso_4,validation:isolationism,32,0,0,0,0,0,0,0,0,0,0,0,0,0,0
canonical,fullExtended,pure,val_mi_1,validation:militantInternationalism,32,0,0,0,0,0,0,0,0,0,0,0,0,0,0
canonical,fullExtended,pure,val_mi_2,validation:militantInternationalism,32,0,0,0,0,0,0,0,0,0,0,0,0,0,0
canonical,fullExtended,pure,val_mi_3,validation:militantInternationalism,32,0,0,0,0,0,0,0,0,0,0,0,0,0,0
canonical,fullExtended,pure,val_mi_4,validation:militantInternationalism,32,0,0,0,0,0,0,0,0,0,0,0,0,0,0
canonical,targeted:constructivist|criticalPoliticalEconomy,pure,an_case_green_finance,domesticFilters|institutions|normsIdentity|orderJustice|politicalEconomy,48,0,0,0,0,0,0,0,0,0.683542,1.19,0,0,0,0
canonical,targeted:constructivist|criticalPoliticalEconomy,pure,an_case_middle_power,domesticFilters|institutions|normsIdentity|politicalEconomy|restraint|securityCompetition,48,0,0,2,0.041667,1,0.020833,3,0.0625,0.683958,1.53,0,0,0,0
canonical,targeted:constructivist|criticalPoliticalEconomy,pure,an_case_sanctions_alignment,domesticFilters|institutions|normsIdentity|orderJustice|politicalEconomy|restraint,48,0,0,0,0,1,0.020833,1,0.020833,0.681042,1.38,0,0,0,0
canonical,targeted:constructivist|criticalPoliticalEconomy,pure,an_tradeoff_ceasefire_settlement,domesticFilters|institutions|orderJustice|politicalEconomy|restraint,48,0,0,0,0,0,0,0,0,0.707917,1.31,0,0,0,0
canonical,targeted:constructivist|criticalPoliticalEconomy,pure,an_tradeoff_energy_alignment,domesticFilters|institutions|normsIdentity|orderJustice|politicalEconomy|restraint,48,0,0,0,0,0,0,0,0,0.688542,1.44,0,0,0,0
canonical,targeted:constructivist|criticalPoliticalEconomy,pure,df1,domesticFilters,64,1,0.015625,0,0,2,0.03125,2,0.03125,0.19,0.47,16,0,16,0.0625
canonical,targeted:constructivist|criticalPoliticalEconomy,pure,in2,institutions,64,1,0.015625,0,0,2,0.03125,2,0.03125,0.164219,0.38,16,0,16,0.0625
canonical,targeted:constructivist|criticalPoliticalEconomy,pure,ni2,normsIdentity,64,1,0.015625,0,0,2,0.03125,2,0.03125,0.283281,0.51,16,0,16,0.0625
canonical,targeted:constructivist|criticalPoliticalEconomy,pure,oj1,orderJustice,64,0,0,0,0,0,0,0,0,0.231406,0.51,16,0,16,0
canonical,targeted:constructivist|criticalPoliticalEconomy,pure,oj2,orderJustice,64,0,0,0,0,0,0,0,0,0.2675,0.58,16,0,16,0
canonical,targeted:constructivist|criticalPoliticalEconomy,pure,pe2,politicalEconomy,64,0,0,0,0,0,0,0,0,0.146875,0.39,16,0,16,0
canonical,targeted:constructivist|criticalPoliticalEconomy,pure,rs2,restraint,64,0,0,4,0.0625,0,0,4,0.0625,0.166406,0.29,16,0.125,16,0.0625
canonical,targeted:constructivist|criticalPoliticalEconomy,pure,sc2,securityCompetition,64,0,0,0,0,0,0,0,0,0.369375,0.67,16,0,16,0
canonical,targeted:constructivist|criticalPoliticalEconomy,pure,v21_df_rev_04,domesticFilters,64,1,0.015625,0,0,2,0.03125,2,0.03125,0.19,0.47,16,0,16,0.0625
canonical,targeted:constructivist|criticalPoliticalEconomy,pure,v21_in_rev_03,institutions,64,1,0.015625,0,0,2,0.03125,2,0.03125,0.1825,0.38,16,0,16,0.0625
canonical,targeted:constructivist|criticalPoliticalEconomy,pure,v21_ni_rev_05,normsIdentity,64,1,0.015625,0,0,2,0.03125,2,0.03125,0.260469,0.51,16,0,16,0.0625
canonical,targeted:constructivist|criticalPoliticalEconomy,pure,v21_pe_rev_02,politicalEconomy,64,0,0,0,0,0,0,0,0,0.146875,0.39,16,0,16,0
canonical,targeted:constructivist|criticalPoliticalEconomy,pure,v21_rs_rev_04,restraint,64,0,0,8,0.125,0,0,8,0.125,0.185156,0.49,16,0.25,16,0.1875
canonical,targeted:constructivist|criticalPoliticalEconomy,pure,v21_sc_rev_02,securityCompetition,64,0,0,0,0,0,0,0,0,0.369375,0.67,16,0,16,0
canonical,targeted:institutionalist|constructivist,pure,an_case_digital_stack,institutions|normsIdentity|politicalEconomy|restraint|securityCompetition,48,0,0,3,0.0625,0,0,3,0.0625,0.720417,1.25,0,0,0,0
canonical,targeted:institutionalist|constructivist,pure,an_case_intervention_memory,domesticFilters|institutions|normsIdentity|orderJustice|restraint,48,0,0,2,0.041667,0,0,2,0.041667,0.768125,1.58,0,0,0,0
canonical,targeted:institutionalist|constructivist,pure,an_tradeoff_tech_order,institutions|normsIdentity|orderJustice|politicalEconomy|restraint|securityCompetition,48,0,0,1,0.020833,0,0,1,0.020833,0.757917,1.34,0,0,0,0
canonical,targeted:institutionalist|constructivist,pure,case_semiconductors,institutions|normsIdentity|politicalEconomy|restraint|securityCompetition,48,0,0,2,0.041667,0,0,2,0.041667,0.91375,1.65,0,0,0,0
canonical,targeted:institutionalist|constructivist,pure,df1,domesticFilters,64,0,0,0,0,0,0,0,0,0.351562,1,16,0,16,0
canonical,targeted:institutionalist|constructivist,pure,in2,institutions,64,0,0,0,0,2,0.03125,2,0.03125,0.173906,0.37,16,0.0625,16,0
canonical,targeted:institutionalist|constructivist,pure,ni2,normsIdentity,64,2,0.03125,0,0,2,0.03125,3,0.046875,0.2125,0.69,16,0,16,0.125
canonical,targeted:institutionalist|constructivist,pure,oj1,orderJustice,64,0,0,0,0,0,0,0,0,0.1925,0.41,16,0,16,0
canonical,targeted:institutionalist|constructivist,pure,oj2,orderJustice,64,0,0,0,0,0,0,0,0,0.197031,0.38,16,0,16,0
canonical,targeted:institutionalist|constructivist,pure,pe2,politicalEconomy,64,0,0,0,0,0,0,0,0,0.212031,0.46,16,0,16,0
canonical,targeted:institutionalist|constructivist,pure,rs2,restraint,64,0,0,6,0.09375,0,0,6,0.09375,0.149844,0.29,16,0.125,16,0.125
canonical,targeted:institutionalist|constructivist,pure,sc2,securityCompetition,64,0,0,0,0,0,0,0,0,0.179062,0.34,16,0,16,0
canonical,targeted:institutionalist|constructivist,pure,tradeoff_intervention,domesticFilters|institutions|normsIdentity|orderJustice|restraint,48,0,0,4,0.083333,1,0.020833,5,0.104167,0.862917,1.57,0,0,0,0
canonical,targeted:institutionalist|constructivist,pure,v21_df_rev_04,domesticFilters,64,0,0,0,0,0,0,0,0,0.351562,1,16,0,16,0
canonical,targeted:institutionalist|constructivist,pure,v21_in_rev_03,institutions,64,0,0,0,0,2,0.03125,2,0.03125,0.20375,0.52,16,0.0625,16,0
canonical,targeted:institutionalist|constructivist,pure,v21_ni_rev_05,normsIdentity,64,2,0.03125,0,0,2,0.03125,3,0.046875,0.211719,0.69,16,0,16,0.125
canonical,targeted:institutionalist|constructivist,pure,v21_pe_rev_02,politicalEconomy,64,0,0,0,0,0,0,0,0,0.212031,0.46,16,0,16,0
canonical,targeted:institutionalist|constructivist,pure,v21_rs_rev_04,restraint,64,0,0,4,0.0625,0,0,4,0.0625,0.166563,0.44,16,0.0625,16,0.0625
canonical,targeted:institutionalist|constructivist,pure,v21_sc_rev_02,securityCompetition,64,0,0,0,0,0,0,0,0,0.179062,0.34,16,0,16,0
canonical,targeted:institutionalist|criticalPoliticalEconomy,pure,an_case_rising_power_voice,domesticFilters|institutions|normsIdentity|politicalEconomy|securityCompetition,48,1,0.020833,0,0,1,0.020833,2,0.041667,0.855208,1.64,0,0,0,0
canonical,targeted:institutionalist|criticalPoliticalEconomy,pure,an_case_sanctions_alignment,domesticFilters|institutions|normsIdentity|orderJustice|politicalEconomy|restraint,48,0,0,0,0,0,0,0,0,0.736667,1.51,0,0,0,0
canonical,targeted:institutionalist|criticalPoliticalEconomy,pure,an_tradeoff_ceasefire_settlement,domesticFilters|institutions|orderJustice|politicalEconomy|restraint,48,0,0,0,0,0,0,0,0,0.764792,1.65,0,0,0,0
canonical,targeted:institutionalist|criticalPoliticalEconomy,pure,an_tradeoff_energy_alignment,domesticFilters|institutions|normsIdentity|orderJustice|politicalEconomy|restraint,48,0,0,0,0,0,0,0,0,0.755208,1.55,0,0,0,0
canonical,targeted:institutionalist|criticalPoliticalEconomy,pure,an_tradeoff_tech_order,institutions|normsIdentity|orderJustice|politicalEconomy|restraint|securityCompetition,48,0,0,1,0.020833,0,0,1,0.020833,0.797708,1.42,0,0,0,0
canonical,targeted:institutionalist|criticalPoliticalEconomy,pure,df1,domesticFilters,64,0,0,0,0,0,0,0,0,0.239219,0.46,16,0,16,0
canonical,targeted:institutionalist|criticalPoliticalEconomy,pure,in2,institutions,64,0,0,0,0,0,0,0,0,0.162813,0.46,16,0,16,0
canonical,targeted:institutionalist|criticalPoliticalEconomy,pure,ni2,normsIdentity,64,0,0,0,0,0,0,0,0,0.195781,0.52,16,0,16,0
canonical,targeted:institutionalist|criticalPoliticalEconomy,pure,oj1,orderJustice,64,0,0,0,0,0,0,0,0,0.226719,0.58,16,0,16,0
canonical,targeted:institutionalist|criticalPoliticalEconomy,pure,oj2,orderJustice,64,0,0,0,0,0,0,0,0,0.255,0.52,16,0,16,0
canonical,targeted:institutionalist|criticalPoliticalEconomy,pure,pe2,politicalEconomy,64,0,0,0,0,0,0,0,0,0.185469,0.42,16,0,16,0
canonical,targeted:institutionalist|criticalPoliticalEconomy,pure,rs2,restraint,64,0,0,3,0.046875,0,0,3,0.046875,0.178437,0.37,16,0.1875,16,0
canonical,targeted:institutionalist|criticalPoliticalEconomy,pure,sc2,securityCompetition,64,0,0,0,0,0,0,0,0,0.245313,0.45,16,0,16,0
canonical,targeted:institutionalist|criticalPoliticalEconomy,pure,v21_df_rev_04,domesticFilters,64,0,0,0,0,0,0,0,0,0.239219,0.46,16,0,16,0
canonical,targeted:institutionalist|criticalPoliticalEconomy,pure,v21_in_rev_03,institutions,64,0,0,0,0,0,0,0,0,0.183281,0.46,16,0,16,0
canonical,targeted:institutionalist|criticalPoliticalEconomy,pure,v21_ni_rev_05,normsIdentity,64,0,0,0,0,0,0,0,0,0.192969,0.52,16,0,16,0
canonical,targeted:institutionalist|criticalPoliticalEconomy,pure,v21_pe_rev_02,politicalEconomy,64,0,0,0,0,0,0,0,0,0.185469,0.42,16,0,16,0
canonical,targeted:institutionalist|criticalPoliticalEconomy,pure,v21_rs_rev_04,restraint,64,0,0,7,0.109375,0,0,7,0.109375,0.200625,0.54,16,0.25,16,0.1875
canonical,targeted:institutionalist|criticalPoliticalEconomy,pure,v21_sc_rev_02,securityCompetition,64,0,0,0,0,0,0,0,0,0.245313,0.45,16,0,16,0
canonical,targeted:realist|constructivist,pure,an_case_burdens,domesticFilters|institutions|normsIdentity|restraint|securityCompetition,48,0,0,0,0,0,0,0,0,0.830417,1.55,0,0,0,0
canonical,targeted:realist|constructivist,pure,an_case_middle_power,domesticFilters|institutions|normsIdentity|politicalEconomy|restraint|securityCompetition,48,0,0,0,0,0,0,0,0,0.757083,1.57,0,0,0,0
canonical,targeted:realist|constructivist,pure,an_tradeoff_legitimacy,domesticFilters|institutions|normsIdentity|politicalEconomy|securityCompetition,48,0,0,0,0,2,0.041667,2,0.041667,0.74875,1.25,0,0,0,0
canonical,targeted:realist|constructivist,pure,an_tradeoff_parallel_order,domesticFilters|institutions|normsIdentity|orderJustice|politicalEconomy|securityCompetition,48,0,0,0,0,2,0.041667,2,0.041667,0.8575,1.44,0,0,0,0
canonical,targeted:realist|constructivist,pure,an_tradeoff_rival,domesticFilters|institutions|normsIdentity|securityCompetition,48,1,0.020833,0,0,3,0.0625,3,0.0625,0.729167,1.35,0,0,0,0
canonical,targeted:realist|constructivist,pure,df1,domesticFilters,64,0,0,0,0,0,0,0,0,0.216562,0.47,16,0,16,0
canonical,targeted:realist|constructivist,pure,in2,institutions,64,0,0,0,0,1,0.015625,1,0.015625,0.108125,0.23,16,0,16,0.0625
canonical,targeted:realist|constructivist,pure,ni2,normsIdentity,64,0,0,0,0,1,0.015625,1,0.015625,0.130938,0.26,16,0,16,0
canonical,targeted:realist|constructivist,pure,oj1,orderJustice,64,0,0,0,0,0,0,0,0,0.509375,1,16,0,16,0
canonical,targeted:realist|constructivist,pure,oj2,orderJustice,64,0,0,0,0,0,0,0,0,0.498125,1,16,0,16,0
canonical,targeted:realist|constructivist,pure,pe2,politicalEconomy,64,0,0,0,0,0,0,0,0,0.22375,0.45,16,0,16,0
canonical,targeted:realist|constructivist,pure,rs2,restraint,64,0,0,0,0,0,0,0,0,0.274062,0.58,16,0,16,0
canonical,targeted:realist|constructivist,pure,sc2,securityCompetition,64,0,0,0,0,0,0,0,0,0.217812,0.33,16,0,16,0
canonical,targeted:realist|constructivist,pure,v21_df_rev_04,domesticFilters,64,0,0,0,0,0,0,0,0,0.216562,0.47,16,0,16,0
canonical,targeted:realist|constructivist,pure,v21_in_rev_03,institutions,64,0,0,0,0,1,0.015625,1,0.015625,0.125,0.26,16,0,16,0.0625
canonical,targeted:realist|constructivist,pure,v21_ni_rev_05,normsIdentity,64,0,0,0,0,1,0.015625,1,0.015625,0.1325,0.26,16,0,16,0
canonical,targeted:realist|constructivist,pure,v21_pe_rev_02,politicalEconomy,64,0,0,0,0,0,0,0,0,0.22375,0.45,16,0,16,0
canonical,targeted:realist|constructivist,pure,v21_rs_rev_04,restraint,64,0,0,0,0,0,0,0,0,0.315625,0.69,16,0,16,0
canonical,targeted:realist|constructivist,pure,v21_sc_rev_02,securityCompetition,64,0,0,0,0,0,0,0,0,0.217812,0.33,16,0,16,0
canonical,targeted:realist|criticalPoliticalEconomy,pure,an_case_middle_power,domesticFilters|institutions|normsIdentity|politicalEconomy|restraint|securityCompetition,48,0,0,2,0.041667,0,0,2,0.041667,0.635,1.39,0,0,0,0
canonical,targeted:realist|criticalPoliticalEconomy,pure,an_tradeoff_energy_alignment,domesticFilters|institutions|normsIdentity|orderJustice|politicalEconomy|restraint,48,0,0,0,0,0,0,0,0,0.880833,2.1,0,0,0,0
canonical,targeted:realist|criticalPoliticalEconomy,pure,an_tradeoff_legitimacy,domesticFilters|institutions|normsIdentity|politicalEconomy|securityCompetition,48,1,0.020833,0,0,3,0.0625,3,0.0625,0.937083,1.89,0,0,0,0
canonical,targeted:realist|criticalPoliticalEconomy,pure,df1,domesticFilters,64,0,0,0,0,0,0,0,0,0.220781,0.47,16,0,16,0
canonical,targeted:realist|criticalPoliticalEconomy,pure,in2,institutions,64,0,0,0,0,0,0,0,0,0.146406,0.41,16,0,16,0
canonical,targeted:realist|criticalPoliticalEconomy,pure,ni2,normsIdentity,64,0,0,0,0,1,0.015625,1,0.015625,0.208906,0.41,16,0,16,0.0625
canonical,targeted:realist|criticalPoliticalEconomy,pure,oj1,orderJustice,64,0,0,0,0,0,0,0,0,0.49875,1,16,0,16,0
canonical,targeted:realist|criticalPoliticalEconomy,pure,oj2,orderJustice,64,0,0,0,0,0,0,0,0,0.52125,1,16,0,16,0
canonical,targeted:realist|criticalPoliticalEconomy,pure,pe2,politicalEconomy,64,0,0,0,0,0,0,0,0,0.157656,0.4,16,0,16,0
canonical,targeted:realist|criticalPoliticalEconomy,pure,rs2,restraint,64,0,0,3,0.046875,0,0,3,0.046875,0.162813,0.32,16,0.0625,16,0.0625
canonical,targeted:realist|criticalPoliticalEconomy,pure,sc2,securityCompetition,64,0,0,0,0,0,0,0,0,0.263437,0.41,16,0,16,0
canonical,targeted:realist|criticalPoliticalEconomy,pure,tradeoff_interdependence,domesticFilters|institutions|politicalEconomy|restraint|securityCompetition,48,0,0,0,0,1,0.020833,1,0.020833,0.84125,1.56,0,0,0,0
canonical,targeted:realist|criticalPoliticalEconomy,pure,tradeoff_strategy,domesticFilters|politicalEconomy|restraint|securityCompetition,48,0,0,3,0.0625,0,0,3,0.0625,0.72125,1.34,0,0,0,0
canonical,targeted:realist|criticalPoliticalEconomy,pure,v21_df_rev_04,domesticFilters,64,0,0,0,0,0,0,0,0,0.220781,0.47,16,0,16,0
canonical,targeted:realist|criticalPoliticalEconomy,pure,v21_in_rev_03,institutions,64,0,0,0,0,0,0,0,0,0.165156,0.41,16,0,16,0
canonical,targeted:realist|criticalPoliticalEconomy,pure,v21_ni_rev_05,normsIdentity,64,0,0,0,0,1,0.015625,1,0.015625,0.205469,0.41,16,0,16,0.0625
canonical,targeted:realist|criticalPoliticalEconomy,pure,v21_pe_rev_02,politicalEconomy,64,0,0,0,0,0,0,0,0,0.157656,0.4,16,0,16,0
canonical,targeted:realist|criticalPoliticalEconomy,pure,v21_rs_rev_04,restraint,64,0,0,7,0.109375,0,0,7,0.109375,0.1775,0.37,16,0.1875,16,0.1875
canonical,targeted:realist|criticalPoliticalEconomy,pure,v21_sc_rev_02,securityCompetition,64,0,0,0,0,0,0,0,0,0.263437,0.41,16,0,16,0
canonical,targeted:realist|institutionalist,pure,an_case_digital_stack,institutions|normsIdentity|politicalEconomy|restraint|securityCompetition,48,0,0,0,0,1,0.020833,1,0.020833,0.8225,1.52,0,0,0,0
canonical,targeted:realist|institutionalist,pure,an_case_rising_power_voice,domesticFilters|institutions|normsIdentity|politicalEconomy|securityCompetition,48,0,0,0,0,1,0.020833,1,0.020833,0.645,1.1,0,0,0,0
canonical,targeted:realist|institutionalist,pure,an_tradeoff_evidence,domesticFilters|institutions|normsIdentity|restraint|securityCompetition,48,0,0,0,0,0,0,0,0,0.7075,1.2,0,0,0,0
canonical,targeted:realist|institutionalist,pure,an_tradeoff_parallel_order,domesticFilters|institutions|normsIdentity|orderJustice|politicalEconomy|securityCompetition,48,0,0,0,0,0,0,0,0,0.86875,1.91,0,0,0,0
canonical,targeted:realist|institutionalist,pure,an_tradeoff_rival,domesticFilters|institutions|normsIdentity|securityCompetition,48,0,0,0,0,1,0.020833,1,0.020833,0.639583,1.21,0,0,0,0
canonical,targeted:realist|institutionalist,pure,df1,domesticFilters,64,0,0,0,0,0,0,0,0,0.2575,0.55,16,0,16,0
canonical,targeted:realist|institutionalist,pure,in2,institutions,64,0,0,0,0,0,0,0,0,0.124062,0.24,16,0,16,0
canonical,targeted:realist|institutionalist,pure,ni2,normsIdentity,64,0,0,0,0,0,0,0,0,0.125625,0.27,16,0,16,0
canonical,targeted:realist|institutionalist,pure,oj1,orderJustice,64,0,0,0,0,0,0,0,0,0.509375,1,16,0,16,0
canonical,targeted:realist|institutionalist,pure,oj2,orderJustice,64,0,0,0,0,0,0,0,0,0.498125,1,16,0,16,0
canonical,targeted:realist|institutionalist,pure,pe2,politicalEconomy,64,0,0,0,0,0,0,0,0,0.231875,0.51,16,0,16,0
canonical,targeted:realist|institutionalist,pure,rs2,restraint,64,0,0,6,0.09375,0,0,6,0.09375,0.291562,0.58,16,0.125,16,0.125
canonical,targeted:realist|institutionalist,pure,sc2,securityCompetition,64,0,0,0,0,0,0,0,0,0.143125,0.25,16,0,16,0
canonical,targeted:realist|institutionalist,pure,v21_df_rev_04,domesticFilters,64,0,0,0,0,0,0,0,0,0.2575,0.55,16,0,16,0
canonical,targeted:realist|institutionalist,pure,v21_in_rev_03,institutions,64,0,0,0,0,0,0,0,0,0.147813,0.35,16,0,16,0
canonical,targeted:realist|institutionalist,pure,v21_ni_rev_05,normsIdentity,64,0,0,0,0,0,0,0,0,0.126875,0.27,16,0,16,0
canonical,targeted:realist|institutionalist,pure,v21_pe_rev_02,politicalEconomy,64,0,0,0,0,0,0,0,0,0.231875,0.51,16,0,16,0
canonical,targeted:realist|institutionalist,pure,v21_rs_rev_04,restraint,64,0,0,10,0.15625,0,0,10,0.15625,0.325625,0.7,16,0.25,16,0.25
canonical,targeted:realist|institutionalist,pure,v21_sc_rev_02,securityCompetition,64,0,0,0,0,0,0,0,0,0.143125,0.25,16,0,16,0
responseStyleStress,core,blend,df1,domesticFilters,88,56,0.636364,0,0,9,0.102273,57,0.647727,0.789773,3,24,0.541667,24,0.666667
responseStyleStress,core,blend,in2,institutions,87,56,0.643678,0,0,25,0.287356,65,0.747126,0.770115,3,24,0.5,24,0.75
responseStyleStress,core,blend,ni2,normsIdentity,86,39,0.453488,0,0,29,0.337209,35,0.406977,0.802326,3,24,0.25,24,0.375
responseStyleStress,core,blend,oj1,orderJustice,87,32,0.367816,0,0,4,0.045977,48,0.551724,0.775862,3,24,0.333333,24,0.666667
responseStyleStress,core,blend,oj2,orderJustice,87,28,0.321839,0,0,4,0.045977,48,0.551724,0.793103,3,24,0.333333,24,0.666667
responseStyleStress,core,blend,pe2,politicalEconomy,87,55,0.632184,0,0,15,0.172414,55,0.632184,0.764368,3,24,0.416667,24,0.708333
responseStyleStress,core,blend,rs2,restraint,85,30,0.352941,14,0.164706,12,0.141176,54,0.635294,0.852941,3,24,0.375,24,0.708333
responseStyleStress,core,blend,sc2,securityCompetition,88,46,0.522727,0,0,28,0.318182,65,0.738636,0.801136,3,24,0.583333,24,0.875
responseStyleStress,core,blend,v21_df_rev_04,domesticFilters,86,50,0.581395,0,0,6,0.069767,55,0.639535,0.831395,3,24,0.416667,24,0.708333
responseStyleStress,core,blend,v21_in_rev_03,institutions,86,53,0.616279,0,0,26,0.302326,66,0.767442,0.802326,3,24,0.5,24,0.833333
responseStyleStress,core,blend,v21_ni_rev_05,normsIdentity,87,32,0.367816,0,0,29,0.333333,33,0.37931,0.787356,3,24,0.208333,24,0.333333
responseStyleStress,core,blend,v21_pe_rev_02,politicalEconomy,87,52,0.597701,0,0,16,0.183908,56,0.643678,0.764368,3,24,0.416667,24,0.75
responseStyleStress,core,blend,v21_rs_rev_04,restraint,85,34,0.4,19,0.223529,16,0.188235,61,0.717647,0.835294,3,24,0.583333,24,0.75
responseStyleStress,core,blend,v21_sc_rev_02,securityCompetition,87,35,0.402299,0,0,28,0.321839,56,0.643678,0.787356,3,24,0.416667,24,0.708333
responseStyleStress,fullExtended,blend,an_case_burdens,domesticFilters|institutions|normsIdentity|restraint|securityCompetition,18,7,0.388889,0,0,5,0.277778,9,0.5,0.195556,0.33,0,0,0,0
responseStyleStress,fullExtended,blend,an_case_digital_stack,institutions|normsIdentity|politicalEconomy|restraint|securityCompetition,18,8,0.444444,0,0,12,0.666667,12,0.666667,0.241111,0.33,0,0,0,0
responseStyleStress,fullExtended,blend,an_case_finance,domesticFilters|institutions|politicalEconomy|restraint,18,14,0.777778,0,0,6,0.333333,6,0.333333,0.216667,0.3,0,0,0,0
responseStyleStress,fullExtended,blend,an_case_green_finance,domesticFilters|institutions|normsIdentity|orderJustice|politicalEconomy,18,5,0.277778,0,0,3,0.166667,7,0.388889,0.220556,0.34,0,0,0,0
responseStyleStress,fullExtended,blend,an_case_intervention_memory,domesticFilters|institutions|normsIdentity|orderJustice|restraint,18,15,0.833333,0,0,1,0.055556,1,0.055556,0.245556,0.44,0,0,0,0
responseStyleStress,fullExtended,blend,an_case_maritime_crisis,domesticFilters|institutions|restraint|securityCompetition,18,11,0.611111,0,0,2,0.111111,8,0.444444,0.184444,0.28,0,0,0,0
responseStyleStress,fullExtended,blend,an_case_middle_power,domesticFilters|institutions|normsIdentity|politicalEconomy|restraint|securityCompetition,18,18,1,0,0,7,0.388889,9,0.5,0.180556,0.24,0,0,0,0
responseStyleStress,fullExtended,blend,an_case_rising_power_voice,domesticFilters|institutions|normsIdentity|politicalEconomy|securityCompetition,18,10,0.555556,0,0,12,0.666667,14,0.777778,0.252778,0.35,0,0,0,0
responseStyleStress,fullExtended,blend,an_case_sanctions_alignment,domesticFilters|institutions|normsIdentity|orderJustice|politicalEconomy|restraint,18,6,0.333333,0,0,3,0.166667,3,0.166667,0.226111,0.41,0,0,0,0
responseStyleStress,fullExtended,blend,an_in3,institutions,8,3,0.375,0,0,0,0,0,0,0.04375,0.05,0,0,0,0
responseStyleStress,fullExtended,blend,an_in4,institutions,9,4,0.444444,0,0,0,0,0,0,0.043333,0.05,0,0,0,0
responseStyleStress,fullExtended,blend,an_ni3,normsIdentity,9,3,0.333333,0,0,0,0,0,0,0.068889,0.08,0,0,0,0
responseStyleStress,fullExtended,blend,an_oj3,orderJustice,9,6,0.666667,0,0,0,0,0,0,0.09,0.1,0,0,0,0
responseStyleStress,fullExtended,blend,an_pe3,politicalEconomy,8,2,0.25,0,0,0,0,0,0,0.06625,0.07,0,0,0,0
responseStyleStress,fullExtended,blend,an_pe4,politicalEconomy,10,6,0.6,0,0,0,0,0,0,0.063,0.07,0,0,0,0
responseStyleStress,fullExtended,blend,an_sc3,securityCompetition,9,3,0.333333,0,0,0,0,0,0,0.052222,0.06,0,0,0,0
responseStyleStress,fullExtended,blend,an_sc4,securityCompetition,8,4,0.5,0,0,0,0,0,0,0.05125,0.06,0,0,0,0
responseStyleStress,fullExtended,blend,an_tradeoff_ceasefire_settlement,domesticFilters|institutions|orderJustice|politicalEconomy|restraint,18,3,0.166667,0,0,1,0.055556,5,0.277778,0.223333,0.42,0,0,0,0
responseStyleStress,fullExtended,blend,an_tradeoff_energy_alignment,domesticFilters|institutions|normsIdentity|orderJustice|politicalEconomy|restraint,18,13,0.722222,0,0,7,0.388889,7,0.388889,0.258333,0.45,0,0,0,0
responseStyleStress,fullExtended,blend,an_tradeoff_evidence,domesticFilters|institutions|normsIdentity|restraint|securityCompetition,18,8,0.444444,0,0,7,0.388889,11,0.611111,0.271111,0.38,0,0,0,0
responseStyleStress,fullExtended,blend,an_tradeoff_legitimacy,domesticFilters|institutions|normsIdentity|politicalEconomy|securityCompetition,18,14,0.777778,0,0,6,0.333333,8,0.444444,0.256111,0.41,0,0,0,0
responseStyleStress,fullExtended,blend,an_tradeoff_parallel_order,domesticFilters|institutions|normsIdentity|orderJustice|politicalEconomy|securityCompetition,18,8,0.444444,0,0,5,0.277778,6,0.333333,0.227778,0.33,0,0,0,0
responseStyleStress,fullExtended,blend,an_tradeoff_rival,domesticFilters|institutions|normsIdentity|securityCompetition,18,8,0.444444,0,0,9,0.5,16,0.888889,0.279444,0.44,0,0,0,0
responseStyleStress,fullExtended,blend,an_tradeoff_tech_order,institutions|normsIdentity|orderJustice|politicalEconomy|restraint|securityCompetition,18,10,0.555556,0,0,7,0.388889,11,0.611111,0.250556,0.38,0,0,0,0
responseStyleStress,fullExtended,blend,case_protection,domesticFilters|institutions|normsIdentity|orderJustice|restraint,18,8,0.444444,0,0,0,0,0,0,0.271111,0.49,0,0,0,0
responseStyleStress,fullExtended,blend,case_semiconductors,institutions|normsIdentity|politicalEconomy|restraint|securityCompetition,18,11,0.611111,1,0.055556,9,0.5,12,0.666667,0.303333,0.45,0,0,0,0
responseStyleStress,fullExtended,blend,df1,domesticFilters,21,14,0.666667,0,0,4,0.190476,4,0.190476,0.128095,0.3,6,0.333333,6,0.333333
responseStyleStress,fullExtended,blend,df2,domesticFilters,7,2,0.285714,0,0,0,0,0,0,0.074286,0.09,0,0,0,0
responseStyleStress,fullExtended,blend,in1,institutions,9,4,0.444444,0,0,0,0,0,0,0.042222,0.05,0,0,0,0
responseStyleStress,fullExtended,blend,in2,institutions,22,4,0.181818,0,0,0,0,4,0.181818,0.05,0.13,6,0.333333,6,0.333333
responseStyleStress,fullExtended,blend,ni1,normsIdentity,9,4,0.444444,0,0,0,0,0,0,0.068889,0.08,0,0,0,0
responseStyleStress,fullExtended,blend,ni2,normsIdentity,20,8,0.4,0,0,6,0.3,6,0.3,0.119,0.22,6,0.5,6,0.5
responseStyleStress,fullExtended,blend,oj1,orderJustice,21,3,0.142857,0,0,4,0.190476,4,0.190476,0.14381,0.35,6,0.333333,6,0.333333
responseStyleStress,fullExtended,blend,oj2,orderJustice,21,9,0.428571,0,0,6,0.285714,6,0.285714,0.139048,0.3,6,0.5,6,0.5
responseStyleStress,fullExtended,blend,pe1,politicalEconomy,8,2,0.25,0,0,0,0,0,0,0.06625,0.07,0,0,0,0
responseStyleStress,fullExtended,blend,pe2,politicalEconomy,22,14,0.636364,0,0,3,0.136364,3,0.136364,0.090909,0.25,6,0.5,6,0
responseStyleStress,fullExtended,blend,rs1,restraint,9,3,0.333333,0,0,0,0,0,0,0.046667,0.05,0,0,0,0
responseStyleStress,fullExtended,blend,rs2,restraint,21,10,0.47619,0,0,0,0,0,0,0.069524,0.15,6,0,6,0
responseStyleStress,fullExtended,blend,sc1,securityCompetition,10,4,0.4,0,0,0,0,0,0,0.051,0.06,0,0,0,0
responseStyleStress,fullExtended,blend,sc2,securityCompetition,21,7,0.333333,0,0,7,0.333333,7,0.333333,0.08,0.2,6,0.5,6,0.666667
responseStyleStress,fullExtended,blend,tradeoff_alliances,domesticFilters|institutions|normsIdentity|restraint|securityCompetition,18,15,0.833333,0,0,7,0.388889,17,0.944444,0.3,0.42,0,0,0,0
responseStyleStress,fullExtended,blend,tradeoff_interdependence,domesticFilters|institutions|politicalEconomy|restraint|securityCompetition,18,10,0.555556,0,0,3,0.166667,7,0.388889,0.211667,0.31,0,0,0,0
responseStyleStress,fullExtended,blend,tradeoff_intervention,domesticFilters|institutions|normsIdentity|orderJustice|restraint,18,3,0.166667,1,0.055556,1,0.055556,2,0.111111,0.275556,0.51,0,0,0,0
responseStyleStress,fullExtended,blend,tradeoff_strategy,domesticFilters|politicalEconomy|restraint|securityCompetition,18,13,0.722222,0,0,6,0.333333,10,0.555556,0.211667,0.34,0,0,0,0
responseStyleStress,fullExtended,blend,v21_df_rev_01,domesticFilters,9,3,0.333333,0,0,0,0,0,0,0.076667,0.09,0,0,0,0
responseStyleStress,fullExtended,blend,v21_df_rev_04,domesticFilters,21,13,0.619048,0,0,5,0.238095,5,0.238095,0.128095,0.3,6,0.333333,6,0.5
responseStyleStress,fullExtended,blend,v21_in_rev_03,institutions,21,8,0.380952,0,0,0,0,4,0.190476,0.064286,0.14,6,0.333333,6,0.333333
responseStyleStress,fullExtended,blend,v21_ni_rev_01,normsIdentity,10,4,0.4,0,0,0,0,0,0,0.067,0.08,0,0,0,0
responseStyleStress,fullExtended,blend,v21_ni_rev_05,normsIdentity,21,14,0.666667,0,0,6,0.285714,7,0.333333,0.131429,0.23,6,0.666667,6,0.5
responseStyleStress,fullExtended,blend,v21_oj_rev_02,orderJustice,8,4,0.5,0,0,0,0,0,0,0.08875,0.1,0,0,0,0
responseStyleStress,fullExtended,blend,v21_pe_rev_02,politicalEconomy,22,14,0.636364,0,0,2,0.090909,2,0.090909,0.098182,0.25,6,0.333333,6,0
responseStyleStress,fullExtended,blend,v21_rs_rev_04,restraint,21,13,0.619048,0,0,0,0,0,0,0.077143,0.15,6,0,6,0
responseStyleStress,fullExtended,blend,v21_rs_rev_05,restraint,6,1,0.166667,0,0,0,0,0,0,0.045,0.05,0,0,0,0
responseStyleStress,fullExtended,blend,v21_sc_rev_01,securityCompetition,9,5,0.555556,0,0,0,0,0,0,0.048889,0.06,0,0,0,0
responseStyleStress,fullExtended,blend,v21_sc_rev_02,securityCompetition,20,5,0.25,0,0,8,0.4,8,0.4,0.0825,0.2,6,0.666667,6,0.666667
responseStyleStress,fullExtended,blend,v21_sc_rev_05,securityCompetition,10,4,0.4,0,0,0,0,0,0,0.051,0.06,0,0,0,0
responseStyleStress,fullExtended,blend,val_ci_1,validation:cooperativeInternationalism,9,0,0,0,0,0,0,0,0,0,0,0,0,0,0
responseStyleStress,fullExtended,blend,val_ci_2,validation:cooperativeInternationalism,10,0,0,0,0,0,0,0,0,0,0,0,0,0,0
responseStyleStress,fullExtended,blend,val_ci_3,validation:cooperativeInternationalism,9,0,0,0,0,0,0,0,0,0,0,0,0,0,0
responseStyleStress,fullExtended,blend,val_ci_4,validation:cooperativeInternationalism,8,0,0,0,0,0,0,0,0,0,0,0,0,0,0
responseStyleStress,fullExtended,blend,val_iso_1,validation:isolationism,10,0,0,0,0,0,0,0,0,0,0,0,0,0,0
responseStyleStress,fullExtended,blend,val_iso_2,validation:isolationism,9,0,0,0,0,0,0,0,0,0,0,0,0,0,0
responseStyleStress,fullExtended,blend,val_iso_3,validation:isolationism,8,0,0,0,0,0,0,0,0,0,0,0,0,0,0
responseStyleStress,fullExtended,blend,val_iso_4,validation:isolationism,9,0,0,0,0,0,0,0,0,0,0,0,0,0,0
responseStyleStress,fullExtended,blend,val_mi_1,validation:militantInternationalism,8,0,0,0,0,0,0,0,0,0,0,0,0,0,0
responseStyleStress,fullExtended,blend,val_mi_2,validation:militantInternationalism,10,0,0,0,0,0,0,0,0,0,0,0,0,0,0
responseStyleStress,fullExtended,blend,val_mi_3,validation:militantInternationalism,9,0,0,0,0,0,0,0,0,0,0,0,0,0,0
responseStyleStress,fullExtended,blend,val_mi_4,validation:militantInternationalism,9,0,0,0,0,0,0,0,0,0,0,0,0,0,0
responseStyleStress,fullExtended,pure,an_case_burdens,domesticFilters|institutions|normsIdentity|restraint|securityCompetition,54,0,0,0,0,7,0.12963,7,0.12963,0.176667,0.32,0,0,0,0
responseStyleStress,fullExtended,pure,an_case_digital_stack,institutions|normsIdentity|politicalEconomy|restraint|securityCompetition,54,0,0,0,0,0,0,0,0,0.194074,0.32,0,0,0,0
responseStyleStress,fullExtended,pure,an_case_finance,domesticFilters|institutions|politicalEconomy|restraint,54,0,0,0,0,4,0.074074,4,0.074074,0.194815,0.31,0,0,0,0
responseStyleStress,fullExtended,pure,an_case_green_finance,domesticFilters|institutions|normsIdentity|orderJustice|politicalEconomy,54,0,0,0,0,5,0.092593,5,0.092593,0.198889,0.3,0,0,0,0
responseStyleStress,fullExtended,pure,an_case_intervention_memory,domesticFilters|institutions|normsIdentity|orderJustice|restraint,54,0,0,8,0.148148,1,0.018519,9,0.166667,0.211667,0.39,0,0,0,0
responseStyleStress,fullExtended,pure,an_case_maritime_crisis,domesticFilters|institutions|restraint|securityCompetition,54,0,0,3,0.055556,4,0.074074,7,0.12963,0.187778,0.33,0,0,0,0
responseStyleStress,fullExtended,pure,an_case_middle_power,domesticFilters|institutions|normsIdentity|politicalEconomy|restraint|securityCompetition,54,0,0,3,0.055556,4,0.074074,7,0.12963,0.153889,0.31,0,0,0,0
responseStyleStress,fullExtended,pure,an_case_rising_power_voice,domesticFilters|institutions|normsIdentity|politicalEconomy|securityCompetition,54,1,0.018519,0,0,8,0.148148,8,0.148148,0.210741,0.35,0,0,0,0
responseStyleStress,fullExtended,pure,an_case_sanctions_alignment,domesticFilters|institutions|normsIdentity|orderJustice|politicalEconomy|restraint,54,0,0,0,0,3,0.055556,3,0.055556,0.210926,0.4,0,0,0,0
responseStyleStress,fullExtended,pure,an_in3,institutions,30,0,0,0,0,1,0.033333,1,0.033333,0.038,0.05,0,0,0,0
responseStyleStress,fullExtended,pure,an_in4,institutions,30,0,0,0,0,0,0,0,0,0.038,0.05,0,0,0,0
responseStyleStress,fullExtended,pure,an_ni3,normsIdentity,30,0,0,0,0,0,0,0,0,0.063,0.08,0,0,0,0
responseStyleStress,fullExtended,pure,an_oj3,orderJustice,30,0,0,0,0,0,0,0,0,0.085333,0.09,0,0,0,0
responseStyleStress,fullExtended,pure,an_pe3,politicalEconomy,30,0,0,0,0,0,0,0,0,0.062667,0.07,0,0,0,0
responseStyleStress,fullExtended,pure,an_pe4,politicalEconomy,30,0,0,0,0,1,0.033333,1,0.033333,0.062667,0.07,0,0,0,0
responseStyleStress,fullExtended,pure,an_sc3,securityCompetition,30,0,0,0,0,0,0,0,0,0.048,0.06,0,0,0,0
responseStyleStress,fullExtended,pure,an_sc4,securityCompetition,30,0,0,0,0,0,0,0,0,0.048,0.06,0,0,0,0
responseStyleStress,fullExtended,pure,an_tradeoff_ceasefire_settlement,domesticFilters|institutions|orderJustice|politicalEconomy|restraint,54,0,0,6,0.111111,4,0.074074,10,0.185185,0.212593,0.35,0,0,0,0
responseStyleStress,fullExtended,pure,an_tradeoff_energy_alignment,domesticFilters|institutions|normsIdentity|orderJustice|politicalEconomy|restraint,54,0,0,4,0.074074,5,0.092593,9,0.166667,0.203519,0.43,0,0,0,0
responseStyleStress,fullExtended,pure,an_tradeoff_evidence,domesticFilters|institutions|normsIdentity|restraint|securityCompetition,54,3,0.055556,0,0,3,0.055556,5,0.092593,0.234259,0.37,0,0,0,0
responseStyleStress,fullExtended,pure,an_tradeoff_legitimacy,domesticFilters|institutions|normsIdentity|politicalEconomy|securityCompetition,54,3,0.055556,0,0,7,0.12963,7,0.12963,0.232778,0.43,0,0,0,0
responseStyleStress,fullExtended,pure,an_tradeoff_parallel_order,domesticFilters|institutions|normsIdentity|orderJustice|politicalEconomy|securityCompetition,54,0,0,0,0,1,0.018519,1,0.018519,0.216852,0.34,0,0,0,0
responseStyleStress,fullExtended,pure,an_tradeoff_rival,domesticFilters|institutions|normsIdentity|securityCompetition,54,2,0.037037,0,0,5,0.092593,6,0.111111,0.24,0.43,0,0,0,0
responseStyleStress,fullExtended,pure,an_tradeoff_tech_order,institutions|normsIdentity|orderJustice|politicalEconomy|restraint|securityCompetition,54,1,0.018519,0,0,4,0.074074,4,0.074074,0.216296,0.34,0,0,0,0
responseStyleStress,fullExtended,pure,case_protection,domesticFilters|institutions|normsIdentity|orderJustice|restraint,54,0,0,4,0.074074,2,0.037037,6,0.111111,0.241296,0.52,0,0,0,0
responseStyleStress,fullExtended,pure,case_semiconductors,institutions|normsIdentity|politicalEconomy|restraint|securityCompetition,54,2,0.037037,6,0.111111,3,0.055556,9,0.166667,0.255,0.43,0,0,0,0
responseStyleStress,fullExtended,pure,df1,domesticFilters,66,0,0,0,0,5,0.075758,5,0.075758,0.117273,0.35,18,0.111111,18,0.111111
responseStyleStress,fullExtended,pure,df2,domesticFilters,30,0,0,0,0,1,0.033333,1,0.033333,0.075,0.1,0,0,0,0
responseStyleStress,fullExtended,pure,in1,institutions,30,0,0,0,0,0,0,0,0,0.038,0.05,0,0,0,0
responseStyleStress,fullExtended,pure,in2,institutions,66,0,0,0,0,2,0.030303,2,0.030303,0.057727,0.14,18,0.055556,18,0.055556
responseStyleStress,fullExtended,pure,ni1,normsIdentity,30,0,0,0,0,0,0,0,0,0.063,0.08,0,0,0,0
responseStyleStress,fullExtended,pure,ni2,normsIdentity,66,0,0,0,0,2,0.030303,2,0.030303,0.093939,0.26,18,0.055556,18,0.055556
responseStyleStress,fullExtended,pure,oj1,orderJustice,66,0,0,0,0,0,0,0,0,0.127727,0.31,18,0,18,0
responseStyleStress,fullExtended,pure,oj2,orderJustice,66,0,0,0,0,2,0.030303,2,0.030303,0.127727,0.31,18,0.055556,18,0.055556
responseStyleStress,fullExtended,pure,pe1,politicalEconomy,30,0,0,0,0,1,0.033333,1,0.033333,0.062667,0.07,0,0,0,0
responseStyleStress,fullExtended,pure,pe2,politicalEconomy,66,1,0.015152,0,0,4,0.060606,4,0.060606,0.095152,0.25,18,0.111111,18,0.055556
responseStyleStress,fullExtended,pure,rs1,restraint,30,0,0,2,0.066667,0,0,2,0.066667,0.044,0.05,0,0,0,0
responseStyleStress,fullExtended,pure,rs2,restraint,66,0,0,10,0.151515,0,0,10,0.151515,0.072273,0.19,18,0.222222,18,0.222222
responseStyleStress,fullExtended,pure,sc1,securityCompetition,30,0,0,0,0,0,0,0,0,0.048,0.06,0,0,0,0
responseStyleStress,fullExtended,pure,sc2,securityCompetition,66,0,0,0,0,2,0.030303,2,0.030303,0.075303,0.16,18,0.055556,18,0.055556
responseStyleStress,fullExtended,pure,tradeoff_alliances,domesticFilters|institutions|normsIdentity|restraint|securityCompetition,54,4,0.074074,2,0.037037,6,0.111111,8,0.148148,0.220926,0.36,0,0,0,0
responseStyleStress,fullExtended,pure,tradeoff_interdependence,domesticFilters|institutions|politicalEconomy|restraint|securityCompetition,54,6,0.111111,2,0.037037,11,0.203704,13,0.240741,0.195185,0.3,0,0,0,0
responseStyleStress,fullExtended,pure,tradeoff_intervention,domesticFilters|institutions|normsIdentity|orderJustice|restraint,54,0,0,4,0.074074,1,0.018519,5,0.092593,0.239259,0.46,0,0,0,0
responseStyleStress,fullExtended,pure,tradeoff_strategy,domesticFilters|politicalEconomy|restraint|securityCompetition,54,0,0,3,0.055556,3,0.055556,6,0.111111,0.190926,0.32,0,0,0,0
responseStyleStress,fullExtended,pure,v21_df_rev_01,domesticFilters,30,0,0,0,0,0,0,0,0,0.075,0.1,0,0,0,0
responseStyleStress,fullExtended,pure,v21_df_rev_04,domesticFilters,66,0,0,0,0,0,0,0,0,0.126667,0.35,18,0,18,0
responseStyleStress,fullExtended,pure,v21_in_rev_03,institutions,66,0,0,0,0,4,0.060606,4,0.060606,0.058182,0.14,18,0.055556,18,0.111111
responseStyleStress,fullExtended,pure,v21_ni_rev_01,normsIdentity,30,0,0,0,0,2,0.066667,2,0.066667,0.063667,0.08,0,0,0,0
responseStyleStress,fullExtended,pure,v21_ni_rev_05,normsIdentity,66,4,0.060606,0,0,4,0.060606,7,0.106061,0.097576,0.3,18,0.166667,18,0.111111
responseStyleStress,fullExtended,pure,v21_oj_rev_02,orderJustice,30,0,0,0,0,0,0,0,0,0.086,0.09,0,0,0,0
responseStyleStress,fullExtended,pure,v21_pe_rev_02,politicalEconomy,66,0,0,0,0,3,0.045455,3,0.045455,0.097576,0.27,18,0.055556,18,0.111111
responseStyleStress,fullExtended,pure,v21_rs_rev_04,restraint,66,0,0,10,0.151515,0,0,10,0.151515,0.067121,0.19,18,0.222222,18,0.222222
responseStyleStress,fullExtended,pure,v21_rs_rev_05,restraint,30,0,0,2,0.066667,0,0,2,0.066667,0.043333,0.05,0,0,0,0
responseStyleStress,fullExtended,pure,v21_sc_rev_01,securityCompetition,30,0,0,0,0,0,0,0,0,0.048,0.06,0,0,0,0
responseStyleStress,fullExtended,pure,v21_sc_rev_02,securityCompetition,66,0,0,0,0,1,0.015152,1,0.015152,0.070909,0.18,18,0.055556,18,0
responseStyleStress,fullExtended,pure,v21_sc_rev_05,securityCompetition,30,0,0,0,0,0,0,0,0,0.048,0.06,0,0,0,0
responseStyleStress,fullExtended,pure,val_ci_1,validation:cooperativeInternationalism,30,0,0,0,0,0,0,0,0,0,0,0,0,0,0
responseStyleStress,fullExtended,pure,val_ci_2,validation:cooperativeInternationalism,30,0,0,0,0,0,0,0,0,0,0,0,0,0,0
responseStyleStress,fullExtended,pure,val_ci_3,validation:cooperativeInternationalism,30,0,0,0,0,0,0,0,0,0,0,0,0,0,0
responseStyleStress,fullExtended,pure,val_ci_4,validation:cooperativeInternationalism,30,0,0,0,0,0,0,0,0,0,0,0,0,0,0
responseStyleStress,fullExtended,pure,val_iso_1,validation:isolationism,30,0,0,0,0,0,0,0,0,0,0,0,0,0,0
responseStyleStress,fullExtended,pure,val_iso_2,validation:isolationism,30,0,0,0,0,0,0,0,0,0,0,0,0,0,0
responseStyleStress,fullExtended,pure,val_iso_3,validation:isolationism,30,0,0,0,0,0,0,0,0,0,0,0,0,0,0
responseStyleStress,fullExtended,pure,val_iso_4,validation:isolationism,30,0,0,0,0,0,0,0,0,0,0,0,0,0,0
responseStyleStress,fullExtended,pure,val_mi_1,validation:militantInternationalism,30,0,0,0,0,0,0,0,0,0,0,0,0,0,0
responseStyleStress,fullExtended,pure,val_mi_2,validation:militantInternationalism,30,0,0,0,0,0,0,0,0,0,0,0,0,0,0
responseStyleStress,fullExtended,pure,val_mi_3,validation:militantInternationalism,30,0,0,0,0,0,0,0,0,0,0,0,0,0,0
responseStyleStress,fullExtended,pure,val_mi_4,validation:militantInternationalism,30,0,0,0,0,0,0,0,0,0,0,0,0,0,0
responseStyleStress,targeted:constructivist|criticalPoliticalEconomy,blend,an_case_green_finance,domesticFilters|institutions|normsIdentity|orderJustice|politicalEconomy,42,29,0.690476,0,0,18,0.428571,30,0.714286,0.678333,1.18,0,0,0,0
responseStyleStress,targeted:constructivist|criticalPoliticalEconomy,blend,an_case_middle_power,domesticFilters|institutions|normsIdentity|politicalEconomy|restraint|securityCompetition,42,27,0.642857,5,0.119048,23,0.547619,31,0.738095,0.679762,1.68,0,0,0,0
responseStyleStress,targeted:constructivist|criticalPoliticalEconomy,blend,an_case_sanctions_alignment,domesticFilters|institutions|normsIdentity|orderJustice|politicalEconomy|restraint,42,16,0.380952,2,0.047619,24,0.571429,32,0.761905,0.71381,1.39,0,0,0,0
responseStyleStress,targeted:constructivist|criticalPoliticalEconomy,blend,an_tradeoff_ceasefire_settlement,domesticFilters|institutions|orderJustice|politicalEconomy|restraint,42,20,0.47619,2,0.047619,24,0.571429,34,0.809524,0.670714,1.18,0,0,0,0
responseStyleStress,targeted:constructivist|criticalPoliticalEconomy,blend,an_tradeoff_energy_alignment,domesticFilters|institutions|normsIdentity|orderJustice|politicalEconomy|restraint,42,17,0.404762,6,0.142857,25,0.595238,36,0.857143,0.667857,1.79,0,0,0,0
responseStyleStress,targeted:constructivist|criticalPoliticalEconomy,blend,df1,domesticFilters,49,20,0.408163,0,0,21,0.428571,29,0.591837,0.368776,1.08,14,0.714286,14,0.714286
responseStyleStress,targeted:constructivist|criticalPoliticalEconomy,blend,in2,institutions,49,33,0.673469,0,0,28,0.571429,34,0.693878,0.26102,0.79,14,0.642857,14,0.785714
responseStyleStress,targeted:constructivist|criticalPoliticalEconomy,blend,ni2,normsIdentity,50,33,0.66,0,0,33,0.66,42,0.84,0.5218,2,14,0.928571,14,0.785714
responseStyleStress,targeted:constructivist|criticalPoliticalEconomy,blend,oj1,orderJustice,50,15,0.3,0,0,20,0.4,29,0.58,0.4346,1.27,14,0.642857,14,0.714286
responseStyleStress,targeted:constructivist|criticalPoliticalEconomy,blend,oj2,orderJustice,52,20,0.384615,0,0,18,0.346154,27,0.519231,0.387692,1,14,0.571429,14,0.642857
responseStyleStress,targeted:constructivist|criticalPoliticalEconomy,blend,pe2,politicalEconomy,50,20,0.4,0,0,22,0.44,30,0.6,0.2808,1.03,14,0.642857,14,0.714286
responseStyleStress,targeted:constructivist|criticalPoliticalEconomy,blend,rs2,restraint,49,19,0.387755,12,0.244898,12,0.244898,24,0.489796,0.261633,0.63,14,0.571429,14,0.642857
responseStyleStress,targeted:constructivist|criticalPoliticalEconomy,blend,sc2,securityCompetition,52,28,0.538462,0,0,25,0.480769,35,0.673077,0.792115,3,14,0.642857,14,0.714286
responseStyleStress,targeted:constructivist|criticalPoliticalEconomy,blend,v21_df_rev_04,domesticFilters,52,18,0.346154,0,0,19,0.365385,30,0.576923,0.336154,0.92,14,0.714286,14,0.642857
responseStyleStress,targeted:constructivist|criticalPoliticalEconomy,blend,v21_in_rev_03,institutions,50,31,0.62,0,0,28,0.56,36,0.72,0.2608,0.79,14,0.714286,14,0.785714
responseStyleStress,targeted:constructivist|criticalPoliticalEconomy,blend,v21_ni_rev_05,normsIdentity,51,32,0.627451,0,0,33,0.647059,41,0.803922,0.511569,2,14,0.928571,14,0.714286
responseStyleStress,targeted:constructivist|criticalPoliticalEconomy,blend,v21_pe_rev_02,politicalEconomy,52,21,0.403846,0,0,22,0.423077,29,0.557692,0.238269,0.84,14,0.642857,14,0.642857
responseStyleStress,targeted:constructivist|criticalPoliticalEconomy,blend,v21_rs_rev_04,restraint,50,19,0.38,7,0.14,12,0.24,21,0.42,0.2504,0.65,14,0.571429,14,0.428571
responseStyleStress,targeted:constructivist|criticalPoliticalEconomy,blend,v21_sc_rev_02,securityCompetition,50,25,0.5,0,0,26,0.52,37,0.74,0.8112,3,14,0.714286,14,0.785714
responseStyleStress,targeted:constructivist|criticalPoliticalEconomy,pure,an_case_green_finance,domesticFilters|institutions|normsIdentity|orderJustice|politicalEconomy,30,9,0.3,0,0,9,0.3,14,0.466667,0.817,1.94,0,0,0,0
responseStyleStress,targeted:constructivist|criticalPoliticalEconomy,pure,an_case_middle_power,domesticFilters|institutions|normsIdentity|politicalEconomy|restraint|securityCompetition,30,24,0.8,2,0.066667,9,0.3,26,0.866667,1.31,2.85,0,0,0,0
responseStyleStress,targeted:constructivist|criticalPoliticalEconomy,pure,an_case_sanctions_alignment,domesticFilters|institutions|normsIdentity|orderJustice|politicalEconomy|restraint,30,2,0.066667,5,0.166667,6,0.2,10,0.333333,1.069,1.73,0,0,0,0
responseStyleStress,targeted:constructivist|criticalPoliticalEconomy,pure,an_tradeoff_ceasefire_settlement,domesticFilters|institutions|orderJustice|politicalEconomy|restraint,30,2,0.066667,0,0,5,0.166667,5,0.166667,0.630667,1.43,0,0,0,0
responseStyleStress,targeted:constructivist|criticalPoliticalEconomy,pure,an_tradeoff_energy_alignment,domesticFilters|institutions|normsIdentity|orderJustice|politicalEconomy|restraint,30,2,0.066667,6,0.2,1,0.033333,9,0.3,1.100667,2.27,0,0,0,0
responseStyleStress,targeted:constructivist|criticalPoliticalEconomy,pure,df1,domesticFilters,36,1,0.027778,0,0,4,0.111111,4,0.111111,0.369167,0.85,10,0.3,10,0.1
responseStyleStress,targeted:constructivist|criticalPoliticalEconomy,pure,in2,institutions,36,10,0.277778,0,0,14,0.388889,20,0.555556,0.201111,0.47,10,0.8,10,0.7
responseStyleStress,targeted:constructivist|criticalPoliticalEconomy,pure,ni2,normsIdentity,36,13,0.361111,0,0,7,0.194444,18,0.5,0.57,2,10,0.5,10,0.7
responseStyleStress,targeted:constructivist|criticalPoliticalEconomy,pure,oj1,orderJustice,36,0,0,0,0,0,0,0,0,0.301667,0.62,10,0,10,0
responseStyleStress,targeted:constructivist|criticalPoliticalEconomy,pure,oj2,orderJustice,36,0,0,0,0,0,0,0,0,0.301667,0.62,10,0,10,0
responseStyleStress,targeted:constructivist|criticalPoliticalEconomy,pure,pe2,politicalEconomy,36,0,0,0,0,0,0,0,0,0.313056,0.69,10,0,10,0
responseStyleStress,targeted:constructivist|criticalPoliticalEconomy,pure,rs2,restraint,36,2,0.055556,2,0.055556,7,0.194444,8,0.222222,0.225833,0.44,10,0.3,10,0.3
responseStyleStress,targeted:constructivist|criticalPoliticalEconomy,pure,sc2,securityCompetition,36,3,0.083333,0,0,3,0.083333,5,0.138889,0.559722,1.32,10,0.1,10,0.1
responseStyleStress,targeted:constructivist|criticalPoliticalEconomy,pure,v21_df_rev_04,domesticFilters,36,1,0.027778,0,0,6,0.166667,6,0.166667,0.398611,0.85,10,0.5,10,0.1
responseStyleStress,targeted:constructivist|criticalPoliticalEconomy,pure,v21_in_rev_03,institutions,36,10,0.277778,0,0,14,0.388889,20,0.555556,0.201111,0.47,10,0.8,10,0.7
responseStyleStress,targeted:constructivist|criticalPoliticalEconomy,pure,v21_ni_rev_05,normsIdentity,36,13,0.361111,0,0,7,0.194444,18,0.5,0.57,2,10,0.5,10,0.7
responseStyleStress,targeted:constructivist|criticalPoliticalEconomy,pure,v21_pe_rev_02,politicalEconomy,36,0,0,0,0,0,0,0,0,0.313056,0.69,10,0,10,0
responseStyleStress,targeted:constructivist|criticalPoliticalEconomy,pure,v21_rs_rev_04,restraint,36,2,0.055556,2,0.055556,7,0.194444,8,0.222222,0.209167,0.44,10,0.3,10,0.3
responseStyleStress,targeted:constructivist|criticalPoliticalEconomy,pure,v21_sc_rev_02,securityCompetition,36,3,0.083333,0,0,3,0.083333,5,0.138889,0.522778,1.32,10,0.1,10,0.1
responseStyleStress,targeted:institutionalist|constructivist,blend,an_case_digital_stack,institutions|normsIdentity|politicalEconomy|restraint|securityCompetition,12,12,1,0,0,9,0.75,10,0.833333,0.784167,1.04,0,0,0,0
responseStyleStress,targeted:institutionalist|constructivist,blend,an_case_intervention_memory,domesticFilters|institutions|normsIdentity|orderJustice|restraint,12,8,0.666667,0,0,7,0.583333,7,0.583333,0.800833,1.26,0,0,0,0
responseStyleStress,targeted:institutionalist|constructivist,blend,an_tradeoff_tech_order,institutions|normsIdentity|orderJustice|politicalEconomy|restraint|securityCompetition,12,9,0.75,0,0,9,0.75,10,0.833333,0.8225,1.22,0,0,0,0
responseStyleStress,targeted:institutionalist|constructivist,blend,case_semiconductors,institutions|normsIdentity|politicalEconomy|restraint|securityCompetition,12,5,0.416667,1,0.083333,7,0.583333,11,0.916667,1.108333,1.85,0,0,0,0
responseStyleStress,targeted:institutionalist|constructivist,blend,df1,domesticFilters,15,7,0.466667,0,0,10,0.666667,12,0.8,0.723333,2.5,4,0.75,4,0.75
responseStyleStress,targeted:institutionalist|constructivist,blend,in2,institutions,15,11,0.733333,0,0,8,0.533333,12,0.8,0.234,0.51,4,0.75,4,1
responseStyleStress,targeted:institutionalist|constructivist,blend,ni2,normsIdentity,16,6,0.375,0,0,10,0.625,14,0.875,0.2575,0.51,4,1,4,0.5
responseStyleStress,targeted:institutionalist|constructivist,blend,oj1,orderJustice,15,7,0.466667,0,0,2,0.133333,2,0.133333,0.246,0.96,4,0.25,4,0.25
responseStyleStress,targeted:institutionalist|constructivist,blend,oj2,orderJustice,15,8,0.533333,0,0,4,0.266667,7,0.466667,0.28,0.62,4,0.75,4,0.75
responseStyleStress,targeted:institutionalist|constructivist,blend,pe2,politicalEconomy,15,3,0.2,0,0,10,0.666667,12,0.8,0.348667,0.93,4,0.75,4,0.75
responseStyleStress,targeted:institutionalist|constructivist,blend,rs2,restraint,14,5,0.357143,1,0.071429,0,0,1,0.071429,0.242143,0.55,4,0.25,4,0
responseStyleStress,targeted:institutionalist|constructivist,blend,sc2,securityCompetition,12,8,0.666667,0,0,10,0.833333,10,0.833333,0.545833,0.97,4,1,4,1
responseStyleStress,targeted:institutionalist|constructivist,blend,tradeoff_intervention,domesticFilters|institutions|normsIdentity|orderJustice|restraint,12,1,0.083333,0,0,5,0.416667,6,0.5,1.026667,1.41,0,0,0,0
responseStyleStress,targeted:institutionalist|constructivist,blend,v21_df_rev_04,domesticFilters,15,10,0.666667,0,0,14,0.933333,14,0.933333,0.742667,2.5,4,1,4,1
responseStyleStress,targeted:institutionalist|constructivist,blend,v21_in_rev_03,institutions,15,6,0.4,0,0,10,0.666667,12,0.8,0.272667,0.58,4,0.75,4,0.75
responseStyleStress,targeted:institutionalist|constructivist,blend,v21_ni_rev_05,normsIdentity,16,10,0.625,0,0,11,0.6875,14,0.875,0.278125,0.61,4,0.75,4,0.75
responseStyleStress,targeted:institutionalist|constructivist,blend,v21_pe_rev_02,politicalEconomy,16,9,0.5625,0,0,11,0.6875,12,0.75,0.30125,0.88,4,0.75,4,0.75
responseStyleStress,targeted:institutionalist|constructivist,blend,v21_rs_rev_04,restraint,13,4,0.307692,2,0.153846,2,0.153846,2,0.153846,0.296154,0.55,4,0.25,4,0.25
responseStyleStress,targeted:institutionalist|constructivist,blend,v21_sc_rev_02,securityCompetition,15,7,0.466667,0,0,7,0.466667,7,0.466667,0.299333,0.64,4,0.5,4,0.5
responseStyleStress,targeted:institutionalist|constructivist,pure,an_case_digital_stack,institutions|normsIdentity|politicalEconomy|restraint|securityCompetition,60,10,0.166667,0,0,5,0.083333,13,0.216667,0.769,1.49,0,0,0,0
responseStyleStress,targeted:institutionalist|constructivist,pure,an_case_intervention_memory,domesticFilters|institutions|normsIdentity|orderJustice|restraint,60,0,0,5,0.083333,0,0,5,0.083333,0.888833,2.25,0,0,0,0
responseStyleStress,targeted:institutionalist|constructivist,pure,an_tradeoff_tech_order,institutions|normsIdentity|orderJustice|politicalEconomy|restraint|securityCompetition,60,7,0.116667,0,0,5,0.083333,9,0.15,0.819167,1.45,0,0,0,0
responseStyleStress,targeted:institutionalist|constructivist,pure,case_semiconductors,institutions|normsIdentity|politicalEconomy|restraint|securityCompetition,60,14,0.233333,0,0,14,0.233333,24,0.4,1.103333,2.11,0,0,0,0
responseStyleStress,targeted:institutionalist|constructivist,pure,df1,domesticFilters,72,3,0.041667,0,0,3,0.041667,4,0.055556,0.628611,3,20,0.1,20,0.1
responseStyleStress,targeted:institutionalist|constructivist,pure,in2,institutions,72,5,0.069444,0,0,3,0.041667,6,0.083333,0.356806,1.6,20,0.15,20,0.1
responseStyleStress,targeted:institutionalist|constructivist,pure,ni2,normsIdentity,72,4,0.055556,0,0,3,0.041667,7,0.097222,0.381528,1.13,20,0.15,20,0.15
responseStyleStress,targeted:institutionalist|constructivist,pure,oj1,orderJustice,72,0,0,0,0,2,0.027778,2,0.027778,0.304444,0.91,20,0.05,20,0.05
responseStyleStress,targeted:institutionalist|constructivist,pure,oj2,orderJustice,72,0,0,0,0,2,0.027778,2,0.027778,0.304444,0.91,20,0.05,20,0.05
responseStyleStress,targeted:institutionalist|constructivist,pure,pe2,politicalEconomy,72,3,0.041667,0,0,1,0.013889,3,0.041667,0.359583,1.27,20,0.05,20,0.05
responseStyleStress,targeted:institutionalist|constructivist,pure,rs2,restraint,72,0,0,2,0.027778,0,0,2,0.027778,0.217639,0.61,20,0.05,20,0.05
responseStyleStress,targeted:institutionalist|constructivist,pure,sc2,securityCompetition,72,8,0.111111,0,0,3,0.041667,10,0.138889,0.297917,0.74,20,0.2,20,0.3
responseStyleStress,targeted:institutionalist|constructivist,pure,tradeoff_intervention,domesticFilters|institutions|normsIdentity|orderJustice|restraint,60,2,0.033333,5,0.083333,4,0.066667,9,0.15,0.880667,1.82,0,0,0,0
responseStyleStress,targeted:institutionalist|constructivist,pure,v21_df_rev_04,domesticFilters,72,3,0.041667,0,0,3,0.041667,4,0.055556,0.661111,3,20,0.1,20,0.1
responseStyleStress,targeted:institutionalist|constructivist,pure,v21_in_rev_03,institutions,72,5,0.069444,0,0,3,0.041667,6,0.083333,0.356806,1.6,20,0.15,20,0.1
responseStyleStress,targeted:institutionalist|constructivist,pure,v21_ni_rev_05,normsIdentity,72,4,0.055556,0,0,3,0.041667,7,0.097222,0.381528,1.13,20,0.15,20,0.15
responseStyleStress,targeted:institutionalist|constructivist,pure,v21_pe_rev_02,politicalEconomy,72,3,0.041667,0,0,1,0.013889,3,0.041667,0.359583,1.27,20,0.05,20,0.05
responseStyleStress,targeted:institutionalist|constructivist,pure,v21_rs_rev_04,restraint,72,0,0,2,0.027778,0,0,2,0.027778,0.202778,0.61,20,0.05,20,0.05
responseStyleStress,targeted:institutionalist|constructivist,pure,v21_sc_rev_02,securityCompetition,72,8,0.111111,0,0,3,0.041667,10,0.138889,0.2775,0.74,20,0.2,20,0.3
responseStyleStress,targeted:institutionalist|criticalPoliticalEconomy,blend,an_case_rising_power_voice,domesticFilters|institutions|normsIdentity|politicalEconomy|securityCompetition,21,13,0.619048,0,0,20,0.952381,20,0.952381,0.84619,1.55,0,0,0,0
responseStyleStress,targeted:institutionalist|criticalPoliticalEconomy,blend,an_case_sanctions_alignment,domesticFilters|institutions|normsIdentity|orderJustice|politicalEconomy|restraint,21,11,0.52381,7,0.333333,8,0.380952,17,0.809524,0.739048,1.52,0,0,0,0
responseStyleStress,targeted:institutionalist|criticalPoliticalEconomy,blend,an_tradeoff_ceasefire_settlement,domesticFilters|institutions|orderJustice|politicalEconomy|restraint,21,7,0.333333,5,0.238095,12,0.571429,17,0.809524,0.82619,1.54,0,0,0,0
responseStyleStress,targeted:institutionalist|criticalPoliticalEconomy,blend,an_tradeoff_energy_alignment,domesticFilters|institutions|normsIdentity|orderJustice|politicalEconomy|restraint,21,11,0.52381,10,0.47619,8,0.380952,14,0.666667,0.76,1.68,0,0,0,0
responseStyleStress,targeted:institutionalist|criticalPoliticalEconomy,blend,an_tradeoff_tech_order,institutions|normsIdentity|orderJustice|politicalEconomy|restraint|securityCompetition,21,6,0.285714,5,0.238095,12,0.571429,16,0.761905,0.812857,1.39,0,0,0,0
responseStyleStress,targeted:institutionalist|criticalPoliticalEconomy,blend,df1,domesticFilters,25,15,0.6,0,0,10,0.4,15,0.6,0.5084,1.63,7,0.714286,7,0.857143
responseStyleStress,targeted:institutionalist|criticalPoliticalEconomy,blend,in2,institutions,25,12,0.48,0,0,6,0.24,13,0.52,0.2384,0.7,7,0.571429,7,0.428571
responseStyleStress,targeted:institutionalist|criticalPoliticalEconomy,blend,ni2,normsIdentity,25,14,0.56,0,0,13,0.52,15,0.6,0.3396,0.75,7,0.857143,7,0.714286
responseStyleStress,targeted:institutionalist|criticalPoliticalEconomy,blend,oj1,orderJustice,24,7,0.291667,0,0,9,0.375,10,0.416667,0.347917,0.87,7,0.571429,7,0.571429
responseStyleStress,targeted:institutionalist|criticalPoliticalEconomy,blend,oj2,orderJustice,26,11,0.423077,0,0,8,0.307692,9,0.346154,0.283077,0.71,7,0.571429,7,0.428571
responseStyleStress,targeted:institutionalist|criticalPoliticalEconomy,blend,pe2,politicalEconomy,24,15,0.625,0,0,12,0.5,14,0.583333,0.346667,0.93,7,0.714286,7,0.714286
responseStyleStress,targeted:institutionalist|criticalPoliticalEconomy,blend,rs2,restraint,24,12,0.5,11,0.458333,5,0.208333,14,0.583333,0.263333,0.77,7,0.571429,7,0.714286
responseStyleStress,targeted:institutionalist|criticalPoliticalEconomy,blend,sc2,securityCompetition,24,12,0.5,0,0,13,0.541667,21,0.875,0.477917,1.26,7,0.857143,7,0.857143
responseStyleStress,targeted:institutionalist|criticalPoliticalEconomy,blend,v21_df_rev_04,domesticFilters,25,18,0.72,0,0,7,0.28,11,0.44,0.4924,1.63,7,0.714286,7,0.428571
responseStyleStress,targeted:institutionalist|criticalPoliticalEconomy,blend,v21_in_rev_03,institutions,25,9,0.36,0,0,6,0.24,13,0.52,0.2524,0.7,7,0.571429,7,0.428571
responseStyleStress,targeted:institutionalist|criticalPoliticalEconomy,blend,v21_ni_rev_05,normsIdentity,24,8,0.333333,0,0,11,0.458333,14,0.583333,0.36,0.89,7,0.857143,7,0.714286
responseStyleStress,targeted:institutionalist|criticalPoliticalEconomy,blend,v21_pe_rev_02,politicalEconomy,26,15,0.576923,0,0,11,0.423077,15,0.576923,0.28,0.93,7,0.857143,7,0.571429
responseStyleStress,targeted:institutionalist|criticalPoliticalEconomy,blend,v21_rs_rev_04,restraint,25,11,0.44,7,0.28,7,0.28,12,0.48,0.2444,0.77,7,0.571429,7,0.571429
responseStyleStress,targeted:institutionalist|criticalPoliticalEconomy,blend,v21_sc_rev_02,securityCompetition,25,11,0.44,0,0,16,0.64,21,0.84,0.428,1.26,7,0.857143,7,0.714286
responseStyleStress,targeted:institutionalist|criticalPoliticalEconomy,pure,an_case_rising_power_voice,domesticFilters|institutions|normsIdentity|politicalEconomy|securityCompetition,51,25,0.490196,0,0,22,0.431373,38,0.745098,0.953529,2.03,0,0,0,0
responseStyleStress,targeted:institutionalist|criticalPoliticalEconomy,pure,an_case_sanctions_alignment,domesticFilters|institutions|normsIdentity|orderJustice|politicalEconomy|restraint,51,0,0,3,0.058824,0,0,3,0.058824,0.83902,1.54,0,0,0,0
responseStyleStress,targeted:institutionalist|criticalPoliticalEconomy,pure,an_tradeoff_ceasefire_settlement,domesticFilters|institutions|orderJustice|politicalEconomy|restraint,51,8,0.156863,0,0,12,0.235294,12,0.235294,0.755882,1.96,0,0,0,0
responseStyleStress,targeted:institutionalist|criticalPoliticalEconomy,pure,an_tradeoff_energy_alignment,domesticFilters|institutions|normsIdentity|orderJustice|politicalEconomy|restraint,51,4,0.078431,4,0.078431,8,0.156863,12,0.235294,0.90098,2.13,0,0,0,0
responseStyleStress,targeted:institutionalist|criticalPoliticalEconomy,pure,an_tradeoff_tech_order,institutions|normsIdentity|orderJustice|politicalEconomy|restraint|securityCompetition,51,10,0.196078,3,0.058824,22,0.431373,28,0.54902,0.865294,1.32,0,0,0,0
responseStyleStress,targeted:institutionalist|criticalPoliticalEconomy,pure,df1,domesticFilters,62,2,0.032258,0,0,3,0.048387,4,0.064516,0.444516,1.45,17,0.058824,17,0.058824
responseStyleStress,targeted:institutionalist|criticalPoliticalEconomy,pure,in2,institutions,62,4,0.064516,0,0,7,0.112903,8,0.129032,0.23129,0.62,17,0.117647,17,0.294118
responseStyleStress,targeted:institutionalist|criticalPoliticalEconomy,pure,ni2,normsIdentity,62,6,0.096774,0,0,5,0.080645,8,0.129032,0.37129,1.53,17,0.176471,17,0.117647
responseStyleStress,targeted:institutionalist|criticalPoliticalEconomy,pure,oj1,orderJustice,62,3,0.048387,0,0,10,0.16129,10,0.16129,0.35129,1.51,17,0.176471,17,0.294118
responseStyleStress,targeted:institutionalist|criticalPoliticalEconomy,pure,oj2,orderJustice,62,3,0.048387,0,0,10,0.16129,10,0.16129,0.35129,1.51,17,0.176471,17,0.294118
responseStyleStress,targeted:institutionalist|criticalPoliticalEconomy,pure,pe2,politicalEconomy,62,3,0.048387,0,0,1,0.016129,4,0.064516,0.312258,0.81,17,0.117647,17,0.058824
responseStyleStress,targeted:institutionalist|criticalPoliticalEconomy,pure,rs2,restraint,62,0,0,4,0.064516,1,0.016129,5,0.080645,0.243387,0.65,17,0.176471,17,0.058824
responseStyleStress,targeted:institutionalist|criticalPoliticalEconomy,pure,sc2,securityCompetition,62,10,0.16129,0,0,8,0.129032,13,0.209677,0.383548,0.89,17,0.235294,17,0.294118
responseStyleStress,targeted:institutionalist|criticalPoliticalEconomy,pure,v21_df_rev_04,domesticFilters,62,2,0.032258,0,0,3,0.048387,4,0.064516,0.474355,1.45,17,0.058824,17,0.058824
responseStyleStress,targeted:institutionalist|criticalPoliticalEconomy,pure,v21_in_rev_03,institutions,62,4,0.064516,0,0,7,0.112903,8,0.129032,0.23129,0.62,17,0.117647,17,0.294118
responseStyleStress,targeted:institutionalist|criticalPoliticalEconomy,pure,v21_ni_rev_05,normsIdentity,62,6,0.096774,0,0,5,0.080645,8,0.129032,0.37129,1.53,17,0.176471,17,0.117647
responseStyleStress,targeted:institutionalist|criticalPoliticalEconomy,pure,v21_pe_rev_02,politicalEconomy,62,3,0.048387,0,0,1,0.016129,4,0.064516,0.312258,0.81,17,0.117647,17,0.058824
responseStyleStress,targeted:institutionalist|criticalPoliticalEconomy,pure,v21_rs_rev_04,restraint,62,0,0,4,0.064516,1,0.016129,5,0.080645,0.228871,0.65,17,0.176471,17,0.058824
responseStyleStress,targeted:institutionalist|criticalPoliticalEconomy,pure,v21_sc_rev_02,securityCompetition,62,10,0.16129,0,0,8,0.129032,13,0.209677,0.360161,0.89,17,0.235294,17,0.294118
responseStyleStress,targeted:realist|constructivist,blend,an_case_burdens,domesticFilters|institutions|normsIdentity|restraint|securityCompetition,33,20,0.606061,2,0.060606,8,0.242424,25,0.757576,0.757576,1.59,0,0,0,0
responseStyleStress,targeted:realist|constructivist,blend,an_case_middle_power,domesticFilters|institutions|normsIdentity|politicalEconomy|restraint|securityCompetition,33,13,0.393939,1,0.030303,9,0.272727,16,0.484848,0.662121,1.09,0,0,0,0
responseStyleStress,targeted:realist|constructivist,blend,an_tradeoff_legitimacy,domesticFilters|institutions|normsIdentity|politicalEconomy|securityCompetition,33,27,0.818182,0,0,17,0.515152,28,0.848485,0.705455,1.27,0,0,0,0
responseStyleStress,targeted:realist|constructivist,blend,an_tradeoff_parallel_order,domesticFilters|institutions|normsIdentity|orderJustice|politicalEconomy|securityCompetition,33,20,0.606061,0,0,8,0.242424,28,0.848485,0.825152,2.12,0,0,0,0
responseStyleStress,targeted:realist|constructivist,blend,an_tradeoff_rival,domesticFilters|institutions|normsIdentity|securityCompetition,33,25,0.757576,0,0,25,0.757576,29,0.878788,0.77303,1.28,0,0,0,0
responseStyleStress,targeted:realist|constructivist,blend,df1,domesticFilters,40,17,0.425,0,0,6,0.15,17,0.425,0.3205,0.87,11,0.545455,11,0.545455
responseStyleStress,targeted:realist|constructivist,blend,in2,institutions,41,16,0.390244,0,0,5,0.121951,13,0.317073,0.172195,0.4,11,0.363636,11,0.181818
responseStyleStress,targeted:realist|constructivist,blend,ni2,normsIdentity,41,23,0.560976,0,0,14,0.341463,25,0.609756,0.233902,0.53,11,0.545455,11,0.545455
responseStyleStress,targeted:realist|constructivist,blend,oj1,orderJustice,41,11,0.268293,0,0,8,0.195122,13,0.317073,0.658049,2.5,11,0.272727,11,0.454545
responseStyleStress,targeted:realist|constructivist,blend,oj2,orderJustice,41,10,0.243902,0,0,8,0.195122,13,0.317073,0.680976,2.5,11,0.272727,11,0.454545
responseStyleStress,targeted:realist|constructivist,blend,pe2,politicalEconomy,41,25,0.609756,0,0,8,0.195122,24,0.585366,0.421951,1.21,11,0.636364,11,0.545455
responseStyleStress,targeted:realist|constructivist,blend,rs2,restraint,40,11,0.275,5,0.125,0,0,7,0.175,0.344,0.67,11,0.181818,11,0.181818
responseStyleStress,targeted:realist|constructivist,blend,sc2,securityCompetition,41,20,0.487805,0,0,10,0.243902,30,0.731707,0.260732,0.68,11,0.818182,11,0.727273
responseStyleStress,targeted:realist|constructivist,blend,v21_df_rev_04,domesticFilters,40,21,0.525,0,0,6,0.15,19,0.475,0.331,0.87,11,0.545455,11,0.636364
responseStyleStress,targeted:realist|constructivist,blend,v21_in_rev_03,institutions,42,13,0.309524,0,0,4,0.095238,12,0.285714,0.16119,0.39,11,0.272727,11,0.181818
responseStyleStress,targeted:realist|constructivist,blend,v21_ni_rev_05,normsIdentity,41,25,0.609756,0,0,15,0.365854,23,0.560976,0.246098,0.66,11,0.454545,11,0.454545
responseStyleStress,targeted:realist|constructivist,blend,v21_pe_rev_02,politicalEconomy,41,24,0.585366,0,0,8,0.195122,25,0.609756,0.414634,1.21,11,0.636364,11,0.636364
responseStyleStress,targeted:realist|constructivist,blend,v21_rs_rev_04,restraint,42,18,0.428571,7,0.166667,1,0.02381,10,0.238095,0.343571,1.06,11,0.272727,11,0.272727
responseStyleStress,targeted:realist|constructivist,blend,v21_sc_rev_02,securityCompetition,42,18,0.428571,0,0,13,0.309524,30,0.714286,0.234524,0.56,11,0.727273,11,0.727273
responseStyleStress,targeted:realist|constructivist,pure,an_case_burdens,domesticFilters|institutions|normsIdentity|restraint|securityCompetition,39,10,0.25641,7,0.179487,18,0.461538,19,0.487179,0.779487,1.7,0,0,0,0
responseStyleStress,targeted:realist|constructivist,pure,an_case_middle_power,domesticFilters|institutions|normsIdentity|politicalEconomy|restraint|securityCompetition,39,3,0.076923,2,0.051282,16,0.410256,18,0.461538,0.844103,1.86,0,0,0,0
responseStyleStress,targeted:realist|constructivist,pure,an_tradeoff_legitimacy,domesticFilters|institutions|normsIdentity|politicalEconomy|securityCompetition,39,23,0.589744,0,0,22,0.564103,32,0.820513,0.842051,1.66,0,0,0,0
responseStyleStress,targeted:realist|constructivist,pure,an_tradeoff_parallel_order,domesticFilters|institutions|normsIdentity|orderJustice|politicalEconomy|securityCompetition,39,21,0.538462,0,0,26,0.666667,33,0.846154,0.863846,2.6,0,0,0,0
responseStyleStress,targeted:realist|constructivist,pure,an_tradeoff_rival,domesticFilters|institutions|normsIdentity|securityCompetition,39,24,0.615385,0,0,21,0.538462,33,0.846154,0.808462,1.43,0,0,0,0
responseStyleStress,targeted:realist|constructivist,pure,df1,domesticFilters,46,2,0.043478,0,0,14,0.304348,14,0.304348,0.370652,1.4,13,0.230769,13,0.230769
responseStyleStress,targeted:realist|constructivist,pure,in2,institutions,46,6,0.130435,0,0,14,0.304348,17,0.369565,0.192391,0.48,13,0.461538,13,0.230769
responseStyleStress,targeted:realist|constructivist,pure,ni2,normsIdentity,46,19,0.413043,0,0,16,0.347826,29,0.630435,0.274783,0.71,13,0.769231,13,0.615385
responseStyleStress,targeted:realist|constructivist,pure,oj1,orderJustice,46,2,0.043478,0,0,13,0.282609,13,0.282609,0.715652,3,13,0.230769,13,0.307692
responseStyleStress,targeted:realist|constructivist,pure,oj2,orderJustice,46,2,0.043478,0,0,13,0.282609,13,0.282609,0.715652,3,13,0.230769,13,0.307692
responseStyleStress,targeted:realist|constructivist,pure,pe2,politicalEconomy,46,4,0.086957,0,0,13,0.282609,13,0.282609,0.43087,1.33,13,0.307692,13,0.307692
responseStyleStress,targeted:realist|constructivist,pure,rs2,restraint,46,1,0.021739,13,0.282609,10,0.217391,23,0.5,0.443043,1.27,13,0.692308,13,0.692308
responseStyleStress,targeted:realist|constructivist,pure,sc2,securityCompetition,46,13,0.282609,0,0,26,0.565217,28,0.608696,0.368043,1.02,13,0.769231,13,0.769231
responseStyleStress,targeted:realist|constructivist,pure,v21_df_rev_04,domesticFilters,46,2,0.043478,0,0,18,0.391304,18,0.391304,0.404783,1.4,13,0.384615,13,0.384615
responseStyleStress,targeted:realist|constructivist,pure,v21_in_rev_03,institutions,46,6,0.130435,0,0,14,0.304348,17,0.369565,0.192391,0.48,13,0.461538,13,0.230769
responseStyleStress,targeted:realist|constructivist,pure,v21_ni_rev_05,normsIdentity,46,19,0.413043,0,0,16,0.347826,29,0.630435,0.274783,0.71,13,0.769231,13,0.615385
responseStyleStress,targeted:realist|constructivist,pure,v21_pe_rev_02,politicalEconomy,46,4,0.086957,0,0,13,0.282609,13,0.282609,0.43087,1.33,13,0.307692,13,0.307692
responseStyleStress,targeted:realist|constructivist,pure,v21_rs_rev_04,restraint,46,1,0.021739,11,0.23913,8,0.173913,19,0.413043,0.411957,1.27,13,0.538462,13,0.538462
responseStyleStress,targeted:realist|constructivist,pure,v21_sc_rev_02,securityCompetition,46,12,0.26087,0,0,25,0.543478,27,0.586957,0.34087,1.02,13,0.769231,13,0.692308
responseStyleStress,targeted:realist|criticalPoliticalEconomy,blend,an_case_middle_power,domesticFilters|institutions|normsIdentity|politicalEconomy|restraint|securityCompetition,24,17,0.708333,7,0.291667,14,0.583333,21,0.875,0.772083,1.58,0,0,0,0
responseStyleStress,targeted:realist|criticalPoliticalEconomy,blend,an_tradeoff_energy_alignment,domesticFilters|institutions|normsIdentity|orderJustice|politicalEconomy|restraint,24,10,0.416667,3,0.125,16,0.666667,18,0.75,0.79625,2.26,0,0,0,0
responseStyleStress,targeted:realist|criticalPoliticalEconomy,blend,an_tradeoff_legitimacy,domesticFilters|institutions|normsIdentity|politicalEconomy|securityCompetition,24,16,0.666667,0,0,18,0.75,20,0.833333,0.90375,1.76,0,0,0,0
responseStyleStress,targeted:realist|criticalPoliticalEconomy,blend,df1,domesticFilters,29,15,0.517241,0,0,12,0.413793,14,0.482759,0.344828,1.43,8,0.625,8,0.375
responseStyleStress,targeted:realist|criticalPoliticalEconomy,blend,in2,institutions,29,13,0.448276,0,0,10,0.344828,17,0.586207,0.237241,0.58,8,0.625,8,0.625
responseStyleStress,targeted:realist|criticalPoliticalEconomy,blend,ni2,normsIdentity,29,13,0.448276,0,0,10,0.344828,17,0.586207,0.374483,0.98,8,0.75,8,0.625
responseStyleStress,targeted:realist|criticalPoliticalEconomy,blend,oj1,orderJustice,28,11,0.392857,0,0,8,0.285714,11,0.392857,0.76,2.5,8,0.625,8,0.375
responseStyleStress,targeted:realist|criticalPoliticalEconomy,blend,oj2,orderJustice,29,12,0.413793,0,0,11,0.37931,12,0.413793,0.77,2.5,8,0.625,8,0.5
responseStyleStress,targeted:realist|criticalPoliticalEconomy,blend,pe2,politicalEconomy,28,11,0.392857,0,0,14,0.5,18,0.642857,0.253929,0.81,8,0.75,8,0.625
responseStyleStress,targeted:realist|criticalPoliticalEconomy,blend,rs2,restraint,30,8,0.266667,6,0.2,3,0.1,8,0.266667,0.207,0.6,8,0.5,8,0.125
responseStyleStress,targeted:realist|criticalPoliticalEconomy,blend,sc2,securityCompetition,29,11,0.37931,0,0,17,0.586207,19,0.655172,0.390345,0.89,8,0.875,8,0.875
responseStyleStress,targeted:realist|criticalPoliticalEconomy,blend,tradeoff_interdependence,domesticFilters|institutions|politicalEconomy|restraint|securityCompetition,24,17,0.708333,3,0.125,16,0.666667,20,0.833333,0.777917,1.31,0,0,0,0
responseStyleStress,targeted:realist|criticalPoliticalEconomy,blend,tradeoff_strategy,domesticFilters|politicalEconomy|restraint|securityCompetition,24,10,0.416667,9,0.375,14,0.583333,17,0.708333,0.62875,1.26,0,0,0,0
responseStyleStress,targeted:realist|criticalPoliticalEconomy,blend,v21_df_rev_04,domesticFilters,29,15,0.517241,0,0,15,0.517241,17,0.586207,0.380345,1.43,8,0.875,8,0.625
responseStyleStress,targeted:realist|criticalPoliticalEconomy,blend,v21_in_rev_03,institutions,30,11,0.366667,0,0,9,0.3,14,0.466667,0.176667,0.53,8,0.375,8,0.375
responseStyleStress,targeted:realist|criticalPoliticalEconomy,blend,v21_ni_rev_05,normsIdentity,29,15,0.517241,0,0,14,0.482759,19,0.655172,0.36069,0.98,8,0.875,8,0.625
responseStyleStress,targeted:realist|criticalPoliticalEconomy,blend,v21_pe_rev_02,politicalEconomy,29,14,0.482759,0,0,19,0.655172,21,0.724138,0.253103,0.81,8,0.875,8,0.75
responseStyleStress,targeted:realist|criticalPoliticalEconomy,blend,v21_rs_rev_04,restraint,30,9,0.3,4,0.133333,3,0.1,6,0.2,0.157333,0.6,8,0.25,8,0.125
responseStyleStress,targeted:realist|criticalPoliticalEconomy,blend,v21_sc_rev_02,securityCompetition,28,10,0.357143,0,0,13,0.464286,14,0.5,0.366786,1.24,8,0.625,8,0.625
responseStyleStress,targeted:realist|criticalPoliticalEconomy,pure,an_case_middle_power,domesticFilters|institutions|normsIdentity|politicalEconomy|restraint|securityCompetition,48,5,0.104167,0,0,12,0.25,13,0.270833,0.692083,1.68,0,0,0,0
responseStyleStress,targeted:realist|criticalPoliticalEconomy,pure,an_tradeoff_energy_alignment,domesticFilters|institutions|normsIdentity|orderJustice|politicalEconomy|restraint,48,13,0.270833,5,0.104167,16,0.333333,26,0.541667,1.197917,3.39,0,0,0,0
responseStyleStress,targeted:realist|criticalPoliticalEconomy,pure,an_tradeoff_legitimacy,domesticFilters|institutions|normsIdentity|politicalEconomy|securityCompetition,48,11,0.229167,0,0,8,0.166667,15,0.3125,0.99125,1.83,0,0,0,0
responseStyleStress,targeted:realist|criticalPoliticalEconomy,pure,df1,domesticFilters,58,1,0.017241,0,0,5,0.086207,5,0.086207,0.389138,1.03,16,0.125,16,0.0625
responseStyleStress,targeted:realist|criticalPoliticalEconomy,pure,in2,institutions,58,4,0.068966,0,0,9,0.155172,11,0.189655,0.242414,0.75,16,0.25,16,0.1875
responseStyleStress,targeted:realist|criticalPoliticalEconomy,pure,ni2,normsIdentity,58,11,0.189655,0,0,6,0.103448,11,0.189655,0.401034,1.25,16,0.1875,16,0.125
responseStyleStress,targeted:realist|criticalPoliticalEconomy,pure,oj1,orderJustice,58,2,0.034483,0,0,8,0.137931,8,0.137931,0.686379,3,16,0.125,16,0.3125
responseStyleStress,targeted:realist|criticalPoliticalEconomy,pure,oj2,orderJustice,58,2,0.034483,0,0,8,0.137931,8,0.137931,0.686379,3,16,0.125,16,0.3125
responseStyleStress,targeted:realist|criticalPoliticalEconomy,pure,pe2,politicalEconomy,58,2,0.034483,0,0,11,0.189655,11,0.189655,0.298793,0.72,16,0.125,16,0.25
responseStyleStress,targeted:realist|criticalPoliticalEconomy,pure,rs2,restraint,58,0,0,2,0.034483,5,0.086207,7,0.12069,0.248621,0.63,16,0.1875,16,0.1875
responseStyleStress,targeted:realist|criticalPoliticalEconomy,pure,sc2,securityCompetition,58,15,0.258621,0,0,17,0.293103,23,0.396552,0.369655,1.34,16,0.5625,16,0.4375
responseStyleStress,targeted:realist|criticalPoliticalEconomy,pure,tradeoff_interdependence,domesticFilters|institutions|politicalEconomy|restraint|securityCompetition,48,20,0.416667,0,0,27,0.5625,33,0.6875,0.745,1.57,0,0,0,0
responseStyleStress,targeted:realist|criticalPoliticalEconomy,pure,tradeoff_strategy,domesticFilters|politicalEconomy|restraint|securityCompetition,48,14,0.291667,8,0.166667,10,0.208333,18,0.375,0.72,1.87,0,0,0,0
responseStyleStress,targeted:realist|criticalPoliticalEconomy,pure,v21_df_rev_04,domesticFilters,58,1,0.017241,0,0,5,0.086207,5,0.086207,0.406207,1.03,16,0.125,16,0.0625
responseStyleStress,targeted:realist|criticalPoliticalEconomy,pure,v21_in_rev_03,institutions,58,4,0.068966,0,0,9,0.155172,11,0.189655,0.242414,0.75,16,0.25,16,0.1875
responseStyleStress,targeted:realist|criticalPoliticalEconomy,pure,v21_ni_rev_05,normsIdentity,58,11,0.189655,0,0,6,0.103448,11,0.189655,0.401034,1.25,16,0.1875,16,0.125
responseStyleStress,targeted:realist|criticalPoliticalEconomy,pure,v21_pe_rev_02,politicalEconomy,58,2,0.034483,0,0,11,0.189655,11,0.189655,0.298793,0.72,16,0.125,16,0.25
responseStyleStress,targeted:realist|criticalPoliticalEconomy,pure,v21_rs_rev_04,restraint,58,0,0,2,0.034483,3,0.051724,5,0.086207,0.237414,0.63,16,0.125,16,0.125
responseStyleStress,targeted:realist|criticalPoliticalEconomy,pure,v21_sc_rev_02,securityCompetition,58,15,0.258621,0,0,16,0.275862,22,0.37931,0.352241,1.34,16,0.5,16,0.4375
responseStyleStress,targeted:realist|institutionalist,blend,an_case_digital_stack,institutions|normsIdentity|politicalEconomy|restraint|securityCompetition,27,24,0.888889,4,0.148148,16,0.592593,20,0.740741,0.827778,1.35,0,0,0,0
responseStyleStress,targeted:realist|institutionalist,blend,an_case_rising_power_voice,domesticFilters|institutions|normsIdentity|politicalEconomy|securityCompetition,27,9,0.333333,0,0,17,0.62963,18,0.666667,0.71,1.02,0,0,0,0
responseStyleStress,targeted:realist|institutionalist,blend,an_tradeoff_evidence,domesticFilters|institutions|normsIdentity|restraint|securityCompetition,27,16,0.592593,0,0,19,0.703704,26,0.962963,0.758519,1.39,0,0,0,0
responseStyleStress,targeted:realist|institutionalist,blend,an_tradeoff_parallel_order,domesticFilters|institutions|normsIdentity|orderJustice|politicalEconomy|securityCompetition,27,15,0.555556,0,0,15,0.555556,15,0.555556,0.973333,2.16,0,0,0,0
responseStyleStress,targeted:realist|institutionalist,blend,an_tradeoff_rival,domesticFilters|institutions|normsIdentity|securityCompetition,27,8,0.296296,0,0,19,0.703704,26,0.962963,0.681481,1.2,0,0,0,0
responseStyleStress,targeted:realist|institutionalist,blend,df1,domesticFilters,32,10,0.3125,0,0,9,0.28125,9,0.28125,0.3425,1.18,9,0.333333,9,0.555556
responseStyleStress,targeted:realist|institutionalist,blend,in2,institutions,31,15,0.483871,0,0,13,0.419355,15,0.483871,0.215161,0.62,9,0.666667,9,0.666667
responseStyleStress,targeted:realist|institutionalist,blend,ni2,normsIdentity,31,20,0.645161,0,0,13,0.419355,19,0.612903,0.201613,0.55,9,0.555556,9,0.666667
responseStyleStress,targeted:realist|institutionalist,blend,oj1,orderJustice,31,16,0.516129,0,0,11,0.354839,11,0.354839,0.975484,3,9,0.666667,9,0.444444
responseStyleStress,targeted:realist|institutionalist,blend,oj2,orderJustice,30,11,0.366667,0,0,12,0.4,12,0.4,1.041333,3,9,0.666667,9,0.555556
responseStyleStress,targeted:realist|institutionalist,blend,pe2,politicalEconomy,31,9,0.290323,0,0,14,0.451613,14,0.451613,0.46,1.53,9,0.666667,9,0.555556
responseStyleStress,targeted:realist|institutionalist,blend,rs2,restraint,31,8,0.258065,7,0.225806,0,0,9,0.290323,0.470968,1.37,9,0.333333,9,0.555556
responseStyleStress,targeted:realist|institutionalist,blend,sc2,securityCompetition,32,11,0.34375,0,0,14,0.4375,15,0.46875,0.25875,0.55,9,0.444444,9,0.666667
responseStyleStress,targeted:realist|institutionalist,blend,v21_df_rev_04,domesticFilters,32,11,0.34375,0,0,9,0.28125,9,0.28125,0.350938,1.18,9,0.444444,9,0.444444
responseStyleStress,targeted:realist|institutionalist,blend,v21_in_rev_03,institutions,29,18,0.62069,0,0,15,0.517241,18,0.62069,0.278966,0.65,9,1,9,0.666667
responseStyleStress,targeted:realist|institutionalist,blend,v21_ni_rev_05,normsIdentity,31,21,0.677419,0,0,14,0.451613,20,0.645161,0.219355,0.49,9,0.555556,9,0.666667
responseStyleStress,targeted:realist|institutionalist,blend,v21_pe_rev_02,politicalEconomy,30,6,0.2,0,0,15,0.5,15,0.5,0.534333,1.53,9,0.666667,9,0.666667
responseStyleStress,targeted:realist|institutionalist,blend,v21_rs_rev_04,restraint,32,10,0.3125,3,0.09375,1,0.03125,6,0.1875,0.429375,1.37,9,0.222222,9,0.333333
responseStyleStress,targeted:realist|institutionalist,blend,v21_sc_rev_02,securityCompetition,32,8,0.25,0,0,14,0.4375,15,0.46875,0.244688,0.55,9,0.444444,9,0.666667
responseStyleStress,targeted:realist|institutionalist,pure,an_case_digital_stack,institutions|normsIdentity|politicalEconomy|restraint|securityCompetition,45,15,0.333333,5,0.111111,19,0.422222,27,0.6,0.810444,1.47,0,0,0,0
responseStyleStress,targeted:realist|institutionalist,pure,an_case_rising_power_voice,domesticFilters|institutions|normsIdentity|politicalEconomy|securityCompetition,45,4,0.088889,0,0,4,0.088889,6,0.133333,0.799111,1.64,0,0,0,0
responseStyleStress,targeted:realist|institutionalist,pure,an_tradeoff_evidence,domesticFilters|institutions|normsIdentity|restraint|securityCompetition,45,22,0.488889,2,0.044444,16,0.355556,29,0.644444,0.864222,1.92,0,0,0,0
responseStyleStress,targeted:realist|institutionalist,pure,an_tradeoff_parallel_order,domesticFilters|institutions|normsIdentity|orderJustice|politicalEconomy|securityCompetition,45,13,0.288889,0,0,13,0.288889,18,0.4,1.076444,2.96,0,0,0,0
responseStyleStress,targeted:realist|institutionalist,pure,an_tradeoff_rival,domesticFilters|institutions|normsIdentity|securityCompetition,45,14,0.311111,0,0,10,0.222222,18,0.4,0.743111,1.27,0,0,0,0
responseStyleStress,targeted:realist|institutionalist,pure,df1,domesticFilters,56,2,0.035714,0,0,8,0.142857,10,0.178571,0.448036,1.82,15,0.133333,15,0.133333
responseStyleStress,targeted:realist|institutionalist,pure,in2,institutions,56,5,0.089286,0,0,14,0.25,16,0.285714,0.216786,0.52,15,0.333333,15,0.333333
responseStyleStress,targeted:realist|institutionalist,pure,ni2,normsIdentity,56,8,0.142857,0,0,11,0.196429,15,0.267857,0.230714,0.85,15,0.266667,15,0.266667
responseStyleStress,targeted:realist|institutionalist,pure,oj1,orderJustice,56,2,0.035714,0,0,9,0.160714,10,0.178571,0.623571,2.12,15,0.133333,15,0.266667
responseStyleStress,targeted:realist|institutionalist,pure,oj2,orderJustice,56,2,0.035714,0,0,9,0.160714,10,0.178571,0.623571,2.12,15,0.133333,15,0.266667
responseStyleStress,targeted:realist|institutionalist,pure,pe2,politicalEconomy,56,5,0.089286,0,0,9,0.160714,10,0.178571,0.379107,1,15,0.266667,15,0.066667
responseStyleStress,targeted:realist|institutionalist,pure,rs2,restraint,56,1,0.017857,11,0.196429,8,0.142857,19,0.339286,0.424464,1.17,15,0.4,15,0.466667
responseStyleStress,targeted:realist|institutionalist,pure,sc2,securityCompetition,56,2,0.035714,0,0,7,0.125,7,0.125,0.240179,0.65,15,0.133333,15,0.066667
responseStyleStress,targeted:realist|institutionalist,pure,v21_df_rev_04,domesticFilters,56,3,0.053571,0,0,11,0.196429,13,0.232143,0.485179,1.82,15,0.266667,15,0.2
responseStyleStress,targeted:realist|institutionalist,pure,v21_in_rev_03,institutions,56,5,0.089286,0,0,14,0.25,16,0.285714,0.216786,0.52,15,0.333333,15,0.333333
responseStyleStress,targeted:realist|institutionalist,pure,v21_ni_rev_05,normsIdentity,56,8,0.142857,0,0,11,0.196429,15,0.267857,0.230714,0.85,15,0.266667,15,0.266667
responseStyleStress,targeted:realist|institutionalist,pure,v21_pe_rev_02,politicalEconomy,56,5,0.089286,0,0,9,0.160714,10,0.178571,0.379107,1,15,0.266667,15,0.066667
responseStyleStress,targeted:realist|institutionalist,pure,v21_rs_rev_04,restraint,56,1,0.017857,9,0.160714,7,0.125,16,0.285714,0.392679,1.17,15,0.266667,15,0.4
responseStyleStress,targeted:realist|institutionalist,pure,v21_sc_rev_02,securityCompetition,56,2,0.035714,0,0,7,0.125,7,0.125,0.224464,0.65,15,0.133333,15,0.066667
uniform,core,blend,df1,domesticFilters,232,78,0.336207,0,0,52,0.224138,74,0.318966,0.793103,3,62,0.403226,62,0.370968
uniform,core,blend,in2,institutions,235,80,0.340426,0,0,99,0.421277,122,0.519149,0.72766,3,62,0.612903,62,0.532258
uniform,core,blend,ni2,normsIdentity,236,90,0.381356,0,0,92,0.389831,115,0.487288,0.777542,3,62,0.612903,62,0.516129
uniform,core,blend,oj1,orderJustice,230,58,0.252174,0,0,57,0.247826,76,0.330435,0.832609,3,62,0.5,62,0.403226
uniform,core,blend,oj2,orderJustice,231,50,0.21645,0,0,51,0.220779,63,0.272727,0.787879,3,62,0.419355,62,0.322581
uniform,core,blend,pe2,politicalEconomy,232,63,0.271552,0,0,68,0.293103,100,0.431034,0.803879,3,62,0.564516,62,0.5
uniform,core,blend,rs2,restraint,226,53,0.234513,71,0.314159,48,0.212389,108,0.477876,0.882743,3,62,0.596774,62,0.564516
uniform,core,blend,sc2,securityCompetition,226,90,0.39823,0,0,97,0.429204,125,0.553097,0.865044,3,62,0.693548,62,0.580645
uniform,core,blend,v21_df_rev_04,domesticFilters,228,57,0.25,0,0,73,0.320175,87,0.381579,0.813596,3,62,0.548387,62,0.467742
uniform,core,blend,v21_in_rev_03,institutions,233,91,0.390558,0,0,101,0.433476,124,0.532189,0.76824,3,62,0.564516,62,0.629032
uniform,core,blend,v21_ni_rev_05,normsIdentity,233,81,0.347639,0,0,102,0.437768,116,0.497854,0.781116,3,62,0.629032,62,0.532258
uniform,core,blend,v21_pe_rev_02,politicalEconomy,231,71,0.307359,0,0,62,0.268398,87,0.376623,0.787879,3,62,0.467742,62,0.403226
uniform,core,blend,v21_rs_rev_04,restraint,228,54,0.236842,49,0.214912,47,0.20614,97,0.425439,0.861842,3,62,0.564516,62,0.419355
uniform,core,blend,v21_sc_rev_02,securityCompetition,229,72,0.31441,0,0,96,0.419214,119,0.519651,0.816594,3,62,0.629032,62,0.532258
uniform,core,pure,df1,domesticFilters,900,22,0.024444,0,0,90,0.1,94,0.104444,0.713889,3,238,0.134454,238,0.130252
uniform,core,pure,in2,institutions,878,53,0.060364,0,0,125,0.142369,145,0.165148,0.751708,3,238,0.222689,238,0.189076
uniform,core,pure,ni2,normsIdentity,875,74,0.084571,0,0,132,0.150857,162,0.185143,0.833714,3,238,0.222689,238,0.222689
uniform,core,pure,oj1,orderJustice,876,15,0.017123,0,0,78,0.089041,80,0.091324,0.805365,3,238,0.138655,238,0.113445
uniform,core,pure,oj2,orderJustice,878,13,0.014806,0,0,64,0.072893,66,0.075171,0.791572,3,238,0.121849,238,0.088235
uniform,core,pure,pe2,politicalEconomy,882,38,0.043084,0,0,98,0.111111,111,0.12585,0.762472,3,238,0.180672,238,0.147059
uniform,core,pure,rs2,restraint,873,3,0.003436,158,0.180985,50,0.057274,194,0.222222,0.786942,3,238,0.273109,238,0.273109
uniform,core,pure,sc2,securityCompetition,881,90,0.102157,0,0,134,0.1521,178,0.202043,0.794552,3,238,0.294118,238,0.226891
uniform,core,pure,v21_df_rev_04,domesticFilters,883,20,0.02265,0,0,96,0.10872,98,0.110985,0.733862,3,238,0.151261,238,0.117647
uniform,core,pure,v21_in_rev_03,institutions,890,53,0.059551,0,0,131,0.147191,151,0.169663,0.733146,3,238,0.214286,238,0.193277
uniform,core,pure,v21_ni_rev_05,normsIdentity,879,112,0.127418,0,0,158,0.17975,212,0.241183,0.818544,3,238,0.336134,238,0.298319
uniform,core,pure,v21_pe_rev_02,politicalEconomy,892,31,0.034753,0,0,90,0.100897,102,0.11435,0.762892,3,238,0.168067,238,0.130252
uniform,core,pure,v21_rs_rev_04,restraint,885,2,0.00226,179,0.20226,48,0.054237,210,0.237288,0.772316,3,238,0.310924,238,0.310924
uniform,core,pure,v21_sc_rev_02,securityCompetition,888,83,0.093468,0,0,128,0.144144,167,0.188063,0.782095,3,238,0.239496,238,0.235294
uniform,fullExtended,blend,an_case_burdens,domesticFilters|institutions|normsIdentity|restraint|securityCompetition,114,42,0.368421,16,0.140351,43,0.377193,63,0.552632,0.205088,0.33,0,0,0,0
uniform,fullExtended,blend,an_case_digital_stack,institutions|normsIdentity|politicalEconomy|restraint|securityCompetition,114,41,0.359649,4,0.035088,51,0.447368,71,0.622807,0.220702,0.33,0,0,0,0
uniform,fullExtended,blend,an_case_finance,domesticFilters|institutions|politicalEconomy|restraint,114,44,0.385965,1,0.008772,45,0.394737,53,0.464912,0.208772,0.32,0,0,0,0
uniform,fullExtended,blend,an_case_green_finance,domesticFilters|institutions|normsIdentity|orderJustice|politicalEconomy,114,36,0.315789,0,0,39,0.342105,43,0.377193,0.223421,0.41,0,0,0,0
uniform,fullExtended,blend,an_case_intervention_memory,domesticFilters|institutions|normsIdentity|orderJustice|restraint,114,28,0.245614,11,0.096491,23,0.201754,32,0.280702,0.237719,0.46,0,0,0,0
uniform,fullExtended,blend,an_case_maritime_crisis,domesticFilters|institutions|restraint|securityCompetition,114,41,0.359649,11,0.096491,41,0.359649,52,0.45614,0.210526,0.39,0,0,0,0
uniform,fullExtended,blend,an_case_middle_power,domesticFilters|institutions|normsIdentity|politicalEconomy|restraint|securityCompetition,114,38,0.333333,5,0.04386,44,0.385965,55,0.482456,0.180877,0.31,0,0,0,0
uniform,fullExtended,blend,an_case_rising_power_voice,domesticFilters|institutions|normsIdentity|politicalEconomy|securityCompetition,114,62,0.54386,0,0,56,0.491228,73,0.640351,0.235526,0.41,0,0,0,0
uniform,fullExtended,blend,an_case_sanctions_alignment,domesticFilters|institutions|normsIdentity|orderJustice|politicalEconomy|restraint,114,45,0.394737,7,0.061404,17,0.149123,29,0.254386,0.234211,0.46,0,0,0,0
uniform,fullExtended,blend,an_in3,institutions,70,18,0.257143,0,0,9,0.128571,10,0.142857,0.039571,0.05,0,0,0,0
uniform,fullExtended,blend,an_in4,institutions,63,14,0.222222,0,0,10,0.15873,11,0.174603,0.04,0.05,0,0,0,0
uniform,fullExtended,blend,an_ni3,normsIdentity,65,14,0.215385,0,0,14,0.215385,16,0.246154,0.068308,0.09,0,0,0,0
uniform,fullExtended,blend,an_oj3,orderJustice,65,6,0.092308,0,0,5,0.076923,5,0.076923,0.091385,0.1,0,0,0,0
uniform,fullExtended,blend,an_pe3,politicalEconomy,64,8,0.125,0,0,13,0.203125,13,0.203125,0.063281,0.09,0,0,0,0
uniform,fullExtended,blend,an_pe4,politicalEconomy,63,9,0.142857,0,0,11,0.174603,11,0.174603,0.063492,0.09,0,0,0,0
uniform,fullExtended,blend,an_sc3,securityCompetition,65,13,0.2,0,0,9,0.138462,12,0.184615,0.052769,0.08,0,0,0,0
uniform,fullExtended,blend,an_sc4,securityCompetition,65,12,0.184615,0,0,11,0.169231,13,0.2,0.052308,0.07,0,0,0,0
uniform,fullExtended,blend,an_tradeoff_ceasefire_settlement,domesticFilters|institutions|orderJustice|politicalEconomy|restraint,114,38,0.333333,10,0.087719,27,0.236842,41,0.359649,0.248509,0.42,0,0,0,0
uniform,fullExtended,blend,an_tradeoff_energy_alignment,domesticFilters|institutions|normsIdentity|orderJustice|politicalEconomy|restraint,114,28,0.245614,4,0.035088,18,0.157895,30,0.263158,0.226667,0.53,0,0,0,0
uniform,fullExtended,blend,an_tradeoff_evidence,domesticFilters|institutions|normsIdentity|restraint|securityCompetition,114,55,0.482456,5,0.04386,55,0.482456,68,0.596491,0.25193,0.42,0,0,0,0
uniform,fullExtended,blend,an_tradeoff_legitimacy,domesticFilters|institutions|normsIdentity|politicalEconomy|securityCompetition,114,58,0.508772,0,0,59,0.517544,74,0.649123,0.259561,0.47,0,0,0,0
uniform,fullExtended,blend,an_tradeoff_parallel_order,domesticFilters|institutions|normsIdentity|orderJustice|politicalEconomy|securityCompetition,114,36,0.315789,0,0,47,0.412281,56,0.491228,0.242281,0.42,0,0,0,0
uniform,fullExtended,blend,an_tradeoff_rival,domesticFilters|institutions|normsIdentity|securityCompetition,114,53,0.464912,0,0,55,0.482456,71,0.622807,0.262281,0.45,0,0,0,0
uniform,fullExtended,blend,an_tradeoff_tech_order,institutions|normsIdentity|orderJustice|politicalEconomy|restraint|securityCompetition,114,49,0.429825,5,0.04386,44,0.385965,61,0.535088,0.237193,0.43,0,0,0,0
uniform,fullExtended,blend,case_protection,domesticFilters|institutions|normsIdentity|orderJustice|restraint,114,22,0.192982,10,0.087719,28,0.245614,36,0.315789,0.281754,0.56,0,0,0,0
uniform,fullExtended,blend,case_semiconductors,institutions|normsIdentity|politicalEconomy|restraint|securityCompetition,114,58,0.508772,4,0.035088,68,0.596491,81,0.710526,0.275702,0.54,0,0,0,0
uniform,fullExtended,blend,df1,domesticFilters,144,23,0.159722,0,0,30,0.208333,33,0.229167,0.107431,0.35,38,0.315789,38,0.315789
uniform,fullExtended,blend,df2,domesticFilters,66,12,0.181818,0,0,10,0.151515,10,0.151515,0.076364,0.1,0,0,0,0
uniform,fullExtended,blend,in1,institutions,69,16,0.231884,0,0,8,0.115942,9,0.130435,0.03942,0.05,0,0,0,0
uniform,fullExtended,blend,in2,institutions,143,35,0.244755,0,0,34,0.237762,39,0.272727,0.056294,0.16,38,0.368421,38,0.368421
uniform,fullExtended,blend,ni1,normsIdentity,65,15,0.230769,0,0,11,0.169231,13,0.2,0.068923,0.09,0,0,0,0
uniform,fullExtended,blend,ni2,normsIdentity,140,37,0.264286,0,0,41,0.292857,52,0.371429,0.099643,0.29,38,0.552632,38,0.394737
uniform,fullExtended,blend,oj1,orderJustice,141,18,0.12766,0,0,14,0.099291,15,0.106383,0.127943,0.35,38,0.131579,38,0.157895
uniform,fullExtended,blend,oj2,orderJustice,140,18,0.128571,0,0,24,0.171429,24,0.171429,0.1285,0.42,38,0.236842,38,0.263158
uniform,fullExtended,blend,pe1,politicalEconomy,60,8,0.133333,0,0,10,0.166667,10,0.166667,0.063833,0.09,0,0,0,0
uniform,fullExtended,blend,pe2,politicalEconomy,147,32,0.217687,0,0,29,0.197279,31,0.210884,0.085986,0.38,38,0.315789,38,0.157895
uniform,fullExtended,blend,rs1,restraint,70,3,0.042857,5,0.071429,2,0.028571,7,0.1,0.046,0.05,0,0,0,0
uniform,fullExtended,blend,rs2,restraint,144,8,0.055556,15,0.104167,6,0.041667,21,0.145833,0.06375,0.19,38,0.236842,38,0.184211
uniform,fullExtended,blend,sc1,securityCompetition,65,13,0.2,0,0,11,0.169231,14,0.215385,0.052615,0.08,0,0,0,0
uniform,fullExtended,blend,sc2,securityCompetition,139,27,0.194245,0,0,33,0.23741,41,0.294964,0.077194,0.21,38,0.394737,38,0.315789
uniform,fullExtended,blend,tradeoff_alliances,domesticFilters|institutions|normsIdentity|restraint|securityCompetition,114,48,0.421053,9,0.078947,65,0.570175,86,0.754386,0.255439,0.42,0,0,0,0
uniform,fullExtended,blend,tradeoff_interdependence,domesticFilters|institutions|politicalEconomy|restraint|securityCompetition,114,42,0.368421,2,0.017544,65,0.570175,77,0.675439,0.224737,0.34,0,0,0,0
uniform,fullExtended,blend,tradeoff_intervention,domesticFilters|institutions|normsIdentity|orderJustice|restraint,114,36,0.315789,11,0.096491,19,0.166667,29,0.254386,0.246667,0.51,0,0,0,0
uniform,fullExtended,blend,tradeoff_strategy,domesticFilters|politicalEconomy|restraint|securityCompetition,114,31,0.27193,13,0.114035,39,0.342105,54,0.473684,0.209474,0.35,0,0,0,0
uniform,fullExtended,blend,v21_df_rev_01,domesticFilters,61,10,0.163934,0,0,9,0.147541,9,0.147541,0.077377,0.1,0,0,0,0
uniform,fullExtended,blend,v21_df_rev_04,domesticFilters,145,32,0.22069,0,0,23,0.158621,23,0.158621,0.100138,0.33,38,0.210526,38,0.157895
uniform,fullExtended,blend,v21_in_rev_03,institutions,141,33,0.234043,0,0,38,0.269504,40,0.283688,0.056383,0.16,38,0.447368,38,0.394737
uniform,fullExtended,blend,v21_ni_rev_01,normsIdentity,66,13,0.19697,0,0,14,0.212121,15,0.227273,0.068182,0.09,0,0,0,0
uniform,fullExtended,blend,v21_ni_rev_05,normsIdentity,142,26,0.183099,0,0,36,0.253521,51,0.359155,0.102958,0.26,38,0.473684,38,0.421053
uniform,fullExtended,blend,v21_oj_rev_02,orderJustice,66,7,0.106061,0,0,4,0.060606,4,0.060606,0.091515,0.11,0,0,0,0
uniform,fullExtended,blend,v21_pe_rev_02,politicalEconomy,141,22,0.156028,0,0,41,0.29078,43,0.304965,0.091135,0.32,38,0.394737,38,0.394737
uniform,fullExtended,blend,v21_rs_rev_04,restraint,139,20,0.143885,15,0.107914,10,0.071942,25,0.179856,0.066331,0.2,38,0.289474,38,0.210526
uniform,fullExtended,blend,v21_rs_rev_05,restraint,64,3,0.046875,3,0.046875,2,0.03125,5,0.078125,0.045625,0.05,0,0,0,0
uniform,fullExtended,blend,v21_sc_rev_01,securityCompetition,64,12,0.1875,0,0,10,0.15625,12,0.1875,0.052187,0.08,0,0,0,0
uniform,fullExtended,blend,v21_sc_rev_02,securityCompetition,142,46,0.323944,0,0,31,0.21831,43,0.302817,0.074366,0.23,38,0.447368,38,0.342105
uniform,fullExtended,blend,v21_sc_rev_05,securityCompetition,65,10,0.153846,0,0,11,0.169231,14,0.215385,0.052308,0.07,0,0,0,0
uniform,fullExtended,blend,val_ci_1,validation:cooperativeInternationalism,65,0,0,0,0,0,0,0,0,0,0,0,0,0,0
uniform,fullExtended,blend,val_ci_2,validation:cooperativeInternationalism,69,0,0,0,0,0,0,0,0,0,0,0,0,0,0
uniform,fullExtended,blend,val_ci_3,validation:cooperativeInternationalism,65,0,0,0,0,0,0,0,0,0,0,0,0,0,0
uniform,fullExtended,blend,val_ci_4,validation:cooperativeInternationalism,66,0,0,0,0,0,0,0,0,0,0,0,0,0,0
uniform,fullExtended,blend,val_iso_1,validation:isolationism,70,0,0,0,0,0,0,0,0,0,0,0,0,0,0
uniform,fullExtended,blend,val_iso_2,validation:isolationism,64,0,0,0,0,0,0,0,0,0,0,0,0,0,0
uniform,fullExtended,blend,val_iso_3,validation:isolationism,68,0,0,0,0,0,0,0,0,0,0,0,0,0,0
uniform,fullExtended,blend,val_iso_4,validation:isolationism,70,0,0,0,0,0,0,0,0,0,0,0,0,0,0
uniform,fullExtended,blend,val_mi_1,validation:militantInternationalism,66,0,0,0,0,0,0,0,0,0,0,0,0,0,0
uniform,fullExtended,blend,val_mi_2,validation:militantInternationalism,66,0,0,0,0,0,0,0,0,0,0,0,0,0,0
uniform,fullExtended,blend,val_mi_3,validation:militantInternationalism,64,0,0,0,0,0,0,0,0,0,0,0,0,0,0
uniform,fullExtended,blend,val_mi_4,validation:militantInternationalism,67,0,0,0,0,0,0,0,0,0,0,0,0,0,0
uniform,fullExtended,pure,an_case_burdens,domesticFilters|institutions|normsIdentity|restraint|securityCompetition,366,5,0.013661,34,0.092896,34,0.092896,67,0.18306,0.210301,0.38,0,0,0,0
uniform,fullExtended,pure,an_case_digital_stack,institutions|normsIdentity|politicalEconomy|restraint|securityCompetition,366,17,0.046448,21,0.057377,50,0.136612,73,0.199454,0.22724,0.41,0,0,0,0
uniform,fullExtended,pure,an_case_finance,domesticFilters|institutions|politicalEconomy|restraint,366,4,0.010929,2,0.005464,23,0.062842,26,0.071038,0.207104,0.38,0,0,0,0
uniform,fullExtended,pure,an_case_green_finance,domesticFilters|institutions|normsIdentity|orderJustice|politicalEconomy,366,5,0.013661,0,0,22,0.060109,22,0.060109,0.232322,0.42,0,0,0,0
uniform,fullExtended,pure,an_case_intervention_memory,domesticFilters|institutions|normsIdentity|orderJustice|restraint,366,0,0,38,0.103825,22,0.060109,58,0.15847,0.256475,0.48,0,0,0,0
uniform,fullExtended,pure,an_case_maritime_crisis,domesticFilters|institutions|restraint|securityCompetition,366,17,0.046448,39,0.106557,42,0.114754,75,0.204918,0.198716,0.4,0,0,0,0
uniform,fullExtended,pure,an_case_middle_power,domesticFilters|institutions|normsIdentity|politicalEconomy|restraint|securityCompetition,366,6,0.016393,37,0.101093,39,0.106557,70,0.191257,0.173142,0.35,0,0,0,0
uniform,fullExtended,pure,an_case_rising_power_voice,domesticFilters|institutions|normsIdentity|politicalEconomy|securityCompetition,366,28,0.076503,0,0,54,0.147541,61,0.166667,0.242514,0.39,0,0,0,0
uniform,fullExtended,pure,an_case_sanctions_alignment,domesticFilters|institutions|normsIdentity|orderJustice|politicalEconomy|restraint,366,1,0.002732,28,0.076503,20,0.054645,46,0.125683,0.242978,0.53,0,0,0,0
uniform,fullExtended,pure,an_in3,institutions,217,0,0,0,0,6,0.02765,6,0.02765,0.039724,0.05,0,0,0,0
uniform,fullExtended,pure,an_in4,institutions,199,0,0,0,0,4,0.020101,4,0.020101,0.039347,0.05,0,0,0,0
uniform,fullExtended,pure,an_ni3,normsIdentity,206,0,0,0,0,14,0.067961,14,0.067961,0.068883,0.1,0,0,0,0
uniform,fullExtended,pure,an_oj3,orderJustice,214,0,0,0,0,6,0.028037,6,0.028037,0.092617,0.11,0,0,0,0
uniform,fullExtended,pure,an_pe3,politicalEconomy,198,0,0,0,0,6,0.030303,6,0.030303,0.064343,0.09,0,0,0,0
uniform,fullExtended,pure,an_pe4,politicalEconomy,212,0,0,0,0,6,0.028302,6,0.028302,0.064575,0.09,0,0,0,0
uniform,fullExtended,pure,an_sc3,securityCompetition,209,0,0,0,0,10,0.047847,10,0.047847,0.052344,0.07,0,0,0,0
uniform,fullExtended,pure,an_sc4,securityCompetition,218,0,0,0,0,14,0.06422,14,0.06422,0.052156,0.07,0,0,0,0
uniform,fullExtended,pure,an_tradeoff_ceasefire_settlement,domesticFilters|institutions|orderJustice|politicalEconomy|restraint,366,4,0.010929,26,0.071038,27,0.07377,51,0.139344,0.240464,0.45,0,0,0,0
uniform,fullExtended,pure,an_tradeoff_energy_alignment,domesticFilters|institutions|normsIdentity|orderJustice|politicalEconomy|restraint,366,0,0,29,0.079235,19,0.051913,45,0.122951,0.239399,0.57,0,0,0,0
uniform,fullExtended,pure,an_tradeoff_evidence,domesticFilters|institutions|normsIdentity|restraint|securityCompetition,366,40,0.10929,2,0.005464,60,0.163934,77,0.210383,0.269426,0.5,0,0,0,0
uniform,fullExtended,pure,an_tradeoff_legitimacy,domesticFilters|institutions|normsIdentity|politicalEconomy|securityCompetition,366,18,0.04918,0,0,45,0.122951,50,0.136612,0.26276,0.5,0,0,0,0
uniform,fullExtended,pure,an_tradeoff_parallel_order,domesticFilters|institutions|normsIdentity|orderJustice|politicalEconomy|securityCompetition,366,10,0.027322,0,0,40,0.10929,42,0.114754,0.245902,0.45,0,0,0,0
uniform,fullExtended,pure,an_tradeoff_rival,domesticFilters|institutions|normsIdentity|securityCompetition,366,35,0.095628,0,0,52,0.142077,65,0.177596,0.264481,0.47,0,0,0,0
uniform,fullExtended,pure,an_tradeoff_tech_order,institutions|normsIdentity|orderJustice|politicalEconomy|restraint|securityCompetition,366,12,0.032787,23,0.062842,39,0.106557,62,0.169399,0.243169,0.46,0,0,0,0
uniform,fullExtended,pure,case_protection,domesticFilters|institutions|normsIdentity|orderJustice|restraint,366,3,0.008197,43,0.117486,23,0.062842,64,0.174863,0.289781,0.61,0,0,0,0
uniform,fullExtended,pure,case_semiconductors,institutions|normsIdentity|politicalEconomy|restraint|securityCompetition,366,45,0.122951,59,0.161202,73,0.199454,133,0.363388,0.289126,0.54,0,0,0,0
uniform,fullExtended,pure,df1,domesticFilters,458,2,0.004367,0,0,31,0.067686,31,0.067686,0.114127,0.43,122,0.098361,122,0.07377
uniform,fullExtended,pure,df2,domesticFilters,211,0,0,0,0,11,0.052133,11,0.052133,0.079431,0.12,0,0,0,0
uniform,fullExtended,pure,in1,institutions,206,0,0,0,0,7,0.033981,7,0.033981,0.039515,0.05,0,0,0,0
uniform,fullExtended,pure,in2,institutions,446,2,0.004484,0,0,22,0.049327,22,0.049327,0.057422,0.18,122,0.057377,122,0.065574
uniform,fullExtended,pure,ni1,normsIdentity,216,0,0,0,0,14,0.064815,14,0.064815,0.068657,0.1,0,0,0,0
uniform,fullExtended,pure,ni2,normsIdentity,445,9,0.020225,0,0,39,0.08764,40,0.089888,0.103303,0.31,122,0.147541,122,0.098361
uniform,fullExtended,pure,oj1,orderJustice,449,1,0.002227,0,0,11,0.024499,11,0.024499,0.127706,0.42,122,0.016393,122,0.032787
uniform,fullExtended,pure,oj2,orderJustice,455,0,0,0,0,15,0.032967,15,0.032967,0.129956,0.38,122,0.040984,122,0.032787
uniform,fullExtended,pure,pe1,politicalEconomy,204,0,0,0,0,7,0.034314,7,0.034314,0.064461,0.09,0,0,0,0
uniform,fullExtended,pure,pe2,politicalEconomy,457,1,0.002188,0,0,19,0.041575,19,0.041575,0.092516,0.31,122,0.065574,122,0.032787
uniform,fullExtended,pure,rs1,restraint,213,0,0,18,0.084507,4,0.018779,22,0.103286,0.046573,0.06,0,0,0,0
uniform,fullExtended,pure,rs2,restraint,456,1,0.002193,59,0.129386,18,0.039474,75,0.164474,0.065702,0.2,122,0.229508,122,0.180328
uniform,fullExtended,pure,sc1,securityCompetition,201,0,0,0,0,13,0.064677,13,0.064677,0.052239,0.07,0,0,0,0
uniform,fullExtended,pure,sc2,securityCompetition,446,8,0.017937,0,0,42,0.09417,42,0.09417,0.07565,0.23,122,0.122951,122,0.106557
uniform,fullExtended,pure,tradeoff_alliances,domesticFilters|institutions|normsIdentity|restraint|securityCompetition,366,30,0.081967,11,0.030055,59,0.161202,79,0.215847,0.253142,0.51,0,0,0,0
uniform,fullExtended,pure,tradeoff_interdependence,domesticFilters|institutions|politicalEconomy|restraint|securityCompetition,366,19,0.051913,4,0.010929,57,0.155738,65,0.177596,0.224809,0.36,0,0,0,0
uniform,fullExtended,pure,tradeoff_intervention,domesticFilters|institutions|normsIdentity|orderJustice|restraint,366,2,0.005464,45,0.122951,31,0.084699,73,0.199454,0.271913,0.58,0,0,0,0
uniform,fullExtended,pure,tradeoff_strategy,domesticFilters|politicalEconomy|restraint|securityCompetition,366,10,0.027322,61,0.166667,40,0.10929,91,0.248634,0.21041,0.41,0,0,0,0
uniform,fullExtended,pure,v21_df_rev_01,domesticFilters,213,0,0,0,0,10,0.046948,10,0.046948,0.078967,0.12,0,0,0,0
uniform,fullExtended,pure,v21_df_rev_04,domesticFilters,448,4,0.008929,0,0,21,0.046875,21,0.046875,0.112969,0.42,122,0.040984,122,0.057377
uniform,fullExtended,pure,v21_in_rev_03,institutions,448,0,0,0,0,14,0.03125,14,0.03125,0.056429,0.21,122,0.032787,122,0.040984
uniform,fullExtended,pure,v21_ni_rev_01,normsIdentity,204,0,0,0,0,14,0.068627,14,0.068627,0.068775,0.1,0,0,0,0
uniform,fullExtended,pure,v21_ni_rev_05,normsIdentity,456,4,0.008772,0,0,32,0.070175,33,0.072368,0.098114,0.28,122,0.081967,122,0.07377
uniform,fullExtended,pure,v21_oj_rev_02,orderJustice,212,0,0,0,0,6,0.028302,6,0.028302,0.092783,0.11,0,0,0,0
uniform,fullExtended,pure,v21_pe_rev_02,politicalEconomy,453,2,0.004415,0,0,22,0.048565,22,0.048565,0.090817,0.34,122,0.057377,122,0.057377
uniform,fullExtended,pure,v21_rs_rev_04,restraint,455,0,0,56,0.123077,7,0.015385,63,0.138462,0.066681,0.21,122,0.172131,122,0.163934
uniform,fullExtended,pure,v21_rs_rev_05,restraint,200,0,0,17,0.085,4,0.02,21,0.105,0.04685,0.06,0,0,0,0
uniform,fullExtended,pure,v21_sc_rev_01,securityCompetition,210,0,0,0,0,15,0.071429,15,0.071429,0.05219,0.07,0,0,0,0
uniform,fullExtended,pure,v21_sc_rev_02,securityCompetition,455,6,0.013187,0,0,28,0.061538,28,0.061538,0.073451,0.25,122,0.065574,122,0.07377
uniform,fullExtended,pure,v21_sc_rev_05,securityCompetition,210,0,0,0,0,13,0.061905,13,0.061905,0.052095,0.07,0,0,0,0
uniform,fullExtended,pure,val_ci_1,validation:cooperativeInternationalism,208,0,0,0,0,0,0,0,0,0,0,0,0,0,0
uniform,fullExtended,pure,val_ci_2,validation:cooperativeInternationalism,209,0,0,0,0,0,0,0,0,0,0,0,0,0,0
uniform,fullExtended,pure,val_ci_3,validation:cooperativeInternationalism,199,0,0,0,0,0,0,0,0,0,0,0,0,0,0
uniform,fullExtended,pure,val_ci_4,validation:cooperativeInternationalism,215,0,0,0,0,0,0,0,0,0,0,0,0,0,0
uniform,fullExtended,pure,val_iso_1,validation:isolationism,222,0,0,0,0,0,0,0,0,0,0,0,0,0,0
uniform,fullExtended,pure,val_iso_2,validation:isolationism,205,0,0,0,0,0,0,0,0,0,0,0,0,0,0
uniform,fullExtended,pure,val_iso_3,validation:isolationism,211,0,0,0,0,0,0,0,0,0,0,0,0,0,0
uniform,fullExtended,pure,val_iso_4,validation:isolationism,206,0,0,0,0,0,0,0,0,0,0,0,0,0,0
uniform,fullExtended,pure,val_mi_1,validation:militantInternationalism,207,0,0,0,0,0,0,0,0,0,0,0,0,0,0
uniform,fullExtended,pure,val_mi_2,validation:militantInternationalism,210,0,0,0,0,0,0,0,0,0,0,0,0,0,0
uniform,fullExtended,pure,val_mi_3,validation:militantInternationalism,211,0,0,0,0,0,0,0,0,0,0,0,0,0,0
uniform,fullExtended,pure,val_mi_4,validation:militantInternationalism,217,0,0,0,0,0,0,0,0,0,0,0,0,0,0
uniform,targeted:constructivist|criticalPoliticalEconomy,blend,an_case_green_finance,domesticFilters|institutions|normsIdentity|orderJustice|politicalEconomy,57,23,0.403509,0,0,37,0.649123,41,0.719298,0.721228,1.23,0,0,0,0
uniform,targeted:constructivist|criticalPoliticalEconomy,blend,an_case_middle_power,domesticFilters|institutions|normsIdentity|politicalEconomy|restraint|securityCompetition,57,16,0.280702,10,0.175439,45,0.789474,47,0.824561,0.787193,2.26,0,0,0,0
uniform,targeted:constructivist|criticalPoliticalEconomy,blend,an_case_sanctions_alignment,domesticFilters|institutions|normsIdentity|orderJustice|politicalEconomy|restraint,57,20,0.350877,14,0.245614,36,0.631579,43,0.754386,0.777719,1.7,0,0,0,0
uniform,targeted:constructivist|criticalPoliticalEconomy,blend,an_tradeoff_ceasefire_settlement,domesticFilters|institutions|orderJustice|politicalEconomy|restraint,57,20,0.350877,7,0.122807,34,0.596491,42,0.736842,0.686667,1.21,0,0,0,0
uniform,targeted:constructivist|criticalPoliticalEconomy,blend,an_tradeoff_energy_alignment,domesticFilters|institutions|normsIdentity|orderJustice|politicalEconomy|restraint,57,23,0.403509,13,0.22807,38,0.666667,45,0.789474,0.732807,1.36,0,0,0,0
uniform,targeted:constructivist|criticalPoliticalEconomy,blend,df1,domesticFilters,70,30,0.428571,0,0,28,0.4,29,0.414286,0.342429,1.47,19,0.421053,19,0.526316
uniform,targeted:constructivist|criticalPoliticalEconomy,blend,in2,institutions,71,32,0.450704,0,0,41,0.577465,44,0.619718,0.219859,0.86,19,0.684211,19,0.684211
uniform,targeted:constructivist|criticalPoliticalEconomy,blend,ni2,normsIdentity,73,36,0.493151,0,0,53,0.726027,57,0.780822,0.389726,1.89,19,0.789474,19,0.736842
uniform,targeted:constructivist|criticalPoliticalEconomy,blend,oj1,orderJustice,71,19,0.267606,0,0,32,0.450704,32,0.450704,0.318451,1.12,19,0.578947,19,0.473684
uniform,targeted:constructivist|criticalPoliticalEconomy,blend,oj2,orderJustice,73,11,0.150685,0,0,29,0.39726,31,0.424658,0.274795,0.78,19,0.526316,19,0.421053
uniform,targeted:constructivist|criticalPoliticalEconomy,blend,pe2,politicalEconomy,70,20,0.285714,0,0,26,0.371429,27,0.385714,0.273286,0.87,19,0.473684,19,0.421053
uniform,targeted:constructivist|criticalPoliticalEconomy,blend,rs2,restraint,71,17,0.239437,18,0.253521,26,0.366197,34,0.478873,0.223239,0.49,19,0.526316,19,0.578947
uniform,targeted:constructivist|criticalPoliticalEconomy,blend,sc2,securityCompetition,70,33,0.471429,0,0,37,0.528571,40,0.571429,0.699571,3,19,0.578947,19,0.631579
uniform,targeted:constructivist|criticalPoliticalEconomy,blend,v21_df_rev_04,domesticFilters,71,28,0.394366,0,0,34,0.478873,39,0.549296,0.376761,1.17,19,0.631579,19,0.736842
uniform,targeted:constructivist|criticalPoliticalEconomy,blend,v21_in_rev_03,institutions,71,20,0.28169,0,0,43,0.605634,44,0.619718,0.209155,0.72,19,0.631579,19,0.631579
uniform,targeted:constructivist|criticalPoliticalEconomy,blend,v21_ni_rev_05,normsIdentity,70,32,0.457143,0,0,53,0.757143,54,0.771429,0.503143,1.56,19,0.894737,19,0.736842
uniform,targeted:constructivist|criticalPoliticalEconomy,blend,v21_pe_rev_02,politicalEconomy,72,30,0.416667,0,0,24,0.333333,25,0.347222,0.253889,0.77,19,0.421053,19,0.421053
uniform,targeted:constructivist|criticalPoliticalEconomy,blend,v21_rs_rev_04,restraint,71,16,0.225352,22,0.309859,26,0.366197,35,0.492958,0.229014,0.69,19,0.526316,19,0.578947
uniform,targeted:constructivist|criticalPoliticalEconomy,blend,v21_sc_rev_02,securityCompetition,67,27,0.402985,0,0,42,0.626866,47,0.701493,0.766716,3,19,0.789474,19,0.789474
uniform,targeted:constructivist|criticalPoliticalEconomy,pure,an_case_green_finance,domesticFilters|institutions|normsIdentity|orderJustice|politicalEconomy,423,44,0.104019,0,0,52,0.122931,72,0.170213,0.781962,2.46,0,0,0,0
uniform,targeted:constructivist|criticalPoliticalEconomy,pure,an_case_middle_power,domesticFilters|institutions|normsIdentity|politicalEconomy|restraint|securityCompetition,423,31,0.073286,49,0.115839,37,0.08747,87,0.205674,0.81487,2.59,0,0,0,0
uniform,targeted:constructivist|criticalPoliticalEconomy,pure,an_case_sanctions_alignment,domesticFilters|institutions|normsIdentity|orderJustice|politicalEconomy|restraint,423,25,0.059102,53,0.125296,35,0.082742,92,0.217494,0.773688,1.78,0,0,0,0
uniform,targeted:constructivist|criticalPoliticalEconomy,pure,an_tradeoff_ceasefire_settlement,domesticFilters|institutions|orderJustice|politicalEconomy|restraint,423,31,0.073286,36,0.085106,44,0.104019,84,0.198582,0.735745,1.75,0,0,0,0
uniform,targeted:constructivist|criticalPoliticalEconomy,pure,an_tradeoff_energy_alignment,domesticFilters|institutions|normsIdentity|orderJustice|politicalEconomy|restraint,423,31,0.073286,50,0.118203,36,0.085106,95,0.224586,0.801537,2.32,0,0,0,0
uniform,targeted:constructivist|criticalPoliticalEconomy,pure,df1,domesticFilters,520,21,0.040385,0,0,40,0.076923,49,0.094231,0.321423,1.68,141,0.134752,141,0.099291
uniform,targeted:constructivist|criticalPoliticalEconomy,pure,in2,institutions,525,33,0.062857,0,0,43,0.081905,63,0.12,0.222305,0.91,141,0.141844,141,0.134752
uniform,targeted:constructivist|criticalPoliticalEconomy,pure,ni2,normsIdentity,529,62,0.117202,0,0,55,0.10397,90,0.170132,0.424612,2.5,141,0.22695,141,0.198582
uniform,targeted:constructivist|criticalPoliticalEconomy,pure,oj1,orderJustice,523,5,0.00956,0,0,33,0.063098,34,0.06501,0.333346,1.57,141,0.070922,141,0.078014
uniform,targeted:constructivist|criticalPoliticalEconomy,pure,oj2,orderJustice,533,9,0.016886,0,0,47,0.08818,49,0.091932,0.337899,1.5,141,0.134752,141,0.106383
uniform,targeted:constructivist|criticalPoliticalEconomy,pure,pe2,politicalEconomy,535,20,0.037383,0,0,52,0.097196,59,0.11028,0.225458,0.89,141,0.12766,141,0.113475
uniform,targeted:constructivist|criticalPoliticalEconomy,pure,rs2,restraint,525,8,0.015238,87,0.165714,29,0.055238,111,0.211429,0.216419,0.81,141,0.276596,141,0.248227
uniform,targeted:constructivist|criticalPoliticalEconomy,pure,sc2,securityCompetition,528,71,0.13447,0,0,54,0.102273,99,0.1875,0.655303,3,141,0.248227,141,0.22695
uniform,targeted:constructivist|criticalPoliticalEconomy,pure,v21_df_rev_04,domesticFilters,511,18,0.035225,0,0,45,0.088063,53,0.103718,0.334227,1.38,141,0.12766,141,0.134752
uniform,targeted:constructivist|criticalPoliticalEconomy,pure,v21_in_rev_03,institutions,523,31,0.059273,0,0,46,0.087954,64,0.122371,0.221893,0.79,141,0.156028,141,0.148936
uniform,targeted:constructivist|criticalPoliticalEconomy,pure,v21_ni_rev_05,normsIdentity,526,48,0.091255,0,0,49,0.093156,78,0.148289,0.429753,2.5,141,0.219858,141,0.148936
uniform,targeted:constructivist|criticalPoliticalEconomy,pure,v21_pe_rev_02,politicalEconomy,522,25,0.047893,0,0,46,0.088123,57,0.109195,0.258295,1.11,141,0.120567,141,0.12766
uniform,targeted:constructivist|criticalPoliticalEconomy,pure,v21_rs_rev_04,restraint,534,8,0.014981,77,0.144195,36,0.067416,106,0.198502,0.208689,0.71,141,0.248227,141,0.22695
uniform,targeted:constructivist|criticalPoliticalEconomy,pure,v21_sc_rev_02,securityCompetition,526,60,0.114068,0,0,52,0.098859,88,0.1673,0.665798,3,141,0.219858,141,0.177305
uniform,targeted:institutionalist|constructivist,blend,an_case_digital_stack,institutions|normsIdentity|politicalEconomy|restraint|securityCompetition,33,16,0.484848,4,0.121212,27,0.818182,27,0.818182,0.859697,1.38,0,0,0,0
uniform,targeted:institutionalist|constructivist,blend,an_case_intervention_memory,domesticFilters|institutions|normsIdentity|orderJustice|restraint,33,14,0.424242,4,0.121212,23,0.69697,23,0.69697,0.85,1.53,0,0,0,0
uniform,targeted:institutionalist|constructivist,blend,an_tradeoff_tech_order,institutions|normsIdentity|orderJustice|politicalEconomy|restraint|securityCompetition,33,23,0.69697,1,0.030303,24,0.727273,27,0.818182,0.868788,1.45,0,0,0,0
uniform,targeted:institutionalist|constructivist,blend,case_semiconductors,institutions|normsIdentity|politicalEconomy|restraint|securityCompetition,33,23,0.69697,3,0.090909,25,0.757576,31,0.939394,1.243636,2.49,0,0,0,0
uniform,targeted:institutionalist|constructivist,blend,df1,domesticFilters,41,16,0.390244,0,0,22,0.536585,23,0.560976,0.557317,2,11,0.636364,11,0.636364
uniform,targeted:institutionalist|constructivist,blend,in2,institutions,40,10,0.25,0,0,28,0.7,31,0.775,0.27725,0.65,11,0.818182,11,0.727273
uniform,targeted:institutionalist|constructivist,blend,ni2,normsIdentity,36,18,0.5,0,0,22,0.611111,25,0.694444,0.516944,1.17,11,0.727273,11,0.727273
uniform,targeted:institutionalist|constructivist,blend,oj1,orderJustice,43,10,0.232558,0,0,19,0.44186,21,0.488372,0.236279,0.73,11,0.545455,11,0.545455
uniform,targeted:institutionalist|constructivist,blend,oj2,orderJustice,40,7,0.175,0,0,21,0.525,22,0.55,0.33675,0.65,11,0.636364,11,0.636364
uniform,targeted:institutionalist|constructivist,blend,pe2,politicalEconomy,40,10,0.25,0,0,17,0.425,20,0.5,0.3425,0.96,11,0.636364,11,0.454545
uniform,targeted:institutionalist|constructivist,blend,rs2,restraint,37,4,0.108108,14,0.378378,26,0.702703,27,0.72973,0.253784,0.5,11,0.818182,11,0.818182
uniform,targeted:institutionalist|constructivist,blend,sc2,securityCompetition,43,14,0.325581,0,0,18,0.418605,19,0.44186,0.223953,0.79,11,0.454545,11,0.363636
uniform,targeted:institutionalist|constructivist,blend,tradeoff_intervention,domesticFilters|institutions|normsIdentity|orderJustice|restraint,33,19,0.575758,0,0,17,0.515152,17,0.515152,0.837576,1.35,0,0,0,0
uniform,targeted:institutionalist|constructivist,blend,v21_df_rev_04,domesticFilters,42,14,0.333333,0,0,25,0.595238,26,0.619048,0.539048,2,11,0.636364,11,0.727273
uniform,targeted:institutionalist|constructivist,blend,v21_in_rev_03,institutions,40,14,0.35,0,0,25,0.625,25,0.625,0.27425,0.86,11,0.545455,11,0.636364
uniform,targeted:institutionalist|constructivist,blend,v21_ni_rev_05,normsIdentity,42,15,0.357143,0,0,30,0.714286,31,0.738095,0.365476,1.1,11,0.727273,11,0.727273
uniform,targeted:institutionalist|constructivist,blend,v21_pe_rev_02,politicalEconomy,41,12,0.292683,0,0,16,0.390244,17,0.414634,0.389268,1.29,11,0.545455,11,0.181818
uniform,targeted:institutionalist|constructivist,blend,v21_rs_rev_04,restraint,41,5,0.121951,5,0.121951,18,0.439024,19,0.463415,0.182927,0.64,11,0.545455,11,0.454545
uniform,targeted:institutionalist|constructivist,blend,v21_sc_rev_02,securityCompetition,44,10,0.227273,0,0,23,0.522727,24,0.545455,0.191591,0.66,11,0.727273,11,0.454545
uniform,targeted:institutionalist|constructivist,pure,an_case_digital_stack,institutions|normsIdentity|politicalEconomy|restraint|securityCompetition,447,69,0.154362,42,0.09396,43,0.096197,122,0.272931,0.887539,2.15,0,0,0,0
uniform,targeted:institutionalist|constructivist,pure,an_case_intervention_memory,domesticFilters|institutions|normsIdentity|orderJustice|restraint,447,26,0.058166,54,0.120805,39,0.087248,106,0.237136,0.898792,2.83,0,0,0,0
uniform,targeted:institutionalist|constructivist,pure,an_tradeoff_tech_order,institutions|normsIdentity|orderJustice|politicalEconomy|restraint|securityCompetition,447,57,0.127517,30,0.067114,41,0.091723,109,0.243848,0.934519,2.03,0,0,0,0
uniform,targeted:institutionalist|constructivist,pure,case_semiconductors,institutions|normsIdentity|politicalEconomy|restraint|securityCompetition,447,111,0.248322,61,0.136465,41,0.091723,163,0.364653,1.061141,2.5,0,0,0,0
uniform,targeted:institutionalist|constructivist,pure,df1,domesticFilters,556,31,0.055755,0,0,34,0.061151,48,0.086331,0.568327,3,149,0.14094,149,0.087248
uniform,targeted:institutionalist|constructivist,pure,in2,institutions,559,49,0.087657,0,0,50,0.089445,73,0.13059,0.277996,1.23,149,0.187919,149,0.14094
uniform,targeted:institutionalist|constructivist,pure,ni2,normsIdentity,557,44,0.078995,0,0,50,0.089767,78,0.140036,0.36982,2,149,0.187919,149,0.161074
uniform,targeted:institutionalist|constructivist,pure,oj1,orderJustice,547,11,0.02011,0,0,34,0.062157,35,0.063985,0.301225,0.98,149,0.087248,149,0.080537
uniform,targeted:institutionalist|constructivist,pure,oj2,orderJustice,552,10,0.018116,0,0,28,0.050725,33,0.059783,0.293424,1.22,149,0.080537,149,0.080537
uniform,targeted:institutionalist|constructivist,pure,pe2,politicalEconomy,559,32,0.057245,0,0,39,0.069767,55,0.09839,0.353202,1.44,149,0.127517,149,0.100671
uniform,targeted:institutionalist|constructivist,pure,rs2,restraint,551,1,0.001815,86,0.15608,27,0.049002,105,0.190563,0.198167,0.66,149,0.248322,149,0.234899
uniform,targeted:institutionalist|constructivist,pure,sc2,securityCompetition,553,41,0.074141,0,0,38,0.068716,69,0.124774,0.271013,1.13,149,0.161074,149,0.147651
uniform,targeted:institutionalist|constructivist,pure,tradeoff_intervention,domesticFilters|institutions|normsIdentity|orderJustice|restraint,447,34,0.076063,65,0.145414,35,0.0783,114,0.255034,0.92906,2.31,0,0,0,0
uniform,targeted:institutionalist|constructivist,pure,v21_df_rev_04,domesticFilters,550,17,0.030909,0,0,31,0.056364,41,0.074545,0.581509,3,149,0.107383,149,0.073826
uniform,targeted:institutionalist|constructivist,pure,v21_in_rev_03,institutions,558,43,0.077061,0,0,46,0.082437,68,0.121864,0.27319,1.64,149,0.147651,149,0.161074
uniform,targeted:institutionalist|constructivist,pure,v21_ni_rev_05,normsIdentity,558,47,0.084229,0,0,40,0.071685,74,0.132616,0.373351,2,149,0.187919,149,0.14094
uniform,targeted:institutionalist|constructivist,pure,v21_pe_rev_02,politicalEconomy,546,34,0.062271,0,0,47,0.086081,62,0.113553,0.349066,1.46,149,0.147651,149,0.120805
uniform,targeted:institutionalist|constructivist,pure,v21_rs_rev_04,restraint,542,7,0.012915,86,0.158672,19,0.035055,101,0.186347,0.200886,0.67,149,0.234899,149,0.234899
uniform,targeted:institutionalist|constructivist,pure,v21_sc_rev_02,securityCompetition,555,35,0.063063,0,0,47,0.084685,72,0.12973,0.260685,1.02,149,0.181208,149,0.14094
uniform,targeted:institutionalist|criticalPoliticalEconomy,blend,an_case_rising_power_voice,domesticFilters|institutions|normsIdentity|politicalEconomy|securityCompetition,57,31,0.54386,0,0,46,0.807018,49,0.859649,0.973684,1.94,0,0,0,0
uniform,targeted:institutionalist|criticalPoliticalEconomy,blend,an_case_sanctions_alignment,domesticFilters|institutions|normsIdentity|orderJustice|politicalEconomy|restraint,57,26,0.45614,4,0.070175,31,0.54386,38,0.666667,0.857719,2.05,0,0,0,0
uniform,targeted:institutionalist|criticalPoliticalEconomy,blend,an_tradeoff_ceasefire_settlement,domesticFilters|institutions|orderJustice|politicalEconomy|restraint,57,16,0.280702,4,0.070175,30,0.526316,35,0.614035,0.749298,1.36,0,0,0,0
uniform,targeted:institutionalist|criticalPoliticalEconomy,blend,an_tradeoff_energy_alignment,domesticFilters|institutions|normsIdentity|orderJustice|politicalEconomy|restraint,57,18,0.315789,7,0.122807,33,0.578947,38,0.666667,0.810877,1.59,0,0,0,0
uniform,targeted:institutionalist|criticalPoliticalEconomy,blend,an_tradeoff_tech_order,institutions|normsIdentity|orderJustice|politicalEconomy|restraint|securityCompetition,57,28,0.491228,1,0.017544,38,0.666667,46,0.807018,0.875088,1.9,0,0,0,0
uniform,targeted:institutionalist|criticalPoliticalEconomy,blend,df1,domesticFilters,75,23,0.306667,0,0,31,0.413333,32,0.426667,0.317467,0.92,19,0.473684,19,0.526316
uniform,targeted:institutionalist|criticalPoliticalEconomy,blend,in2,institutions,67,35,0.522388,0,0,39,0.58209,44,0.656716,0.282687,0.75,19,0.684211,19,0.736842
uniform,targeted:institutionalist|criticalPoliticalEconomy,blend,ni2,normsIdentity,73,35,0.479452,0,0,49,0.671233,53,0.726027,0.320959,1.12,19,0.631579,19,0.736842
uniform,targeted:institutionalist|criticalPoliticalEconomy,blend,oj1,orderJustice,72,21,0.291667,0,0,18,0.25,22,0.305556,0.324861,0.94,19,0.368421,19,0.473684
uniform,targeted:institutionalist|criticalPoliticalEconomy,blend,oj2,orderJustice,68,24,0.352941,0,0,17,0.25,21,0.308824,0.351912,1.1,19,0.421053,19,0.421053
uniform,targeted:institutionalist|criticalPoliticalEconomy,blend,pe2,politicalEconomy,72,24,0.333333,0,0,20,0.277778,26,0.361111,0.287083,1,19,0.473684,19,0.368421
uniform,targeted:institutionalist|criticalPoliticalEconomy,blend,rs2,restraint,70,18,0.257143,14,0.2,14,0.2,23,0.328571,0.259143,0.68,19,0.421053,19,0.368421
uniform,targeted:institutionalist|criticalPoliticalEconomy,blend,sc2,securityCompetition,71,23,0.323944,0,0,29,0.408451,32,0.450704,0.377606,0.99,19,0.473684,19,0.421053
uniform,targeted:institutionalist|criticalPoliticalEconomy,blend,v21_df_rev_04,domesticFilters,73,32,0.438356,0,0,30,0.410959,34,0.465753,0.346849,1.13,19,0.631579,19,0.526316
uniform,targeted:institutionalist|criticalPoliticalEconomy,blend,v21_in_rev_03,institutions,70,34,0.485714,0,0,39,0.557143,44,0.628571,0.256714,0.71,19,0.684211,19,0.631579
uniform,targeted:institutionalist|criticalPoliticalEconomy,blend,v21_ni_rev_05,normsIdentity,73,36,0.493151,0,0,49,0.671233,56,0.767123,0.303699,0.75,19,0.894737,19,0.631579
uniform,targeted:institutionalist|criticalPoliticalEconomy,blend,v21_pe_rev_02,politicalEconomy,73,20,0.273973,0,0,26,0.356164,30,0.410959,0.275205,0.91,19,0.526316,19,0.473684
uniform,targeted:institutionalist|criticalPoliticalEconomy,blend,v21_rs_rev_04,restraint,70,16,0.228571,12,0.171429,11,0.157143,21,0.3,0.243,0.84,19,0.421053,19,0.315789
uniform,targeted:institutionalist|criticalPoliticalEconomy,blend,v21_sc_rev_02,securityCompetition,71,27,0.380282,0,0,28,0.394366,30,0.422535,0.355352,0.99,19,0.421053,19,0.421053
uniform,targeted:institutionalist|criticalPoliticalEconomy,pure,an_case_rising_power_voice,domesticFilters|institutions|normsIdentity|politicalEconomy|securityCompetition,423,109,0.257683,0,0,51,0.120567,128,0.3026,1.027967,1.98,0,0,0,0
uniform,targeted:institutionalist|criticalPoliticalEconomy,pure,an_case_sanctions_alignment,domesticFilters|institutions|normsIdentity|orderJustice|politicalEconomy|restraint,423,26,0.061466,46,0.108747,47,0.111111,101,0.238771,0.841158,2.65,0,0,0,0
uniform,targeted:institutionalist|criticalPoliticalEconomy,pure,an_tradeoff_ceasefire_settlement,domesticFilters|institutions|orderJustice|politicalEconomy|restraint,423,30,0.070922,39,0.092199,59,0.13948,101,0.238771,0.811229,1.86,0,0,0,0
uniform,targeted:institutionalist|criticalPoliticalEconomy,pure,an_tradeoff_energy_alignment,domesticFilters|institutions|normsIdentity|orderJustice|politicalEconomy|restraint,423,21,0.049645,55,0.130024,32,0.07565,93,0.219858,0.88208,2.42,0,0,0,0
uniform,targeted:institutionalist|criticalPoliticalEconomy,pure,an_tradeoff_tech_order,institutions|normsIdentity|orderJustice|politicalEconomy|restraint|securityCompetition,423,68,0.160757,36,0.085106,54,0.12766,129,0.304965,0.97565,2.15,0,0,0,0
uniform,targeted:institutionalist|criticalPoliticalEconomy,pure,df1,domesticFilters,528,9,0.017045,0,0,30,0.056818,32,0.060606,0.389564,1.9,141,0.092199,141,0.049645
uniform,targeted:institutionalist|criticalPoliticalEconomy,pure,in2,institutions,520,32,0.061538,0,0,65,0.125,82,0.157692,0.240192,0.84,141,0.205674,141,0.205674
uniform,targeted:institutionalist|criticalPoliticalEconomy,pure,ni2,normsIdentity,521,50,0.095969,0,0,59,0.113244,82,0.15739,0.349597,1.55,141,0.184397,141,0.198582
uniform,targeted:institutionalist|criticalPoliticalEconomy,pure,oj1,orderJustice,518,9,0.017375,0,0,34,0.065637,36,0.069498,0.355734,1.34,141,0.085106,141,0.099291
uniform,targeted:institutionalist|criticalPoliticalEconomy,pure,oj2,orderJustice,517,3,0.005803,0,0,29,0.056093,30,0.058027,0.348046,1.34,141,0.070922,141,0.092199
uniform,targeted:institutionalist|criticalPoliticalEconomy,pure,pe2,politicalEconomy,521,14,0.026871,0,0,32,0.06142,38,0.072937,0.305662,1.34,141,0.099291,141,0.06383
uniform,targeted:institutionalist|criticalPoliticalEconomy,pure,rs2,restraint,521,1,0.001919,100,0.191939,24,0.046065,113,0.216891,0.226123,0.75,141,0.29078,141,0.269504
uniform,targeted:institutionalist|criticalPoliticalEconomy,pure,sc2,securityCompetition,522,52,0.099617,0,0,56,0.10728,88,0.168582,0.367797,2.16,141,0.170213,141,0.219858
uniform,targeted:institutionalist|criticalPoliticalEconomy,pure,v21_df_rev_04,domesticFilters,522,11,0.021073,0,0,35,0.06705,39,0.074713,0.435421,1.5,141,0.120567,141,0.085106
uniform,targeted:institutionalist|criticalPoliticalEconomy,pure,v21_in_rev_03,institutions,523,33,0.063098,0,0,53,0.101338,69,0.131931,0.24174,0.92,141,0.163121,141,0.148936
uniform,targeted:institutionalist|criticalPoliticalEconomy,pure,v21_ni_rev_05,normsIdentity,524,57,0.108779,0,0,47,0.089695,76,0.145038,0.343473,1.72,141,0.177305,141,0.184397
uniform,targeted:institutionalist|criticalPoliticalEconomy,pure,v21_pe_rev_02,politicalEconomy,531,21,0.039548,0,0,44,0.082863,51,0.096045,0.290885,1.58,141,0.141844,141,0.113475
uniform,targeted:institutionalist|criticalPoliticalEconomy,pure,v21_rs_rev_04,restraint,536,0,0,72,0.134328,15,0.027985,81,0.151119,0.210541,0.76,141,0.177305,141,0.177305
uniform,targeted:institutionalist|criticalPoliticalEconomy,pure,v21_sc_rev_02,securityCompetition,528,52,0.098485,0,0,61,0.11553,86,0.162879,0.360568,1.98,141,0.219858,141,0.177305
uniform,targeted:realist|constructivist,blend,an_case_burdens,domesticFilters|institutions|normsIdentity|restraint|securityCompetition,102,50,0.490196,10,0.098039,51,0.5,67,0.656863,0.853627,1.83,0,0,0,0
uniform,targeted:realist|constructivist,blend,an_case_middle_power,domesticFilters|institutions|normsIdentity|politicalEconomy|restraint|securityCompetition,102,31,0.303922,7,0.068627,35,0.343137,55,0.539216,0.735196,1.93,0,0,0,0
uniform,targeted:realist|constructivist,blend,an_tradeoff_legitimacy,domesticFilters|institutions|normsIdentity|politicalEconomy|securityCompetition,102,54,0.529412,0,0,74,0.72549,90,0.882353,0.835098,1.49,0,0,0,0
uniform,targeted:realist|constructivist,blend,an_tradeoff_parallel_order,domesticFilters|institutions|normsIdentity|orderJustice|politicalEconomy|securityCompetition,102,38,0.372549,0,0,57,0.558824,70,0.686275,0.971176,2,0,0,0,0
uniform,targeted:realist|constructivist,blend,an_tradeoff_rival,domesticFilters|institutions|normsIdentity|securityCompetition,102,52,0.509804,0,0,77,0.754902,89,0.872549,0.847549,1.48,0,0,0,0
uniform,targeted:realist|constructivist,blend,df1,domesticFilters,129,30,0.232558,0,0,37,0.286822,42,0.325581,0.360465,1.55,34,0.441176,34,0.323529
uniform,targeted:realist|constructivist,blend,in2,institutions,132,47,0.356061,0,0,44,0.333333,52,0.393939,0.151061,0.44,34,0.470588,34,0.441176
uniform,targeted:realist|constructivist,blend,ni2,normsIdentity,131,48,0.366412,0,0,55,0.419847,65,0.496183,0.210076,0.78,34,0.5,34,0.470588
uniform,targeted:realist|constructivist,blend,oj1,orderJustice,129,24,0.186047,0,0,19,0.147287,25,0.193798,0.557829,2.5,34,0.264706,34,0.205882
uniform,targeted:realist|constructivist,blend,oj2,orderJustice,126,27,0.214286,0,0,21,0.166667,25,0.198413,0.578413,2.5,34,0.264706,34,0.235294
uniform,targeted:realist|constructivist,blend,pe2,politicalEconomy,128,27,0.210938,0,0,25,0.195313,37,0.289063,0.344687,1.33,34,0.382353,34,0.323529
uniform,targeted:realist|constructivist,blend,rs2,restraint,122,23,0.188525,13,0.106557,26,0.213115,40,0.327869,0.432869,1.78,34,0.411765,34,0.441176
uniform,targeted:realist|constructivist,blend,sc2,securityCompetition,128,38,0.296875,0,0,51,0.398438,56,0.4375,0.320234,0.98,34,0.529412,34,0.441176
uniform,targeted:realist|constructivist,blend,v21_df_rev_04,domesticFilters,129,32,0.248062,0,0,28,0.217054,33,0.255814,0.299225,1.2,34,0.323529,34,0.264706
uniform,targeted:realist|constructivist,blend,v21_in_rev_03,institutions,128,45,0.351563,0,0,38,0.296875,48,0.375,0.169063,0.47,34,0.411765,34,0.411765
uniform,targeted:realist|constructivist,blend,v21_ni_rev_05,normsIdentity,126,50,0.396825,0,0,55,0.436508,68,0.539683,0.234048,0.72,34,0.617647,34,0.558824
uniform,targeted:realist|constructivist,blend,v21_pe_rev_02,politicalEconomy,125,23,0.184,0,0,29,0.232,41,0.328,0.36272,1.26,34,0.441176,34,0.382353
uniform,targeted:realist|constructivist,blend,v21_rs_rev_04,restraint,124,26,0.209677,17,0.137097,18,0.145161,42,0.33871,0.397016,2.36,34,0.411765,34,0.470588
uniform,targeted:realist|constructivist,blend,v21_sc_rev_02,securityCompetition,126,39,0.309524,0,0,42,0.333333,53,0.420635,0.294603,0.87,34,0.5,34,0.441176
uniform,targeted:realist|constructivist,pure,an_case_burdens,domesticFilters|institutions|normsIdentity|restraint|securityCompetition,378,43,0.113757,45,0.119048,60,0.15873,112,0.296296,0.882778,2.2,0,0,0,0
uniform,targeted:realist|constructivist,pure,an_case_middle_power,domesticFilters|institutions|normsIdentity|politicalEconomy|restraint|securityCompetition,378,28,0.074074,40,0.10582,48,0.126984,88,0.232804,0.81418,1.97,0,0,0,0
uniform,targeted:realist|constructivist,pure,an_tradeoff_legitimacy,domesticFilters|institutions|normsIdentity|politicalEconomy|securityCompetition,378,80,0.21164,0,0,64,0.169312,115,0.304233,0.858968,2.26,0,0,0,0
uniform,targeted:realist|constructivist,pure,an_tradeoff_parallel_order,domesticFilters|institutions|normsIdentity|orderJustice|politicalEconomy|securityCompetition,378,39,0.103175,0,0,65,0.171958,75,0.198413,0.998016,3.53,0,0,0,0
uniform,targeted:realist|constructivist,pure,an_tradeoff_rival,domesticFilters|institutions|normsIdentity|securityCompetition,378,98,0.259259,0,0,73,0.193122,125,0.330688,0.910794,2.29,0,0,0,0
uniform,targeted:realist|constructivist,pure,df1,domesticFilters,466,6,0.012876,0,0,37,0.079399,39,0.083691,0.361888,2.08,126,0.111111,126,0.087302
uniform,targeted:realist|constructivist,pure,in2,institutions,464,13,0.028017,0,0,52,0.112069,54,0.116379,0.187866,0.61,126,0.142857,126,0.126984
uniform,targeted:realist|constructivist,pure,ni2,normsIdentity,458,33,0.072052,0,0,51,0.111354,63,0.137555,0.270895,1.07,126,0.174603,126,0.150794
uniform,targeted:realist|constructivist,pure,oj1,orderJustice,463,2,0.00432,0,0,33,0.071274,34,0.073434,0.641577,3,126,0.103175,126,0.063492
uniform,targeted:realist|constructivist,pure,oj2,orderJustice,471,4,0.008493,0,0,29,0.061571,31,0.065817,0.642548,3,126,0.071429,126,0.047619
uniform,targeted:realist|constructivist,pure,pe2,politicalEconomy,474,15,0.031646,0,0,57,0.120253,62,0.130802,0.35097,1.25,126,0.15873,126,0.150794
uniform,targeted:realist|constructivist,pure,rs2,restraint,464,3,0.006466,73,0.157328,23,0.049569,91,0.196121,0.352953,1.82,126,0.269841,126,0.246032
uniform,targeted:realist|constructivist,pure,sc2,securityCompetition,465,36,0.077419,0,0,59,0.126882,74,0.15914,0.297398,1.17,126,0.174603,126,0.214286
uniform,targeted:realist|constructivist,pure,v21_df_rev_04,domesticFilters,471,11,0.023355,0,0,41,0.087049,43,0.091295,0.352718,1.5,126,0.111111,126,0.111111
uniform,targeted:realist|constructivist,pure,v21_in_rev_03,institutions,465,21,0.045161,0,0,58,0.124731,67,0.144086,0.185957,0.73,126,0.18254,126,0.166667
uniform,targeted:realist|constructivist,pure,v21_ni_rev_05,normsIdentity,473,30,0.063425,0,0,49,0.103594,59,0.124736,0.240846,1.03,126,0.15873,126,0.126984
uniform,targeted:realist|constructivist,pure,v21_pe_rev_02,politicalEconomy,470,15,0.031915,0,0,53,0.112766,56,0.119149,0.362617,1.55,126,0.126984,126,0.15873
uniform,targeted:realist|constructivist,pure,v21_rs_rev_04,restraint,466,1,0.002146,54,0.11588,17,0.036481,68,0.145923,0.354356,1.35,126,0.174603,126,0.166667
uniform,targeted:realist|constructivist,pure,v21_sc_rev_02,securityCompetition,464,37,0.079741,0,0,63,0.135776,76,0.163793,0.310129,1.16,126,0.230159,126,0.206349
uniform,targeted:realist|criticalPoliticalEconomy,blend,an_case_middle_power,domesticFilters|institutions|normsIdentity|politicalEconomy|restraint|securityCompetition,63,23,0.365079,8,0.126984,45,0.714286,48,0.761905,0.751429,1.86,0,0,0,0
uniform,targeted:realist|criticalPoliticalEconomy,blend,an_tradeoff_energy_alignment,domesticFilters|institutions|normsIdentity|orderJustice|politicalEconomy|restraint,63,25,0.396825,7,0.111111,26,0.412698,32,0.507937,0.902063,2.75,0,0,0,0
uniform,targeted:realist|criticalPoliticalEconomy,blend,an_tradeoff_legitimacy,domesticFilters|institutions|normsIdentity|politicalEconomy|securityCompetition,63,27,0.428571,0,0,50,0.793651,57,0.904762,1.034921,2.14,0,0,0,0
uniform,targeted:realist|criticalPoliticalEconomy,blend,df1,domesticFilters,75,28,0.373333,0,0,35,0.466667,36,0.48,0.371467,1.35,21,0.666667,21,0.619048
uniform,targeted:realist|criticalPoliticalEconomy,blend,in2,institutions,82,32,0.390244,0,0,35,0.426829,37,0.45122,0.204268,0.65,21,0.47619,21,0.380952
uniform,targeted:realist|criticalPoliticalEconomy,blend,ni2,normsIdentity,79,31,0.392405,0,0,49,0.620253,51,0.64557,0.364557,1.07,21,0.52381,21,0.714286
uniform,targeted:realist|criticalPoliticalEconomy,blend,oj1,orderJustice,80,33,0.4125,0,0,28,0.35,28,0.35,0.587625,2.5,21,0.333333,21,0.428571
uniform,targeted:realist|criticalPoliticalEconomy,blend,oj2,orderJustice,75,24,0.32,0,0,39,0.52,39,0.52,0.7056,2.5,21,0.619048,21,0.619048
uniform,targeted:realist|criticalPoliticalEconomy,blend,pe2,politicalEconomy,81,32,0.395062,0,0,42,0.518519,45,0.555556,0.229136,0.62,21,0.666667,21,0.619048
uniform,targeted:realist|criticalPoliticalEconomy,blend,rs2,restraint,78,27,0.346154,11,0.141026,19,0.24359,24,0.307692,0.224615,0.56,21,0.428571,21,0.428571
uniform,targeted:realist|criticalPoliticalEconomy,blend,sc2,securityCompetition,77,30,0.38961,0,0,51,0.662338,53,0.688312,0.372468,1.96,21,0.809524,21,0.619048
uniform,targeted:realist|criticalPoliticalEconomy,blend,tradeoff_interdependence,domesticFilters|institutions|politicalEconomy|restraint|securityCompetition,63,35,0.555556,1,0.015873,49,0.777778,54,0.857143,0.854127,1.53,0,0,0,0
uniform,targeted:realist|criticalPoliticalEconomy,blend,tradeoff_strategy,domesticFilters|politicalEconomy|restraint|securityCompetition,63,29,0.460317,14,0.222222,46,0.730159,50,0.793651,0.725714,1.6,0,0,0,0
uniform,targeted:realist|criticalPoliticalEconomy,blend,v21_df_rev_04,domesticFilters,79,25,0.316456,0,0,36,0.455696,36,0.455696,0.317089,1.15,21,0.571429,21,0.571429
uniform,targeted:realist|criticalPoliticalEconomy,blend,v21_in_rev_03,institutions,81,30,0.37037,0,0,40,0.493827,44,0.54321,0.226296,0.73,21,0.571429,21,0.619048
uniform,targeted:realist|criticalPoliticalEconomy,blend,v21_ni_rev_05,normsIdentity,73,32,0.438356,0,0,47,0.643836,50,0.684932,0.446575,1.13,21,0.714286,21,0.714286
uniform,targeted:realist|criticalPoliticalEconomy,blend,v21_pe_rev_02,politicalEconomy,80,33,0.4125,0,0,44,0.55,45,0.5625,0.261875,0.86,21,0.714286,21,0.571429
uniform,targeted:realist|criticalPoliticalEconomy,blend,v21_rs_rev_04,restraint,77,22,0.285714,9,0.116883,12,0.155844,17,0.220779,0.23026,0.77,21,0.285714,21,0.285714
uniform,targeted:realist|criticalPoliticalEconomy,blend,v21_sc_rev_02,securityCompetition,79,29,0.367089,0,0,48,0.607595,51,0.64557,0.325443,2.18,21,0.571429,21,0.666667
uniform,targeted:realist|criticalPoliticalEconomy,pure,an_case_middle_power,domesticFilters|institutions|normsIdentity|politicalEconomy|restraint|securityCompetition,417,29,0.069544,41,0.098321,33,0.079137,81,0.194245,0.722782,1.7,0,0,0,0
uniform,targeted:realist|criticalPoliticalEconomy,pure,an_tradeoff_energy_alignment,domesticFilters|institutions|normsIdentity|orderJustice|politicalEconomy|restraint,417,20,0.047962,37,0.088729,29,0.069544,76,0.182254,0.992806,2.6,0,0,0,0
uniform,targeted:realist|criticalPoliticalEconomy,pure,an_tradeoff_legitimacy,domesticFilters|institutions|normsIdentity|politicalEconomy|securityCompetition,417,83,0.199041,0,0,58,0.139089,107,0.256595,0.988393,2.26,0,0,0,0
uniform,targeted:realist|criticalPoliticalEconomy,pure,df1,domesticFilters,519,10,0.019268,0,0,39,0.075145,40,0.077071,0.33316,1.47,139,0.115108,139,0.086331
uniform,targeted:realist|criticalPoliticalEconomy,pure,in2,institutions,524,24,0.045802,0,0,51,0.097328,59,0.112595,0.232405,0.79,139,0.129496,139,0.136691
uniform,targeted:realist|criticalPoliticalEconomy,pure,ni2,normsIdentity,519,56,0.1079,0,0,63,0.121387,93,0.179191,0.360193,1.45,139,0.251799,139,0.223022
uniform,targeted:realist|criticalPoliticalEconomy,pure,oj1,orderJustice,511,8,0.015656,0,0,31,0.060665,31,0.060665,0.692505,3,139,0.093525,139,0.05036
uniform,targeted:realist|criticalPoliticalEconomy,pure,oj2,orderJustice,521,13,0.024952,0,0,36,0.069098,41,0.078695,0.673455,3,139,0.100719,139,0.100719
uniform,targeted:realist|criticalPoliticalEconomy,pure,pe2,politicalEconomy,519,20,0.038536,0,0,45,0.086705,51,0.098266,0.262929,0.93,139,0.107914,139,0.122302
uniform,targeted:realist|criticalPoliticalEconomy,pure,rs2,restraint,518,4,0.007722,94,0.181467,19,0.03668,107,0.206564,0.228456,0.78,139,0.280576,139,0.280576
uniform,targeted:realist|criticalPoliticalEconomy,pure,sc2,securityCompetition,516,55,0.106589,0,0,39,0.075581,76,0.147287,0.355116,1.34,139,0.172662,139,0.208633
uniform,targeted:realist|criticalPoliticalEconomy,pure,tradeoff_interdependence,domesticFilters|institutions|politicalEconomy|restraint|securityCompetition,417,52,0.1247,7,0.016787,54,0.129496,93,0.223022,0.838489,1.77,0,0,0,0
uniform,targeted:realist|criticalPoliticalEconomy,pure,tradeoff_strategy,domesticFilters|politicalEconomy|restraint|securityCompetition,417,46,0.110312,84,0.201439,42,0.100719,135,0.323741,0.783549,2.3,0,0,0,0
uniform,targeted:realist|criticalPoliticalEconomy,pure,v21_df_rev_04,domesticFilters,513,17,0.033138,0,0,38,0.074074,45,0.087719,0.345556,1.53,139,0.122302,139,0.107914
uniform,targeted:realist|criticalPoliticalEconomy,pure,v21_in_rev_03,institutions,518,27,0.052124,0,0,44,0.084942,56,0.108108,0.244324,0.93,139,0.122302,139,0.143885
uniform,targeted:realist|criticalPoliticalEconomy,pure,v21_ni_rev_05,normsIdentity,522,40,0.076628,0,0,51,0.097701,76,0.145594,0.346897,1.3,139,0.18705,139,0.179856
uniform,targeted:realist|criticalPoliticalEconomy,pure,v21_pe_rev_02,politicalEconomy,521,19,0.036468,0,0,35,0.067179,45,0.086372,0.264127,1.2,139,0.100719,139,0.093525
uniform,targeted:realist|criticalPoliticalEconomy,pure,v21_rs_rev_04,restraint,526,2,0.003802,70,0.13308,29,0.055133,91,0.173004,0.216711,0.81,139,0.215827,139,0.194245
uniform,targeted:realist|criticalPoliticalEconomy,pure,v21_sc_rev_02,securityCompetition,515,50,0.097087,0,0,36,0.069903,64,0.124272,0.338621,1.34,139,0.172662,139,0.143885
uniform,targeted:realist|institutionalist,blend,an_case_digital_stack,institutions|normsIdentity|politicalEconomy|restraint|securityCompetition,96,46,0.479167,2,0.020833,65,0.677083,75,0.78125,0.970208,2.06,0,0,0,0
uniform,targeted:realist|institutionalist,blend,an_case_rising_power_voice,domesticFilters|institutions|normsIdentity|politicalEconomy|securityCompetition,96,45,0.46875,0,0,69,0.71875,76,0.791667,0.74875,1.61,0,0,0,0
uniform,targeted:realist|institutionalist,blend,an_tradeoff_evidence,domesticFilters|institutions|normsIdentity|restraint|securityCompetition,96,44,0.458333,5,0.052083,71,0.739583,78,0.8125,0.915,2.07,0,0,0,0
uniform,targeted:realist|institutionalist,blend,an_tradeoff_parallel_order,domesticFilters|institutions|normsIdentity|orderJustice|politicalEconomy|securityCompetition,96,45,0.46875,0,0,66,0.6875,71,0.739583,1.014375,2.13,0,0,0,0
uniform,targeted:realist|institutionalist,blend,an_tradeoff_rival,domesticFilters|institutions|normsIdentity|securityCompetition,96,53,0.552083,0,0,72,0.75,82,0.854167,0.774062,1.79,0,0,0,0
uniform,targeted:realist|institutionalist,blend,df1,domesticFilters,114,37,0.324561,0,0,38,0.333333,44,0.385965,0.444737,1.42,32,0.46875,32,0.59375
uniform,targeted:realist|institutionalist,blend,in2,institutions,119,35,0.294118,0,0,62,0.521008,69,0.579832,0.217563,0.62,32,0.71875,32,0.65625
uniform,targeted:realist|institutionalist,blend,ni2,normsIdentity,120,45,0.375,0,0,60,0.5,63,0.525,0.21675,0.62,32,0.59375,32,0.59375
uniform,targeted:realist|institutionalist,blend,oj1,orderJustice,117,30,0.25641,0,0,41,0.350427,44,0.376068,0.747009,3,32,0.46875,32,0.375
uniform,targeted:realist|institutionalist,blend,oj2,orderJustice,114,36,0.315789,0,0,37,0.324561,40,0.350877,0.777632,3,32,0.4375,32,0.40625
uniform,targeted:realist|institutionalist,blend,pe2,politicalEconomy,118,30,0.254237,0,0,40,0.338983,46,0.389831,0.389746,1.65,32,0.59375,32,0.34375
uniform,targeted:realist|institutionalist,blend,rs2,restraint,118,27,0.228814,15,0.127119,14,0.118644,28,0.237288,0.394831,1.5,32,0.21875,32,0.25
uniform,targeted:realist|institutionalist,blend,sc2,securityCompetition,118,41,0.347458,0,0,48,0.40678,56,0.474576,0.232797,0.96,32,0.625,32,0.5625
uniform,targeted:realist|institutionalist,blend,v21_df_rev_04,domesticFilters,124,35,0.282258,0,0,36,0.290323,39,0.314516,0.349839,1.33,32,0.40625,32,0.375
uniform,targeted:realist|institutionalist,blend,v21_in_rev_03,institutions,119,49,0.411765,0,0,55,0.462185,59,0.495798,0.211429,0.59,32,0.5625,32,0.5625
uniform,targeted:realist|institutionalist,blend,v21_ni_rev_05,normsIdentity,119,50,0.420168,0,0,52,0.436975,57,0.478992,0.213445,0.94,32,0.59375,32,0.53125
uniform,targeted:realist|institutionalist,blend,v21_pe_rev_02,politicalEconomy,118,34,0.288136,0,0,35,0.29661,38,0.322034,0.435254,1.71,32,0.375,32,0.3125
uniform,targeted:realist|institutionalist,blend,v21_rs_rev_04,restraint,116,26,0.224138,25,0.215517,21,0.181034,39,0.336207,0.400345,1.5,32,0.4375,32,0.34375
uniform,targeted:realist|institutionalist,blend,v21_sc_rev_02,securityCompetition,122,50,0.409836,0,0,45,0.368852,53,0.434426,0.224344,0.64,32,0.53125,32,0.46875
uniform,targeted:realist|institutionalist,pure,an_case_digital_stack,institutions|normsIdentity|politicalEconomy|restraint|securityCompetition,384,65,0.169271,28,0.072917,65,0.169271,119,0.309896,0.917734,2.31,0,0,0,0
uniform,targeted:realist|institutionalist,pure,an_case_rising_power_voice,domesticFilters|institutions|normsIdentity|politicalEconomy|securityCompetition,384,72,0.1875,0,0,64,0.166667,106,0.276042,0.802396,1.49,0,0,0,0
uniform,targeted:realist|institutionalist,pure,an_tradeoff_evidence,domesticFilters|institutions|normsIdentity|restraint|securityCompetition,384,90,0.234375,23,0.059896,80,0.208333,144,0.375,0.927656,2.68,0,0,0,0
uniform,targeted:realist|institutionalist,pure,an_tradeoff_parallel_order,domesticFilters|institutions|normsIdentity|orderJustice|politicalEconomy|securityCompetition,384,68,0.177083,0,0,63,0.164063,97,0.252604,1.041849,3.04,0,0,0,0
uniform,targeted:realist|institutionalist,pure,an_tradeoff_rival,domesticFilters|institutions|normsIdentity|securityCompetition,384,78,0.203125,0,0,60,0.15625,108,0.28125,0.833021,1.89,0,0,0,0
uniform,targeted:realist|institutionalist,pure,df1,domesticFilters,482,16,0.033195,0,0,69,0.143154,74,0.153527,0.417137,1.73,128,0.210938,128,0.179688
uniform,targeted:realist|institutionalist,pure,in2,institutions,473,30,0.063425,0,0,63,0.133192,73,0.154334,0.210613,0.79,128,0.1875,128,0.179688
uniform,targeted:realist|institutionalist,pure,ni2,normsIdentity,472,40,0.084746,0,0,48,0.101695,66,0.139831,0.227839,0.95,128,0.171875,128,0.171875
uniform,targeted:realist|institutionalist,pure,oj1,orderJustice,484,14,0.028926,0,0,54,0.11157,57,0.117769,0.676054,3,128,0.164063,128,0.140625
uniform,targeted:realist|institutionalist,pure,oj2,orderJustice,477,8,0.016771,0,0,36,0.075472,39,0.081761,0.702055,3,128,0.117188,128,0.101563
uniform,targeted:realist|institutionalist,pure,pe2,politicalEconomy,476,23,0.048319,0,0,47,0.098739,57,0.119748,0.402878,1.99,128,0.164063,128,0.109375
uniform,targeted:realist|institutionalist,pure,rs2,restraint,480,2,0.004167,74,0.154167,24,0.05,92,0.191667,0.396938,2.5,128,0.234375,128,0.242188
uniform,targeted:realist|institutionalist,pure,sc2,securityCompetition,474,31,0.065401,0,0,64,0.135021,79,0.166667,0.221835,0.68,128,0.203125,128,0.203125
uniform,targeted:realist|institutionalist,pure,v21_df_rev_04,domesticFilters,480,11,0.022917,0,0,51,0.10625,53,0.110417,0.418229,1.96,128,0.117188,128,0.101563
uniform,targeted:realist|institutionalist,pure,v21_in_rev_03,institutions,474,28,0.059072,0,0,55,0.116034,66,0.139241,0.215422,0.81,128,0.164063,128,0.148438
uniform,targeted:realist|institutionalist,pure,v21_ni_rev_05,normsIdentity,479,24,0.050104,0,0,60,0.125261,67,0.139875,0.226618,0.91,128,0.1875,128,0.179688
uniform,targeted:realist|institutionalist,pure,v21_pe_rev_02,politicalEconomy,474,19,0.040084,0,0,44,0.092827,53,0.111814,0.405401,2.15,128,0.164063,128,0.125
uniform,targeted:realist|institutionalist,pure,v21_rs_rev_04,restraint,475,4,0.008421,80,0.168421,33,0.069474,105,0.221053,0.412063,2.5,128,0.3125,128,0.273438
uniform,targeted:realist|institutionalist,pure,v21_sc_rev_02,securityCompetition,480,35,0.072917,0,0,60,0.125,76,0.158333,0.223938,0.96,128,0.21875,128,0.1875
